src,dst,w
0,0,1.0
0,65,1.0
0,960,1.0
0,769,1.0
0,3072,1.0
0,3137,1.0
0,4032,1.0
0,3841,1.0
1,385,1.0
1,450,1.0
1,705,1.0
1,514,1.0
1,3457,1.0
1,3522,1.0
1,3777,1.0
1,3586,1.0
2,1154,1.0
2,1219,1.0
2,1858,1.0
2,1923,1.0
2,2178,1.0
2,2243,1.0
2,2882,1.0
2,2947,1.0
3,1283,1.0
3,1348,1.0
3,1603,1.0
3,1668,1.0
3,2307,1.0
3,2372,1.0
3,2627,1.0
3,2692,1.0
4,4,1.0
4,69,1.0
4,964,1.0
4,773,1.0
4,3076,1.0
4,3141,1.0
4,4036,1.0
4,3845,1.0
5,389,1.0
5,454,1.0
5,709,1.0
5,518,1.0
5,3461,1.0
5,3526,1.0
5,3781,1.0
5,3590,1.0
6,1158,1.0
6,1223,1.0
6,1862,1.0
6,1927,1.0
6,2182,1.0
6,2247,1.0
6,2886,1.0
6,2951,1.0
7,1287,1.0
7,1352,1.0
7,1607,1.0
7,1672,1.0
7,2311,1.0
7,2376,1.0
7,2631,1.0
7,2696,1.0
8,8,1.0
8,73,1.0
8,968,1.0
8,777,1.0
8,3080,1.0
8,3145,1.0
8,4040,1.0
8,3849,1.0
9,393,1.0
9,458,1.0
9,713,1.0
9,522,1.0
9,3465,1.0
9,3530,1.0
9,3785,1.0
9,3594,1.0
10,1162,1.0
10,1227,1.0
10,1866,1.0
10,1931,1.0
10,2186,1.0
10,2251,1.0
10,2890,1.0
10,2955,1.0
11,1291,1.0
11,1356,1.0
11,1611,1.0
11,1676,1.0
11,2315,1.0
11,2380,1.0
11,2635,1.0
11,2700,1.0
12,12,1.0
12,77,1.0
12,972,1.0
12,781,1.0
12,3084,1.0
12,3149,1.0
12,4044,1.0
12,3853,1.0
13,397,1.0
13,462,1.0
13,717,1.0
13,526,1.0
13,3469,1.0
13,3534,1.0
13,3789,1.0
13,3598,1.0
14,1166,1.0
14,1231,1.0
14,1870,1.0
14,1935,1.0
14,2190,1.0
14,2255,1.0
14,2894,1.0
14,2959,1.0
15,1295,1.0
15,1360,1.0
15,1615,1.0
15,1680,1.0
15,2319,1.0
15,2384,1.0
15,2639,1.0
15,2704,1.0
16,16,1.0
16,81,1.0
16,976,1.0
16,785,1.0
16,3088,1.0
16,3153,1.0
16,4048,1.0
16,3857,1.0
17,401,1.0
17,466,1.0
17,721,1.0
17,530,1.0
17,3473,1.0
17,3538,1.0
17,3793,1.0
17,3602,1.0
18,1170,1.0
18,1235,1.0
18,1874,1.0
18,1939,1.0
18,2194,1.0
18,2259,1.0
18,2898,1.0
18,2963,1.0
19,1299,1.0
19,1364,1.0
19,1619,1.0
19,1684,1.0
19,2323,1.0
19,2388,1.0
19,2643,1.0
19,2708,1.0
20,20,1.0
20,85,1.0
20,980,1.0
20,789,1.0
20,3092,1.0
20,3157,1.0
20,4052,1.0
20,3861,1.0
21,405,1.0
21,470,1.0
21,725,1.0
21,534,1.0
21,3477,1.0
21,3542,1.0
21,3797,1.0
21,3606,1.0
22,1174,1.0
22,1239,1.0
22,1878,1.0
22,1943,1.0
22,2198,1.0
22,2263,1.0
22,2902,1.0
22,2967,1.0
23,1303,1.0
23,1368,1.0
23,1623,1.0
23,1688,1.0
23,2327,1.0
23,2392,1.0
23,2647,1.0
23,2712,1.0
24,24,1.0
24,89,1.0
24,984,1.0
24,793,1.0
24,3096,1.0
24,3161,1.0
24,4056,1.0
24,3865,1.0
25,409,1.0
25,474,1.0
25,729,1.0
25,538,1.0
25,3481,1.0
25,3546,1.0
25,3801,1.0
25,3610,1.0
26,1178,1.0
26,1243,1.0
26,1882,1.0
26,1947,1.0
26,2202,1.0
26,2267,1.0
26,2906,1.0
26,2971,1.0
27,1307,1.0
27,1372,1.0
27,1627,1.0
27,1692,1.0
27,2331,1.0
27,2396,1.0
27,2651,1.0
27,2716,1.0
28,28,1.0
28,93,1.0
28,988,1.0
28,797,1.0
28,3100,1.0
28,3165,1.0
28,4060,1.0
28,3869,1.0
29,413,1.0
29,478,1.0
29,733,1.0
29,542,1.0
29,3485,1.0
29,3550,1.0
29,3805,1.0
29,3614,1.0
30,1182,1.0
30,1247,1.0
30,1886,1.0
30,1951,1.0
30,2206,1.0
30,2271,1.0
30,2910,1.0
30,2975,1.0
31,1311,1.0
31,1376,1.0
31,1631,1.0
31,1696,1.0
31,2335,1.0
31,2400,1.0
31,2655,1.0
31,2720,1.0
32,32,1.0
32,97,1.0
32,992,1.0
32,801,1.0
32,3104,1.0
32,3169,1.0
32,4064,1.0
32,3873,1.0
33,417,1.0
33,482,1.0
33,737,1.0
33,546,1.0
33,3489,1.0
33,3554,1.0
33,3809,1.0
33,3618,1.0
34,1186,1.0
34,1251,1.0
34,1890,1.0
34,1955,1.0
34,2210,1.0
34,2275,1.0
34,2914,1.0
34,2979,1.0
35,1315,1.0
35,1380,1.0
35,1635,1.0
35,1700,1.0
35,2339,1.0
35,2404,1.0
35,2659,1.0
35,2724,1.0
36,36,1.0
36,101,1.0
36,996,1.0
36,805,1.0
36,3108,1.0
36,3173,1.0
36,4068,1.0
36,3877,1.0
37,421,1.0
37,486,1.0
37,741,1.0
37,550,1.0
37,3493,1.0
37,3558,1.0
37,3813,1.0
37,3622,1.0
38,1190,1.0
38,1255,1.0
38,1894,1.0
38,1959,1.0
38,2214,1.0
38,2279,1.0
38,2918,1.0
38,2983,1.0
39,1319,1.0
39,1384,1.0
39,1639,1.0
39,1704,1.0
39,2343,1.0
39,2408,1.0
39,2663,1.0
39,2728,1.0
40,40,1.0
40,105,1.0
40,1000,1.0
40,809,1.0
40,3112,1.0
40,3177,1.0
40,4072,1.0
40,3881,1.0
41,425,1.0
41,490,1.0
41,745,1.0
41,554,1.0
41,3497,1.0
41,3562,1.0
41,3817,1.0
41,3626,1.0
42,1194,1.0
42,1259,1.0
42,1898,1.0
42,1963,1.0
42,2218,1.0
42,2283,1.0
42,2922,1.0
42,2987,1.0
43,1323,1.0
43,1388,1.0
43,1643,1.0
43,1708,1.0
43,2347,1.0
43,2412,1.0
43,2667,1.0
43,2732,1.0
44,44,1.0
44,109,1.0
44,1004,1.0
44,813,1.0
44,3116,1.0
44,3181,1.0
44,4076,1.0
44,3885,1.0
45,429,1.0
45,494,1.0
45,749,1.0
45,558,1.0
45,3501,1.0
45,3566,1.0
45,3821,1.0
45,3630,1.0
46,1198,1.0
46,1263,1.0
46,1902,1.0
46,1967,1.0
46,2222,1.0
46,2287,1.0
46,2926,1.0
46,2991,1.0
47,1327,1.0
47,1392,1.0
47,1647,1.0
47,1712,1.0
47,2351,1.0
47,2416,1.0
47,2671,1.0
47,2736,1.0
48,48,1.0
48,113,1.0
48,1008,1.0
48,817,1.0
48,3120,1.0
48,3185,1.0
48,4080,1.0
48,3889,1.0
49,433,1.0
49,498,1.0
49,753,1.0
49,562,1.0
49,3505,1.0
49,3570,1.0
49,3825,1.0
49,3634,1.0
50,1202,1.0
50,1267,1.0
50,1906,1.0
50,1971,1.0
50,2226,1.0
50,2291,1.0
50,2930,1.0
50,2995,1.0
51,1331,1.0
51,1396,1.0
51,1651,1.0
51,1716,1.0
51,2355,1.0
51,2420,1.0
51,2675,1.0
51,2740,1.0
52,52,1.0
52,117,1.0
52,1012,1.0
52,821,1.0
52,3124,1.0
52,3189,1.0
52,4084,1.0
52,3893,1.0
53,437,1.0
53,502,1.0
53,757,1.0
53,566,1.0
53,3509,1.0
53,3574,1.0
53,3829,1.0
53,3638,1.0
54,1206,1.0
54,1271,1.0
54,1910,1.0
54,1975,1.0
54,2230,1.0
54,2295,1.0
54,2934,1.0
54,2999,1.0
55,1335,1.0
55,1400,1.0
55,1655,1.0
55,1720,1.0
55,2359,1.0
55,2424,1.0
55,2679,1.0
55,2744,1.0
56,56,1.0
56,121,1.0
56,1016,1.0
56,825,1.0
56,3128,1.0
56,3193,1.0
56,4088,1.0
56,3897,1.0
57,441,1.0
57,506,1.0
57,761,1.0
57,570,1.0
57,3513,1.0
57,3578,1.0
57,3833,1.0
57,3642,1.0
58,1210,1.0
58,1275,1.0
58,1914,1.0
58,1979,1.0
58,2234,1.0
58,2299,1.0
58,2938,1.0
58,3003,1.0
59,1339,1.0
59,1404,1.0
59,1659,1.0
59,1724,1.0
59,2363,1.0
59,2428,1.0
59,2683,1.0
59,2748,1.0
60,60,1.0
60,125,1.0
60,1020,1.0
60,829,1.0
60,3132,1.0
60,3197,1.0
60,4092,1.0
60,3901,1.0
61,445,1.0
61,510,1.0
61,765,1.0
61,574,1.0
61,3517,1.0
61,3582,1.0
61,3837,1.0
61,3646,1.0
62,1214,1.0
62,1279,1.0
62,1918,1.0
62,1983,1.0
62,2238,1.0
62,2303,1.0
62,2942,1.0
62,3007,1.0
63,1343,1.0
63,1344,1.0
63,1663,1.0
63,1664,1.0
63,2367,1.0
63,2368,1.0
63,2687,1.0
63,2688,1.0
64,0,1.0
64,65,1.0
64,960,1.0
64,769,1.0
64,3072,1.0
64,3137,1.0
64,4032,1.0
64,3841,1.0
65,385,1.0
65,450,1.0
65,705,1.0
65,514,1.0
65,3457,1.0
65,3522,1.0
65,3777,1.0
65,3586,1.0
66,1154,1.0
66,1219,1.0
66,1858,1.0
66,1923,1.0
66,2178,1.0
66,2243,1.0
66,2882,1.0
66,2947,1.0
67,1283,1.0
67,1348,1.0
67,1603,1.0
67,1668,1.0
67,2307,1.0
67,2372,1.0
67,2627,1.0
67,2692,1.0
68,4,1.0
68,69,1.0
68,964,1.0
68,773,1.0
68,3076,1.0
68,3141,1.0
68,4036,1.0
68,3845,1.0
69,389,1.0
69,454,1.0
69,709,1.0
69,518,1.0
69,3461,1.0
69,3526,1.0
69,3781,1.0
69,3590,1.0
70,1158,1.0
70,1223,1.0
70,1862,1.0
70,1927,1.0
70,2182,1.0
70,2247,1.0
70,2886,1.0
70,2951,1.0
71,1287,1.0
71,1352,1.0
71,1607,1.0
71,1672,1.0
71,2311,1.0
71,2376,1.0
71,2631,1.0
71,2696,1.0
72,8,1.0
72,73,1.0
72,968,1.0
72,777,1.0
72,3080,1.0
72,3145,1.0
72,4040,1.0
72,3849,1.0
73,393,1.0
73,458,1.0
73,713,1.0
73,522,1.0
73,3465,1.0
73,3530,1.0
73,3785,1.0
73,3594,1.0
74,1162,1.0
74,1227,1.0
74,1866,1.0
74,1931,1.0
74,2186,1.0
74,2251,1.0
74,2890,1.0
74,2955,1.0
75,1291,1.0
75,1356,1.0
75,1611,1.0
75,1676,1.0
75,2315,1.0
75,2380,1.0
75,2635,1.0
75,2700,1.0
76,12,1.0
76,77,1.0
76,972,1.0
76,781,1.0
76,3084,1.0
76,3149,1.0
76,4044,1.0
76,3853,1.0
77,397,1.0
77,462,1.0
77,717,1.0
77,526,1.0
77,3469,1.0
77,3534,1.0
77,3789,1.0
77,3598,1.0
78,1166,1.0
78,1231,1.0
78,1870,1.0
78,1935,1.0
78,2190,1.0
78,2255,1.0
78,2894,1.0
78,2959,1.0
79,1295,1.0
79,1360,1.0
79,1615,1.0
79,1680,1.0
79,2319,1.0
79,2384,1.0
79,2639,1.0
79,2704,1.0
80,16,1.0
80,81,1.0
80,976,1.0
80,785,1.0
80,3088,1.0
80,3153,1.0
80,4048,1.0
80,3857,1.0
81,401,1.0
81,466,1.0
81,721,1.0
81,530,1.0
81,3473,1.0
81,3538,1.0
81,3793,1.0
81,3602,1.0
82,1170,1.0
82,1235,1.0
82,1874,1.0
82,1939,1.0
82,2194,1.0
82,2259,1.0
82,2898,1.0
82,2963,1.0
83,1299,1.0
83,1364,1.0
83,1619,1.0
83,1684,1.0
83,2323,1.0
83,2388,1.0
83,2643,1.0
83,2708,1.0
84,20,1.0
84,85,1.0
84,980,1.0
84,789,1.0
84,3092,1.0
84,3157,1.0
84,4052,1.0
84,3861,1.0
85,405,1.0
85,470,1.0
85,725,1.0
85,534,1.0
85,3477,1.0
85,3542,1.0
85,3797,1.0
85,3606,1.0
86,1174,1.0
86,1239,1.0
86,1878,1.0
86,1943,1.0
86,2198,1.0
86,2263,1.0
86,2902,1.0
86,2967,1.0
87,1303,1.0
87,1368,1.0
87,1623,1.0
87,1688,1.0
87,2327,1.0
87,2392,1.0
87,2647,1.0
87,2712,1.0
88,24,1.0
88,89,1.0
88,984,1.0
88,793,1.0
88,3096,1.0
88,3161,1.0
88,4056,1.0
88,3865,1.0
89,409,1.0
89,474,1.0
89,729,1.0
89,538,1.0
89,3481,1.0
89,3546,1.0
89,3801,1.0
89,3610,1.0
90,1178,1.0
90,1243,1.0
90,1882,1.0
90,1947,1.0
90,2202,1.0
90,2267,1.0
90,2906,1.0
90,2971,1.0
91,1307,1.0
91,1372,1.0
91,1627,1.0
91,1692,1.0
91,2331,1.0
91,2396,1.0
91,2651,1.0
91,2716,1.0
92,28,1.0
92,93,1.0
92,988,1.0
92,797,1.0
92,3100,1.0
92,3165,1.0
92,4060,1.0
92,3869,1.0
93,413,1.0
93,478,1.0
93,733,1.0
93,542,1.0
93,3485,1.0
93,3550,1.0
93,3805,1.0
93,3614,1.0
94,1182,1.0
94,1247,1.0
94,1886,1.0
94,1951,1.0
94,2206,1.0
94,2271,1.0
94,2910,1.0
94,2975,1.0
95,1311,1.0
95,1376,1.0
95,1631,1.0
95,1696,1.0
95,2335,1.0
95,2400,1.0
95,2655,1.0
95,2720,1.0
96,32,1.0
96,97,1.0
96,992,1.0
96,801,1.0
96,3104,1.0
96,3169,1.0
96,4064,1.0
96,3873,1.0
97,417,1.0
97,482,1.0
97,737,1.0
97,546,1.0
97,3489,1.0
97,3554,1.0
97,3809,1.0
97,3618,1.0
98,1186,1.0
98,1251,1.0
98,1890,1.0
98,1955,1.0
98,2210,1.0
98,2275,1.0
98,2914,1.0
98,2979,1.0
99,1315,1.0
99,1380,1.0
99,1635,1.0
99,1700,1.0
99,2339,1.0
99,2404,1.0
99,2659,1.0
99,2724,1.0
100,36,1.0
100,101,1.0
100,996,1.0
100,805,1.0
100,3108,1.0
100,3173,1.0
100,4068,1.0
100,3877,1.0
101,421,1.0
101,486,1.0
101,741,1.0
101,550,1.0
101,3493,1.0
101,3558,1.0
101,3813,1.0
101,3622,1.0
102,1190,1.0
102,1255,1.0
102,1894,1.0
102,1959,1.0
102,2214,1.0
102,2279,1.0
102,2918,1.0
102,2983,1.0
103,1319,1.0
103,1384,1.0
103,1639,1.0
103,1704,1.0
103,2343,1.0
103,2408,1.0
103,2663,1.0
103,2728,1.0
104,40,1.0
104,105,1.0
104,1000,1.0
104,809,1.0
104,3112,1.0
104,3177,1.0
104,4072,1.0
104,3881,1.0
105,425,1.0
105,490,1.0
105,745,1.0
105,554,1.0
105,3497,1.0
105,3562,1.0
105,3817,1.0
105,3626,1.0
106,1194,1.0
106,1259,1.0
106,1898,1.0
106,1963,1.0
106,2218,1.0
106,2283,1.0
106,2922,1.0
106,2987,1.0
107,1323,1.0
107,1388,1.0
107,1643,1.0
107,1708,1.0
107,2347,1.0
107,2412,1.0
107,2667,1.0
107,2732,1.0
108,44,1.0
108,109,1.0
108,1004,1.0
108,813,1.0
108,3116,1.0
108,3181,1.0
108,4076,1.0
108,3885,1.0
109,429,1.0
109,494,1.0
109,749,1.0
109,558,1.0
109,3501,1.0
109,3566,1.0
109,3821,1.0
109,3630,1.0
110,1198,1.0
110,1263,1.0
110,1902,1.0
110,1967,1.0
110,2222,1.0
110,2287,1.0
110,2926,1.0
110,2991,1.0
111,1327,1.0
111,1392,1.0
111,1647,1.0
111,1712,1.0
111,2351,1.0
111,2416,1.0
111,2671,1.0
111,2736,1.0
112,48,1.0
112,113,1.0
112,1008,1.0
112,817,1.0
112,3120,1.0
112,3185,1.0
112,4080,1.0
112,3889,1.0
113,433,1.0
113,498,1.0
113,753,1.0
113,562,1.0
113,3505,1.0
113,3570,1.0
113,3825,1.0
113,3634,1.0
114,1202,1.0
114,1267,1.0
114,1906,1.0
114,1971,1.0
114,2226,1.0
114,2291,1.0
114,2930,1.0
114,2995,1.0
115,1331,1.0
115,1396,1.0
115,1651,1.0
115,1716,1.0
115,2355,1.0
115,2420,1.0
115,2675,1.0
115,2740,1.0
116,52,1.0
116,117,1.0
116,1012,1.0
116,821,1.0
116,3124,1.0
116,3189,1.0
116,4084,1.0
116,3893,1.0
117,437,1.0
117,502,1.0
117,757,1.0
117,566,1.0
117,3509,1.0
117,3574,1.0
117,3829,1.0
117,3638,1.0
118,1206,1.0
118,1271,1.0
118,1910,1.0
118,1975,1.0
118,2230,1.0
118,2295,1.0
118,2934,1.0
118,2999,1.0
119,1335,1.0
119,1400,1.0
119,1655,1.0
119,1720,1.0
119,2359,1.0
119,2424,1.0
119,2679,1.0
119,2744,1.0
120,56,1.0
120,121,1.0
120,1016,1.0
120,825,1.0
120,3128,1.0
120,3193,1.0
120,4088,1.0
120,3897,1.0
121,441,1.0
121,506,1.0
121,761,1.0
121,570,1.0
121,3513,1.0
121,3578,1.0
121,3833,1.0
121,3642,1.0
122,1210,1.0
122,1275,1.0
122,1914,1.0
122,1979,1.0
122,2234,1.0
122,2299,1.0
122,2938,1.0
122,3003,1.0
123,1339,1.0
123,1404,1.0
123,1659,1.0
123,1724,1.0
123,2363,1.0
123,2428,1.0
123,2683,1.0
123,2748,1.0
124,60,1.0
124,125,1.0
124,1020,1.0
124,829,1.0
124,3132,1.0
124,3197,1.0
124,4092,1.0
124,3901,1.0
125,445,1.0
125,510,1.0
125,765,1.0
125,574,1.0
125,3517,1.0
125,3582,1.0
125,3837,1.0
125,3646,1.0
126,1214,1.0
126,1279,1.0
126,1918,1.0
126,1983,1.0
126,2238,1.0
126,2303,1.0
126,2942,1.0
126,3007,1.0
127,1343,1.0
127,1344,1.0
127,1663,1.0
127,1664,1.0
127,2367,1.0
127,2368,1.0
127,2687,1.0
127,2688,1.0
128,0,1.0
128,65,1.0
128,960,1.0
128,769,1.0
128,3072,1.0
128,3137,1.0
128,4032,1.0
128,3841,1.0
129,385,1.0
129,450,1.0
129,705,1.0
129,514,1.0
129,3457,1.0
129,3522,1.0
129,3777,1.0
129,3586,1.0
130,1154,1.0
130,1219,1.0
130,1858,1.0
130,1923,1.0
130,2178,1.0
130,2243,1.0
130,2882,1.0
130,2947,1.0
131,1283,1.0
131,1348,1.0
131,1603,1.0
131,1668,1.0
131,2307,1.0
131,2372,1.0
131,2627,1.0
131,2692,1.0
132,4,1.0
132,69,1.0
132,964,1.0
132,773,1.0
132,3076,1.0
132,3141,1.0
132,4036,1.0
132,3845,1.0
133,389,1.0
133,454,1.0
133,709,1.0
133,518,1.0
133,3461,1.0
133,3526,1.0
133,3781,1.0
133,3590,1.0
134,1158,1.0
134,1223,1.0
134,1862,1.0
134,1927,1.0
134,2182,1.0
134,2247,1.0
134,2886,1.0
134,2951,1.0
135,1287,1.0
135,1352,1.0
135,1607,1.0
135,1672,1.0
135,2311,1.0
135,2376,1.0
135,2631,1.0
135,2696,1.0
136,8,1.0
136,73,1.0
136,968,1.0
136,777,1.0
136,3080,1.0
136,3145,1.0
136,4040,1.0
136,3849,1.0
137,393,1.0
137,458,1.0
137,713,1.0
137,522,1.0
137,3465,1.0
137,3530,1.0
137,3785,1.0
137,3594,1.0
138,1162,1.0
138,1227,1.0
138,1866,1.0
138,1931,1.0
138,2186,1.0
138,2251,1.0
138,2890,1.0
138,2955,1.0
139,1291,1.0
139,1356,1.0
139,1611,1.0
139,1676,1.0
139,2315,1.0
139,2380,1.0
139,2635,1.0
139,2700,1.0
140,12,1.0
140,77,1.0
140,972,1.0
140,781,1.0
140,3084,1.0
140,3149,1.0
140,4044,1.0
140,3853,1.0
141,397,1.0
141,462,1.0
141,717,1.0
141,526,1.0
141,3469,1.0
141,3534,1.0
141,3789,1.0
141,3598,1.0
142,1166,1.0
142,1231,1.0
142,1870,1.0
142,1935,1.0
142,2190,1.0
142,2255,1.0
142,2894,1.0
142,2959,1.0
143,1295,1.0
143,1360,1.0
143,1615,1.0
143,1680,1.0
143,2319,1.0
143,2384,1.0
143,2639,1.0
143,2704,1.0
144,16,1.0
144,81,1.0
144,976,1.0
144,785,1.0
144,3088,1.0
144,3153,1.0
144,4048,1.0
144,3857,1.0
145,401,1.0
145,466,1.0
145,721,1.0
145,530,1.0
145,3473,1.0
145,3538,1.0
145,3793,1.0
145,3602,1.0
146,1170,1.0
146,1235,1.0
146,1874,1.0
146,1939,1.0
146,2194,1.0
146,2259,1.0
146,2898,1.0
146,2963,1.0
147,1299,1.0
147,1364,1.0
147,1619,1.0
147,1684,1.0
147,2323,1.0
147,2388,1.0
147,2643,1.0
147,2708,1.0
148,20,1.0
148,85,1.0
148,980,1.0
148,789,1.0
148,3092,1.0
148,3157,1.0
148,4052,1.0
148,3861,1.0
149,405,1.0
149,470,1.0
149,725,1.0
149,534,1.0
149,3477,1.0
149,3542,1.0
149,3797,1.0
149,3606,1.0
150,1174,1.0
150,1239,1.0
150,1878,1.0
150,1943,1.0
150,2198,1.0
150,2263,1.0
150,2902,1.0
150,2967,1.0
151,1303,1.0
151,1368,1.0
151,1623,1.0
151,1688,1.0
151,2327,1.0
151,2392,1.0
151,2647,1.0
151,2712,1.0
152,24,1.0
152,89,1.0
152,984,1.0
152,793,1.0
152,3096,1.0
152,3161,1.0
152,4056,1.0
152,3865,1.0
153,409,1.0
153,474,1.0
153,729,1.0
153,538,1.0
153,3481,1.0
153,3546,1.0
153,3801,1.0
153,3610,1.0
154,1178,1.0
154,1243,1.0
154,1882,1.0
154,1947,1.0
154,2202,1.0
154,2267,1.0
154,2906,1.0
154,2971,1.0
155,1307,1.0
155,1372,1.0
155,1627,1.0
155,1692,1.0
155,2331,1.0
155,2396,1.0
155,2651,1.0
155,2716,1.0
156,28,1.0
156,93,1.0
156,988,1.0
156,797,1.0
156,3100,1.0
156,3165,1.0
156,4060,1.0
156,3869,1.0
157,413,1.0
157,478,1.0
157,733,1.0
157,542,1.0
157,3485,1.0
157,3550,1.0
157,3805,1.0
157,3614,1.0
158,1182,1.0
158,1247,1.0
158,1886,1.0
158,1951,1.0
158,2206,1.0
158,2271,1.0
158,2910,1.0
158,2975,1.0
159,1311,1.0
159,1376,1.0
159,1631,1.0
159,1696,1.0
159,2335,1.0
159,2400,1.0
159,2655,1.0
159,2720,1.0
160,32,1.0
160,97,1.0
160,992,1.0
160,801,1.0
160,3104,1.0
160,3169,1.0
160,4064,1.0
160,3873,1.0
161,417,1.0
161,482,1.0
161,737,1.0
161,546,1.0
161,3489,1.0
161,3554,1.0
161,3809,1.0
161,3618,1.0
162,1186,1.0
162,1251,1.0
162,1890,1.0
162,1955,1.0
162,2210,1.0
162,2275,1.0
162,2914,1.0
162,2979,1.0
163,1315,1.0
163,1380,1.0
163,1635,1.0
163,1700,1.0
163,2339,1.0
163,2404,1.0
163,2659,1.0
163,2724,1.0
164,36,1.0
164,101,1.0
164,996,1.0
164,805,1.0
164,3108,1.0
164,3173,1.0
164,4068,1.0
164,3877,1.0
165,421,1.0
165,486,1.0
165,741,1.0
165,550,1.0
165,3493,1.0
165,3558,1.0
165,3813,1.0
165,3622,1.0
166,1190,1.0
166,1255,1.0
166,1894,1.0
166,1959,1.0
166,2214,1.0
166,2279,1.0
166,2918,1.0
166,2983,1.0
167,1319,1.0
167,1384,1.0
167,1639,1.0
167,1704,1.0
167,2343,1.0
167,2408,1.0
167,2663,1.0
167,2728,1.0
168,40,1.0
168,105,1.0
168,1000,1.0
168,809,1.0
168,3112,1.0
168,3177,1.0
168,4072,1.0
168,3881,1.0
169,425,1.0
169,490,1.0
169,745,1.0
169,554,1.0
169,3497,1.0
169,3562,1.0
169,3817,1.0
169,3626,1.0
170,1194,1.0
170,1259,1.0
170,1898,1.0
170,1963,1.0
170,2218,1.0
170,2283,1.0
170,2922,1.0
170,2987,1.0
171,1323,1.0
171,1388,1.0
171,1643,1.0
171,1708,1.0
171,2347,1.0
171,2412,1.0
171,2667,1.0
171,2732,1.0
172,44,1.0
172,109,1.0
172,1004,1.0
172,813,1.0
172,3116,1.0
172,3181,1.0
172,4076,1.0
172,3885,1.0
173,429,1.0
173,494,1.0
173,749,1.0
173,558,1.0
173,3501,1.0
173,3566,1.0
173,3821,1.0
173,3630,1.0
174,1198,1.0
174,1263,1.0
174,1902,1.0
174,1967,1.0
174,2222,1.0
174,2287,1.0
174,2926,1.0
174,2991,1.0
175,1327,1.0
175,1392,1.0
175,1647,1.0
175,1712,1.0
175,2351,1.0
175,2416,1.0
175,2671,1.0
175,2736,1.0
176,48,1.0
176,113,1.0
176,1008,1.0
176,817,1.0
176,3120,1.0
176,3185,1.0
176,4080,1.0
176,3889,1.0
177,433,1.0
177,498,1.0
177,753,1.0
177,562,1.0
177,3505,1.0
177,3570,1.0
177,3825,1.0
177,3634,1.0
178,1202,1.0
178,1267,1.0
178,1906,1.0
178,1971,1.0
178,2226,1.0
178,2291,1.0
178,2930,1.0
178,2995,1.0
179,1331,1.0
179,1396,1.0
179,1651,1.0
179,1716,1.0
179,2355,1.0
179,2420,1.0
179,2675,1.0
179,2740,1.0
180,52,1.0
180,117,1.0
180,1012,1.0
180,821,1.0
180,3124,1.0
180,3189,1.0
180,4084,1.0
180,3893,1.0
181,437,1.0
181,502,1.0
181,757,1.0
181,566,1.0
181,3509,1.0
181,3574,1.0
181,3829,1.0
181,3638,1.0
182,1206,1.0
182,1271,1.0
182,1910,1.0
182,1975,1.0
182,2230,1.0
182,2295,1.0
182,2934,1.0
182,2999,1.0
183,1335,1.0
183,1400,1.0
183,1655,1.0
183,1720,1.0
183,2359,1.0
183,2424,1.0
183,2679,1.0
183,2744,1.0
184,56,1.0
184,121,1.0
184,1016,1.0
184,825,1.0
184,3128,1.0
184,3193,1.0
184,4088,1.0
184,3897,1.0
185,441,1.0
185,506,1.0
185,761,1.0
185,570,1.0
185,3513,1.0
185,3578,1.0
185,3833,1.0
185,3642,1.0
186,1210,1.0
186,1275,1.0
186,1914,1.0
186,1979,1.0
186,2234,1.0
186,2299,1.0
186,2938,1.0
186,3003,1.0
187,1339,1.0
187,1404,1.0
187,1659,1.0
187,1724,1.0
187,2363,1.0
187,2428,1.0
187,2683,1.0
187,2748,1.0
188,60,1.0
188,125,1.0
188,1020,1.0
188,829,1.0
188,3132,1.0
188,3197,1.0
188,4092,1.0
188,3901,1.0
189,445,1.0
189,510,1.0
189,765,1.0
189,574,1.0
189,3517,1.0
189,3582,1.0
189,3837,1.0
189,3646,1.0
190,1214,1.0
190,1279,1.0
190,1918,1.0
190,1983,1.0
190,2238,1.0
190,2303,1.0
190,2942,1.0
190,3007,1.0
191,1343,1.0
191,1344,1.0
191,1663,1.0
191,1664,1.0
191,2367,1.0
191,2368,1.0
191,2687,1.0
191,2688,1.0
192,0,1.0
192,65,1.0
192,960,1.0
192,769,1.0
192,3072,1.0
192,3137,1.0
192,4032,1.0
192,3841,1.0
193,385,1.0
193,450,1.0
193,705,1.0
193,514,1.0
193,3457,1.0
193,3522,1.0
193,3777,1.0
193,3586,1.0
194,1154,1.0
194,1219,1.0
194,1858,1.0
194,1923,1.0
194,2178,1.0
194,2243,1.0
194,2882,1.0
194,2947,1.0
195,1283,1.0
195,1348,1.0
195,1603,1.0
195,1668,1.0
195,2307,1.0
195,2372,1.0
195,2627,1.0
195,2692,1.0
196,4,1.0
196,69,1.0
196,964,1.0
196,773,1.0
196,3076,1.0
196,3141,1.0
196,4036,1.0
196,3845,1.0
197,389,1.0
197,454,1.0
197,709,1.0
197,518,1.0
197,3461,1.0
197,3526,1.0
197,3781,1.0
197,3590,1.0
198,1158,1.0
198,1223,1.0
198,1862,1.0
198,1927,1.0
198,2182,1.0
198,2247,1.0
198,2886,1.0
198,2951,1.0
199,1287,1.0
199,1352,1.0
199,1607,1.0
199,1672,1.0
199,2311,1.0
199,2376,1.0
199,2631,1.0
199,2696,1.0
200,8,1.0
200,73,1.0
200,968,1.0
200,777,1.0
200,3080,1.0
200,3145,1.0
200,4040,1.0
200,3849,1.0
201,393,1.0
201,458,1.0
201,713,1.0
201,522,1.0
201,3465,1.0
201,3530,1.0
201,3785,1.0
201,3594,1.0
202,1162,1.0
202,1227,1.0
202,1866,1.0
202,1931,1.0
202,2186,1.0
202,2251,1.0
202,2890,1.0
202,2955,1.0
203,1291,1.0
203,1356,1.0
203,1611,1.0
203,1676,1.0
203,2315,1.0
203,2380,1.0
203,2635,1.0
203,2700,1.0
204,12,1.0
204,77,1.0
204,972,1.0
204,781,1.0
204,3084,1.0
204,3149,1.0
204,4044,1.0
204,3853,1.0
205,397,1.0
205,462,1.0
205,717,1.0
205,526,1.0
205,3469,1.0
205,3534,1.0
205,3789,1.0
205,3598,1.0
206,1166,1.0
206,1231,1.0
206,1870,1.0
206,1935,1.0
206,2190,1.0
206,2255,1.0
206,2894,1.0
206,2959,1.0
207,1295,1.0
207,1360,1.0
207,1615,1.0
207,1680,1.0
207,2319,1.0
207,2384,1.0
207,2639,1.0
207,2704,1.0
208,16,1.0
208,81,1.0
208,976,1.0
208,785,1.0
208,3088,1.0
208,3153,1.0
208,4048,1.0
208,3857,1.0
209,401,1.0
209,466,1.0
209,721,1.0
209,530,1.0
209,3473,1.0
209,3538,1.0
209,3793,1.0
209,3602,1.0
210,1170,1.0
210,1235,1.0
210,1874,1.0
210,1939,1.0
210,2194,1.0
210,2259,1.0
210,2898,1.0
210,2963,1.0
211,1299,1.0
211,1364,1.0
211,1619,1.0
211,1684,1.0
211,2323,1.0
211,2388,1.0
211,2643,1.0
211,2708,1.0
212,20,1.0
212,85,1.0
212,980,1.0
212,789,1.0
212,3092,1.0
212,3157,1.0
212,4052,1.0
212,3861,1.0
213,405,1.0
213,470,1.0
213,725,1.0
213,534,1.0
213,3477,1.0
213,3542,1.0
213,3797,1.0
213,3606,1.0
214,1174,1.0
214,1239,1.0
214,1878,1.0
214,1943,1.0
214,2198,1.0
214,2263,1.0
214,2902,1.0
214,2967,1.0
215,1303,1.0
215,1368,1.0
215,1623,1.0
215,1688,1.0
215,2327,1.0
215,2392,1.0
215,2647,1.0
215,2712,1.0
216,24,1.0
216,89,1.0
216,984,1.0
216,793,1.0
216,3096,1.0
216,3161,1.0
216,4056,1.0
216,3865,1.0
217,409,1.0
217,474,1.0
217,729,1.0
217,538,1.0
217,3481,1.0
217,3546,1.0
217,3801,1.0
217,3610,1.0
218,1178,1.0
218,1243,1.0
218,1882,1.0
218,1947,1.0
218,2202,1.0
218,2267,1.0
218,2906,1.0
218,2971,1.0
219,1307,1.0
219,1372,1.0
219,1627,1.0
219,1692,1.0
219,2331,1.0
219,2396,1.0
219,2651,1.0
219,2716,1.0
220,28,1.0
220,93,1.0
220,988,1.0
220,797,1.0
220,3100,1.0
220,3165,1.0
220,4060,1.0
220,3869,1.0
221,413,1.0
221,478,1.0
221,733,1.0
221,542,1.0
221,3485,1.0
221,3550,1.0
221,3805,1.0
221,3614,1.0
222,1182,1.0
222,1247,1.0
222,1886,1.0
222,1951,1.0
222,2206,1.0
222,2271,1.0
222,2910,1.0
222,2975,1.0
223,1311,1.0
223,1376,1.0
223,1631,1.0
223,1696,1.0
223,2335,1.0
223,2400,1.0
223,2655,1.0
223,2720,1.0
224,32,1.0
224,97,1.0
224,992,1.0
224,801,1.0
224,3104,1.0
224,3169,1.0
224,4064,1.0
224,3873,1.0
225,417,1.0
225,482,1.0
225,737,1.0
225,546,1.0
225,3489,1.0
225,3554,1.0
225,3809,1.0
225,3618,1.0
226,1186,1.0
226,1251,1.0
226,1890,1.0
226,1955,1.0
226,2210,1.0
226,2275,1.0
226,2914,1.0
226,2979,1.0
227,1315,1.0
227,1380,1.0
227,1635,1.0
227,1700,1.0
227,2339,1.0
227,2404,1.0
227,2659,1.0
227,2724,1.0
228,36,1.0
228,101,1.0
228,996,1.0
228,805,1.0
228,3108,1.0
228,3173,1.0
228,4068,1.0
228,3877,1.0
229,421,1.0
229,486,1.0
229,741,1.0
229,550,1.0
229,3493,1.0
229,3558,1.0
229,3813,1.0
229,3622,1.0
230,1190,1.0
230,1255,1.0
230,1894,1.0
230,1959,1.0
230,2214,1.0
230,2279,1.0
230,2918,1.0
230,2983,1.0
231,1319,1.0
231,1384,1.0
231,1639,1.0
231,1704,1.0
231,2343,1.0
231,2408,1.0
231,2663,1.0
231,2728,1.0
232,40,1.0
232,105,1.0
232,1000,1.0
232,809,1.0
232,3112,1.0
232,3177,1.0
232,4072,1.0
232,3881,1.0
233,425,1.0
233,490,1.0
233,745,1.0
233,554,1.0
233,3497,1.0
233,3562,1.0
233,3817,1.0
233,3626,1.0
234,1194,1.0
234,1259,1.0
234,1898,1.0
234,1963,1.0
234,2218,1.0
234,2283,1.0
234,2922,1.0
234,2987,1.0
235,1323,1.0
235,1388,1.0
235,1643,1.0
235,1708,1.0
235,2347,1.0
235,2412,1.0
235,2667,1.0
235,2732,1.0
236,44,1.0
236,109,1.0
236,1004,1.0
236,813,1.0
236,3116,1.0
236,3181,1.0
236,4076,1.0
236,3885,1.0
237,429,1.0
237,494,1.0
237,749,1.0
237,558,1.0
237,3501,1.0
237,3566,1.0
237,3821,1.0
237,3630,1.0
238,1198,1.0
238,1263,1.0
238,1902,1.0
238,1967,1.0
238,2222,1.0
238,2287,1.0
238,2926,1.0
238,2991,1.0
239,1327,1.0
239,1392,1.0
239,1647,1.0
239,1712,1.0
239,2351,1.0
239,2416,1.0
239,2671,1.0
239,2736,1.0
240,48,1.0
240,113,1.0
240,1008,1.0
240,817,1.0
240,3120,1.0
240,3185,1.0
240,4080,1.0
240,3889,1.0
241,433,1.0
241,498,1.0
241,753,1.0
241,562,1.0
241,3505,1.0
241,3570,1.0
241,3825,1.0
241,3634,1.0
242,1202,1.0
242,1267,1.0
242,1906,1.0
242,1971,1.0
242,2226,1.0
242,2291,1.0
242,2930,1.0
242,2995,1.0
243,1331,1.0
243,1396,1.0
243,1651,1.0
243,1716,1.0
243,2355,1.0
243,2420,1.0
243,2675,1.0
243,2740,1.0
244,52,1.0
244,117,1.0
244,1012,1.0
244,821,1.0
244,3124,1.0
244,3189,1.0
244,4084,1.0
244,3893,1.0
245,437,1.0
245,502,1.0
245,757,1.0
245,566,1.0
245,3509,1.0
245,3574,1.0
245,3829,1.0
245,3638,1.0
246,1206,1.0
246,1271,1.0
246,1910,1.0
246,1975,1.0
246,2230,1.0
246,2295,1.0
246,2934,1.0
246,2999,1.0
247,1335,1.0
247,1400,1.0
247,1655,1.0
247,1720,1.0
247,2359,1.0
247,2424,1.0
247,2679,1.0
247,2744,1.0
248,56,1.0
248,121,1.0
248,1016,1.0
248,825,1.0
248,3128,1.0
248,3193,1.0
248,4088,1.0
248,3897,1.0
249,441,1.0
249,506,1.0
249,761,1.0
249,570,1.0
249,3513,1.0
249,3578,1.0
249,3833,1.0
249,3642,1.0
250,1210,1.0
250,1275,1.0
250,1914,1.0
250,1979,1.0
250,2234,1.0
250,2299,1.0
250,2938,1.0
250,3003,1.0
251,1339,1.0
251,1404,1.0
251,1659,1.0
251,1724,1.0
251,2363,1.0
251,2428,1.0
251,2683,1.0
251,2748,1.0
252,60,1.0
252,125,1.0
252,1020,1.0
252,829,1.0
252,3132,1.0
252,3197,1.0
252,4092,1.0
252,3901,1.0
253,445,1.0
253,510,1.0
253,765,1.0
253,574,1.0
253,3517,1.0
253,3582,1.0
253,3837,1.0
253,3646,1.0
254,1214,1.0
254,1279,1.0
254,1918,1.0
254,1983,1.0
254,2238,1.0
254,2303,1.0
254,2942,1.0
254,3007,1.0
255,1343,1.0
255,1344,1.0
255,1663,1.0
255,1664,1.0
255,2367,1.0
255,2368,1.0
255,2687,1.0
255,2688,1.0
256,0,1.0
256,65,1.0
256,960,1.0
256,769,1.0
256,3072,1.0
256,3137,1.0
256,4032,1.0
256,3841,1.0
257,385,1.0
257,450,1.0
257,705,1.0
257,514,1.0
257,3457,1.0
257,3522,1.0
257,3777,1.0
257,3586,1.0
258,1154,1.0
258,1219,1.0
258,1858,1.0
258,1923,1.0
258,2178,1.0
258,2243,1.0
258,2882,1.0
258,2947,1.0
259,1283,1.0
259,1348,1.0
259,1603,1.0
259,1668,1.0
259,2307,1.0
259,2372,1.0
259,2627,1.0
259,2692,1.0
260,4,1.0
260,69,1.0
260,964,1.0
260,773,1.0
260,3076,1.0
260,3141,1.0
260,4036,1.0
260,3845,1.0
261,389,1.0
261,454,1.0
261,709,1.0
261,518,1.0
261,3461,1.0
261,3526,1.0
261,3781,1.0
261,3590,1.0
262,1158,1.0
262,1223,1.0
262,1862,1.0
262,1927,1.0
262,2182,1.0
262,2247,1.0
262,2886,1.0
262,2951,1.0
263,1287,1.0
263,1352,1.0
263,1607,1.0
263,1672,1.0
263,2311,1.0
263,2376,1.0
263,2631,1.0
263,2696,1.0
264,8,1.0
264,73,1.0
264,968,1.0
264,777,1.0
264,3080,1.0
264,3145,1.0
264,4040,1.0
264,3849,1.0
265,393,1.0
265,458,1.0
265,713,1.0
265,522,1.0
265,3465,1.0
265,3530,1.0
265,3785,1.0
265,3594,1.0
266,1162,1.0
266,1227,1.0
266,1866,1.0
266,1931,1.0
266,2186,1.0
266,2251,1.0
266,2890,1.0
266,2955,1.0
267,1291,1.0
267,1356,1.0
267,1611,1.0
267,1676,1.0
267,2315,1.0
267,2380,1.0
267,2635,1.0
267,2700,1.0
268,12,1.0
268,77,1.0
268,972,1.0
268,781,1.0
268,3084,1.0
268,3149,1.0
268,4044,1.0
268,3853,1.0
269,397,1.0
269,462,1.0
269,717,1.0
269,526,1.0
269,3469,1.0
269,3534,1.0
269,3789,1.0
269,3598,1.0
270,1166,1.0
270,1231,1.0
270,1870,1.0
270,1935,1.0
270,2190,1.0
270,2255,1.0
270,2894,1.0
270,2959,1.0
271,1295,1.0
271,1360,1.0
271,1615,1.0
271,1680,1.0
271,2319,1.0
271,2384,1.0
271,2639,1.0
271,2704,1.0
272,16,1.0
272,81,1.0
272,976,1.0
272,785,1.0
272,3088,1.0
272,3153,1.0
272,4048,1.0
272,3857,1.0
273,401,1.0
273,466,1.0
273,721,1.0
273,530,1.0
273,3473,1.0
273,3538,1.0
273,3793,1.0
273,3602,1.0
274,1170,1.0
274,1235,1.0
274,1874,1.0
274,1939,1.0
274,2194,1.0
274,2259,1.0
274,2898,1.0
274,2963,1.0
275,1299,1.0
275,1364,1.0
275,1619,1.0
275,1684,1.0
275,2323,1.0
275,2388,1.0
275,2643,1.0
275,2708,1.0
276,20,1.0
276,85,1.0
276,980,1.0
276,789,1.0
276,3092,1.0
276,3157,1.0
276,4052,1.0
276,3861,1.0
277,405,1.0
277,470,1.0
277,725,1.0
277,534,1.0
277,3477,1.0
277,3542,1.0
277,3797,1.0
277,3606,1.0
278,1174,1.0
278,1239,1.0
278,1878,1.0
278,1943,1.0
278,2198,1.0
278,2263,1.0
278,2902,1.0
278,2967,1.0
279,1303,1.0
279,1368,1.0
279,1623,1.0
279,1688,1.0
279,2327,1.0
279,2392,1.0
279,2647,1.0
279,2712,1.0
280,24,1.0
280,89,1.0
280,984,1.0
280,793,1.0
280,3096,1.0
280,3161,1.0
280,4056,1.0
280,3865,1.0
281,409,1.0
281,474,1.0
281,729,1.0
281,538,1.0
281,3481,1.0
281,3546,1.0
281,3801,1.0
281,3610,1.0
282,1178,1.0
282,1243,1.0
282,1882,1.0
282,1947,1.0
282,2202,1.0
282,2267,1.0
282,2906,1.0
282,2971,1.0
283,1307,1.0
283,1372,1.0
283,1627,1.0
283,1692,1.0
283,2331,1.0
283,2396,1.0
283,2651,1.0
283,2716,1.0
284,28,1.0
284,93,1.0
284,988,1.0
284,797,1.0
284,3100,1.0
284,3165,1.0
284,4060,1.0
284,3869,1.0
285,413,1.0
285,478,1.0
285,733,1.0
285,542,1.0
285,3485,1.0
285,3550,1.0
285,3805,1.0
285,3614,1.0
286,1182,1.0
286,1247,1.0
286,1886,1.0
286,1951,1.0
286,2206,1.0
286,2271,1.0
286,2910,1.0
286,2975,1.0
287,1311,1.0
287,1376,1.0
287,1631,1.0
287,1696,1.0
287,2335,1.0
287,2400,1.0
287,2655,1.0
287,2720,1.0
288,32,1.0
288,97,1.0
288,992,1.0
288,801,1.0
288,3104,1.0
288,3169,1.0
288,4064,1.0
288,3873,1.0
289,417,1.0
289,482,1.0
289,737,1.0
289,546,1.0
289,3489,1.0
289,3554,1.0
289,3809,1.0
289,3618,1.0
290,1186,1.0
290,1251,1.0
290,1890,1.0
290,1955,1.0
290,2210,1.0
290,2275,1.0
290,2914,1.0
290,2979,1.0
291,1315,1.0
291,1380,1.0
291,1635,1.0
291,1700,1.0
291,2339,1.0
291,2404,1.0
291,2659,1.0
291,2724,1.0
292,36,1.0
292,101,1.0
292,996,1.0
292,805,1.0
292,3108,1.0
292,3173,1.0
292,4068,1.0
292,3877,1.0
293,421,1.0
293,486,1.0
293,741,1.0
293,550,1.0
293,3493,1.0
293,3558,1.0
293,3813,1.0
293,3622,1.0
294,1190,1.0
294,1255,1.0
294,1894,1.0
294,1959,1.0
294,2214,1.0
294,2279,1.0
294,2918,1.0
294,2983,1.0
295,1319,1.0
295,1384,1.0
295,1639,1.0
295,1704,1.0
295,2343,1.0
295,2408,1.0
295,2663,1.0
295,2728,1.0
296,40,1.0
296,105,1.0
296,1000,1.0
296,809,1.0
296,3112,1.0
296,3177,1.0
296,4072,1.0
296,3881,1.0
297,425,1.0
297,490,1.0
297,745,1.0
297,554,1.0
297,3497,1.0
297,3562,1.0
297,3817,1.0
297,3626,1.0
298,1194,1.0
298,1259,1.0
298,1898,1.0
298,1963,1.0
298,2218,1.0
298,2283,1.0
298,2922,1.0
298,2987,1.0
299,1323,1.0
299,1388,1.0
299,1643,1.0
299,1708,1.0
299,2347,1.0
299,2412,1.0
299,2667,1.0
299,2732,1.0
300,44,1.0
300,109,1.0
300,1004,1.0
300,813,1.0
300,3116,1.0
300,3181,1.0
300,4076,1.0
300,3885,1.0
301,429,1.0
301,494,1.0
301,749,1.0
301,558,1.0
301,3501,1.0
301,3566,1.0
301,3821,1.0
301,3630,1.0
302,1198,1.0
302,1263,1.0
302,1902,1.0
302,1967,1.0
302,2222,1.0
302,2287,1.0
302,2926,1.0
302,2991,1.0
303,1327,1.0
303,1392,1.0
303,1647,1.0
303,1712,1.0
303,2351,1.0
303,2416,1.0
303,2671,1.0
303,2736,1.0
304,48,1.0
304,113,1.0
304,1008,1.0
304,817,1.0
304,3120,1.0
304,3185,1.0
304,4080,1.0
304,3889,1.0
305,433,1.0
305,498,1.0
305,753,1.0
305,562,1.0
305,3505,1.0
305,3570,1.0
305,3825,1.0
305,3634,1.0
306,1202,1.0
306,1267,1.0
306,1906,1.0
306,1971,1.0
306,2226,1.0
306,2291,1.0
306,2930,1.0
306,2995,1.0
307,1331,1.0
307,1396,1.0
307,1651,1.0
307,1716,1.0
307,2355,1.0
307,2420,1.0
307,2675,1.0
307,2740,1.0
308,52,1.0
308,117,1.0
308,1012,1.0
308,821,1.0
308,3124,1.0
308,3189,1.0
308,4084,1.0
308,3893,1.0
309,437,1.0
309,502,1.0
309,757,1.0
309,566,1.0
309,3509,1.0
309,3574,1.0
309,3829,1.0
309,3638,1.0
310,1206,1.0
310,1271,1.0
310,1910,1.0
310,1975,1.0
310,2230,1.0
310,2295,1.0
310,2934,1.0
310,2999,1.0
311,1335,1.0
311,1400,1.0
311,1655,1.0
311,1720,1.0
311,2359,1.0
311,2424,1.0
311,2679,1.0
311,2744,1.0
312,56,1.0
312,121,1.0
312,1016,1.0
312,825,1.0
312,3128,1.0
312,3193,1.0
312,4088,1.0
312,3897,1.0
313,441,1.0
313,506,1.0
313,761,1.0
313,570,1.0
313,3513,1.0
313,3578,1.0
313,3833,1.0
313,3642,1.0
314,1210,1.0
314,1275,1.0
314,1914,1.0
314,1979,1.0
314,2234,1.0
314,2299,1.0
314,2938,1.0
314,3003,1.0
315,1339,1.0
315,1404,1.0
315,1659,1.0
315,1724,1.0
315,2363,1.0
315,2428,1.0
315,2683,1.0
315,2748,1.0
316,60,1.0
316,125,1.0
316,1020,1.0
316,829,1.0
316,3132,1.0
316,3197,1.0
316,4092,1.0
316,3901,1.0
317,445,1.0
317,510,1.0
317,765,1.0
317,574,1.0
317,3517,1.0
317,3582,1.0
317,3837,1.0
317,3646,1.0
318,1214,1.0
318,1279,1.0
318,1918,1.0
318,1983,1.0
318,2238,1.0
318,2303,1.0
318,2942,1.0
318,3007,1.0
319,1343,1.0
319,1344,1.0
319,1663,1.0
319,1664,1.0
319,2367,1.0
319,2368,1.0
319,2687,1.0
319,2688,1.0
320,0,1.0
320,65,1.0
320,960,1.0
320,769,1.0
320,3072,1.0
320,3137,1.0
320,4032,1.0
320,3841,1.0
321,385,1.0
321,450,1.0
321,705,1.0
321,514,1.0
321,3457,1.0
321,3522,1.0
321,3777,1.0
321,3586,1.0
322,1154,1.0
322,1219,1.0
322,1858,1.0
322,1923,1.0
322,2178,1.0
322,2243,1.0
322,2882,1.0
322,2947,1.0
323,1283,1.0
323,1348,1.0
323,1603,1.0
323,1668,1.0
323,2307,1.0
323,2372,1.0
323,2627,1.0
323,2692,1.0
324,4,1.0
324,69,1.0
324,964,1.0
324,773,1.0
324,3076,1.0
324,3141,1.0
324,4036,1.0
324,3845,1.0
325,389,1.0
325,454,1.0
325,709,1.0
325,518,1.0
325,3461,1.0
325,3526,1.0
325,3781,1.0
325,3590,1.0
326,1158,1.0
326,1223,1.0
326,1862,1.0
326,1927,1.0
326,2182,1.0
326,2247,1.0
326,2886,1.0
326,2951,1.0
327,1287,1.0
327,1352,1.0
327,1607,1.0
327,1672,1.0
327,2311,1.0
327,2376,1.0
327,2631,1.0
327,2696,1.0
328,8,1.0
328,73,1.0
328,968,1.0
328,777,1.0
328,3080,1.0
328,3145,1.0
328,4040,1.0
328,3849,1.0
329,393,1.0
329,458,1.0
329,713,1.0
329,522,1.0
329,3465,1.0
329,3530,1.0
329,3785,1.0
329,3594,1.0
330,1162,1.0
330,1227,1.0
330,1866,1.0
330,1931,1.0
330,2186,1.0
330,2251,1.0
330,2890,1.0
330,2955,1.0
331,1291,1.0
331,1356,1.0
331,1611,1.0
331,1676,1.0
331,2315,1.0
331,2380,1.0
331,2635,1.0
331,2700,1.0
332,12,1.0
332,77,1.0
332,972,1.0
332,781,1.0
332,3084,1.0
332,3149,1.0
332,4044,1.0
332,3853,1.0
333,397,1.0
333,462,1.0
333,717,1.0
333,526,1.0
333,3469,1.0
333,3534,1.0
333,3789,1.0
333,3598,1.0
334,1166,1.0
334,1231,1.0
334,1870,1.0
334,1935,1.0
334,2190,1.0
334,2255,1.0
334,2894,1.0
334,2959,1.0
335,1295,1.0
335,1360,1.0
335,1615,1.0
335,1680,1.0
335,2319,1.0
335,2384,1.0
335,2639,1.0
335,2704,1.0
336,16,1.0
336,81,1.0
336,976,1.0
336,785,1.0
336,3088,1.0
336,3153,1.0
336,4048,1.0
336,3857,1.0
337,401,1.0
337,466,1.0
337,721,1.0
337,530,1.0
337,3473,1.0
337,3538,1.0
337,3793,1.0
337,3602,1.0
338,1170,1.0
338,1235,1.0
338,1874,1.0
338,1939,1.0
338,2194,1.0
338,2259,1.0
338,2898,1.0
338,2963,1.0
339,1299,1.0
339,1364,1.0
339,1619,1.0
339,1684,1.0
339,2323,1.0
339,2388,1.0
339,2643,1.0
339,2708,1.0
340,20,1.0
340,85,1.0
340,980,1.0
340,789,1.0
340,3092,1.0
340,3157,1.0
340,4052,1.0
340,3861,1.0
341,405,1.0
341,470,1.0
341,725,1.0
341,534,1.0
341,3477,1.0
341,3542,1.0
341,3797,1.0
341,3606,1.0
342,1174,1.0
342,1239,1.0
342,1878,1.0
342,1943,1.0
342,2198,1.0
342,2263,1.0
342,2902,1.0
342,2967,1.0
343,1303,1.0
343,1368,1.0
343,1623,1.0
343,1688,1.0
343,2327,1.0
343,2392,1.0
343,2647,1.0
343,2712,1.0
344,24,1.0
344,89,1.0
344,984,1.0
344,793,1.0
344,3096,1.0
344,3161,1.0
344,4056,1.0
344,3865,1.0
345,409,1.0
345,474,1.0
345,729,1.0
345,538,1.0
345,3481,1.0
345,3546,1.0
345,3801,1.0
345,3610,1.0
346,1178,1.0
346,1243,1.0
346,1882,1.0
346,1947,1.0
346,2202,1.0
346,2267,1.0
346,2906,1.0
346,2971,1.0
347,1307,1.0
347,1372,1.0
347,1627,1.0
347,1692,1.0
347,2331,1.0
347,2396,1.0
347,2651,1.0
347,2716,1.0
348,28,1.0
348,93,1.0
348,988,1.0
348,797,1.0
348,3100,1.0
348,3165,1.0
348,4060,1.0
348,3869,1.0
349,413,1.0
349,478,1.0
349,733,1.0
349,542,1.0
349,3485,1.0
349,3550,1.0
349,3805,1.0
349,3614,1.0
350,1182,1.0
350,1247,1.0
350,1886,1.0
350,1951,1.0
350,2206,1.0
350,2271,1.0
350,2910,1.0
350,2975,1.0
351,1311,1.0
351,1376,1.0
351,1631,1.0
351,1696,1.0
351,2335,1.0
351,2400,1.0
351,2655,1.0
351,2720,1.0
352,32,1.0
352,97,1.0
352,992,1.0
352,801,1.0
352,3104,1.0
352,3169,1.0
352,4064,1.0
352,3873,1.0
353,417,1.0
353,482,1.0
353,737,1.0
353,546,1.0
353,3489,1.0
353,3554,1.0
353,3809,1.0
353,3618,1.0
354,1186,1.0
354,1251,1.0
354,1890,1.0
354,1955,1.0
354,2210,1.0
354,2275,1.0
354,2914,1.0
354,2979,1.0
355,1315,1.0
355,1380,1.0
355,1635,1.0
355,1700,1.0
355,2339,1.0
355,2404,1.0
355,2659,1.0
355,2724,1.0
356,36,1.0
356,101,1.0
356,996,1.0
356,805,1.0
356,3108,1.0
356,3173,1.0
356,4068,1.0
356,3877,1.0
357,421,1.0
357,486,1.0
357,741,1.0
357,550,1.0
357,3493,1.0
357,3558,1.0
357,3813,1.0
357,3622,1.0
358,1190,1.0
358,1255,1.0
358,1894,1.0
358,1959,1.0
358,2214,1.0
358,2279,1.0
358,2918,1.0
358,2983,1.0
359,1319,1.0
359,1384,1.0
359,1639,1.0
359,1704,1.0
359,2343,1.0
359,2408,1.0
359,2663,1.0
359,2728,1.0
360,40,1.0
360,105,1.0
360,1000,1.0
360,809,1.0
360,3112,1.0
360,3177,1.0
360,4072,1.0
360,3881,1.0
361,425,1.0
361,490,1.0
361,745,1.0
361,554,1.0
361,3497,1.0
361,3562,1.0
361,3817,1.0
361,3626,1.0
362,1194,1.0
362,1259,1.0
362,1898,1.0
362,1963,1.0
362,2218,1.0
362,2283,1.0
362,2922,1.0
362,2987,1.0
363,1323,1.0
363,1388,1.0
363,1643,1.0
363,1708,1.0
363,2347,1.0
363,2412,1.0
363,2667,1.0
363,2732,1.0
364,44,1.0
364,109,1.0
364,1004,1.0
364,813,1.0
364,3116,1.0
364,3181,1.0
364,4076,1.0
364,3885,1.0
365,429,1.0
365,494,1.0
365,749,1.0
365,558,1.0
365,3501,1.0
365,3566,1.0
365,3821,1.0
365,3630,1.0
366,1198,1.0
366,1263,1.0
366,1902,1.0
366,1967,1.0
366,2222,1.0
366,2287,1.0
366,2926,1.0
366,2991,1.0
367,1327,1.0
367,1392,1.0
367,1647,1.0
367,1712,1.0
367,2351,1.0
367,2416,1.0
367,2671,1.0
367,2736,1.0
368,48,1.0
368,113,1.0
368,1008,1.0
368,817,1.0
368,3120,1.0
368,3185,1.0
368,4080,1.0
368,3889,1.0
369,433,1.0
369,498,1.0
369,753,1.0
369,562,1.0
369,3505,1.0
369,3570,1.0
369,3825,1.0
369,3634,1.0
370,1202,1.0
370,1267,1.0
370,1906,1.0
370,1971,1.0
370,2226,1.0
370,2291,1.0
370,2930,1.0
370,2995,1.0
371,1331,1.0
371,1396,1.0
371,1651,1.0
371,1716,1.0
371,2355,1.0
371,2420,1.0
371,2675,1.0
371,2740,1.0
372,52,1.0
372,117,1.0
372,1012,1.0
372,821,1.0
372,3124,1.0
372,3189,1.0
372,4084,1.0
372,3893,1.0
373,437,1.0
373,502,1.0
373,757,1.0
373,566,1.0
373,3509,1.0
373,3574,1.0
373,3829,1.0
373,3638,1.0
374,1206,1.0
374,1271,1.0
374,1910,1.0
374,1975,1.0
374,2230,1.0
374,2295,1.0
374,2934,1.0
374,2999,1.0
375,1335,1.0
375,1400,1.0
375,1655,1.0
375,1720,1.0
375,2359,1.0
375,2424,1.0
375,2679,1.0
375,2744,1.0
376,56,1.0
376,121,1.0
376,1016,1.0
376,825,1.0
376,3128,1.0
376,3193,1.0
376,4088,1.0
376,3897,1.0
377,441,1.0
377,506,1.0
377,761,1.0
377,570,1.0
377,3513,1.0
377,3578,1.0
377,3833,1.0
377,3642,1.0
378,1210,1.0
378,1275,1.0
378,1914,1.0
378,1979,1.0
378,2234,1.0
378,2299,1.0
378,2938,1.0
378,3003,1.0
379,1339,1.0
379,1404,1.0
379,1659,1.0
379,1724,1.0
379,2363,1.0
379,2428,1.0
379,2683,1.0
379,2748,1.0
380,60,1.0
380,125,1.0
380,1020,1.0
380,829,1.0
380,3132,1.0
380,3197,1.0
380,4092,1.0
380,3901,1.0
381,445,1.0
381,510,1.0
381,765,1.0
381,574,1.0
381,3517,1.0
381,3582,1.0
381,3837,1.0
381,3646,1.0
382,1214,1.0
382,1279,1.0
382,1918,1.0
382,1983,1.0
382,2238,1.0
382,2303,1.0
382,2942,1.0
382,3007,1.0
383,1343,1.0
383,1344,1.0
383,1663,1.0
383,1664,1.0
383,2367,1.0
383,2368,1.0
383,2687,1.0
383,2688,1.0
384,0,1.0
384,65,1.0
384,960,1.0
384,769,1.0
384,3072,1.0
384,3137,1.0
384,4032,1.0
384,3841,1.0
385,385,1.0
385,450,1.0
385,705,1.0
385,514,1.0
385,3457,1.0
385,3522,1.0
385,3777,1.0
385,3586,1.0
386,1154,1.0
386,1219,1.0
386,1858,1.0
386,1923,1.0
386,2178,1.0
386,2243,1.0
386,2882,1.0
386,2947,1.0
387,1283,1.0
387,1348,1.0
387,1603,1.0
387,1668,1.0
387,2307,1.0
387,2372,1.0
387,2627,1.0
387,2692,1.0
388,4,1.0
388,69,1.0
388,964,1.0
388,773,1.0
388,3076,1.0
388,3141,1.0
388,4036,1.0
388,3845,1.0
389,389,1.0
389,454,1.0
389,709,1.0
389,518,1.0
389,3461,1.0
389,3526,1.0
389,3781,1.0
389,3590,1.0
390,1158,1.0
390,1223,1.0
390,1862,1.0
390,1927,1.0
390,2182,1.0
390,2247,1.0
390,2886,1.0
390,2951,1.0
391,1287,1.0
391,1352,1.0
391,1607,1.0
391,1672,1.0
391,2311,1.0
391,2376,1.0
391,2631,1.0
391,2696,1.0
392,8,1.0
392,73,1.0
392,968,1.0
392,777,1.0
392,3080,1.0
392,3145,1.0
392,4040,1.0
392,3849,1.0
393,393,1.0
393,458,1.0
393,713,1.0
393,522,1.0
393,3465,1.0
393,3530,1.0
393,3785,1.0
393,3594,1.0
394,1162,1.0
394,1227,1.0
394,1866,1.0
394,1931,1.0
394,2186,1.0
394,2251,1.0
394,2890,1.0
394,2955,1.0
395,1291,1.0
395,1356,1.0
395,1611,1.0
395,1676,1.0
395,2315,1.0
395,2380,1.0
395,2635,1.0
395,2700,1.0
396,12,1.0
396,77,1.0
396,972,1.0
396,781,1.0
396,3084,1.0
396,3149,1.0
396,4044,1.0
396,3853,1.0
397,397,1.0
397,462,1.0
397,717,1.0
397,526,1.0
397,3469,1.0
397,3534,1.0
397,3789,1.0
397,3598,1.0
398,1166,1.0
398,1231,1.0
398,1870,1.0
398,1935,1.0
398,2190,1.0
398,2255,1.0
398,2894,1.0
398,2959,1.0
399,1295,1.0
399,1360,1.0
399,1615,1.0
399,1680,1.0
399,2319,1.0
399,2384,1.0
399,2639,1.0
399,2704,1.0
400,16,1.0
400,81,1.0
400,976,1.0
400,785,1.0
400,3088,1.0
400,3153,1.0
400,4048,1.0
400,3857,1.0
401,401,1.0
401,466,1.0
401,721,1.0
401,530,1.0
401,3473,1.0
401,3538,1.0
401,3793,1.0
401,3602,1.0
402,1170,1.0
402,1235,1.0
402,1874,1.0
402,1939,1.0
402,2194,1.0
402,2259,1.0
402,2898,1.0
402,2963,1.0
403,1299,1.0
403,1364,1.0
403,1619,1.0
403,1684,1.0
403,2323,1.0
403,2388,1.0
403,2643,1.0
403,2708,1.0
404,20,1.0
404,85,1.0
404,980,1.0
404,789,1.0
404,3092,1.0
404,3157,1.0
404,4052,1.0
404,3861,1.0
405,405,1.0
405,470,1.0
405,725,1.0
405,534,1.0
405,3477,1.0
405,3542,1.0
405,3797,1.0
405,3606,1.0
406,1174,1.0
406,1239,1.0
406,1878,1.0
406,1943,1.0
406,2198,1.0
406,2263,1.0
406,2902,1.0
406,2967,1.0
407,1303,1.0
407,1368,1.0
407,1623,1.0
407,1688,1.0
407,2327,1.0
407,2392,1.0
407,2647,1.0
407,2712,1.0
408,24,1.0
408,89,1.0
408,984,1.0
408,793,1.0
408,3096,1.0
408,3161,1.0
408,4056,1.0
408,3865,1.0
409,409,1.0
409,474,1.0
409,729,1.0
409,538,1.0
409,3481,1.0
409,3546,1.0
409,3801,1.0
409,3610,1.0
410,1178,1.0
410,1243,1.0
410,1882,1.0
410,1947,1.0
410,2202,1.0
410,2267,1.0
410,2906,1.0
410,2971,1.0
411,1307,1.0
411,1372,1.0
411,1627,1.0
411,1692,1.0
411,2331,1.0
411,2396,1.0
411,2651,1.0
411,2716,1.0
412,28,1.0
412,93,1.0
412,988,1.0
412,797,1.0
412,3100,1.0
412,3165,1.0
412,4060,1.0
412,3869,1.0
413,413,1.0
413,478,1.0
413,733,1.0
413,542,1.0
413,3485,1.0
413,3550,1.0
413,3805,1.0
413,3614,1.0
414,1182,1.0
414,1247,1.0
414,1886,1.0
414,1951,1.0
414,2206,1.0
414,2271,1.0
414,2910,1.0
414,2975,1.0
415,1311,1.0
415,1376,1.0
415,1631,1.0
415,1696,1.0
415,2335,1.0
415,2400,1.0
415,2655,1.0
415,2720,1.0
416,32,1.0
416,97,1.0
416,992,1.0
416,801,1.0
416,3104,1.0
416,3169,1.0
416,4064,1.0
416,3873,1.0
417,417,1.0
417,482,1.0
417,737,1.0
417,546,1.0
417,3489,1.0
417,3554,1.0
417,3809,1.0
417,3618,1.0
418,1186,1.0
418,1251,1.0
418,1890,1.0
418,1955,1.0
418,2210,1.0
418,2275,1.0
418,2914,1.0
418,2979,1.0
419,1315,1.0
419,1380,1.0
419,1635,1.0
419,1700,1.0
419,2339,1.0
419,2404,1.0
419,2659,1.0
419,2724,1.0
420,36,1.0
420,101,1.0
420,996,1.0
420,805,1.0
420,3108,1.0
420,3173,1.0
420,4068,1.0
420,3877,1.0
421,421,1.0
421,486,1.0
421,741,1.0
421,550,1.0
421,3493,1.0
421,3558,1.0
421,3813,1.0
421,3622,1.0
422,1190,1.0
422,1255,1.0
422,1894,1.0
422,1959,1.0
422,2214,1.0
422,2279,1.0
422,2918,1.0
422,2983,1.0
423,1319,1.0
423,1384,1.0
423,1639,1.0
423,1704,1.0
423,2343,1.0
423,2408,1.0
423,2663,1.0
423,2728,1.0
424,40,1.0
424,105,1.0
424,1000,1.0
424,809,1.0
424,3112,1.0
424,3177,1.0
424,4072,1.0
424,3881,1.0
425,425,1.0
425,490,1.0
425,745,1.0
425,554,1.0
425,3497,1.0
425,3562,1.0
425,3817,1.0
425,3626,1.0
426,1194,1.0
426,1259,1.0
426,1898,1.0
426,1963,1.0
426,2218,1.0
426,2283,1.0
426,2922,1.0
426,2987,1.0
427,1323,1.0
427,1388,1.0
427,1643,1.0
427,1708,1.0
427,2347,1.0
427,2412,1.0
427,2667,1.0
427,2732,1.0
428,44,1.0
428,109,1.0
428,1004,1.0
428,813,1.0
428,3116,1.0
428,3181,1.0
428,4076,1.0
428,3885,1.0
429,429,1.0
429,494,1.0
429,749,1.0
429,558,1.0
429,3501,1.0
429,3566,1.0
429,3821,1.0
429,3630,1.0
430,1198,1.0
430,1263,1.0
430,1902,1.0
430,1967,1.0
430,2222,1.0
430,2287,1.0
430,2926,1.0
430,2991,1.0
431,1327,1.0
431,1392,1.0
431,1647,1.0
431,1712,1.0
431,2351,1.0
431,2416,1.0
431,2671,1.0
431,2736,1.0
432,48,1.0
432,113,1.0
432,1008,1.0
432,817,1.0
432,3120,1.0
432,3185,1.0
432,4080,1.0
432,3889,1.0
433,433,1.0
433,498,1.0
433,753,1.0
433,562,1.0
433,3505,1.0
433,3570,1.0
433,3825,1.0
433,3634,1.0
434,1202,1.0
434,1267,1.0
434,1906,1.0
434,1971,1.0
434,2226,1.0
434,2291,1.0
434,2930,1.0
434,2995,1.0
435,1331,1.0
435,1396,1.0
435,1651,1.0
435,1716,1.0
435,2355,1.0
435,2420,1.0
435,2675,1.0
435,2740,1.0
436,52,1.0
436,117,1.0
436,1012,1.0
436,821,1.0
436,3124,1.0
436,3189,1.0
436,4084,1.0
436,3893,1.0
437,437,1.0
437,502,1.0
437,757,1.0
437,566,1.0
437,3509,1.0
437,3574,1.0
437,3829,1.0
437,3638,1.0
438,1206,1.0
438,1271,1.0
438,1910,1.0
438,1975,1.0
438,2230,1.0
438,2295,1.0
438,2934,1.0
438,2999,1.0
439,1335,1.0
439,1400,1.0
439,1655,1.0
439,1720,1.0
439,2359,1.0
439,2424,1.0
439,2679,1.0
439,2744,1.0
440,56,1.0
440,121,1.0
440,1016,1.0
440,825,1.0
440,3128,1.0
440,3193,1.0
440,4088,1.0
440,3897,1.0
441,441,1.0
441,506,1.0
441,761,1.0
441,570,1.0
441,3513,1.0
441,3578,1.0
441,3833,1.0
441,3642,1.0
442,1210,1.0
442,1275,1.0
442,1914,1.0
442,1979,1.0
442,2234,1.0
442,2299,1.0
442,2938,1.0
442,3003,1.0
443,1339,1.0
443,1404,1.0
443,1659,1.0
443,1724,1.0
443,2363,1.0
443,2428,1.0
443,2683,1.0
443,2748,1.0
444,60,1.0
444,125,1.0
444,1020,1.0
444,829,1.0
444,3132,1.0
444,3197,1.0
444,4092,1.0
444,3901,1.0
445,445,1.0
445,510,1.0
445,765,1.0
445,574,1.0
445,3517,1.0
445,3582,1.0
445,3837,1.0
445,3646,1.0
446,1214,1.0
446,1279,1.0
446,1918,1.0
446,1983,1.0
446,2238,1.0
446,2303,1.0
446,2942,1.0
446,3007,1.0
447,1343,1.0
447,1344,1.0
447,1663,1.0
447,1664,1.0
447,2367,1.0
447,2368,1.0
447,2687,1.0
447,2688,1.0
448,0,1.0
448,65,1.0
448,960,1.0
448,769,1.0
448,3072,1.0
448,3137,1.0
448,4032,1.0
448,3841,1.0
449,385,1.0
449,450,1.0
449,705,1.0
449,514,1.0
449,3457,1.0
449,3522,1.0
449,3777,1.0
449,3586,1.0
450,1154,1.0
450,1219,1.0
450,1858,1.0
450,1923,1.0
450,2178,1.0
450,2243,1.0
450,2882,1.0
450,2947,1.0
451,1283,1.0
451,1348,1.0
451,1603,1.0
451,1668,1.0
451,2307,1.0
451,2372,1.0
451,2627,1.0
451,2692,1.0
452,4,1.0
452,69,1.0
452,964,1.0
452,773,1.0
452,3076,1.0
452,3141,1.0
452,4036,1.0
452,3845,1.0
453,389,1.0
453,454,1.0
453,709,1.0
453,518,1.0
453,3461,1.0
453,3526,1.0
453,3781,1.0
453,3590,1.0
454,1158,1.0
454,1223,1.0
454,1862,1.0
454,1927,1.0
454,2182,1.0
454,2247,1.0
454,2886,1.0
454,2951,1.0
455,1287,1.0
455,1352,1.0
455,1607,1.0
455,1672,1.0
455,2311,1.0
455,2376,1.0
455,2631,1.0
455,2696,1.0
456,8,1.0
456,73,1.0
456,968,1.0
456,777,1.0
456,3080,1.0
456,3145,1.0
456,4040,1.0
456,3849,1.0
457,393,1.0
457,458,1.0
457,713,1.0
457,522,1.0
457,3465,1.0
457,3530,1.0
457,3785,1.0
457,3594,1.0
458,1162,1.0
458,1227,1.0
458,1866,1.0
458,1931,1.0
458,2186,1.0
458,2251,1.0
458,2890,1.0
458,2955,1.0
459,1291,1.0
459,1356,1.0
459,1611,1.0
459,1676,1.0
459,2315,1.0
459,2380,1.0
459,2635,1.0
459,2700,1.0
460,12,1.0
460,77,1.0
460,972,1.0
460,781,1.0
460,3084,1.0
460,3149,1.0
460,4044,1.0
460,3853,1.0
461,397,1.0
461,462,1.0
461,717,1.0
461,526,1.0
461,3469,1.0
461,3534,1.0
461,3789,1.0
461,3598,1.0
462,1166,1.0
462,1231,1.0
462,1870,1.0
462,1935,1.0
462,2190,1.0
462,2255,1.0
462,2894,1.0
462,2959,1.0
463,1295,1.0
463,1360,1.0
463,1615,1.0
463,1680,1.0
463,2319,1.0
463,2384,1.0
463,2639,1.0
463,2704,1.0
464,16,1.0
464,81,1.0
464,976,1.0
464,785,1.0
464,3088,1.0
464,3153,1.0
464,4048,1.0
464,3857,1.0
465,401,1.0
465,466,1.0
465,721,1.0
465,530,1.0
465,3473,1.0
465,3538,1.0
465,3793,1.0
465,3602,1.0
466,1170,1.0
466,1235,1.0
466,1874,1.0
466,1939,1.0
466,2194,1.0
466,2259,1.0
466,2898,1.0
466,2963,1.0
467,1299,1.0
467,1364,1.0
467,1619,1.0
467,1684,1.0
467,2323,1.0
467,2388,1.0
467,2643,1.0
467,2708,1.0
468,20,1.0
468,85,1.0
468,980,1.0
468,789,1.0
468,3092,1.0
468,3157,1.0
468,4052,1.0
468,3861,1.0
469,405,1.0
469,470,1.0
469,725,1.0
469,534,1.0
469,3477,1.0
469,3542,1.0
469,3797,1.0
469,3606,1.0
470,1174,1.0
470,1239,1.0
470,1878,1.0
470,1943,1.0
470,2198,1.0
470,2263,1.0
470,2902,1.0
470,2967,1.0
471,1303,1.0
471,1368,1.0
471,1623,1.0
471,1688,1.0
471,2327,1.0
471,2392,1.0
471,2647,1.0
471,2712,1.0
472,24,1.0
472,89,1.0
472,984,1.0
472,793,1.0
472,3096,1.0
472,3161,1.0
472,4056,1.0
472,3865,1.0
473,409,1.0
473,474,1.0
473,729,1.0
473,538,1.0
473,3481,1.0
473,3546,1.0
473,3801,1.0
473,3610,1.0
474,1178,1.0
474,1243,1.0
474,1882,1.0
474,1947,1.0
474,2202,1.0
474,2267,1.0
474,2906,1.0
474,2971,1.0
475,1307,1.0
475,1372,1.0
475,1627,1.0
475,1692,1.0
475,2331,1.0
475,2396,1.0
475,2651,1.0
475,2716,1.0
476,28,1.0
476,93,1.0
476,988,1.0
476,797,1.0
476,3100,1.0
476,3165,1.0
476,4060,1.0
476,3869,1.0
477,413,1.0
477,478,1.0
477,733,1.0
477,542,1.0
477,3485,1.0
477,3550,1.0
477,3805,1.0
477,3614,1.0
478,1182,1.0
478,1247,1.0
478,1886,1.0
478,1951,1.0
478,2206,1.0
478,2271,1.0
478,2910,1.0
478,2975,1.0
479,1311,1.0
479,1376,1.0
479,1631,1.0
479,1696,1.0
479,2335,1.0
479,2400,1.0
479,2655,1.0
479,2720,1.0
480,32,1.0
480,97,1.0
480,992,1.0
480,801,1.0
480,3104,1.0
480,3169,1.0
480,4064,1.0
480,3873,1.0
481,417,1.0
481,482,1.0
481,737,1.0
481,546,1.0
481,3489,1.0
481,3554,1.0
481,3809,1.0
481,3618,1.0
482,1186,1.0
482,1251,1.0
482,1890,1.0
482,1955,1.0
482,2210,1.0
482,2275,1.0
482,2914,1.0
482,2979,1.0
483,1315,1.0
483,1380,1.0
483,1635,1.0
483,1700,1.0
483,2339,1.0
483,2404,1.0
483,2659,1.0
483,2724,1.0
484,36,1.0
484,101,1.0
484,996,1.0
484,805,1.0
484,3108,1.0
484,3173,1.0
484,4068,1.0
484,3877,1.0
485,421,1.0
485,486,1.0
485,741,1.0
485,550,1.0
485,3493,1.0
485,3558,1.0
485,3813,1.0
485,3622,1.0
486,1190,1.0
486,1255,1.0
486,1894,1.0
486,1959,1.0
486,2214,1.0
486,2279,1.0
486,2918,1.0
486,2983,1.0
487,1319,1.0
487,1384,1.0
487,1639,1.0
487,1704,1.0
487,2343,1.0
487,2408,1.0
487,2663,1.0
487,2728,1.0
488,40,1.0
488,105,1.0
488,1000,1.0
488,809,1.0
488,3112,1.0
488,3177,1.0
488,4072,1.0
488,3881,1.0
489,425,1.0
489,490,1.0
489,745,1.0
489,554,1.0
489,3497,1.0
489,3562,1.0
489,3817,1.0
489,3626,1.0
490,1194,1.0
490,1259,1.0
490,1898,1.0
490,1963,1.0
490,2218,1.0
490,2283,1.0
490,2922,1.0
490,2987,1.0
491,1323,1.0
491,1388,1.0
491,1643,1.0
491,1708,1.0
491,2347,1.0
491,2412,1.0
491,2667,1.0
491,2732,1.0
492,44,1.0
492,109,1.0
492,1004,1.0
492,813,1.0
492,3116,1.0
492,3181,1.0
492,4076,1.0
492,3885,1.0
493,429,1.0
493,494,1.0
493,749,1.0
493,558,1.0
493,3501,1.0
493,3566,1.0
493,3821,1.0
493,3630,1.0
494,1198,1.0
494,1263,1.0
494,1902,1.0
494,1967,1.0
494,2222,1.0
494,2287,1.0
494,2926,1.0
494,2991,1.0
495,1327,1.0
495,1392,1.0
495,1647,1.0
495,1712,1.0
495,2351,1.0
495,2416,1.0
495,2671,1.0
495,2736,1.0
496,48,1.0
496,113,1.0
496,1008,1.0
496,817,1.0
496,3120,1.0
496,3185,1.0
496,4080,1.0
496,3889,1.0
497,433,1.0
497,498,1.0
497,753,1.0
497,562,1.0
497,3505,1.0
497,3570,1.0
497,3825,1.0
497,3634,1.0
498,1202,1.0
498,1267,1.0
498,1906,1.0
498,1971,1.0
498,2226,1.0
498,2291,1.0
498,2930,1.0
498,2995,1.0
499,1331,1.0
499,1396,1.0
499,1651,1.0
499,1716,1.0
499,2355,1.0
499,2420,1.0
499,2675,1.0
499,2740,1.0
500,52,1.0
500,117,1.0
500,1012,1.0
500,821,1.0
500,3124,1.0
500,3189,1.0
500,4084,1.0
500,3893,1.0
501,437,1.0
501,502,1.0
501,757,1.0
501,566,1.0
501,3509,1.0
501,3574,1.0
501,3829,1.0
501,3638,1.0
502,1206,1.0
502,1271,1.0
502,1910,1.0
502,1975,1.0
502,2230,1.0
502,2295,1.0
502,2934,1.0
502,2999,1.0
503,1335,1.0
503,1400,1.0
503,1655,1.0
503,1720,1.0
503,2359,1.0
503,2424,1.0
503,2679,1.0
503,2744,1.0
504,56,1.0
504,121,1.0
504,1016,1.0
504,825,1.0
504,3128,1.0
504,3193,1.0
504,4088,1.0
504,3897,1.0
505,441,1.0
505,506,1.0
505,761,1.0
505,570,1.0
505,3513,1.0
505,3578,1.0
505,3833,1.0
505,3642,1.0
506,1210,1.0
506,1275,1.0
506,1914,1.0
506,1979,1.0
506,2234,1.0
506,2299,1.0
506,2938,1.0
506,3003,1.0
507,1339,1.0
507,1404,1.0
507,1659,1.0
507,1724,1.0
507,2363,1.0
507,2428,1.0
507,2683,1.0
507,2748,1.0
508,60,1.0
508,125,1.0
508,1020,1.0
508,829,1.0
508,3132,1.0
508,3197,1.0
508,4092,1.0
508,3901,1.0
509,445,1.0
509,510,1.0
509,765,1.0
509,574,1.0
509,3517,1.0
509,3582,1.0
509,3837,1.0
509,3646,1.0
510,1214,1.0
510,1279,1.0
510,1918,1.0
510,1983,1.0
510,2238,1.0
510,2303,1.0
510,2942,1.0
510,3007,1.0
511,1343,1.0
511,1344,1.0
511,1663,1.0
511,1664,1.0
511,2367,1.0
511,2368,1.0
511,2687,1.0
511,2688,1.0
512,0,1.0
512,65,1.0
512,960,1.0
512,769,1.0
512,3072,1.0
512,3137,1.0
512,4032,1.0
512,3841,1.0
513,385,1.0
513,450,1.0
513,705,1.0
513,514,1.0
513,3457,1.0
513,3522,1.0
513,3777,1.0
513,3586,1.0
514,1154,1.0
514,1219,1.0
514,1858,1.0
514,1923,1.0
514,2178,1.0
514,2243,1.0
514,2882,1.0
514,2947,1.0
515,1283,1.0
515,1348,1.0
515,1603,1.0
515,1668,1.0
515,2307,1.0
515,2372,1.0
515,2627,1.0
515,2692,1.0
516,4,1.0
516,69,1.0
516,964,1.0
516,773,1.0
516,3076,1.0
516,3141,1.0
516,4036,1.0
516,3845,1.0
517,389,1.0
517,454,1.0
517,709,1.0
517,518,1.0
517,3461,1.0
517,3526,1.0
517,3781,1.0
517,3590,1.0
518,1158,1.0
518,1223,1.0
518,1862,1.0
518,1927,1.0
518,2182,1.0
518,2247,1.0
518,2886,1.0
518,2951,1.0
519,1287,1.0
519,1352,1.0
519,1607,1.0
519,1672,1.0
519,2311,1.0
519,2376,1.0
519,2631,1.0
519,2696,1.0
520,8,1.0
520,73,1.0
520,968,1.0
520,777,1.0
520,3080,1.0
520,3145,1.0
520,4040,1.0
520,3849,1.0
521,393,1.0
521,458,1.0
521,713,1.0
521,522,1.0
521,3465,1.0
521,3530,1.0
521,3785,1.0
521,3594,1.0
522,1162,1.0
522,1227,1.0
522,1866,1.0
522,1931,1.0
522,2186,1.0
522,2251,1.0
522,2890,1.0
522,2955,1.0
523,1291,1.0
523,1356,1.0
523,1611,1.0
523,1676,1.0
523,2315,1.0
523,2380,1.0
523,2635,1.0
523,2700,1.0
524,12,1.0
524,77,1.0
524,972,1.0
524,781,1.0
524,3084,1.0
524,3149,1.0
524,4044,1.0
524,3853,1.0
525,397,1.0
525,462,1.0
525,717,1.0
525,526,1.0
525,3469,1.0
525,3534,1.0
525,3789,1.0
525,3598,1.0
526,1166,1.0
526,1231,1.0
526,1870,1.0
526,1935,1.0
526,2190,1.0
526,2255,1.0
526,2894,1.0
526,2959,1.0
527,1295,1.0
527,1360,1.0
527,1615,1.0
527,1680,1.0
527,2319,1.0
527,2384,1.0
527,2639,1.0
527,2704,1.0
528,16,1.0
528,81,1.0
528,976,1.0
528,785,1.0
528,3088,1.0
528,3153,1.0
528,4048,1.0
528,3857,1.0
529,401,1.0
529,466,1.0
529,721,1.0
529,530,1.0
529,3473,1.0
529,3538,1.0
529,3793,1.0
529,3602,1.0
530,1170,1.0
530,1235,1.0
530,1874,1.0
530,1939,1.0
530,2194,1.0
530,2259,1.0
530,2898,1.0
530,2963,1.0
531,1299,1.0
531,1364,1.0
531,1619,1.0
531,1684,1.0
531,2323,1.0
531,2388,1.0
531,2643,1.0
531,2708,1.0
532,20,1.0
532,85,1.0
532,980,1.0
532,789,1.0
532,3092,1.0
532,3157,1.0
532,4052,1.0
532,3861,1.0
533,405,1.0
533,470,1.0
533,725,1.0
533,534,1.0
533,3477,1.0
533,3542,1.0
533,3797,1.0
533,3606,1.0
534,1174,1.0
534,1239,1.0
534,1878,1.0
534,1943,1.0
534,2198,1.0
534,2263,1.0
534,2902,1.0
534,2967,1.0
535,1303,1.0
535,1368,1.0
535,1623,1.0
535,1688,1.0
535,2327,1.0
535,2392,1.0
535,2647,1.0
535,2712,1.0
536,24,1.0
536,89,1.0
536,984,1.0
536,793,1.0
536,3096,1.0
536,3161,1.0
536,4056,1.0
536,3865,1.0
537,409,1.0
537,474,1.0
537,729,1.0
537,538,1.0
537,3481,1.0
537,3546,1.0
537,3801,1.0
537,3610,1.0
538,1178,1.0
538,1243,1.0
538,1882,1.0
538,1947,1.0
538,2202,1.0
538,2267,1.0
538,2906,1.0
538,2971,1.0
539,1307,1.0
539,1372,1.0
539,1627,1.0
539,1692,1.0
539,2331,1.0
539,2396,1.0
539,2651,1.0
539,2716,1.0
540,28,1.0
540,93,1.0
540,988,1.0
540,797,1.0
540,3100,1.0
540,3165,1.0
540,4060,1.0
540,3869,1.0
541,413,1.0
541,478,1.0
541,733,1.0
541,542,1.0
541,3485,1.0
541,3550,1.0
541,3805,1.0
541,3614,1.0
542,1182,1.0
542,1247,1.0
542,1886,1.0
542,1951,1.0
542,2206,1.0
542,2271,1.0
542,2910,1.0
542,2975,1.0
543,1311,1.0
543,1376,1.0
543,1631,1.0
543,1696,1.0
543,2335,1.0
543,2400,1.0
543,2655,1.0
543,2720,1.0
544,32,1.0
544,97,1.0
544,992,1.0
544,801,1.0
544,3104,1.0
544,3169,1.0
544,4064,1.0
544,3873,1.0
545,417,1.0
545,482,1.0
545,737,1.0
545,546,1.0
545,3489,1.0
545,3554,1.0
545,3809,1.0
545,3618,1.0
546,1186,1.0
546,1251,1.0
546,1890,1.0
546,1955,1.0
546,2210,1.0
546,2275,1.0
546,2914,1.0
546,2979,1.0
547,1315,1.0
547,1380,1.0
547,1635,1.0
547,1700,1.0
547,2339,1.0
547,2404,1.0
547,2659,1.0
547,2724,1.0
548,36,1.0
548,101,1.0
548,996,1.0
548,805,1.0
548,3108,1.0
548,3173,1.0
548,4068,1.0
548,3877,1.0
549,421,1.0
549,486,1.0
549,741,1.0
549,550,1.0
549,3493,1.0
549,3558,1.0
549,3813,1.0
549,3622,1.0
550,1190,1.0
550,1255,1.0
550,1894,1.0
550,1959,1.0
550,2214,1.0
550,2279,1.0
550,2918,1.0
550,2983,1.0
551,1319,1.0
551,1384,1.0
551,1639,1.0
551,1704,1.0
551,2343,1.0
551,2408,1.0
551,2663,1.0
551,2728,1.0
552,40,1.0
552,105,1.0
552,1000,1.0
552,809,1.0
552,3112,1.0
552,3177,1.0
552,4072,1.0
552,3881,1.0
553,425,1.0
553,490,1.0
553,745,1.0
553,554,1.0
553,3497,1.0
553,3562,1.0
553,3817,1.0
553,3626,1.0
554,1194,1.0
554,1259,1.0
554,1898,1.0
554,1963,1.0
554,2218,1.0
554,2283,1.0
554,2922,1.0
554,2987,1.0
555,1323,1.0
555,1388,1.0
555,1643,1.0
555,1708,1.0
555,2347,1.0
555,2412,1.0
555,2667,1.0
555,2732,1.0
556,44,1.0
556,109,1.0
556,1004,1.0
556,813,1.0
556,3116,1.0
556,3181,1.0
556,4076,1.0
556,3885,1.0
557,429,1.0
557,494,1.0
557,749,1.0
557,558,1.0
557,3501,1.0
557,3566,1.0
557,3821,1.0
557,3630,1.0
558,1198,1.0
558,1263,1.0
558,1902,1.0
558,1967,1.0
558,2222,1.0
558,2287,1.0
558,2926,1.0
558,2991,1.0
559,1327,1.0
559,1392,1.0
559,1647,1.0
559,1712,1.0
559,2351,1.0
559,2416,1.0
559,2671,1.0
559,2736,1.0
560,48,1.0
560,113,1.0
560,1008,1.0
560,817,1.0
560,3120,1.0
560,3185,1.0
560,4080,1.0
560,3889,1.0
561,433,1.0
561,498,1.0
561,753,1.0
561,562,1.0
561,3505,1.0
561,3570,1.0
561,3825,1.0
561,3634,1.0
562,1202,1.0
562,1267,1.0
562,1906,1.0
562,1971,1.0
562,2226,1.0
562,2291,1.0
562,2930,1.0
562,2995,1.0
563,1331,1.0
563,1396,1.0
563,1651,1.0
563,1716,1.0
563,2355,1.0
563,2420,1.0
563,2675,1.0
563,2740,1.0
564,52,1.0
564,117,1.0
564,1012,1.0
564,821,1.0
564,3124,1.0
564,3189,1.0
564,4084,1.0
564,3893,1.0
565,437,1.0
565,502,1.0
565,757,1.0
565,566,1.0
565,3509,1.0
565,3574,1.0
565,3829,1.0
565,3638,1.0
566,1206,1.0
566,1271,1.0
566,1910,1.0
566,1975,1.0
566,2230,1.0
566,2295,1.0
566,2934,1.0
566,2999,1.0
567,1335,1.0
567,1400,1.0
567,1655,1.0
567,1720,1.0
567,2359,1.0
567,2424,1.0
567,2679,1.0
567,2744,1.0
568,56,1.0
568,121,1.0
568,1016,1.0
568,825,1.0
568,3128,1.0
568,3193,1.0
568,4088,1.0
568,3897,1.0
569,441,1.0
569,506,1.0
569,761,1.0
569,570,1.0
569,3513,1.0
569,3578,1.0
569,3833,1.0
569,3642,1.0
570,1210,1.0
570,1275,1.0
570,1914,1.0
570,1979,1.0
570,2234,1.0
570,2299,1.0
570,2938,1.0
570,3003,1.0
571,1339,1.0
571,1404,1.0
571,1659,1.0
571,1724,1.0
571,2363,1.0
571,2428,1.0
571,2683,1.0
571,2748,1.0
572,60,1.0
572,125,1.0
572,1020,1.0
572,829,1.0
572,3132,1.0
572,3197,1.0
572,4092,1.0
572,3901,1.0
573,445,1.0
573,510,1.0
573,765,1.0
573,574,1.0
573,3517,1.0
573,3582,1.0
573,3837,1.0
573,3646,1.0
574,1214,1.0
574,1279,1.0
574,1918,1.0
574,1983,1.0
574,2238,1.0
574,2303,1.0
574,2942,1.0
574,3007,1.0
575,1343,1.0
575,1344,1.0
575,1663,1.0
575,1664,1.0
575,2367,1.0
575,2368,1.0
575,2687,1.0
575,2688,1.0
576,0,1.0
576,65,1.0
576,960,1.0
576,769,1.0
576,3072,1.0
576,3137,1.0
576,4032,1.0
576,3841,1.0
577,385,1.0
577,450,1.0
577,705,1.0
577,514,1.0
577,3457,1.0
577,3522,1.0
577,3777,1.0
577,3586,1.0
578,1154,1.0
578,1219,1.0
578,1858,1.0
578,1923,1.0
578,2178,1.0
578,2243,1.0
578,2882,1.0
578,2947,1.0
579,1283,1.0
579,1348,1.0
579,1603,1.0
579,1668,1.0
579,2307,1.0
579,2372,1.0
579,2627,1.0
579,2692,1.0
580,4,1.0
580,69,1.0
580,964,1.0
580,773,1.0
580,3076,1.0
580,3141,1.0
580,4036,1.0
580,3845,1.0
581,389,1.0
581,454,1.0
581,709,1.0
581,518,1.0
581,3461,1.0
581,3526,1.0
581,3781,1.0
581,3590,1.0
582,1158,1.0
582,1223,1.0
582,1862,1.0
582,1927,1.0
582,2182,1.0
582,2247,1.0
582,2886,1.0
582,2951,1.0
583,1287,1.0
583,1352,1.0
583,1607,1.0
583,1672,1.0
583,2311,1.0
583,2376,1.0
583,2631,1.0
583,2696,1.0
584,8,1.0
584,73,1.0
584,968,1.0
584,777,1.0
584,3080,1.0
584,3145,1.0
584,4040,1.0
584,3849,1.0
585,393,1.0
585,458,1.0
585,713,1.0
585,522,1.0
585,3465,1.0
585,3530,1.0
585,3785,1.0
585,3594,1.0
586,1162,1.0
586,1227,1.0
586,1866,1.0
586,1931,1.0
586,2186,1.0
586,2251,1.0
586,2890,1.0
586,2955,1.0
587,1291,1.0
587,1356,1.0
587,1611,1.0
587,1676,1.0
587,2315,1.0
587,2380,1.0
587,2635,1.0
587,2700,1.0
588,12,1.0
588,77,1.0
588,972,1.0
588,781,1.0
588,3084,1.0
588,3149,1.0
588,4044,1.0
588,3853,1.0
589,397,1.0
589,462,1.0
589,717,1.0
589,526,1.0
589,3469,1.0
589,3534,1.0
589,3789,1.0
589,3598,1.0
590,1166,1.0
590,1231,1.0
590,1870,1.0
590,1935,1.0
590,2190,1.0
590,2255,1.0
590,2894,1.0
590,2959,1.0
591,1295,1.0
591,1360,1.0
591,1615,1.0
591,1680,1.0
591,2319,1.0
591,2384,1.0
591,2639,1.0
591,2704,1.0
592,16,1.0
592,81,1.0
592,976,1.0
592,785,1.0
592,3088,1.0
592,3153,1.0
592,4048,1.0
592,3857,1.0
593,401,1.0
593,466,1.0
593,721,1.0
593,530,1.0
593,3473,1.0
593,3538,1.0
593,3793,1.0
593,3602,1.0
594,1170,1.0
594,1235,1.0
594,1874,1.0
594,1939,1.0
594,2194,1.0
594,2259,1.0
594,2898,1.0
594,2963,1.0
595,1299,1.0
595,1364,1.0
595,1619,1.0
595,1684,1.0
595,2323,1.0
595,2388,1.0
595,2643,1.0
595,2708,1.0
596,20,1.0
596,85,1.0
596,980,1.0
596,789,1.0
596,3092,1.0
596,3157,1.0
596,4052,1.0
596,3861,1.0
597,405,1.0
597,470,1.0
597,725,1.0
597,534,1.0
597,3477,1.0
597,3542,1.0
597,3797,1.0
597,3606,1.0
598,1174,1.0
598,1239,1.0
598,1878,1.0
598,1943,1.0
598,2198,1.0
598,2263,1.0
598,2902,1.0
598,2967,1.0
599,1303,1.0
599,1368,1.0
599,1623,1.0
599,1688,1.0
599,2327,1.0
599,2392,1.0
599,2647,1.0
599,2712,1.0
600,24,1.0
600,89,1.0
600,984,1.0
600,793,1.0
600,3096,1.0
600,3161,1.0
600,4056,1.0
600,3865,1.0
601,409,1.0
601,474,1.0
601,729,1.0
601,538,1.0
601,3481,1.0
601,3546,1.0
601,3801,1.0
601,3610,1.0
602,1178,1.0
602,1243,1.0
602,1882,1.0
602,1947,1.0
602,2202,1.0
602,2267,1.0
602,2906,1.0
602,2971,1.0
603,1307,1.0
603,1372,1.0
603,1627,1.0
603,1692,1.0
603,2331,1.0
603,2396,1.0
603,2651,1.0
603,2716,1.0
604,28,1.0
604,93,1.0
604,988,1.0
604,797,1.0
604,3100,1.0
604,3165,1.0
604,4060,1.0
604,3869,1.0
605,413,1.0
605,478,1.0
605,733,1.0
605,542,1.0
605,3485,1.0
605,3550,1.0
605,3805,1.0
605,3614,1.0
606,1182,1.0
606,1247,1.0
606,1886,1.0
606,1951,1.0
606,2206,1.0
606,2271,1.0
606,2910,1.0
606,2975,1.0
607,1311,1.0
607,1376,1.0
607,1631,1.0
607,1696,1.0
607,2335,1.0
607,2400,1.0
607,2655,1.0
607,2720,1.0
608,32,1.0
608,97,1.0
608,992,1.0
608,801,1.0
608,3104,1.0
608,3169,1.0
608,4064,1.0
608,3873,1.0
609,417,1.0
609,482,1.0
609,737,1.0
609,546,1.0
609,3489,1.0
609,3554,1.0
609,3809,1.0
609,3618,1.0
610,1186,1.0
610,1251,1.0
610,1890,1.0
610,1955,1.0
610,2210,1.0
610,2275,1.0
610,2914,1.0
610,2979,1.0
611,1315,1.0
611,1380,1.0
611,1635,1.0
611,1700,1.0
611,2339,1.0
611,2404,1.0
611,2659,1.0
611,2724,1.0
612,36,1.0
612,101,1.0
612,996,1.0
612,805,1.0
612,3108,1.0
612,3173,1.0
612,4068,1.0
612,3877,1.0
613,421,1.0
613,486,1.0
613,741,1.0
613,550,1.0
613,3493,1.0
613,3558,1.0
613,3813,1.0
613,3622,1.0
614,1190,1.0
614,1255,1.0
614,1894,1.0
614,1959,1.0
614,2214,1.0
614,2279,1.0
614,2918,1.0
614,2983,1.0
615,1319,1.0
615,1384,1.0
615,1639,1.0
615,1704,1.0
615,2343,1.0
615,2408,1.0
615,2663,1.0
615,2728,1.0
616,40,1.0
616,105,1.0
616,1000,1.0
616,809,1.0
616,3112,1.0
616,3177,1.0
616,4072,1.0
616,3881,1.0
617,425,1.0
617,490,1.0
617,745,1.0
617,554,1.0
617,3497,1.0
617,3562,1.0
617,3817,1.0
617,3626,1.0
618,1194,1.0
618,1259,1.0
618,1898,1.0
618,1963,1.0
618,2218,1.0
618,2283,1.0
618,2922,1.0
618,2987,1.0
619,1323,1.0
619,1388,1.0
619,1643,1.0
619,1708,1.0
619,2347,1.0
619,2412,1.0
619,2667,1.0
619,2732,1.0
620,44,1.0
620,109,1.0
620,1004,1.0
620,813,1.0
620,3116,1.0
620,3181,1.0
620,4076,1.0
620,3885,1.0
621,429,1.0
621,494,1.0
621,749,1.0
621,558,1.0
621,3501,1.0
621,3566,1.0
621,3821,1.0
621,3630,1.0
622,1198,1.0
622,1263,1.0
622,1902,1.0
622,1967,1.0
622,2222,1.0
622,2287,1.0
622,2926,1.0
622,2991,1.0
623,1327,1.0
623,1392,1.0
623,1647,1.0
623,1712,1.0
623,2351,1.0
623,2416,1.0
623,2671,1.0
623,2736,1.0
624,48,1.0
624,113,1.0
624,1008,1.0
624,817,1.0
624,3120,1.0
624,3185,1.0
624,4080,1.0
624,3889,1.0
625,433,1.0
625,498,1.0
625,753,1.0
625,562,1.0
625,3505,1.0
625,3570,1.0
625,3825,1.0
625,3634,1.0
626,1202,1.0
626,1267,1.0
626,1906,1.0
626,1971,1.0
626,2226,1.0
626,2291,1.0
626,2930,1.0
626,2995,1.0
627,1331,1.0
627,1396,1.0
627,1651,1.0
627,1716,1.0
627,2355,1.0
627,2420,1.0
627,2675,1.0
627,2740,1.0
628,52,1.0
628,117,1.0
628,1012,1.0
628,821,1.0
628,3124,1.0
628,3189,1.0
628,4084,1.0
628,3893,1.0
629,437,1.0
629,502,1.0
629,757,1.0
629,566,1.0
629,3509,1.0
629,3574,1.0
629,3829,1.0
629,3638,1.0
630,1206,1.0
630,1271,1.0
630,1910,1.0
630,1975,1.0
630,2230,1.0
630,2295,1.0
630,2934,1.0
630,2999,1.0
631,1335,1.0
631,1400,1.0
631,1655,1.0
631,1720,1.0
631,2359,1.0
631,2424,1.0
631,2679,1.0
631,2744,1.0
632,56,1.0
632,121,1.0
632,1016,1.0
632,825,1.0
632,3128,1.0
632,3193,1.0
632,4088,1.0
632,3897,1.0
633,441,1.0
633,506,1.0
633,761,1.0
633,570,1.0
633,3513,1.0
633,3578,1.0
633,3833,1.0
633,3642,1.0
634,1210,1.0
634,1275,1.0
634,1914,1.0
634,1979,1.0
634,2234,1.0
634,2299,1.0
634,2938,1.0
634,3003,1.0
635,1339,1.0
635,1404,1.0
635,1659,1.0
635,1724,1.0
635,2363,1.0
635,2428,1.0
635,2683,1.0
635,2748,1.0
636,60,1.0
636,125,1.0
636,1020,1.0
636,829,1.0
636,3132,1.0
636,3197,1.0
636,4092,1.0
636,3901,1.0
637,445,1.0
637,510,1.0
637,765,1.0
637,574,1.0
637,3517,1.0
637,3582,1.0
637,3837,1.0
637,3646,1.0
638,1214,1.0
638,1279,1.0
638,1918,1.0
638,1983,1.0
638,2238,1.0
638,2303,1.0
638,2942,1.0
638,3007,1.0
639,1343,1.0
639,1344,1.0
639,1663,1.0
639,1664,1.0
639,2367,1.0
639,2368,1.0
639,2687,1.0
639,2688,1.0
640,0,1.0
640,65,1.0
640,960,1.0
640,769,1.0
640,3072,1.0
640,3137,1.0
640,4032,1.0
640,3841,1.0
641,385,1.0
641,450,1.0
641,705,1.0
641,514,1.0
641,3457,1.0
641,3522,1.0
641,3777,1.0
641,3586,1.0
642,1154,1.0
642,1219,1.0
642,1858,1.0
642,1923,1.0
642,2178,1.0
642,2243,1.0
642,2882,1.0
642,2947,1.0
643,1283,1.0
643,1348,1.0
643,1603,1.0
643,1668,1.0
643,2307,1.0
643,2372,1.0
643,2627,1.0
643,2692,1.0
644,4,1.0
644,69,1.0
644,964,1.0
644,773,1.0
644,3076,1.0
644,3141,1.0
644,4036,1.0
644,3845,1.0
645,389,1.0
645,454,1.0
645,709,1.0
645,518,1.0
645,3461,1.0
645,3526,1.0
645,3781,1.0
645,3590,1.0
646,1158,1.0
646,1223,1.0
646,1862,1.0
646,1927,1.0
646,2182,1.0
646,2247,1.0
646,2886,1.0
646,2951,1.0
647,1287,1.0
647,1352,1.0
647,1607,1.0
647,1672,1.0
647,2311,1.0
647,2376,1.0
647,2631,1.0
647,2696,1.0
648,8,1.0
648,73,1.0
648,968,1.0
648,777,1.0
648,3080,1.0
648,3145,1.0
648,4040,1.0
648,3849,1.0
649,393,1.0
649,458,1.0
649,713,1.0
649,522,1.0
649,3465,1.0
649,3530,1.0
649,3785,1.0
649,3594,1.0
650,1162,1.0
650,1227,1.0
650,1866,1.0
650,1931,1.0
650,2186,1.0
650,2251,1.0
650,2890,1.0
650,2955,1.0
651,1291,1.0
651,1356,1.0
651,1611,1.0
651,1676,1.0
651,2315,1.0
651,2380,1.0
651,2635,1.0
651,2700,1.0
652,12,1.0
652,77,1.0
652,972,1.0
652,781,1.0
652,3084,1.0
652,3149,1.0
652,4044,1.0
652,3853,1.0
653,397,1.0
653,462,1.0
653,717,1.0
653,526,1.0
653,3469,1.0
653,3534,1.0
653,3789,1.0
653,3598,1.0
654,1166,1.0
654,1231,1.0
654,1870,1.0
654,1935,1.0
654,2190,1.0
654,2255,1.0
654,2894,1.0
654,2959,1.0
655,1295,1.0
655,1360,1.0
655,1615,1.0
655,1680,1.0
655,2319,1.0
655,2384,1.0
655,2639,1.0
655,2704,1.0
656,16,1.0
656,81,1.0
656,976,1.0
656,785,1.0
656,3088,1.0
656,3153,1.0
656,4048,1.0
656,3857,1.0
657,401,1.0
657,466,1.0
657,721,1.0
657,530,1.0
657,3473,1.0
657,3538,1.0
657,3793,1.0
657,3602,1.0
658,1170,1.0
658,1235,1.0
658,1874,1.0
658,1939,1.0
658,2194,1.0
658,2259,1.0
658,2898,1.0
658,2963,1.0
659,1299,1.0
659,1364,1.0
659,1619,1.0
659,1684,1.0
659,2323,1.0
659,2388,1.0
659,2643,1.0
659,2708,1.0
660,20,1.0
660,85,1.0
660,980,1.0
660,789,1.0
660,3092,1.0
660,3157,1.0
660,4052,1.0
660,3861,1.0
661,405,1.0
661,470,1.0
661,725,1.0
661,534,1.0
661,3477,1.0
661,3542,1.0
661,3797,1.0
661,3606,1.0
662,1174,1.0
662,1239,1.0
662,1878,1.0
662,1943,1.0
662,2198,1.0
662,2263,1.0
662,2902,1.0
662,2967,1.0
663,1303,1.0
663,1368,1.0
663,1623,1.0
663,1688,1.0
663,2327,1.0
663,2392,1.0
663,2647,1.0
663,2712,1.0
664,24,1.0
664,89,1.0
664,984,1.0
664,793,1.0
664,3096,1.0
664,3161,1.0
664,4056,1.0
664,3865,1.0
665,409,1.0
665,474,1.0
665,729,1.0
665,538,1.0
665,3481,1.0
665,3546,1.0
665,3801,1.0
665,3610,1.0
666,1178,1.0
666,1243,1.0
666,1882,1.0
666,1947,1.0
666,2202,1.0
666,2267,1.0
666,2906,1.0
666,2971,1.0
667,1307,1.0
667,1372,1.0
667,1627,1.0
667,1692,1.0
667,2331,1.0
667,2396,1.0
667,2651,1.0
667,2716,1.0
668,28,1.0
668,93,1.0
668,988,1.0
668,797,1.0
668,3100,1.0
668,3165,1.0
668,4060,1.0
668,3869,1.0
669,413,1.0
669,478,1.0
669,733,1.0
669,542,1.0
669,3485,1.0
669,3550,1.0
669,3805,1.0
669,3614,1.0
670,1182,1.0
670,1247,1.0
670,1886,1.0
670,1951,1.0
670,2206,1.0
670,2271,1.0
670,2910,1.0
670,2975,1.0
671,1311,1.0
671,1376,1.0
671,1631,1.0
671,1696,1.0
671,2335,1.0
671,2400,1.0
671,2655,1.0
671,2720,1.0
672,32,1.0
672,97,1.0
672,992,1.0
672,801,1.0
672,3104,1.0
672,3169,1.0
672,4064,1.0
672,3873,1.0
673,417,1.0
673,482,1.0
673,737,1.0
673,546,1.0
673,3489,1.0
673,3554,1.0
673,3809,1.0
673,3618,1.0
674,1186,1.0
674,1251,1.0
674,1890,1.0
674,1955,1.0
674,2210,1.0
674,2275,1.0
674,2914,1.0
674,2979,1.0
675,1315,1.0
675,1380,1.0
675,1635,1.0
675,1700,1.0
675,2339,1.0
675,2404,1.0
675,2659,1.0
675,2724,1.0
676,36,1.0
676,101,1.0
676,996,1.0
676,805,1.0
676,3108,1.0
676,3173,1.0
676,4068,1.0
676,3877,1.0
677,421,1.0
677,486,1.0
677,741,1.0
677,550,1.0
677,3493,1.0
677,3558,1.0
677,3813,1.0
677,3622,1.0
678,1190,1.0
678,1255,1.0
678,1894,1.0
678,1959,1.0
678,2214,1.0
678,2279,1.0
678,2918,1.0
678,2983,1.0
679,1319,1.0
679,1384,1.0
679,1639,1.0
679,1704,1.0
679,2343,1.0
679,2408,1.0
679,2663,1.0
679,2728,1.0
680,40,1.0
680,105,1.0
680,1000,1.0
680,809,1.0
680,3112,1.0
680,3177,1.0
680,4072,1.0
680,3881,1.0
681,425,1.0
681,490,1.0
681,745,1.0
681,554,1.0
681,3497,1.0
681,3562,1.0
681,3817,1.0
681,3626,1.0
682,1194,1.0
682,1259,1.0
682,1898,1.0
682,1963,1.0
682,2218,1.0
682,2283,1.0
682,2922,1.0
682,2987,1.0
683,1323,1.0
683,1388,1.0
683,1643,1.0
683,1708,1.0
683,2347,1.0
683,2412,1.0
683,2667,1.0
683,2732,1.0
684,44,1.0
684,109,1.0
684,1004,1.0
684,813,1.0
684,3116,1.0
684,3181,1.0
684,4076,1.0
684,3885,1.0
685,429,1.0
685,494,1.0
685,749,1.0
685,558,1.0
685,3501,1.0
685,3566,1.0
685,3821,1.0
685,3630,1.0
686,1198,1.0
686,1263,1.0
686,1902,1.0
686,1967,1.0
686,2222,1.0
686,2287,1.0
686,2926,1.0
686,2991,1.0
687,1327,1.0
687,1392,1.0
687,1647,1.0
687,1712,1.0
687,2351,1.0
687,2416,1.0
687,2671,1.0
687,2736,1.0
688,48,1.0
688,113,1.0
688,1008,1.0
688,817,1.0
688,3120,1.0
688,3185,1.0
688,4080,1.0
688,3889,1.0
689,433,1.0
689,498,1.0
689,753,1.0
689,562,1.0
689,3505,1.0
689,3570,1.0
689,3825,1.0
689,3634,1.0
690,1202,1.0
690,1267,1.0
690,1906,1.0
690,1971,1.0
690,2226,1.0
690,2291,1.0
690,2930,1.0
690,2995,1.0
691,1331,1.0
691,1396,1.0
691,1651,1.0
691,1716,1.0
691,2355,1.0
691,2420,1.0
691,2675,1.0
691,2740,1.0
692,52,1.0
692,117,1.0
692,1012,1.0
692,821,1.0
692,3124,1.0
692,3189,1.0
692,4084,1.0
692,3893,1.0
693,437,1.0
693,502,1.0
693,757,1.0
693,566,1.0
693,3509,1.0
693,3574,1.0
693,3829,1.0
693,3638,1.0
694,1206,1.0
694,1271,1.0
694,1910,1.0
694,1975,1.0
694,2230,1.0
694,2295,1.0
694,2934,1.0
694,2999,1.0
695,1335,1.0
695,1400,1.0
695,1655,1.0
695,1720,1.0
695,2359,1.0
695,2424,1.0
695,2679,1.0
695,2744,1.0
696,56,1.0
696,121,1.0
696,1016,1.0
696,825,1.0
696,3128,1.0
696,3193,1.0
696,4088,1.0
696,3897,1.0
697,441,1.0
697,506,1.0
697,761,1.0
697,570,1.0
697,3513,1.0
697,3578,1.0
697,3833,1.0
697,3642,1.0
698,1210,1.0
698,1275,1.0
698,1914,1.0
698,1979,1.0
698,2234,1.0
698,2299,1.0
698,2938,1.0
698,3003,1.0
699,1339,1.0
699,1404,1.0
699,1659,1.0
699,1724,1.0
699,2363,1.0
699,2428,1.0
699,2683,1.0
699,2748,1.0
700,60,1.0
700,125,1.0
700,1020,1.0
700,829,1.0
700,3132,1.0
700,3197,1.0
700,4092,1.0
700,3901,1.0
701,445,1.0
701,510,1.0
701,765,1.0
701,574,1.0
701,3517,1.0
701,3582,1.0
701,3837,1.0
701,3646,1.0
702,1214,1.0
702,1279,1.0
702,1918,1.0
702,1983,1.0
702,2238,1.0
702,2303,1.0
702,2942,1.0
702,3007,1.0
703,1343,1.0
703,1344,1.0
703,1663,1.0
703,1664,1.0
703,2367,1.0
703,2368,1.0
703,2687,1.0
703,2688,1.0
704,0,1.0
704,65,1.0
704,960,1.0
704,769,1.0
704,3072,1.0
704,3137,1.0
704,4032,1.0
704,3841,1.0
705,385,1.0
705,450,1.0
705,705,1.0
705,514,1.0
705,3457,1.0
705,3522,1.0
705,3777,1.0
705,3586,1.0
706,1154,1.0
706,1219,1.0
706,1858,1.0
706,1923,1.0
706,2178,1.0
706,2243,1.0
706,2882,1.0
706,2947,1.0
707,1283,1.0
707,1348,1.0
707,1603,1.0
707,1668,1.0
707,2307,1.0
707,2372,1.0
707,2627,1.0
707,2692,1.0
708,4,1.0
708,69,1.0
708,964,1.0
708,773,1.0
708,3076,1.0
708,3141,1.0
708,4036,1.0
708,3845,1.0
709,389,1.0
709,454,1.0
709,709,1.0
709,518,1.0
709,3461,1.0
709,3526,1.0
709,3781,1.0
709,3590,1.0
710,1158,1.0
710,1223,1.0
710,1862,1.0
710,1927,1.0
710,2182,1.0
710,2247,1.0
710,2886,1.0
710,2951,1.0
711,1287,1.0
711,1352,1.0
711,1607,1.0
711,1672,1.0
711,2311,1.0
711,2376,1.0
711,2631,1.0
711,2696,1.0
712,8,1.0
712,73,1.0
712,968,1.0
712,777,1.0
712,3080,1.0
712,3145,1.0
712,4040,1.0
712,3849,1.0
713,393,1.0
713,458,1.0
713,713,1.0
713,522,1.0
713,3465,1.0
713,3530,1.0
713,3785,1.0
713,3594,1.0
714,1162,1.0
714,1227,1.0
714,1866,1.0
714,1931,1.0
714,2186,1.0
714,2251,1.0
714,2890,1.0
714,2955,1.0
715,1291,1.0
715,1356,1.0
715,1611,1.0
715,1676,1.0
715,2315,1.0
715,2380,1.0
715,2635,1.0
715,2700,1.0
716,12,1.0
716,77,1.0
716,972,1.0
716,781,1.0
716,3084,1.0
716,3149,1.0
716,4044,1.0
716,3853,1.0
717,397,1.0
717,462,1.0
717,717,1.0
717,526,1.0
717,3469,1.0
717,3534,1.0
717,3789,1.0
717,3598,1.0
718,1166,1.0
718,1231,1.0
718,1870,1.0
718,1935,1.0
718,2190,1.0
718,2255,1.0
718,2894,1.0
718,2959,1.0
719,1295,1.0
719,1360,1.0
719,1615,1.0
719,1680,1.0
719,2319,1.0
719,2384,1.0
719,2639,1.0
719,2704,1.0
720,16,1.0
720,81,1.0
720,976,1.0
720,785,1.0
720,3088,1.0
720,3153,1.0
720,4048,1.0
720,3857,1.0
721,401,1.0
721,466,1.0
721,721,1.0
721,530,1.0
721,3473,1.0
721,3538,1.0
721,3793,1.0
721,3602,1.0
722,1170,1.0
722,1235,1.0
722,1874,1.0
722,1939,1.0
722,2194,1.0
722,2259,1.0
722,2898,1.0
722,2963,1.0
723,1299,1.0
723,1364,1.0
723,1619,1.0
723,1684,1.0
723,2323,1.0
723,2388,1.0
723,2643,1.0
723,2708,1.0
724,20,1.0
724,85,1.0
724,980,1.0
724,789,1.0
724,3092,1.0
724,3157,1.0
724,4052,1.0
724,3861,1.0
725,405,1.0
725,470,1.0
725,725,1.0
725,534,1.0
725,3477,1.0
725,3542,1.0
725,3797,1.0
725,3606,1.0
726,1174,1.0
726,1239,1.0
726,1878,1.0
726,1943,1.0
726,2198,1.0
726,2263,1.0
726,2902,1.0
726,2967,1.0
727,1303,1.0
727,1368,1.0
727,1623,1.0
727,1688,1.0
727,2327,1.0
727,2392,1.0
727,2647,1.0
727,2712,1.0
728,24,1.0
728,89,1.0
728,984,1.0
728,793,1.0
728,3096,1.0
728,3161,1.0
728,4056,1.0
728,3865,1.0
729,409,1.0
729,474,1.0
729,729,1.0
729,538,1.0
729,3481,1.0
729,3546,1.0
729,3801,1.0
729,3610,1.0
730,1178,1.0
730,1243,1.0
730,1882,1.0
730,1947,1.0
730,2202,1.0
730,2267,1.0
730,2906,1.0
730,2971,1.0
731,1307,1.0
731,1372,1.0
731,1627,1.0
731,1692,1.0
731,2331,1.0
731,2396,1.0
731,2651,1.0
731,2716,1.0
732,28,1.0
732,93,1.0
732,988,1.0
732,797,1.0
732,3100,1.0
732,3165,1.0
732,4060,1.0
732,3869,1.0
733,413,1.0
733,478,1.0
733,733,1.0
733,542,1.0
733,3485,1.0
733,3550,1.0
733,3805,1.0
733,3614,1.0
734,1182,1.0
734,1247,1.0
734,1886,1.0
734,1951,1.0
734,2206,1.0
734,2271,1.0
734,2910,1.0
734,2975,1.0
735,1311,1.0
735,1376,1.0
735,1631,1.0
735,1696,1.0
735,2335,1.0
735,2400,1.0
735,2655,1.0
735,2720,1.0
736,32,1.0
736,97,1.0
736,992,1.0
736,801,1.0
736,3104,1.0
736,3169,1.0
736,4064,1.0
736,3873,1.0
737,417,1.0
737,482,1.0
737,737,1.0
737,546,1.0
737,3489,1.0
737,3554,1.0
737,3809,1.0
737,3618,1.0
738,1186,1.0
738,1251,1.0
738,1890,1.0
738,1955,1.0
738,2210,1.0
738,2275,1.0
738,2914,1.0
738,2979,1.0
739,1315,1.0
739,1380,1.0
739,1635,1.0
739,1700,1.0
739,2339,1.0
739,2404,1.0
739,2659,1.0
739,2724,1.0
740,36,1.0
740,101,1.0
740,996,1.0
740,805,1.0
740,3108,1.0
740,3173,1.0
740,4068,1.0
740,3877,1.0
741,421,1.0
741,486,1.0
741,741,1.0
741,550,1.0
741,3493,1.0
741,3558,1.0
741,3813,1.0
741,3622,1.0
742,1190,1.0
742,1255,1.0
742,1894,1.0
742,1959,1.0
742,2214,1.0
742,2279,1.0
742,2918,1.0
742,2983,1.0
743,1319,1.0
743,1384,1.0
743,1639,1.0
743,1704,1.0
743,2343,1.0
743,2408,1.0
743,2663,1.0
743,2728,1.0
744,40,1.0
744,105,1.0
744,1000,1.0
744,809,1.0
744,3112,1.0
744,3177,1.0
744,4072,1.0
744,3881,1.0
745,425,1.0
745,490,1.0
745,745,1.0
745,554,1.0
745,3497,1.0
745,3562,1.0
745,3817,1.0
745,3626,1.0
746,1194,1.0
746,1259,1.0
746,1898,1.0
746,1963,1.0
746,2218,1.0
746,2283,1.0
746,2922,1.0
746,2987,1.0
747,1323,1.0
747,1388,1.0
747,1643,1.0
747,1708,1.0
747,2347,1.0
747,2412,1.0
747,2667,1.0
747,2732,1.0
748,44,1.0
748,109,1.0
748,1004,1.0
748,813,1.0
748,3116,1.0
748,3181,1.0
748,4076,1.0
748,3885,1.0
749,429,1.0
749,494,1.0
749,749,1.0
749,558,1.0
749,3501,1.0
749,3566,1.0
749,3821,1.0
749,3630,1.0
750,1198,1.0
750,1263,1.0
750,1902,1.0
750,1967,1.0
750,2222,1.0
750,2287,1.0
750,2926,1.0
750,2991,1.0
751,1327,1.0
751,1392,1.0
751,1647,1.0
751,1712,1.0
751,2351,1.0
751,2416,1.0
751,2671,1.0
751,2736,1.0
752,48,1.0
752,113,1.0
752,1008,1.0
752,817,1.0
752,3120,1.0
752,3185,1.0
752,4080,1.0
752,3889,1.0
753,433,1.0
753,498,1.0
753,753,1.0
753,562,1.0
753,3505,1.0
753,3570,1.0
753,3825,1.0
753,3634,1.0
754,1202,1.0
754,1267,1.0
754,1906,1.0
754,1971,1.0
754,2226,1.0
754,2291,1.0
754,2930,1.0
754,2995,1.0
755,1331,1.0
755,1396,1.0
755,1651,1.0
755,1716,1.0
755,2355,1.0
755,2420,1.0
755,2675,1.0
755,2740,1.0
756,52,1.0
756,117,1.0
756,1012,1.0
756,821,1.0
756,3124,1.0
756,3189,1.0
756,4084,1.0
756,3893,1.0
757,437,1.0
757,502,1.0
757,757,1.0
757,566,1.0
757,3509,1.0
757,3574,1.0
757,3829,1.0
757,3638,1.0
758,1206,1.0
758,1271,1.0
758,1910,1.0
758,1975,1.0
758,2230,1.0
758,2295,1.0
758,2934,1.0
758,2999,1.0
759,1335,1.0
759,1400,1.0
759,1655,1.0
759,1720,1.0
759,2359,1.0
759,2424,1.0
759,2679,1.0
759,2744,1.0
760,56,1.0
760,121,1.0
760,1016,1.0
760,825,1.0
760,3128,1.0
760,3193,1.0
760,4088,1.0
760,3897,1.0
761,441,1.0
761,506,1.0
761,761,1.0
761,570,1.0
761,3513,1.0
761,3578,1.0
761,3833,1.0
761,3642,1.0
762,1210,1.0
762,1275,1.0
762,1914,1.0
762,1979,1.0
762,2234,1.0
762,2299,1.0
762,2938,1.0
762,3003,1.0
763,1339,1.0
763,1404,1.0
763,1659,1.0
763,1724,1.0
763,2363,1.0
763,2428,1.0
763,2683,1.0
763,2748,1.0
764,60,1.0
764,125,1.0
764,1020,1.0
764,829,1.0
764,3132,1.0
764,3197,1.0
764,4092,1.0
764,3901,1.0
765,445,1.0
765,510,1.0
765,765,1.0
765,574,1.0
765,3517,1.0
765,3582,1.0
765,3837,1.0
765,3646,1.0
766,1214,1.0
766,1279,1.0
766,1918,1.0
766,1983,1.0
766,2238,1.0
766,2303,1.0
766,2942,1.0
766,3007,1.0
767,1343,1.0
767,1344,1.0
767,1663,1.0
767,1664,1.0
767,2367,1.0
767,2368,1.0
767,2687,1.0
767,2688,1.0
768,0,1.0
768,65,1.0
768,960,1.0
768,769,1.0
768,3072,1.0
768,3137,1.0
768,4032,1.0
768,3841,1.0
769,385,1.0
769,450,1.0
769,705,1.0
769,514,1.0
769,3457,1.0
769,3522,1.0
769,3777,1.0
769,3586,1.0
770,1154,1.0
770,1219,1.0
770,1858,1.0
770,1923,1.0
770,2178,1.0
770,2243,1.0
770,2882,1.0
770,2947,1.0
771,1283,1.0
771,1348,1.0
771,1603,1.0
771,1668,1.0
771,2307,1.0
771,2372,1.0
771,2627,1.0
771,2692,1.0
772,4,1.0
772,69,1.0
772,964,1.0
772,773,1.0
772,3076,1.0
772,3141,1.0
772,4036,1.0
772,3845,1.0
773,389,1.0
773,454,1.0
773,709,1.0
773,518,1.0
773,3461,1.0
773,3526,1.0
773,3781,1.0
773,3590,1.0
774,1158,1.0
774,1223,1.0
774,1862,1.0
774,1927,1.0
774,2182,1.0
774,2247,1.0
774,2886,1.0
774,2951,1.0
775,1287,1.0
775,1352,1.0
775,1607,1.0
775,1672,1.0
775,2311,1.0
775,2376,1.0
775,2631,1.0
775,2696,1.0
776,8,1.0
776,73,1.0
776,968,1.0
776,777,1.0
776,3080,1.0
776,3145,1.0
776,4040,1.0
776,3849,1.0
777,393,1.0
777,458,1.0
777,713,1.0
777,522,1.0
777,3465,1.0
777,3530,1.0
777,3785,1.0
777,3594,1.0
778,1162,1.0
778,1227,1.0
778,1866,1.0
778,1931,1.0
778,2186,1.0
778,2251,1.0
778,2890,1.0
778,2955,1.0
779,1291,1.0
779,1356,1.0
779,1611,1.0
779,1676,1.0
779,2315,1.0
779,2380,1.0
779,2635,1.0
779,2700,1.0
780,12,1.0
780,77,1.0
780,972,1.0
780,781,1.0
780,3084,1.0
780,3149,1.0
780,4044,1.0
780,3853,1.0
781,397,1.0
781,462,1.0
781,717,1.0
781,526,1.0
781,3469,1.0
781,3534,1.0
781,3789,1.0
781,3598,1.0
782,1166,1.0
782,1231,1.0
782,1870,1.0
782,1935,1.0
782,2190,1.0
782,2255,1.0
782,2894,1.0
782,2959,1.0
783,1295,1.0
783,1360,1.0
783,1615,1.0
783,1680,1.0
783,2319,1.0
783,2384,1.0
783,2639,1.0
783,2704,1.0
784,16,1.0
784,81,1.0
784,976,1.0
784,785,1.0
784,3088,1.0
784,3153,1.0
784,4048,1.0
784,3857,1.0
785,401,1.0
785,466,1.0
785,721,1.0
785,530,1.0
785,3473,1.0
785,3538,1.0
785,3793,1.0
785,3602,1.0
786,1170,1.0
786,1235,1.0
786,1874,1.0
786,1939,1.0
786,2194,1.0
786,2259,1.0
786,2898,1.0
786,2963,1.0
787,1299,1.0
787,1364,1.0
787,1619,1.0
787,1684,1.0
787,2323,1.0
787,2388,1.0
787,2643,1.0
787,2708,1.0
788,20,1.0
788,85,1.0
788,980,1.0
788,789,1.0
788,3092,1.0
788,3157,1.0
788,4052,1.0
788,3861,1.0
789,405,1.0
789,470,1.0
789,725,1.0
789,534,1.0
789,3477,1.0
789,3542,1.0
789,3797,1.0
789,3606,1.0
790,1174,1.0
790,1239,1.0
790,1878,1.0
790,1943,1.0
790,2198,1.0
790,2263,1.0
790,2902,1.0
790,2967,1.0
791,1303,1.0
791,1368,1.0
791,1623,1.0
791,1688,1.0
791,2327,1.0
791,2392,1.0
791,2647,1.0
791,2712,1.0
792,24,1.0
792,89,1.0
792,984,1.0
792,793,1.0
792,3096,1.0
792,3161,1.0
792,4056,1.0
792,3865,1.0
793,409,1.0
793,474,1.0
793,729,1.0
793,538,1.0
793,3481,1.0
793,3546,1.0
793,3801,1.0
793,3610,1.0
794,1178,1.0
794,1243,1.0
794,1882,1.0
794,1947,1.0
794,2202,1.0
794,2267,1.0
794,2906,1.0
794,2971,1.0
795,1307,1.0
795,1372,1.0
795,1627,1.0
795,1692,1.0
795,2331,1.0
795,2396,1.0
795,2651,1.0
795,2716,1.0
796,28,1.0
796,93,1.0
796,988,1.0
796,797,1.0
796,3100,1.0
796,3165,1.0
796,4060,1.0
796,3869,1.0
797,413,1.0
797,478,1.0
797,733,1.0
797,542,1.0
797,3485,1.0
797,3550,1.0
797,3805,1.0
797,3614,1.0
798,1182,1.0
798,1247,1.0
798,1886,1.0
798,1951,1.0
798,2206,1.0
798,2271,1.0
798,2910,1.0
798,2975,1.0
799,1311,1.0
799,1376,1.0
799,1631,1.0
799,1696,1.0
799,2335,1.0
799,2400,1.0
799,2655,1.0
799,2720,1.0
800,32,1.0
800,97,1.0
800,992,1.0
800,801,1.0
800,3104,1.0
800,3169,1.0
800,4064,1.0
800,3873,1.0
801,417,1.0
801,482,1.0
801,737,1.0
801,546,1.0
801,3489,1.0
801,3554,1.0
801,3809,1.0
801,3618,1.0
802,1186,1.0
802,1251,1.0
802,1890,1.0
802,1955,1.0
802,2210,1.0
802,2275,1.0
802,2914,1.0
802,2979,1.0
803,1315,1.0
803,1380,1.0
803,1635,1.0
803,1700,1.0
803,2339,1.0
803,2404,1.0
803,2659,1.0
803,2724,1.0
804,36,1.0
804,101,1.0
804,996,1.0
804,805,1.0
804,3108,1.0
804,3173,1.0
804,4068,1.0
804,3877,1.0
805,421,1.0
805,486,1.0
805,741,1.0
805,550,1.0
805,3493,1.0
805,3558,1.0
805,3813,1.0
805,3622,1.0
806,1190,1.0
806,1255,1.0
806,1894,1.0
806,1959,1.0
806,2214,1.0
806,2279,1.0
806,2918,1.0
806,2983,1.0
807,1319,1.0
807,1384,1.0
807,1639,1.0
807,1704,1.0
807,2343,1.0
807,2408,1.0
807,2663,1.0
807,2728,1.0
808,40,1.0
808,105,1.0
808,1000,1.0
808,809,1.0
808,3112,1.0
808,3177,1.0
808,4072,1.0
808,3881,1.0
809,425,1.0
809,490,1.0
809,745,1.0
809,554,1.0
809,3497,1.0
809,3562,1.0
809,3817,1.0
809,3626,1.0
810,1194,1.0
810,1259,1.0
810,1898,1.0
810,1963,1.0
810,2218,1.0
810,2283,1.0
810,2922,1.0
810,2987,1.0
811,1323,1.0
811,1388,1.0
811,1643,1.0
811,1708,1.0
811,2347,1.0
811,2412,1.0
811,2667,1.0
811,2732,1.0
812,44,1.0
812,109,1.0
812,1004,1.0
812,813,1.0
812,3116,1.0
812,3181,1.0
812,4076,1.0
812,3885,1.0
813,429,1.0
813,494,1.0
813,749,1.0
813,558,1.0
813,3501,1.0
813,3566,1.0
813,3821,1.0
813,3630,1.0
814,1198,1.0
814,1263,1.0
814,1902,1.0
814,1967,1.0
814,2222,1.0
814,2287,1.0
814,2926,1.0
814,2991,1.0
815,1327,1.0
815,1392,1.0
815,1647,1.0
815,1712,1.0
815,2351,1.0
815,2416,1.0
815,2671,1.0
815,2736,1.0
816,48,1.0
816,113,1.0
816,1008,1.0
816,817,1.0
816,3120,1.0
816,3185,1.0
816,4080,1.0
816,3889,1.0
817,433,1.0
817,498,1.0
817,753,1.0
817,562,1.0
817,3505,1.0
817,3570,1.0
817,3825,1.0
817,3634,1.0
818,1202,1.0
818,1267,1.0
818,1906,1.0
818,1971,1.0
818,2226,1.0
818,2291,1.0
818,2930,1.0
818,2995,1.0
819,1331,1.0
819,1396,1.0
819,1651,1.0
819,1716,1.0
819,2355,1.0
819,2420,1.0
819,2675,1.0
819,2740,1.0
820,52,1.0
820,117,1.0
820,1012,1.0
820,821,1.0
820,3124,1.0
820,3189,1.0
820,4084,1.0
820,3893,1.0
821,437,1.0
821,502,1.0
821,757,1.0
821,566,1.0
821,3509,1.0
821,3574,1.0
821,3829,1.0
821,3638,1.0
822,1206,1.0
822,1271,1.0
822,1910,1.0
822,1975,1.0
822,2230,1.0
822,2295,1.0
822,2934,1.0
822,2999,1.0
823,1335,1.0
823,1400,1.0
823,1655,1.0
823,1720,1.0
823,2359,1.0
823,2424,1.0
823,2679,1.0
823,2744,1.0
824,56,1.0
824,121,1.0
824,1016,1.0
824,825,1.0
824,3128,1.0
824,3193,1.0
824,4088,1.0
824,3897,1.0
825,441,1.0
825,506,1.0
825,761,1.0
825,570,1.0
825,3513,1.0
825,3578,1.0
825,3833,1.0
825,3642,1.0
826,1210,1.0
826,1275,1.0
826,1914,1.0
826,1979,1.0
826,2234,1.0
826,2299,1.0
826,2938,1.0
826,3003,1.0
827,1339,1.0
827,1404,1.0
827,1659,1.0
827,1724,1.0
827,2363,1.0
827,2428,1.0
827,2683,1.0
827,2748,1.0
828,60,1.0
828,125,1.0
828,1020,1.0
828,829,1.0
828,3132,1.0
828,3197,1.0
828,4092,1.0
828,3901,1.0
829,445,1.0
829,510,1.0
829,765,1.0
829,574,1.0
829,3517,1.0
829,3582,1.0
829,3837,1.0
829,3646,1.0
830,1214,1.0
830,1279,1.0
830,1918,1.0
830,1983,1.0
830,2238,1.0
830,2303,1.0
830,2942,1.0
830,3007,1.0
831,1343,1.0
831,1344,1.0
831,1663,1.0
831,1664,1.0
831,2367,1.0
831,2368,1.0
831,2687,1.0
831,2688,1.0
832,0,1.0
832,65,1.0
832,960,1.0
832,769,1.0
832,3072,1.0
832,3137,1.0
832,4032,1.0
832,3841,1.0
833,385,1.0
833,450,1.0
833,705,1.0
833,514,1.0
833,3457,1.0
833,3522,1.0
833,3777,1.0
833,3586,1.0
834,1154,1.0
834,1219,1.0
834,1858,1.0
834,1923,1.0
834,2178,1.0
834,2243,1.0
834,2882,1.0
834,2947,1.0
835,1283,1.0
835,1348,1.0
835,1603,1.0
835,1668,1.0
835,2307,1.0
835,2372,1.0
835,2627,1.0
835,2692,1.0
836,4,1.0
836,69,1.0
836,964,1.0
836,773,1.0
836,3076,1.0
836,3141,1.0
836,4036,1.0
836,3845,1.0
837,389,1.0
837,454,1.0
837,709,1.0
837,518,1.0
837,3461,1.0
837,3526,1.0
837,3781,1.0
837,3590,1.0
838,1158,1.0
838,1223,1.0
838,1862,1.0
838,1927,1.0
838,2182,1.0
838,2247,1.0
838,2886,1.0
838,2951,1.0
839,1287,1.0
839,1352,1.0
839,1607,1.0
839,1672,1.0
839,2311,1.0
839,2376,1.0
839,2631,1.0
839,2696,1.0
840,8,1.0
840,73,1.0
840,968,1.0
840,777,1.0
840,3080,1.0
840,3145,1.0
840,4040,1.0
840,3849,1.0
841,393,1.0
841,458,1.0
841,713,1.0
841,522,1.0
841,3465,1.0
841,3530,1.0
841,3785,1.0
841,3594,1.0
842,1162,1.0
842,1227,1.0
842,1866,1.0
842,1931,1.0
842,2186,1.0
842,2251,1.0
842,2890,1.0
842,2955,1.0
843,1291,1.0
843,1356,1.0
843,1611,1.0
843,1676,1.0
843,2315,1.0
843,2380,1.0
843,2635,1.0
843,2700,1.0
844,12,1.0
844,77,1.0
844,972,1.0
844,781,1.0
844,3084,1.0
844,3149,1.0
844,4044,1.0
844,3853,1.0
845,397,1.0
845,462,1.0
845,717,1.0
845,526,1.0
845,3469,1.0
845,3534,1.0
845,3789,1.0
845,3598,1.0
846,1166,1.0
846,1231,1.0
846,1870,1.0
846,1935,1.0
846,2190,1.0
846,2255,1.0
846,2894,1.0
846,2959,1.0
847,1295,1.0
847,1360,1.0
847,1615,1.0
847,1680,1.0
847,2319,1.0
847,2384,1.0
847,2639,1.0
847,2704,1.0
848,16,1.0
848,81,1.0
848,976,1.0
848,785,1.0
848,3088,1.0
848,3153,1.0
848,4048,1.0
848,3857,1.0
849,401,1.0
849,466,1.0
849,721,1.0
849,530,1.0
849,3473,1.0
849,3538,1.0
849,3793,1.0
849,3602,1.0
850,1170,1.0
850,1235,1.0
850,1874,1.0
850,1939,1.0
850,2194,1.0
850,2259,1.0
850,2898,1.0
850,2963,1.0
851,1299,1.0
851,1364,1.0
851,1619,1.0
851,1684,1.0
851,2323,1.0
851,2388,1.0
851,2643,1.0
851,2708,1.0
852,20,1.0
852,85,1.0
852,980,1.0
852,789,1.0
852,3092,1.0
852,3157,1.0
852,4052,1.0
852,3861,1.0
853,405,1.0
853,470,1.0
853,725,1.0
853,534,1.0
853,3477,1.0
853,3542,1.0
853,3797,1.0
853,3606,1.0
854,1174,1.0
854,1239,1.0
854,1878,1.0
854,1943,1.0
854,2198,1.0
854,2263,1.0
854,2902,1.0
854,2967,1.0
855,1303,1.0
855,1368,1.0
855,1623,1.0
855,1688,1.0
855,2327,1.0
855,2392,1.0
855,2647,1.0
855,2712,1.0
856,24,1.0
856,89,1.0
856,984,1.0
856,793,1.0
856,3096,1.0
856,3161,1.0
856,4056,1.0
856,3865,1.0
857,409,1.0
857,474,1.0
857,729,1.0
857,538,1.0
857,3481,1.0
857,3546,1.0
857,3801,1.0
857,3610,1.0
858,1178,1.0
858,1243,1.0
858,1882,1.0
858,1947,1.0
858,2202,1.0
858,2267,1.0
858,2906,1.0
858,2971,1.0
859,1307,1.0
859,1372,1.0
859,1627,1.0
859,1692,1.0
859,2331,1.0
859,2396,1.0
859,2651,1.0
859,2716,1.0
860,28,1.0
860,93,1.0
860,988,1.0
860,797,1.0
860,3100,1.0
860,3165,1.0
860,4060,1.0
860,3869,1.0
861,413,1.0
861,478,1.0
861,733,1.0
861,542,1.0
861,3485,1.0
861,3550,1.0
861,3805,1.0
861,3614,1.0
862,1182,1.0
862,1247,1.0
862,1886,1.0
862,1951,1.0
862,2206,1.0
862,2271,1.0
862,2910,1.0
862,2975,1.0
863,1311,1.0
863,1376,1.0
863,1631,1.0
863,1696,1.0
863,2335,1.0
863,2400,1.0
863,2655,1.0
863,2720,1.0
864,32,1.0
864,97,1.0
864,992,1.0
864,801,1.0
864,3104,1.0
864,3169,1.0
864,4064,1.0
864,3873,1.0
865,417,1.0
865,482,1.0
865,737,1.0
865,546,1.0
865,3489,1.0
865,3554,1.0
865,3809,1.0
865,3618,1.0
866,1186,1.0
866,1251,1.0
866,1890,1.0
866,1955,1.0
866,2210,1.0
866,2275,1.0
866,2914,1.0
866,2979,1.0
867,1315,1.0
867,1380,1.0
867,1635,1.0
867,1700,1.0
867,2339,1.0
867,2404,1.0
867,2659,1.0
867,2724,1.0
868,36,1.0
868,101,1.0
868,996,1.0
868,805,1.0
868,3108,1.0
868,3173,1.0
868,4068,1.0
868,3877,1.0
869,421,1.0
869,486,1.0
869,741,1.0
869,550,1.0
869,3493,1.0
869,3558,1.0
869,3813,1.0
869,3622,1.0
870,1190,1.0
870,1255,1.0
870,1894,1.0
870,1959,1.0
870,2214,1.0
870,2279,1.0
870,2918,1.0
870,2983,1.0
871,1319,1.0
871,1384,1.0
871,1639,1.0
871,1704,1.0
871,2343,1.0
871,2408,1.0
871,2663,1.0
871,2728,1.0
872,40,1.0
872,105,1.0
872,1000,1.0
872,809,1.0
872,3112,1.0
872,3177,1.0
872,4072,1.0
872,3881,1.0
873,425,1.0
873,490,1.0
873,745,1.0
873,554,1.0
873,3497,1.0
873,3562,1.0
873,3817,1.0
873,3626,1.0
874,1194,1.0
874,1259,1.0
874,1898,1.0
874,1963,1.0
874,2218,1.0
874,2283,1.0
874,2922,1.0
874,2987,1.0
875,1323,1.0
875,1388,1.0
875,1643,1.0
875,1708,1.0
875,2347,1.0
875,2412,1.0
875,2667,1.0
875,2732,1.0
876,44,1.0
876,109,1.0
876,1004,1.0
876,813,1.0
876,3116,1.0
876,3181,1.0
876,4076,1.0
876,3885,1.0
877,429,1.0
877,494,1.0
877,749,1.0
877,558,1.0
877,3501,1.0
877,3566,1.0
877,3821,1.0
877,3630,1.0
878,1198,1.0
878,1263,1.0
878,1902,1.0
878,1967,1.0
878,2222,1.0
878,2287,1.0
878,2926,1.0
878,2991,1.0
879,1327,1.0
879,1392,1.0
879,1647,1.0
879,1712,1.0
879,2351,1.0
879,2416,1.0
879,2671,1.0
879,2736,1.0
880,48,1.0
880,113,1.0
880,1008,1.0
880,817,1.0
880,3120,1.0
880,3185,1.0
880,4080,1.0
880,3889,1.0
881,433,1.0
881,498,1.0
881,753,1.0
881,562,1.0
881,3505,1.0
881,3570,1.0
881,3825,1.0
881,3634,1.0
882,1202,1.0
882,1267,1.0
882,1906,1.0
882,1971,1.0
882,2226,1.0
882,2291,1.0
882,2930,1.0
882,2995,1.0
883,1331,1.0
883,1396,1.0
883,1651,1.0
883,1716,1.0
883,2355,1.0
883,2420,1.0
883,2675,1.0
883,2740,1.0
884,52,1.0
884,117,1.0
884,1012,1.0
884,821,1.0
884,3124,1.0
884,3189,1.0
884,4084,1.0
884,3893,1.0
885,437,1.0
885,502,1.0
885,757,1.0
885,566,1.0
885,3509,1.0
885,3574,1.0
885,3829,1.0
885,3638,1.0
886,1206,1.0
886,1271,1.0
886,1910,1.0
886,1975,1.0
886,2230,1.0
886,2295,1.0
886,2934,1.0
886,2999,1.0
887,1335,1.0
887,1400,1.0
887,1655,1.0
887,1720,1.0
887,2359,1.0
887,2424,1.0
887,2679,1.0
887,2744,1.0
888,56,1.0
888,121,1.0
888,1016,1.0
888,825,1.0
888,3128,1.0
888,3193,1.0
888,4088,1.0
888,3897,1.0
889,441,1.0
889,506,1.0
889,761,1.0
889,570,1.0
889,3513,1.0
889,3578,1.0
889,3833,1.0
889,3642,1.0
890,1210,1.0
890,1275,1.0
890,1914,1.0
890,1979,1.0
890,2234,1.0
890,2299,1.0
890,2938,1.0
890,3003,1.0
891,1339,1.0
891,1404,1.0
891,1659,1.0
891,1724,1.0
891,2363,1.0
891,2428,1.0
891,2683,1.0
891,2748,1.0
892,60,1.0
892,125,1.0
892,1020,1.0
892,829,1.0
892,3132,1.0
892,3197,1.0
892,4092,1.0
892,3901,1.0
893,445,1.0
893,510,1.0
893,765,1.0
893,574,1.0
893,3517,1.0
893,3582,1.0
893,3837,1.0
893,3646,1.0
894,1214,1.0
894,1279,1.0
894,1918,1.0
894,1983,1.0
894,2238,1.0
894,2303,1.0
894,2942,1.0
894,3007,1.0
895,1343,1.0
895,1344,1.0
895,1663,1.0
895,1664,1.0
895,2367,1.0
895,2368,1.0
895,2687,1.0
895,2688,1.0
896,0,1.0
896,65,1.0
896,960,1.0
896,769,1.0
896,3072,1.0
896,3137,1.0
896,4032,1.0
896,3841,1.0
897,385,1.0
897,450,1.0
897,705,1.0
897,514,1.0
897,3457,1.0
897,3522,1.0
897,3777,1.0
897,3586,1.0
898,1154,1.0
898,1219,1.0
898,1858,1.0
898,1923,1.0
898,2178,1.0
898,2243,1.0
898,2882,1.0
898,2947,1.0
899,1283,1.0
899,1348,1.0
899,1603,1.0
899,1668,1.0
899,2307,1.0
899,2372,1.0
899,2627,1.0
899,2692,1.0
900,4,1.0
900,69,1.0
900,964,1.0
900,773,1.0
900,3076,1.0
900,3141,1.0
900,4036,1.0
900,3845,1.0
901,389,1.0
901,454,1.0
901,709,1.0
901,518,1.0
901,3461,1.0
901,3526,1.0
901,3781,1.0
901,3590,1.0
902,1158,1.0
902,1223,1.0
902,1862,1.0
902,1927,1.0
902,2182,1.0
902,2247,1.0
902,2886,1.0
902,2951,1.0
903,1287,1.0
903,1352,1.0
903,1607,1.0
903,1672,1.0
903,2311,1.0
903,2376,1.0
903,2631,1.0
903,2696,1.0
904,8,1.0
904,73,1.0
904,968,1.0
904,777,1.0
904,3080,1.0
904,3145,1.0
904,4040,1.0
904,3849,1.0
905,393,1.0
905,458,1.0
905,713,1.0
905,522,1.0
905,3465,1.0
905,3530,1.0
905,3785,1.0
905,3594,1.0
906,1162,1.0
906,1227,1.0
906,1866,1.0
906,1931,1.0
906,2186,1.0
906,2251,1.0
906,2890,1.0
906,2955,1.0
907,1291,1.0
907,1356,1.0
907,1611,1.0
907,1676,1.0
907,2315,1.0
907,2380,1.0
907,2635,1.0
907,2700,1.0
908,12,1.0
908,77,1.0
908,972,1.0
908,781,1.0
908,3084,1.0
908,3149,1.0
908,4044,1.0
908,3853,1.0
909,397,1.0
909,462,1.0
909,717,1.0
909,526,1.0
909,3469,1.0
909,3534,1.0
909,3789,1.0
909,3598,1.0
910,1166,1.0
910,1231,1.0
910,1870,1.0
910,1935,1.0
910,2190,1.0
910,2255,1.0
910,2894,1.0
910,2959,1.0
911,1295,1.0
911,1360,1.0
911,1615,1.0
911,1680,1.0
911,2319,1.0
911,2384,1.0
911,2639,1.0
911,2704,1.0
912,16,1.0
912,81,1.0
912,976,1.0
912,785,1.0
912,3088,1.0
912,3153,1.0
912,4048,1.0
912,3857,1.0
913,401,1.0
913,466,1.0
913,721,1.0
913,530,1.0
913,3473,1.0
913,3538,1.0
913,3793,1.0
913,3602,1.0
914,1170,1.0
914,1235,1.0
914,1874,1.0
914,1939,1.0
914,2194,1.0
914,2259,1.0
914,2898,1.0
914,2963,1.0
915,1299,1.0
915,1364,1.0
915,1619,1.0
915,1684,1.0
915,2323,1.0
915,2388,1.0
915,2643,1.0
915,2708,1.0
916,20,1.0
916,85,1.0
916,980,1.0
916,789,1.0
916,3092,1.0
916,3157,1.0
916,4052,1.0
916,3861,1.0
917,405,1.0
917,470,1.0
917,725,1.0
917,534,1.0
917,3477,1.0
917,3542,1.0
917,3797,1.0
917,3606,1.0
918,1174,1.0
918,1239,1.0
918,1878,1.0
918,1943,1.0
918,2198,1.0
918,2263,1.0
918,2902,1.0
918,2967,1.0
919,1303,1.0
919,1368,1.0
919,1623,1.0
919,1688,1.0
919,2327,1.0
919,2392,1.0
919,2647,1.0
919,2712,1.0
920,24,1.0
920,89,1.0
920,984,1.0
920,793,1.0
920,3096,1.0
920,3161,1.0
920,4056,1.0
920,3865,1.0
921,409,1.0
921,474,1.0
921,729,1.0
921,538,1.0
921,3481,1.0
921,3546,1.0
921,3801,1.0
921,3610,1.0
922,1178,1.0
922,1243,1.0
922,1882,1.0
922,1947,1.0
922,2202,1.0
922,2267,1.0
922,2906,1.0
922,2971,1.0
923,1307,1.0
923,1372,1.0
923,1627,1.0
923,1692,1.0
923,2331,1.0
923,2396,1.0
923,2651,1.0
923,2716,1.0
924,28,1.0
924,93,1.0
924,988,1.0
924,797,1.0
924,3100,1.0
924,3165,1.0
924,4060,1.0
924,3869,1.0
925,413,1.0
925,478,1.0
925,733,1.0
925,542,1.0
925,3485,1.0
925,3550,1.0
925,3805,1.0
925,3614,1.0
926,1182,1.0
926,1247,1.0
926,1886,1.0
926,1951,1.0
926,2206,1.0
926,2271,1.0
926,2910,1.0
926,2975,1.0
927,1311,1.0
927,1376,1.0
927,1631,1.0
927,1696,1.0
927,2335,1.0
927,2400,1.0
927,2655,1.0
927,2720,1.0
928,32,1.0
928,97,1.0
928,992,1.0
928,801,1.0
928,3104,1.0
928,3169,1.0
928,4064,1.0
928,3873,1.0
929,417,1.0
929,482,1.0
929,737,1.0
929,546,1.0
929,3489,1.0
929,3554,1.0
929,3809,1.0
929,3618,1.0
930,1186,1.0
930,1251,1.0
930,1890,1.0
930,1955,1.0
930,2210,1.0
930,2275,1.0
930,2914,1.0
930,2979,1.0
931,1315,1.0
931,1380,1.0
931,1635,1.0
931,1700,1.0
931,2339,1.0
931,2404,1.0
931,2659,1.0
931,2724,1.0
932,36,1.0
932,101,1.0
932,996,1.0
932,805,1.0
932,3108,1.0
932,3173,1.0
932,4068,1.0
932,3877,1.0
933,421,1.0
933,486,1.0
933,741,1.0
933,550,1.0
933,3493,1.0
933,3558,1.0
933,3813,1.0
933,3622,1.0
934,1190,1.0
934,1255,1.0
934,1894,1.0
934,1959,1.0
934,2214,1.0
934,2279,1.0
934,2918,1.0
934,2983,1.0
935,1319,1.0
935,1384,1.0
935,1639,1.0
935,1704,1.0
935,2343,1.0
935,2408,1.0
935,2663,1.0
935,2728,1.0
936,40,1.0
936,105,1.0
936,1000,1.0
936,809,1.0
936,3112,1.0
936,3177,1.0
936,4072,1.0
936,3881,1.0
937,425,1.0
937,490,1.0
937,745,1.0
937,554,1.0
937,3497,1.0
937,3562,1.0
937,3817,1.0
937,3626,1.0
938,1194,1.0
938,1259,1.0
938,1898,1.0
938,1963,1.0
938,2218,1.0
938,2283,1.0
938,2922,1.0
938,2987,1.0
939,1323,1.0
939,1388,1.0
939,1643,1.0
939,1708,1.0
939,2347,1.0
939,2412,1.0
939,2667,1.0
939,2732,1.0
940,44,1.0
940,109,1.0
940,1004,1.0
940,813,1.0
940,3116,1.0
940,3181,1.0
940,4076,1.0
940,3885,1.0
941,429,1.0
941,494,1.0
941,749,1.0
941,558,1.0
941,3501,1.0
941,3566,1.0
941,3821,1.0
941,3630,1.0
942,1198,1.0
942,1263,1.0
942,1902,1.0
942,1967,1.0
942,2222,1.0
942,2287,1.0
942,2926,1.0
942,2991,1.0
943,1327,1.0
943,1392,1.0
943,1647,1.0
943,1712,1.0
943,2351,1.0
943,2416,1.0
943,2671,1.0
943,2736,1.0
944,48,1.0
944,113,1.0
944,1008,1.0
944,817,1.0
944,3120,1.0
944,3185,1.0
944,4080,1.0
944,3889,1.0
945,433,1.0
945,498,1.0
945,753,1.0
945,562,1.0
945,3505,1.0
945,3570,1.0
945,3825,1.0
945,3634,1.0
946,1202,1.0
946,1267,1.0
946,1906,1.0
946,1971,1.0
946,2226,1.0
946,2291,1.0
946,2930,1.0
946,2995,1.0
947,1331,1.0
947,1396,1.0
947,1651,1.0
947,1716,1.0
947,2355,1.0
947,2420,1.0
947,2675,1.0
947,2740,1.0
948,52,1.0
948,117,1.0
948,1012,1.0
948,821,1.0
948,3124,1.0
948,3189,1.0
948,4084,1.0
948,3893,1.0
949,437,1.0
949,502,1.0
949,757,1.0
949,566,1.0
949,3509,1.0
949,3574,1.0
949,3829,1.0
949,3638,1.0
950,1206,1.0
950,1271,1.0
950,1910,1.0
950,1975,1.0
950,2230,1.0
950,2295,1.0
950,2934,1.0
950,2999,1.0
951,1335,1.0
951,1400,1.0
951,1655,1.0
951,1720,1.0
951,2359,1.0
951,2424,1.0
951,2679,1.0
951,2744,1.0
952,56,1.0
952,121,1.0
952,1016,1.0
952,825,1.0
952,3128,1.0
952,3193,1.0
952,4088,1.0
952,3897,1.0
953,441,1.0
953,506,1.0
953,761,1.0
953,570,1.0
953,3513,1.0
953,3578,1.0
953,3833,1.0
953,3642,1.0
954,1210,1.0
954,1275,1.0
954,1914,1.0
954,1979,1.0
954,2234,1.0
954,2299,1.0
954,2938,1.0
954,3003,1.0
955,1339,1.0
955,1404,1.0
955,1659,1.0
955,1724,1.0
955,2363,1.0
955,2428,1.0
955,2683,1.0
955,2748,1.0
956,60,1.0
956,125,1.0
956,1020,1.0
956,829,1.0
956,3132,1.0
956,3197,1.0
956,4092,1.0
956,3901,1.0
957,445,1.0
957,510,1.0
957,765,1.0
957,574,1.0
957,3517,1.0
957,3582,1.0
957,3837,1.0
957,3646,1.0
958,1214,1.0
958,1279,1.0
958,1918,1.0
958,1983,1.0
958,2238,1.0
958,2303,1.0
958,2942,1.0
958,3007,1.0
959,1343,1.0
959,1344,1.0
959,1663,1.0
959,1664,1.0
959,2367,1.0
959,2368,1.0
959,2687,1.0
959,2688,1.0
960,0,1.0
960,65,1.0
960,960,1.0
960,769,1.0
960,3072,1.0
960,3137,1.0
960,4032,1.0
960,3841,1.0
961,385,1.0
961,450,1.0
961,705,1.0
961,514,1.0
961,3457,1.0
961,3522,1.0
961,3777,1.0
961,3586,1.0
962,1154,1.0
962,1219,1.0
962,1858,1.0
962,1923,1.0
962,2178,1.0
962,2243,1.0
962,2882,1.0
962,2947,1.0
963,1283,1.0
963,1348,1.0
963,1603,1.0
963,1668,1.0
963,2307,1.0
963,2372,1.0
963,2627,1.0
963,2692,1.0
964,4,1.0
964,69,1.0
964,964,1.0
964,773,1.0
964,3076,1.0
964,3141,1.0
964,4036,1.0
964,3845,1.0
965,389,1.0
965,454,1.0
965,709,1.0
965,518,1.0
965,3461,1.0
965,3526,1.0
965,3781,1.0
965,3590,1.0
966,1158,1.0
966,1223,1.0
966,1862,1.0
966,1927,1.0
966,2182,1.0
966,2247,1.0
966,2886,1.0
966,2951,1.0
967,1287,1.0
967,1352,1.0
967,1607,1.0
967,1672,1.0
967,2311,1.0
967,2376,1.0
967,2631,1.0
967,2696,1.0
968,8,1.0
968,73,1.0
968,968,1.0
968,777,1.0
968,3080,1.0
968,3145,1.0
968,4040,1.0
968,3849,1.0
969,393,1.0
969,458,1.0
969,713,1.0
969,522,1.0
969,3465,1.0
969,3530,1.0
969,3785,1.0
969,3594,1.0
970,1162,1.0
970,1227,1.0
970,1866,1.0
970,1931,1.0
970,2186,1.0
970,2251,1.0
970,2890,1.0
970,2955,1.0
971,1291,1.0
971,1356,1.0
971,1611,1.0
971,1676,1.0
971,2315,1.0
971,2380,1.0
971,2635,1.0
971,2700,1.0
972,12,1.0
972,77,1.0
972,972,1.0
972,781,1.0
972,3084,1.0
972,3149,1.0
972,4044,1.0
972,3853,1.0
973,397,1.0
973,462,1.0
973,717,1.0
973,526,1.0
973,3469,1.0
973,3534,1.0
973,3789,1.0
973,3598,1.0
974,1166,1.0
974,1231,1.0
974,1870,1.0
974,1935,1.0
974,2190,1.0
974,2255,1.0
974,2894,1.0
974,2959,1.0
975,1295,1.0
975,1360,1.0
975,1615,1.0
975,1680,1.0
975,2319,1.0
975,2384,1.0
975,2639,1.0
975,2704,1.0
976,16,1.0
976,81,1.0
976,976,1.0
976,785,1.0
976,3088,1.0
976,3153,1.0
976,4048,1.0
976,3857,1.0
977,401,1.0
977,466,1.0
977,721,1.0
977,530,1.0
977,3473,1.0
977,3538,1.0
977,3793,1.0
977,3602,1.0
978,1170,1.0
978,1235,1.0
978,1874,1.0
978,1939,1.0
978,2194,1.0
978,2259,1.0
978,2898,1.0
978,2963,1.0
979,1299,1.0
979,1364,1.0
979,1619,1.0
979,1684,1.0
979,2323,1.0
979,2388,1.0
979,2643,1.0
979,2708,1.0
980,20,1.0
980,85,1.0
980,980,1.0
980,789,1.0
980,3092,1.0
980,3157,1.0
980,4052,1.0
980,3861,1.0
981,405,1.0
981,470,1.0
981,725,1.0
981,534,1.0
981,3477,1.0
981,3542,1.0
981,3797,1.0
981,3606,1.0
982,1174,1.0
982,1239,1.0
982,1878,1.0
982,1943,1.0
982,2198,1.0
982,2263,1.0
982,2902,1.0
982,2967,1.0
983,1303,1.0
983,1368,1.0
983,1623,1.0
983,1688,1.0
983,2327,1.0
983,2392,1.0
983,2647,1.0
983,2712,1.0
984,24,1.0
984,89,1.0
984,984,1.0
984,793,1.0
984,3096,1.0
984,3161,1.0
984,4056,1.0
984,3865,1.0
985,409,1.0
985,474,1.0
985,729,1.0
985,538,1.0
985,3481,1.0
985,3546,1.0
985,3801,1.0
985,3610,1.0
986,1178,1.0
986,1243,1.0
986,1882,1.0
986,1947,1.0
986,2202,1.0
986,2267,1.0
986,2906,1.0
986,2971,1.0
987,1307,1.0
987,1372,1.0
987,1627,1.0
987,1692,1.0
987,2331,1.0
987,2396,1.0
987,2651,1.0
987,2716,1.0
988,28,1.0
988,93,1.0
988,988,1.0
988,797,1.0
988,3100,1.0
988,3165,1.0
988,4060,1.0
988,3869,1.0
989,413,1.0
989,478,1.0
989,733,1.0
989,542,1.0
989,3485,1.0
989,3550,1.0
989,3805,1.0
989,3614,1.0
990,1182,1.0
990,1247,1.0
990,1886,1.0
990,1951,1.0
990,2206,1.0
990,2271,1.0
990,2910,1.0
990,2975,1.0
991,1311,1.0
991,1376,1.0
991,1631,1.0
991,1696,1.0
991,2335,1.0
991,2400,1.0
991,2655,1.0
991,2720,1.0
992,32,1.0
992,97,1.0
992,992,1.0
992,801,1.0
992,3104,1.0
992,3169,1.0
992,4064,1.0
992,3873,1.0
993,417,1.0
993,482,1.0
993,737,1.0
993,546,1.0
993,3489,1.0
993,3554,1.0
993,3809,1.0
993,3618,1.0
994,1186,1.0
994,1251,1.0
994,1890,1.0
994,1955,1.0
994,2210,1.0
994,2275,1.0
994,2914,1.0
994,2979,1.0
995,1315,1.0
995,1380,1.0
995,1635,1.0
995,1700,1.0
995,2339,1.0
995,2404,1.0
995,2659,1.0
995,2724,1.0
996,36,1.0
996,101,1.0
996,996,1.0
996,805,1.0
996,3108,1.0
996,3173,1.0
996,4068,1.0
996,3877,1.0
997,421,1.0
997,486,1.0
997,741,1.0
997,550,1.0
997,3493,1.0
997,3558,1.0
997,3813,1.0
997,3622,1.0
998,1190,1.0
998,1255,1.0
998,1894,1.0
998,1959,1.0
998,2214,1.0
998,2279,1.0
998,2918,1.0
998,2983,1.0
999,1319,1.0
999,1384,1.0
999,1639,1.0
999,1704,1.0
999,2343,1.0
999,2408,1.0
999,2663,1.0
999,2728,1.0
1000,40,1.0
1000,105,1.0
1000,1000,1.0
1000,809,1.0
1000,3112,1.0
1000,3177,1.0
1000,4072,1.0
1000,3881,1.0
1001,425,1.0
1001,490,1.0
1001,745,1.0
1001,554,1.0
1001,3497,1.0
1001,3562,1.0
1001,3817,1.0
1001,3626,1.0
1002,1194,1.0
1002,1259,1.0
1002,1898,1.0
1002,1963,1.0
1002,2218,1.0
1002,2283,1.0
1002,2922,1.0
1002,2987,1.0
1003,1323,1.0
1003,1388,1.0
1003,1643,1.0
1003,1708,1.0
1003,2347,1.0
1003,2412,1.0
1003,2667,1.0
1003,2732,1.0
1004,44,1.0
1004,109,1.0
1004,1004,1.0
1004,813,1.0
1004,3116,1.0
1004,3181,1.0
1004,4076,1.0
1004,3885,1.0
1005,429,1.0
1005,494,1.0
1005,749,1.0
1005,558,1.0
1005,3501,1.0
1005,3566,1.0
1005,3821,1.0
1005,3630,1.0
1006,1198,1.0
1006,1263,1.0
1006,1902,1.0
1006,1967,1.0
1006,2222,1.0
1006,2287,1.0
1006,2926,1.0
1006,2991,1.0
1007,1327,1.0
1007,1392,1.0
1007,1647,1.0
1007,1712,1.0
1007,2351,1.0
1007,2416,1.0
1007,2671,1.0
1007,2736,1.0
1008,48,1.0
1008,113,1.0
1008,1008,1.0
1008,817,1.0
1008,3120,1.0
1008,3185,1.0
1008,4080,1.0
1008,3889,1.0
1009,433,1.0
1009,498,1.0
1009,753,1.0
1009,562,1.0
1009,3505,1.0
1009,3570,1.0
1009,3825,1.0
1009,3634,1.0
1010,1202,1.0
1010,1267,1.0
1010,1906,1.0
1010,1971,1.0
1010,2226,1.0
1010,2291,1.0
1010,2930,1.0
1010,2995,1.0
1011,1331,1.0
1011,1396,1.0
1011,1651,1.0
1011,1716,1.0
1011,2355,1.0
1011,2420,1.0
1011,2675,1.0
1011,2740,1.0
1012,52,1.0
1012,117,1.0
1012,1012,1.0
1012,821,1.0
1012,3124,1.0
1012,3189,1.0
1012,4084,1.0
1012,3893,1.0
1013,437,1.0
1013,502,1.0
1013,757,1.0
1013,566,1.0
1013,3509,1.0
1013,3574,1.0
1013,3829,1.0
1013,3638,1.0
1014,1206,1.0
1014,1271,1.0
1014,1910,1.0
1014,1975,1.0
1014,2230,1.0
1014,2295,1.0
1014,2934,1.0
1014,2999,1.0
1015,1335,1.0
1015,1400,1.0
1015,1655,1.0
1015,1720,1.0
1015,2359,1.0
1015,2424,1.0
1015,2679,1.0
1015,2744,1.0
1016,56,1.0
1016,121,1.0
1016,1016,1.0
1016,825,1.0
1016,3128,1.0
1016,3193,1.0
1016,4088,1.0
1016,3897,1.0
1017,441,1.0
1017,506,1.0
1017,761,1.0
1017,570,1.0
1017,3513,1.0
1017,3578,1.0
1017,3833,1.0
1017,3642,1.0
1018,1210,1.0
1018,1275,1.0
1018,1914,1.0
1018,1979,1.0
1018,2234,1.0
1018,2299,1.0
1018,2938,1.0
1018,3003,1.0
1019,1339,1.0
1019,1404,1.0
1019,1659,1.0
1019,1724,1.0
1019,2363,1.0
1019,2428,1.0
1019,2683,1.0
1019,2748,1.0
1020,60,1.0
1020,125,1.0
1020,1020,1.0
1020,829,1.0
1020,3132,1.0
1020,3197,1.0
1020,4092,1.0
1020,3901,1.0
1021,445,1.0
1021,510,1.0
1021,765,1.0
1021,574,1.0
1021,3517,1.0
1021,3582,1.0
1021,3837,1.0
1021,3646,1.0
1022,1214,1.0
1022,1279,1.0
1022,1918,1.0
1022,1983,1.0
1022,2238,1.0
1022,2303,1.0
1022,2942,1.0
1022,3007,1.0
1023,1343,1.0
1023,1344,1.0
1023,1663,1.0
1023,1664,1.0
1023,2367,1.0
1023,2368,1.0
1023,2687,1.0
1023,2688,1.0
1024,0,1.0
1024,65,1.0
1024,960,1.0
1024,769,1.0
1024,3072,1.0
1024,3137,1.0
1024,4032,1.0
1024,3841,1.0
1025,385,1.0
1025,450,1.0
1025,705,1.0
1025,514,1.0
1025,3457,1.0
1025,3522,1.0
1025,3777,1.0
1025,3586,1.0
1026,1154,1.0
1026,1219,1.0
1026,1858,1.0
1026,1923,1.0
1026,2178,1.0
1026,2243,1.0
1026,2882,1.0
1026,2947,1.0
1027,1283,1.0
1027,1348,1.0
1027,1603,1.0
1027,1668,1.0
1027,2307,1.0
1027,2372,1.0
1027,2627,1.0
1027,2692,1.0
1028,4,1.0
1028,69,1.0
1028,964,1.0
1028,773,1.0
1028,3076,1.0
1028,3141,1.0
1028,4036,1.0
1028,3845,1.0
1029,389,1.0
1029,454,1.0
1029,709,1.0
1029,518,1.0
1029,3461,1.0
1029,3526,1.0
1029,3781,1.0
1029,3590,1.0
1030,1158,1.0
1030,1223,1.0
1030,1862,1.0
1030,1927,1.0
1030,2182,1.0
1030,2247,1.0
1030,2886,1.0
1030,2951,1.0
1031,1287,1.0
1031,1352,1.0
1031,1607,1.0
1031,1672,1.0
1031,2311,1.0
1031,2376,1.0
1031,2631,1.0
1031,2696,1.0
1032,8,1.0
1032,73,1.0
1032,968,1.0
1032,777,1.0
1032,3080,1.0
1032,3145,1.0
1032,4040,1.0
1032,3849,1.0
1033,393,1.0
1033,458,1.0
1033,713,1.0
1033,522,1.0
1033,3465,1.0
1033,3530,1.0
1033,3785,1.0
1033,3594,1.0
1034,1162,1.0
1034,1227,1.0
1034,1866,1.0
1034,1931,1.0
1034,2186,1.0
1034,2251,1.0
1034,2890,1.0
1034,2955,1.0
1035,1291,1.0
1035,1356,1.0
1035,1611,1.0
1035,1676,1.0
1035,2315,1.0
1035,2380,1.0
1035,2635,1.0
1035,2700,1.0
1036,12,1.0
1036,77,1.0
1036,972,1.0
1036,781,1.0
1036,3084,1.0
1036,3149,1.0
1036,4044,1.0
1036,3853,1.0
1037,397,1.0
1037,462,1.0
1037,717,1.0
1037,526,1.0
1037,3469,1.0
1037,3534,1.0
1037,3789,1.0
1037,3598,1.0
1038,1166,1.0
1038,1231,1.0
1038,1870,1.0
1038,1935,1.0
1038,2190,1.0
1038,2255,1.0
1038,2894,1.0
1038,2959,1.0
1039,1295,1.0
1039,1360,1.0
1039,1615,1.0
1039,1680,1.0
1039,2319,1.0
1039,2384,1.0
1039,2639,1.0
1039,2704,1.0
1040,16,1.0
1040,81,1.0
1040,976,1.0
1040,785,1.0
1040,3088,1.0
1040,3153,1.0
1040,4048,1.0
1040,3857,1.0
1041,401,1.0
1041,466,1.0
1041,721,1.0
1041,530,1.0
1041,3473,1.0
1041,3538,1.0
1041,3793,1.0
1041,3602,1.0
1042,1170,1.0
1042,1235,1.0
1042,1874,1.0
1042,1939,1.0
1042,2194,1.0
1042,2259,1.0
1042,2898,1.0
1042,2963,1.0
1043,1299,1.0
1043,1364,1.0
1043,1619,1.0
1043,1684,1.0
1043,2323,1.0
1043,2388,1.0
1043,2643,1.0
1043,2708,1.0
1044,20,1.0
1044,85,1.0
1044,980,1.0
1044,789,1.0
1044,3092,1.0
1044,3157,1.0
1044,4052,1.0
1044,3861,1.0
1045,405,1.0
1045,470,1.0
1045,725,1.0
1045,534,1.0
1045,3477,1.0
1045,3542,1.0
1045,3797,1.0
1045,3606,1.0
1046,1174,1.0
1046,1239,1.0
1046,1878,1.0
1046,1943,1.0
1046,2198,1.0
1046,2263,1.0
1046,2902,1.0
1046,2967,1.0
1047,1303,1.0
1047,1368,1.0
1047,1623,1.0
1047,1688,1.0
1047,2327,1.0
1047,2392,1.0
1047,2647,1.0
1047,2712,1.0
1048,24,1.0
1048,89,1.0
1048,984,1.0
1048,793,1.0
1048,3096,1.0
1048,3161,1.0
1048,4056,1.0
1048,3865,1.0
1049,409,1.0
1049,474,1.0
1049,729,1.0
1049,538,1.0
1049,3481,1.0
1049,3546,1.0
1049,3801,1.0
1049,3610,1.0
1050,1178,1.0
1050,1243,1.0
1050,1882,1.0
1050,1947,1.0
1050,2202,1.0
1050,2267,1.0
1050,2906,1.0
1050,2971,1.0
1051,1307,1.0
1051,1372,1.0
1051,1627,1.0
1051,1692,1.0
1051,2331,1.0
1051,2396,1.0
1051,2651,1.0
1051,2716,1.0
1052,28,1.0
1052,93,1.0
1052,988,1.0
1052,797,1.0
1052,3100,1.0
1052,3165,1.0
1052,4060,1.0
1052,3869,1.0
1053,413,1.0
1053,478,1.0
1053,733,1.0
1053,542,1.0
1053,3485,1.0
1053,3550,1.0
1053,3805,1.0
1053,3614,1.0
1054,1182,1.0
1054,1247,1.0
1054,1886,1.0
1054,1951,1.0
1054,2206,1.0
1054,2271,1.0
1054,2910,1.0
1054,2975,1.0
1055,1311,1.0
1055,1376,1.0
1055,1631,1.0
1055,1696,1.0
1055,2335,1.0
1055,2400,1.0
1055,2655,1.0
1055,2720,1.0
1056,32,1.0
1056,97,1.0
1056,992,1.0
1056,801,1.0
1056,3104,1.0
1056,3169,1.0
1056,4064,1.0
1056,3873,1.0
1057,417,1.0
1057,482,1.0
1057,737,1.0
1057,546,1.0
1057,3489,1.0
1057,3554,1.0
1057,3809,1.0
1057,3618,1.0
1058,1186,1.0
1058,1251,1.0
1058,1890,1.0
1058,1955,1.0
1058,2210,1.0
1058,2275,1.0
1058,2914,1.0
1058,2979,1.0
1059,1315,1.0
1059,1380,1.0
1059,1635,1.0
1059,1700,1.0
1059,2339,1.0
1059,2404,1.0
1059,2659,1.0
1059,2724,1.0
1060,36,1.0
1060,101,1.0
1060,996,1.0
1060,805,1.0
1060,3108,1.0
1060,3173,1.0
1060,4068,1.0
1060,3877,1.0
1061,421,1.0
1061,486,1.0
1061,741,1.0
1061,550,1.0
1061,3493,1.0
1061,3558,1.0
1061,3813,1.0
1061,3622,1.0
1062,1190,1.0
1062,1255,1.0
1062,1894,1.0
1062,1959,1.0
1062,2214,1.0
1062,2279,1.0
1062,2918,1.0
1062,2983,1.0
1063,1319,1.0
1063,1384,1.0
1063,1639,1.0
1063,1704,1.0
1063,2343,1.0
1063,2408,1.0
1063,2663,1.0
1063,2728,1.0
1064,40,1.0
1064,105,1.0
1064,1000,1.0
1064,809,1.0
1064,3112,1.0
1064,3177,1.0
1064,4072,1.0
1064,3881,1.0
1065,425,1.0
1065,490,1.0
1065,745,1.0
1065,554,1.0
1065,3497,1.0
1065,3562,1.0
1065,3817,1.0
1065,3626,1.0
1066,1194,1.0
1066,1259,1.0
1066,1898,1.0
1066,1963,1.0
1066,2218,1.0
1066,2283,1.0
1066,2922,1.0
1066,2987,1.0
1067,1323,1.0
1067,1388,1.0
1067,1643,1.0
1067,1708,1.0
1067,2347,1.0
1067,2412,1.0
1067,2667,1.0
1067,2732,1.0
1068,44,1.0
1068,109,1.0
1068,1004,1.0
1068,813,1.0
1068,3116,1.0
1068,3181,1.0
1068,4076,1.0
1068,3885,1.0
1069,429,1.0
1069,494,1.0
1069,749,1.0
1069,558,1.0
1069,3501,1.0
1069,3566,1.0
1069,3821,1.0
1069,3630,1.0
1070,1198,1.0
1070,1263,1.0
1070,1902,1.0
1070,1967,1.0
1070,2222,1.0
1070,2287,1.0
1070,2926,1.0
1070,2991,1.0
1071,1327,1.0
1071,1392,1.0
1071,1647,1.0
1071,1712,1.0
1071,2351,1.0
1071,2416,1.0
1071,2671,1.0
1071,2736,1.0
1072,48,1.0
1072,113,1.0
1072,1008,1.0
1072,817,1.0
1072,3120,1.0
1072,3185,1.0
1072,4080,1.0
1072,3889,1.0
1073,433,1.0
1073,498,1.0
1073,753,1.0
1073,562,1.0
1073,3505,1.0
1073,3570,1.0
1073,3825,1.0
1073,3634,1.0
1074,1202,1.0
1074,1267,1.0
1074,1906,1.0
1074,1971,1.0
1074,2226,1.0
1074,2291,1.0
1074,2930,1.0
1074,2995,1.0
1075,1331,1.0
1075,1396,1.0
1075,1651,1.0
1075,1716,1.0
1075,2355,1.0
1075,2420,1.0
1075,2675,1.0
1075,2740,1.0
1076,52,1.0
1076,117,1.0
1076,1012,1.0
1076,821,1.0
1076,3124,1.0
1076,3189,1.0
1076,4084,1.0
1076,3893,1.0
1077,437,1.0
1077,502,1.0
1077,757,1.0
1077,566,1.0
1077,3509,1.0
1077,3574,1.0
1077,3829,1.0
1077,3638,1.0
1078,1206,1.0
1078,1271,1.0
1078,1910,1.0
1078,1975,1.0
1078,2230,1.0
1078,2295,1.0
1078,2934,1.0
1078,2999,1.0
1079,1335,1.0
1079,1400,1.0
1079,1655,1.0
1079,1720,1.0
1079,2359,1.0
1079,2424,1.0
1079,2679,1.0
1079,2744,1.0
1080,56,1.0
1080,121,1.0
1080,1016,1.0
1080,825,1.0
1080,3128,1.0
1080,3193,1.0
1080,4088,1.0
1080,3897,1.0
1081,441,1.0
1081,506,1.0
1081,761,1.0
1081,570,1.0
1081,3513,1.0
1081,3578,1.0
1081,3833,1.0
1081,3642,1.0
1082,1210,1.0
1082,1275,1.0
1082,1914,1.0
1082,1979,1.0
1082,2234,1.0
1082,2299,1.0
1082,2938,1.0
1082,3003,1.0
1083,1339,1.0
1083,1404,1.0
1083,1659,1.0
1083,1724,1.0
1083,2363,1.0
1083,2428,1.0
1083,2683,1.0
1083,2748,1.0
1084,60,1.0
1084,125,1.0
1084,1020,1.0
1084,829,1.0
1084,3132,1.0
1084,3197,1.0
1084,4092,1.0
1084,3901,1.0
1085,445,1.0
1085,510,1.0
1085,765,1.0
1085,574,1.0
1085,3517,1.0
1085,3582,1.0
1085,3837,1.0
1085,3646,1.0
1086,1214,1.0
1086,1279,1.0
1086,1918,1.0
1086,1983,1.0
1086,2238,1.0
1086,2303,1.0
1086,2942,1.0
1086,3007,1.0
1087,1343,1.0
1087,1344,1.0
1087,1663,1.0
1087,1664,1.0
1087,2367,1.0
1087,2368,1.0
1087,2687,1.0
1087,2688,1.0
1088,0,1.0
1088,65,1.0
1088,960,1.0
1088,769,1.0
1088,3072,1.0
1088,3137,1.0
1088,4032,1.0
1088,3841,1.0
1089,385,1.0
1089,450,1.0
1089,705,1.0
1089,514,1.0
1089,3457,1.0
1089,3522,1.0
1089,3777,1.0
1089,3586,1.0
1090,1154,1.0
1090,1219,1.0
1090,1858,1.0
1090,1923,1.0
1090,2178,1.0
1090,2243,1.0
1090,2882,1.0
1090,2947,1.0
1091,1283,1.0
1091,1348,1.0
1091,1603,1.0
1091,1668,1.0
1091,2307,1.0
1091,2372,1.0
1091,2627,1.0
1091,2692,1.0
1092,4,1.0
1092,69,1.0
1092,964,1.0
1092,773,1.0
1092,3076,1.0
1092,3141,1.0
1092,4036,1.0
1092,3845,1.0
1093,389,1.0
1093,454,1.0
1093,709,1.0
1093,518,1.0
1093,3461,1.0
1093,3526,1.0
1093,3781,1.0
1093,3590,1.0
1094,1158,1.0
1094,1223,1.0
1094,1862,1.0
1094,1927,1.0
1094,2182,1.0
1094,2247,1.0
1094,2886,1.0
1094,2951,1.0
1095,1287,1.0
1095,1352,1.0
1095,1607,1.0
1095,1672,1.0
1095,2311,1.0
1095,2376,1.0
1095,2631,1.0
1095,2696,1.0
1096,8,1.0
1096,73,1.0
1096,968,1.0
1096,777,1.0
1096,3080,1.0
1096,3145,1.0
1096,4040,1.0
1096,3849,1.0
1097,393,1.0
1097,458,1.0
1097,713,1.0
1097,522,1.0
1097,3465,1.0
1097,3530,1.0
1097,3785,1.0
1097,3594,1.0
1098,1162,1.0
1098,1227,1.0
1098,1866,1.0
1098,1931,1.0
1098,2186,1.0
1098,2251,1.0
1098,2890,1.0
1098,2955,1.0
1099,1291,1.0
1099,1356,1.0
1099,1611,1.0
1099,1676,1.0
1099,2315,1.0
1099,2380,1.0
1099,2635,1.0
1099,2700,1.0
1100,12,1.0
1100,77,1.0
1100,972,1.0
1100,781,1.0
1100,3084,1.0
1100,3149,1.0
1100,4044,1.0
1100,3853,1.0
1101,397,1.0
1101,462,1.0
1101,717,1.0
1101,526,1.0
1101,3469,1.0
1101,3534,1.0
1101,3789,1.0
1101,3598,1.0
1102,1166,1.0
1102,1231,1.0
1102,1870,1.0
1102,1935,1.0
1102,2190,1.0
1102,2255,1.0
1102,2894,1.0
1102,2959,1.0
1103,1295,1.0
1103,1360,1.0
1103,1615,1.0
1103,1680,1.0
1103,2319,1.0
1103,2384,1.0
1103,2639,1.0
1103,2704,1.0
1104,16,1.0
1104,81,1.0
1104,976,1.0
1104,785,1.0
1104,3088,1.0
1104,3153,1.0
1104,4048,1.0
1104,3857,1.0
1105,401,1.0
1105,466,1.0
1105,721,1.0
1105,530,1.0
1105,3473,1.0
1105,3538,1.0
1105,3793,1.0
1105,3602,1.0
1106,1170,1.0
1106,1235,1.0
1106,1874,1.0
1106,1939,1.0
1106,2194,1.0
1106,2259,1.0
1106,2898,1.0
1106,2963,1.0
1107,1299,1.0
1107,1364,1.0
1107,1619,1.0
1107,1684,1.0
1107,2323,1.0
1107,2388,1.0
1107,2643,1.0
1107,2708,1.0
1108,20,1.0
1108,85,1.0
1108,980,1.0
1108,789,1.0
1108,3092,1.0
1108,3157,1.0
1108,4052,1.0
1108,3861,1.0
1109,405,1.0
1109,470,1.0
1109,725,1.0
1109,534,1.0
1109,3477,1.0
1109,3542,1.0
1109,3797,1.0
1109,3606,1.0
1110,1174,1.0
1110,1239,1.0
1110,1878,1.0
1110,1943,1.0
1110,2198,1.0
1110,2263,1.0
1110,2902,1.0
1110,2967,1.0
1111,1303,1.0
1111,1368,1.0
1111,1623,1.0
1111,1688,1.0
1111,2327,1.0
1111,2392,1.0
1111,2647,1.0
1111,2712,1.0
1112,24,1.0
1112,89,1.0
1112,984,1.0
1112,793,1.0
1112,3096,1.0
1112,3161,1.0
1112,4056,1.0
1112,3865,1.0
1113,409,1.0
1113,474,1.0
1113,729,1.0
1113,538,1.0
1113,3481,1.0
1113,3546,1.0
1113,3801,1.0
1113,3610,1.0
1114,1178,1.0
1114,1243,1.0
1114,1882,1.0
1114,1947,1.0
1114,2202,1.0
1114,2267,1.0
1114,2906,1.0
1114,2971,1.0
1115,1307,1.0
1115,1372,1.0
1115,1627,1.0
1115,1692,1.0
1115,2331,1.0
1115,2396,1.0
1115,2651,1.0
1115,2716,1.0
1116,28,1.0
1116,93,1.0
1116,988,1.0
1116,797,1.0
1116,3100,1.0
1116,3165,1.0
1116,4060,1.0
1116,3869,1.0
1117,413,1.0
1117,478,1.0
1117,733,1.0
1117,542,1.0
1117,3485,1.0
1117,3550,1.0
1117,3805,1.0
1117,3614,1.0
1118,1182,1.0
1118,1247,1.0
1118,1886,1.0
1118,1951,1.0
1118,2206,1.0
1118,2271,1.0
1118,2910,1.0
1118,2975,1.0
1119,1311,1.0
1119,1376,1.0
1119,1631,1.0
1119,1696,1.0
1119,2335,1.0
1119,2400,1.0
1119,2655,1.0
1119,2720,1.0
1120,32,1.0
1120,97,1.0
1120,992,1.0
1120,801,1.0
1120,3104,1.0
1120,3169,1.0
1120,4064,1.0
1120,3873,1.0
1121,417,1.0
1121,482,1.0
1121,737,1.0
1121,546,1.0
1121,3489,1.0
1121,3554,1.0
1121,3809,1.0
1121,3618,1.0
1122,1186,1.0
1122,1251,1.0
1122,1890,1.0
1122,1955,1.0
1122,2210,1.0
1122,2275,1.0
1122,2914,1.0
1122,2979,1.0
1123,1315,1.0
1123,1380,1.0
1123,1635,1.0
1123,1700,1.0
1123,2339,1.0
1123,2404,1.0
1123,2659,1.0
1123,2724,1.0
1124,36,1.0
1124,101,1.0
1124,996,1.0
1124,805,1.0
1124,3108,1.0
1124,3173,1.0
1124,4068,1.0
1124,3877,1.0
1125,421,1.0
1125,486,1.0
1125,741,1.0
1125,550,1.0
1125,3493,1.0
1125,3558,1.0
1125,3813,1.0
1125,3622,1.0
1126,1190,1.0
1126,1255,1.0
1126,1894,1.0
1126,1959,1.0
1126,2214,1.0
1126,2279,1.0
1126,2918,1.0
1126,2983,1.0
1127,1319,1.0
1127,1384,1.0
1127,1639,1.0
1127,1704,1.0
1127,2343,1.0
1127,2408,1.0
1127,2663,1.0
1127,2728,1.0
1128,40,1.0
1128,105,1.0
1128,1000,1.0
1128,809,1.0
1128,3112,1.0
1128,3177,1.0
1128,4072,1.0
1128,3881,1.0
1129,425,1.0
1129,490,1.0
1129,745,1.0
1129,554,1.0
1129,3497,1.0
1129,3562,1.0
1129,3817,1.0
1129,3626,1.0
1130,1194,1.0
1130,1259,1.0
1130,1898,1.0
1130,1963,1.0
1130,2218,1.0
1130,2283,1.0
1130,2922,1.0
1130,2987,1.0
1131,1323,1.0
1131,1388,1.0
1131,1643,1.0
1131,1708,1.0
1131,2347,1.0
1131,2412,1.0
1131,2667,1.0
1131,2732,1.0
1132,44,1.0
1132,109,1.0
1132,1004,1.0
1132,813,1.0
1132,3116,1.0
1132,3181,1.0
1132,4076,1.0
1132,3885,1.0
1133,429,1.0
1133,494,1.0
1133,749,1.0
1133,558,1.0
1133,3501,1.0
1133,3566,1.0
1133,3821,1.0
1133,3630,1.0
1134,1198,1.0
1134,1263,1.0
1134,1902,1.0
1134,1967,1.0
1134,2222,1.0
1134,2287,1.0
1134,2926,1.0
1134,2991,1.0
1135,1327,1.0
1135,1392,1.0
1135,1647,1.0
1135,1712,1.0
1135,2351,1.0
1135,2416,1.0
1135,2671,1.0
1135,2736,1.0
1136,48,1.0
1136,113,1.0
1136,1008,1.0
1136,817,1.0
1136,3120,1.0
1136,3185,1.0
1136,4080,1.0
1136,3889,1.0
1137,433,1.0
1137,498,1.0
1137,753,1.0
1137,562,1.0
1137,3505,1.0
1137,3570,1.0
1137,3825,1.0
1137,3634,1.0
1138,1202,1.0
1138,1267,1.0
1138,1906,1.0
1138,1971,1.0
1138,2226,1.0
1138,2291,1.0
1138,2930,1.0
1138,2995,1.0
1139,1331,1.0
1139,1396,1.0
1139,1651,1.0
1139,1716,1.0
1139,2355,1.0
1139,2420,1.0
1139,2675,1.0
1139,2740,1.0
1140,52,1.0
1140,117,1.0
1140,1012,1.0
1140,821,1.0
1140,3124,1.0
1140,3189,1.0
1140,4084,1.0
1140,3893,1.0
1141,437,1.0
1141,502,1.0
1141,757,1.0
1141,566,1.0
1141,3509,1.0
1141,3574,1.0
1141,3829,1.0
1141,3638,1.0
1142,1206,1.0
1142,1271,1.0
1142,1910,1.0
1142,1975,1.0
1142,2230,1.0
1142,2295,1.0
1142,2934,1.0
1142,2999,1.0
1143,1335,1.0
1143,1400,1.0
1143,1655,1.0
1143,1720,1.0
1143,2359,1.0
1143,2424,1.0
1143,2679,1.0
1143,2744,1.0
1144,56,1.0
1144,121,1.0
1144,1016,1.0
1144,825,1.0
1144,3128,1.0
1144,3193,1.0
1144,4088,1.0
1144,3897,1.0
1145,441,1.0
1145,506,1.0
1145,761,1.0
1145,570,1.0
1145,3513,1.0
1145,3578,1.0
1145,3833,1.0
1145,3642,1.0
1146,1210,1.0
1146,1275,1.0
1146,1914,1.0
1146,1979,1.0
1146,2234,1.0
1146,2299,1.0
1146,2938,1.0
1146,3003,1.0
1147,1339,1.0
1147,1404,1.0
1147,1659,1.0
1147,1724,1.0
1147,2363,1.0
1147,2428,1.0
1147,2683,1.0
1147,2748,1.0
1148,60,1.0
1148,125,1.0
1148,1020,1.0
1148,829,1.0
1148,3132,1.0
1148,3197,1.0
1148,4092,1.0
1148,3901,1.0
1149,445,1.0
1149,510,1.0
1149,765,1.0
1149,574,1.0
1149,3517,1.0
1149,3582,1.0
1149,3837,1.0
1149,3646,1.0
1150,1214,1.0
1150,1279,1.0
1150,1918,1.0
1150,1983,1.0
1150,2238,1.0
1150,2303,1.0
1150,2942,1.0
1150,3007,1.0
1151,1343,1.0
1151,1344,1.0
1151,1663,1.0
1151,1664,1.0
1151,2367,1.0
1151,2368,1.0
1151,2687,1.0
1151,2688,1.0
1152,0,1.0
1152,65,1.0
1152,960,1.0
1152,769,1.0
1152,3072,1.0
1152,3137,1.0
1152,4032,1.0
1152,3841,1.0
1153,385,1.0
1153,450,1.0
1153,705,1.0
1153,514,1.0
1153,3457,1.0
1153,3522,1.0
1153,3777,1.0
1153,3586,1.0
1154,1154,1.0
1154,1219,1.0
1154,1858,1.0
1154,1923,1.0
1154,2178,1.0
1154,2243,1.0
1154,2882,1.0
1154,2947,1.0
1155,1283,1.0
1155,1348,1.0
1155,1603,1.0
1155,1668,1.0
1155,2307,1.0
1155,2372,1.0
1155,2627,1.0
1155,2692,1.0
1156,4,1.0
1156,69,1.0
1156,964,1.0
1156,773,1.0
1156,3076,1.0
1156,3141,1.0
1156,4036,1.0
1156,3845,1.0
1157,389,1.0
1157,454,1.0
1157,709,1.0
1157,518,1.0
1157,3461,1.0
1157,3526,1.0
1157,3781,1.0
1157,3590,1.0
1158,1158,1.0
1158,1223,1.0
1158,1862,1.0
1158,1927,1.0
1158,2182,1.0
1158,2247,1.0
1158,2886,1.0
1158,2951,1.0
1159,1287,1.0
1159,1352,1.0
1159,1607,1.0
1159,1672,1.0
1159,2311,1.0
1159,2376,1.0
1159,2631,1.0
1159,2696,1.0
1160,8,1.0
1160,73,1.0
1160,968,1.0
1160,777,1.0
1160,3080,1.0
1160,3145,1.0
1160,4040,1.0
1160,3849,1.0
1161,393,1.0
1161,458,1.0
1161,713,1.0
1161,522,1.0
1161,3465,1.0
1161,3530,1.0
1161,3785,1.0
1161,3594,1.0
1162,1162,1.0
1162,1227,1.0
1162,1866,1.0
1162,1931,1.0
1162,2186,1.0
1162,2251,1.0
1162,2890,1.0
1162,2955,1.0
1163,1291,1.0
1163,1356,1.0
1163,1611,1.0
1163,1676,1.0
1163,2315,1.0
1163,2380,1.0
1163,2635,1.0
1163,2700,1.0
1164,12,1.0
1164,77,1.0
1164,972,1.0
1164,781,1.0
1164,3084,1.0
1164,3149,1.0
1164,4044,1.0
1164,3853,1.0
1165,397,1.0
1165,462,1.0
1165,717,1.0
1165,526,1.0
1165,3469,1.0
1165,3534,1.0
1165,3789,1.0
1165,3598,1.0
1166,1166,1.0
1166,1231,1.0
1166,1870,1.0
1166,1935,1.0
1166,2190,1.0
1166,2255,1.0
1166,2894,1.0
1166,2959,1.0
1167,1295,1.0
1167,1360,1.0
1167,1615,1.0
1167,1680,1.0
1167,2319,1.0
1167,2384,1.0
1167,2639,1.0
1167,2704,1.0
1168,16,1.0
1168,81,1.0
1168,976,1.0
1168,785,1.0
1168,3088,1.0
1168,3153,1.0
1168,4048,1.0
1168,3857,1.0
1169,401,1.0
1169,466,1.0
1169,721,1.0
1169,530,1.0
1169,3473,1.0
1169,3538,1.0
1169,3793,1.0
1169,3602,1.0
1170,1170,1.0
1170,1235,1.0
1170,1874,1.0
1170,1939,1.0
1170,2194,1.0
1170,2259,1.0
1170,2898,1.0
1170,2963,1.0
1171,1299,1.0
1171,1364,1.0
1171,1619,1.0
1171,1684,1.0
1171,2323,1.0
1171,2388,1.0
1171,2643,1.0
1171,2708,1.0
1172,20,1.0
1172,85,1.0
1172,980,1.0
1172,789,1.0
1172,3092,1.0
1172,3157,1.0
1172,4052,1.0
1172,3861,1.0
1173,405,1.0
1173,470,1.0
1173,725,1.0
1173,534,1.0
1173,3477,1.0
1173,3542,1.0
1173,3797,1.0
1173,3606,1.0
1174,1174,1.0
1174,1239,1.0
1174,1878,1.0
1174,1943,1.0
1174,2198,1.0
1174,2263,1.0
1174,2902,1.0
1174,2967,1.0
1175,1303,1.0
1175,1368,1.0
1175,1623,1.0
1175,1688,1.0
1175,2327,1.0
1175,2392,1.0
1175,2647,1.0
1175,2712,1.0
1176,24,1.0
1176,89,1.0
1176,984,1.0
1176,793,1.0
1176,3096,1.0
1176,3161,1.0
1176,4056,1.0
1176,3865,1.0
1177,409,1.0
1177,474,1.0
1177,729,1.0
1177,538,1.0
1177,3481,1.0
1177,3546,1.0
1177,3801,1.0
1177,3610,1.0
1178,1178,1.0
1178,1243,1.0
1178,1882,1.0
1178,1947,1.0
1178,2202,1.0
1178,2267,1.0
1178,2906,1.0
1178,2971,1.0
1179,1307,1.0
1179,1372,1.0
1179,1627,1.0
1179,1692,1.0
1179,2331,1.0
1179,2396,1.0
1179,2651,1.0
1179,2716,1.0
1180,28,1.0
1180,93,1.0
1180,988,1.0
1180,797,1.0
1180,3100,1.0
1180,3165,1.0
1180,4060,1.0
1180,3869,1.0
1181,413,1.0
1181,478,1.0
1181,733,1.0
1181,542,1.0
1181,3485,1.0
1181,3550,1.0
1181,3805,1.0
1181,3614,1.0
1182,1182,1.0
1182,1247,1.0
1182,1886,1.0
1182,1951,1.0
1182,2206,1.0
1182,2271,1.0
1182,2910,1.0
1182,2975,1.0
1183,1311,1.0
1183,1376,1.0
1183,1631,1.0
1183,1696,1.0
1183,2335,1.0
1183,2400,1.0
1183,2655,1.0
1183,2720,1.0
1184,32,1.0
1184,97,1.0
1184,992,1.0
1184,801,1.0
1184,3104,1.0
1184,3169,1.0
1184,4064,1.0
1184,3873,1.0
1185,417,1.0
1185,482,1.0
1185,737,1.0
1185,546,1.0
1185,3489,1.0
1185,3554,1.0
1185,3809,1.0
1185,3618,1.0
1186,1186,1.0
1186,1251,1.0
1186,1890,1.0
1186,1955,1.0
1186,2210,1.0
1186,2275,1.0
1186,2914,1.0
1186,2979,1.0
1187,1315,1.0
1187,1380,1.0
1187,1635,1.0
1187,1700,1.0
1187,2339,1.0
1187,2404,1.0
1187,2659,1.0
1187,2724,1.0
1188,36,1.0
1188,101,1.0
1188,996,1.0
1188,805,1.0
1188,3108,1.0
1188,3173,1.0
1188,4068,1.0
1188,3877,1.0
1189,421,1.0
1189,486,1.0
1189,741,1.0
1189,550,1.0
1189,3493,1.0
1189,3558,1.0
1189,3813,1.0
1189,3622,1.0
1190,1190,1.0
1190,1255,1.0
1190,1894,1.0
1190,1959,1.0
1190,2214,1.0
1190,2279,1.0
1190,2918,1.0
1190,2983,1.0
1191,1319,1.0
1191,1384,1.0
1191,1639,1.0
1191,1704,1.0
1191,2343,1.0
1191,2408,1.0
1191,2663,1.0
1191,2728,1.0
1192,40,1.0
1192,105,1.0
1192,1000,1.0
1192,809,1.0
1192,3112,1.0
1192,3177,1.0
1192,4072,1.0
1192,3881,1.0
1193,425,1.0
1193,490,1.0
1193,745,1.0
1193,554,1.0
1193,3497,1.0
1193,3562,1.0
1193,3817,1.0
1193,3626,1.0
1194,1194,1.0
1194,1259,1.0
1194,1898,1.0
1194,1963,1.0
1194,2218,1.0
1194,2283,1.0
1194,2922,1.0
1194,2987,1.0
1195,1323,1.0
1195,1388,1.0
1195,1643,1.0
1195,1708,1.0
1195,2347,1.0
1195,2412,1.0
1195,2667,1.0
1195,2732,1.0
1196,44,1.0
1196,109,1.0
1196,1004,1.0
1196,813,1.0
1196,3116,1.0
1196,3181,1.0
1196,4076,1.0
1196,3885,1.0
1197,429,1.0
1197,494,1.0
1197,749,1.0
1197,558,1.0
1197,3501,1.0
1197,3566,1.0
1197,3821,1.0
1197,3630,1.0
1198,1198,1.0
1198,1263,1.0
1198,1902,1.0
1198,1967,1.0
1198,2222,1.0
1198,2287,1.0
1198,2926,1.0
1198,2991,1.0
1199,1327,1.0
1199,1392,1.0
1199,1647,1.0
1199,1712,1.0
1199,2351,1.0
1199,2416,1.0
1199,2671,1.0
1199,2736,1.0
1200,48,1.0
1200,113,1.0
1200,1008,1.0
1200,817,1.0
1200,3120,1.0
1200,3185,1.0
1200,4080,1.0
1200,3889,1.0
1201,433,1.0
1201,498,1.0
1201,753,1.0
1201,562,1.0
1201,3505,1.0
1201,3570,1.0
1201,3825,1.0
1201,3634,1.0
1202,1202,1.0
1202,1267,1.0
1202,1906,1.0
1202,1971,1.0
1202,2226,1.0
1202,2291,1.0
1202,2930,1.0
1202,2995,1.0
1203,1331,1.0
1203,1396,1.0
1203,1651,1.0
1203,1716,1.0
1203,2355,1.0
1203,2420,1.0
1203,2675,1.0
1203,2740,1.0
1204,52,1.0
1204,117,1.0
1204,1012,1.0
1204,821,1.0
1204,3124,1.0
1204,3189,1.0
1204,4084,1.0
1204,3893,1.0
1205,437,1.0
1205,502,1.0
1205,757,1.0
1205,566,1.0
1205,3509,1.0
1205,3574,1.0
1205,3829,1.0
1205,3638,1.0
1206,1206,1.0
1206,1271,1.0
1206,1910,1.0
1206,1975,1.0
1206,2230,1.0
1206,2295,1.0
1206,2934,1.0
1206,2999,1.0
1207,1335,1.0
1207,1400,1.0
1207,1655,1.0
1207,1720,1.0
1207,2359,1.0
1207,2424,1.0
1207,2679,1.0
1207,2744,1.0
1208,56,1.0
1208,121,1.0
1208,1016,1.0
1208,825,1.0
1208,3128,1.0
1208,3193,1.0
1208,4088,1.0
1208,3897,1.0
1209,441,1.0
1209,506,1.0
1209,761,1.0
1209,570,1.0
1209,3513,1.0
1209,3578,1.0
1209,3833,1.0
1209,3642,1.0
1210,1210,1.0
1210,1275,1.0
1210,1914,1.0
1210,1979,1.0
1210,2234,1.0
1210,2299,1.0
1210,2938,1.0
1210,3003,1.0
1211,1339,1.0
1211,1404,1.0
1211,1659,1.0
1211,1724,1.0
1211,2363,1.0
1211,2428,1.0
1211,2683,1.0
1211,2748,1.0
1212,60,1.0
1212,125,1.0
1212,1020,1.0
1212,829,1.0
1212,3132,1.0
1212,3197,1.0
1212,4092,1.0
1212,3901,1.0
1213,445,1.0
1213,510,1.0
1213,765,1.0
1213,574,1.0
1213,3517,1.0
1213,3582,1.0
1213,3837,1.0
1213,3646,1.0
1214,1214,1.0
1214,1279,1.0
1214,1918,1.0
1214,1983,1.0
1214,2238,1.0
1214,2303,1.0
1214,2942,1.0
1214,3007,1.0
1215,1343,1.0
1215,1344,1.0
1215,1663,1.0
1215,1664,1.0
1215,2367,1.0
1215,2368,1.0
1215,2687,1.0
1215,2688,1.0
1216,0,1.0
1216,65,1.0
1216,960,1.0
1216,769,1.0
1216,3072,1.0
1216,3137,1.0
1216,4032,1.0
1216,3841,1.0
1217,385,1.0
1217,450,1.0
1217,705,1.0
1217,514,1.0
1217,3457,1.0
1217,3522,1.0
1217,3777,1.0
1217,3586,1.0
1218,1154,1.0
1218,1219,1.0
1218,1858,1.0
1218,1923,1.0
1218,2178,1.0
1218,2243,1.0
1218,2882,1.0
1218,2947,1.0
1219,1283,1.0
1219,1348,1.0
1219,1603,1.0
1219,1668,1.0
1219,2307,1.0
1219,2372,1.0
1219,2627,1.0
1219,2692,1.0
1220,4,1.0
1220,69,1.0
1220,964,1.0
1220,773,1.0
1220,3076,1.0
1220,3141,1.0
1220,4036,1.0
1220,3845,1.0
1221,389,1.0
1221,454,1.0
1221,709,1.0
1221,518,1.0
1221,3461,1.0
1221,3526,1.0
1221,3781,1.0
1221,3590,1.0
1222,1158,1.0
1222,1223,1.0
1222,1862,1.0
1222,1927,1.0
1222,2182,1.0
1222,2247,1.0
1222,2886,1.0
1222,2951,1.0
1223,1287,1.0
1223,1352,1.0
1223,1607,1.0
1223,1672,1.0
1223,2311,1.0
1223,2376,1.0
1223,2631,1.0
1223,2696,1.0
1224,8,1.0
1224,73,1.0
1224,968,1.0
1224,777,1.0
1224,3080,1.0
1224,3145,1.0
1224,4040,1.0
1224,3849,1.0
1225,393,1.0
1225,458,1.0
1225,713,1.0
1225,522,1.0
1225,3465,1.0
1225,3530,1.0
1225,3785,1.0
1225,3594,1.0
1226,1162,1.0
1226,1227,1.0
1226,1866,1.0
1226,1931,1.0
1226,2186,1.0
1226,2251,1.0
1226,2890,1.0
1226,2955,1.0
1227,1291,1.0
1227,1356,1.0
1227,1611,1.0
1227,1676,1.0
1227,2315,1.0
1227,2380,1.0
1227,2635,1.0
1227,2700,1.0
1228,12,1.0
1228,77,1.0
1228,972,1.0
1228,781,1.0
1228,3084,1.0
1228,3149,1.0
1228,4044,1.0
1228,3853,1.0
1229,397,1.0
1229,462,1.0
1229,717,1.0
1229,526,1.0
1229,3469,1.0
1229,3534,1.0
1229,3789,1.0
1229,3598,1.0
1230,1166,1.0
1230,1231,1.0
1230,1870,1.0
1230,1935,1.0
1230,2190,1.0
1230,2255,1.0
1230,2894,1.0
1230,2959,1.0
1231,1295,1.0
1231,1360,1.0
1231,1615,1.0
1231,1680,1.0
1231,2319,1.0
1231,2384,1.0
1231,2639,1.0
1231,2704,1.0
1232,16,1.0
1232,81,1.0
1232,976,1.0
1232,785,1.0
1232,3088,1.0
1232,3153,1.0
1232,4048,1.0
1232,3857,1.0
1233,401,1.0
1233,466,1.0
1233,721,1.0
1233,530,1.0
1233,3473,1.0
1233,3538,1.0
1233,3793,1.0
1233,3602,1.0
1234,1170,1.0
1234,1235,1.0
1234,1874,1.0
1234,1939,1.0
1234,2194,1.0
1234,2259,1.0
1234,2898,1.0
1234,2963,1.0
1235,1299,1.0
1235,1364,1.0
1235,1619,1.0
1235,1684,1.0
1235,2323,1.0
1235,2388,1.0
1235,2643,1.0
1235,2708,1.0
1236,20,1.0
1236,85,1.0
1236,980,1.0
1236,789,1.0
1236,3092,1.0
1236,3157,1.0
1236,4052,1.0
1236,3861,1.0
1237,405,1.0
1237,470,1.0
1237,725,1.0
1237,534,1.0
1237,3477,1.0
1237,3542,1.0
1237,3797,1.0
1237,3606,1.0
1238,1174,1.0
1238,1239,1.0
1238,1878,1.0
1238,1943,1.0
1238,2198,1.0
1238,2263,1.0
1238,2902,1.0
1238,2967,1.0
1239,1303,1.0
1239,1368,1.0
1239,1623,1.0
1239,1688,1.0
1239,2327,1.0
1239,2392,1.0
1239,2647,1.0
1239,2712,1.0
1240,24,1.0
1240,89,1.0
1240,984,1.0
1240,793,1.0
1240,3096,1.0
1240,3161,1.0
1240,4056,1.0
1240,3865,1.0
1241,409,1.0
1241,474,1.0
1241,729,1.0
1241,538,1.0
1241,3481,1.0
1241,3546,1.0
1241,3801,1.0
1241,3610,1.0
1242,1178,1.0
1242,1243,1.0
1242,1882,1.0
1242,1947,1.0
1242,2202,1.0
1242,2267,1.0
1242,2906,1.0
1242,2971,1.0
1243,1307,1.0
1243,1372,1.0
1243,1627,1.0
1243,1692,1.0
1243,2331,1.0
1243,2396,1.0
1243,2651,1.0
1243,2716,1.0
1244,28,1.0
1244,93,1.0
1244,988,1.0
1244,797,1.0
1244,3100,1.0
1244,3165,1.0
1244,4060,1.0
1244,3869,1.0
1245,413,1.0
1245,478,1.0
1245,733,1.0
1245,542,1.0
1245,3485,1.0
1245,3550,1.0
1245,3805,1.0
1245,3614,1.0
1246,1182,1.0
1246,1247,1.0
1246,1886,1.0
1246,1951,1.0
1246,2206,1.0
1246,2271,1.0
1246,2910,1.0
1246,2975,1.0
1247,1311,1.0
1247,1376,1.0
1247,1631,1.0
1247,1696,1.0
1247,2335,1.0
1247,2400,1.0
1247,2655,1.0
1247,2720,1.0
1248,32,1.0
1248,97,1.0
1248,992,1.0
1248,801,1.0
1248,3104,1.0
1248,3169,1.0
1248,4064,1.0
1248,3873,1.0
1249,417,1.0
1249,482,1.0
1249,737,1.0
1249,546,1.0
1249,3489,1.0
1249,3554,1.0
1249,3809,1.0
1249,3618,1.0
1250,1186,1.0
1250,1251,1.0
1250,1890,1.0
1250,1955,1.0
1250,2210,1.0
1250,2275,1.0
1250,2914,1.0
1250,2979,1.0
1251,1315,1.0
1251,1380,1.0
1251,1635,1.0
1251,1700,1.0
1251,2339,1.0
1251,2404,1.0
1251,2659,1.0
1251,2724,1.0
1252,36,1.0
1252,101,1.0
1252,996,1.0
1252,805,1.0
1252,3108,1.0
1252,3173,1.0
1252,4068,1.0
1252,3877,1.0
1253,421,1.0
1253,486,1.0
1253,741,1.0
1253,550,1.0
1253,3493,1.0
1253,3558,1.0
1253,3813,1.0
1253,3622,1.0
1254,1190,1.0
1254,1255,1.0
1254,1894,1.0
1254,1959,1.0
1254,2214,1.0
1254,2279,1.0
1254,2918,1.0
1254,2983,1.0
1255,1319,1.0
1255,1384,1.0
1255,1639,1.0
1255,1704,1.0
1255,2343,1.0
1255,2408,1.0
1255,2663,1.0
1255,2728,1.0
1256,40,1.0
1256,105,1.0
1256,1000,1.0
1256,809,1.0
1256,3112,1.0
1256,3177,1.0
1256,4072,1.0
1256,3881,1.0
1257,425,1.0
1257,490,1.0
1257,745,1.0
1257,554,1.0
1257,3497,1.0
1257,3562,1.0
1257,3817,1.0
1257,3626,1.0
1258,1194,1.0
1258,1259,1.0
1258,1898,1.0
1258,1963,1.0
1258,2218,1.0
1258,2283,1.0
1258,2922,1.0
1258,2987,1.0
1259,1323,1.0
1259,1388,1.0
1259,1643,1.0
1259,1708,1.0
1259,2347,1.0
1259,2412,1.0
1259,2667,1.0
1259,2732,1.0
1260,44,1.0
1260,109,1.0
1260,1004,1.0
1260,813,1.0
1260,3116,1.0
1260,3181,1.0
1260,4076,1.0
1260,3885,1.0
1261,429,1.0
1261,494,1.0
1261,749,1.0
1261,558,1.0
1261,3501,1.0
1261,3566,1.0
1261,3821,1.0
1261,3630,1.0
1262,1198,1.0
1262,1263,1.0
1262,1902,1.0
1262,1967,1.0
1262,2222,1.0
1262,2287,1.0
1262,2926,1.0
1262,2991,1.0
1263,1327,1.0
1263,1392,1.0
1263,1647,1.0
1263,1712,1.0
1263,2351,1.0
1263,2416,1.0
1263,2671,1.0
1263,2736,1.0
1264,48,1.0
1264,113,1.0
1264,1008,1.0
1264,817,1.0
1264,3120,1.0
1264,3185,1.0
1264,4080,1.0
1264,3889,1.0
1265,433,1.0
1265,498,1.0
1265,753,1.0
1265,562,1.0
1265,3505,1.0
1265,3570,1.0
1265,3825,1.0
1265,3634,1.0
1266,1202,1.0
1266,1267,1.0
1266,1906,1.0
1266,1971,1.0
1266,2226,1.0
1266,2291,1.0
1266,2930,1.0
1266,2995,1.0
1267,1331,1.0
1267,1396,1.0
1267,1651,1.0
1267,1716,1.0
1267,2355,1.0
1267,2420,1.0
1267,2675,1.0
1267,2740,1.0
1268,52,1.0
1268,117,1.0
1268,1012,1.0
1268,821,1.0
1268,3124,1.0
1268,3189,1.0
1268,4084,1.0
1268,3893,1.0
1269,437,1.0
1269,502,1.0
1269,757,1.0
1269,566,1.0
1269,3509,1.0
1269,3574,1.0
1269,3829,1.0
1269,3638,1.0
1270,1206,1.0
1270,1271,1.0
1270,1910,1.0
1270,1975,1.0
1270,2230,1.0
1270,2295,1.0
1270,2934,1.0
1270,2999,1.0
1271,1335,1.0
1271,1400,1.0
1271,1655,1.0
1271,1720,1.0
1271,2359,1.0
1271,2424,1.0
1271,2679,1.0
1271,2744,1.0
1272,56,1.0
1272,121,1.0
1272,1016,1.0
1272,825,1.0
1272,3128,1.0
1272,3193,1.0
1272,4088,1.0
1272,3897,1.0
1273,441,1.0
1273,506,1.0
1273,761,1.0
1273,570,1.0
1273,3513,1.0
1273,3578,1.0
1273,3833,1.0
1273,3642,1.0
1274,1210,1.0
1274,1275,1.0
1274,1914,1.0
1274,1979,1.0
1274,2234,1.0
1274,2299,1.0
1274,2938,1.0
1274,3003,1.0
1275,1339,1.0
1275,1404,1.0
1275,1659,1.0
1275,1724,1.0
1275,2363,1.0
1275,2428,1.0
1275,2683,1.0
1275,2748,1.0
1276,60,1.0
1276,125,1.0
1276,1020,1.0
1276,829,1.0
1276,3132,1.0
1276,3197,1.0
1276,4092,1.0
1276,3901,1.0
1277,445,1.0
1277,510,1.0
1277,765,1.0
1277,574,1.0
1277,3517,1.0
1277,3582,1.0
1277,3837,1.0
1277,3646,1.0
1278,1214,1.0
1278,1279,1.0
1278,1918,1.0
1278,1983,1.0
1278,2238,1.0
1278,2303,1.0
1278,2942,1.0
1278,3007,1.0
1279,1343,1.0
1279,1344,1.0
1279,1663,1.0
1279,1664,1.0
1279,2367,1.0
1279,2368,1.0
1279,2687,1.0
1279,2688,1.0
1280,0,1.0
1280,65,1.0
1280,960,1.0
1280,769,1.0
1280,3072,1.0
1280,3137,1.0
1280,4032,1.0
1280,3841,1.0
1281,385,1.0
1281,450,1.0
1281,705,1.0
1281,514,1.0
1281,3457,1.0
1281,3522,1.0
1281,3777,1.0
1281,3586,1.0
1282,1154,1.0
1282,1219,1.0
1282,1858,1.0
1282,1923,1.0
1282,2178,1.0
1282,2243,1.0
1282,2882,1.0
1282,2947,1.0
1283,1283,1.0
1283,1348,1.0
1283,1603,1.0
1283,1668,1.0
1283,2307,1.0
1283,2372,1.0
1283,2627,1.0
1283,2692,1.0
1284,4,1.0
1284,69,1.0
1284,964,1.0
1284,773,1.0
1284,3076,1.0
1284,3141,1.0
1284,4036,1.0
1284,3845,1.0
1285,389,1.0
1285,454,1.0
1285,709,1.0
1285,518,1.0
1285,3461,1.0
1285,3526,1.0
1285,3781,1.0
1285,3590,1.0
1286,1158,1.0
1286,1223,1.0
1286,1862,1.0
1286,1927,1.0
1286,2182,1.0
1286,2247,1.0
1286,2886,1.0
1286,2951,1.0
1287,1287,1.0
1287,1352,1.0
1287,1607,1.0
1287,1672,1.0
1287,2311,1.0
1287,2376,1.0
1287,2631,1.0
1287,2696,1.0
1288,8,1.0
1288,73,1.0
1288,968,1.0
1288,777,1.0
1288,3080,1.0
1288,3145,1.0
1288,4040,1.0
1288,3849,1.0
1289,393,1.0
1289,458,1.0
1289,713,1.0
1289,522,1.0
1289,3465,1.0
1289,3530,1.0
1289,3785,1.0
1289,3594,1.0
1290,1162,1.0
1290,1227,1.0
1290,1866,1.0
1290,1931,1.0
1290,2186,1.0
1290,2251,1.0
1290,2890,1.0
1290,2955,1.0
1291,1291,1.0
1291,1356,1.0
1291,1611,1.0
1291,1676,1.0
1291,2315,1.0
1291,2380,1.0
1291,2635,1.0
1291,2700,1.0
1292,12,1.0
1292,77,1.0
1292,972,1.0
1292,781,1.0
1292,3084,1.0
1292,3149,1.0
1292,4044,1.0
1292,3853,1.0
1293,397,1.0
1293,462,1.0
1293,717,1.0
1293,526,1.0
1293,3469,1.0
1293,3534,1.0
1293,3789,1.0
1293,3598,1.0
1294,1166,1.0
1294,1231,1.0
1294,1870,1.0
1294,1935,1.0
1294,2190,1.0
1294,2255,1.0
1294,2894,1.0
1294,2959,1.0
1295,1295,1.0
1295,1360,1.0
1295,1615,1.0
1295,1680,1.0
1295,2319,1.0
1295,2384,1.0
1295,2639,1.0
1295,2704,1.0
1296,16,1.0
1296,81,1.0
1296,976,1.0
1296,785,1.0
1296,3088,1.0
1296,3153,1.0
1296,4048,1.0
1296,3857,1.0
1297,401,1.0
1297,466,1.0
1297,721,1.0
1297,530,1.0
1297,3473,1.0
1297,3538,1.0
1297,3793,1.0
1297,3602,1.0
1298,1170,1.0
1298,1235,1.0
1298,1874,1.0
1298,1939,1.0
1298,2194,1.0
1298,2259,1.0
1298,2898,1.0
1298,2963,1.0
1299,1299,1.0
1299,1364,1.0
1299,1619,1.0
1299,1684,1.0
1299,2323,1.0
1299,2388,1.0
1299,2643,1.0
1299,2708,1.0
1300,20,1.0
1300,85,1.0
1300,980,1.0
1300,789,1.0
1300,3092,1.0
1300,3157,1.0
1300,4052,1.0
1300,3861,1.0
1301,405,1.0
1301,470,1.0
1301,725,1.0
1301,534,1.0
1301,3477,1.0
1301,3542,1.0
1301,3797,1.0
1301,3606,1.0
1302,1174,1.0
1302,1239,1.0
1302,1878,1.0
1302,1943,1.0
1302,2198,1.0
1302,2263,1.0
1302,2902,1.0
1302,2967,1.0
1303,1303,1.0
1303,1368,1.0
1303,1623,1.0
1303,1688,1.0
1303,2327,1.0
1303,2392,1.0
1303,2647,1.0
1303,2712,1.0
1304,24,1.0
1304,89,1.0
1304,984,1.0
1304,793,1.0
1304,3096,1.0
1304,3161,1.0
1304,4056,1.0
1304,3865,1.0
1305,409,1.0
1305,474,1.0
1305,729,1.0
1305,538,1.0
1305,3481,1.0
1305,3546,1.0
1305,3801,1.0
1305,3610,1.0
1306,1178,1.0
1306,1243,1.0
1306,1882,1.0
1306,1947,1.0
1306,2202,1.0
1306,2267,1.0
1306,2906,1.0
1306,2971,1.0
1307,1307,1.0
1307,1372,1.0
1307,1627,1.0
1307,1692,1.0
1307,2331,1.0
1307,2396,1.0
1307,2651,1.0
1307,2716,1.0
1308,28,1.0
1308,93,1.0
1308,988,1.0
1308,797,1.0
1308,3100,1.0
1308,3165,1.0
1308,4060,1.0
1308,3869,1.0
1309,413,1.0
1309,478,1.0
1309,733,1.0
1309,542,1.0
1309,3485,1.0
1309,3550,1.0
1309,3805,1.0
1309,3614,1.0
1310,1182,1.0
1310,1247,1.0
1310,1886,1.0
1310,1951,1.0
1310,2206,1.0
1310,2271,1.0
1310,2910,1.0
1310,2975,1.0
1311,1311,1.0
1311,1376,1.0
1311,1631,1.0
1311,1696,1.0
1311,2335,1.0
1311,2400,1.0
1311,2655,1.0
1311,2720,1.0
1312,32,1.0
1312,97,1.0
1312,992,1.0
1312,801,1.0
1312,3104,1.0
1312,3169,1.0
1312,4064,1.0
1312,3873,1.0
1313,417,1.0
1313,482,1.0
1313,737,1.0
1313,546,1.0
1313,3489,1.0
1313,3554,1.0
1313,3809,1.0
1313,3618,1.0
1314,1186,1.0
1314,1251,1.0
1314,1890,1.0
1314,1955,1.0
1314,2210,1.0
1314,2275,1.0
1314,2914,1.0
1314,2979,1.0
1315,1315,1.0
1315,1380,1.0
1315,1635,1.0
1315,1700,1.0
1315,2339,1.0
1315,2404,1.0
1315,2659,1.0
1315,2724,1.0
1316,36,1.0
1316,101,1.0
1316,996,1.0
1316,805,1.0
1316,3108,1.0
1316,3173,1.0
1316,4068,1.0
1316,3877,1.0
1317,421,1.0
1317,486,1.0
1317,741,1.0
1317,550,1.0
1317,3493,1.0
1317,3558,1.0
1317,3813,1.0
1317,3622,1.0
1318,1190,1.0
1318,1255,1.0
1318,1894,1.0
1318,1959,1.0
1318,2214,1.0
1318,2279,1.0
1318,2918,1.0
1318,2983,1.0
1319,1319,1.0
1319,1384,1.0
1319,1639,1.0
1319,1704,1.0
1319,2343,1.0
1319,2408,1.0
1319,2663,1.0
1319,2728,1.0
1320,40,1.0
1320,105,1.0
1320,1000,1.0
1320,809,1.0
1320,3112,1.0
1320,3177,1.0
1320,4072,1.0
1320,3881,1.0
1321,425,1.0
1321,490,1.0
1321,745,1.0
1321,554,1.0
1321,3497,1.0
1321,3562,1.0
1321,3817,1.0
1321,3626,1.0
1322,1194,1.0
1322,1259,1.0
1322,1898,1.0
1322,1963,1.0
1322,2218,1.0
1322,2283,1.0
1322,2922,1.0
1322,2987,1.0
1323,1323,1.0
1323,1388,1.0
1323,1643,1.0
1323,1708,1.0
1323,2347,1.0
1323,2412,1.0
1323,2667,1.0
1323,2732,1.0
1324,44,1.0
1324,109,1.0
1324,1004,1.0
1324,813,1.0
1324,3116,1.0
1324,3181,1.0
1324,4076,1.0
1324,3885,1.0
1325,429,1.0
1325,494,1.0
1325,749,1.0
1325,558,1.0
1325,3501,1.0
1325,3566,1.0
1325,3821,1.0
1325,3630,1.0
1326,1198,1.0
1326,1263,1.0
1326,1902,1.0
1326,1967,1.0
1326,2222,1.0
1326,2287,1.0
1326,2926,1.0
1326,2991,1.0
1327,1327,1.0
1327,1392,1.0
1327,1647,1.0
1327,1712,1.0
1327,2351,1.0
1327,2416,1.0
1327,2671,1.0
1327,2736,1.0
1328,48,1.0
1328,113,1.0
1328,1008,1.0
1328,817,1.0
1328,3120,1.0
1328,3185,1.0
1328,4080,1.0
1328,3889,1.0
1329,433,1.0
1329,498,1.0
1329,753,1.0
1329,562,1.0
1329,3505,1.0
1329,3570,1.0
1329,3825,1.0
1329,3634,1.0
1330,1202,1.0
1330,1267,1.0
1330,1906,1.0
1330,1971,1.0
1330,2226,1.0
1330,2291,1.0
1330,2930,1.0
1330,2995,1.0
1331,1331,1.0
1331,1396,1.0
1331,1651,1.0
1331,1716,1.0
1331,2355,1.0
1331,2420,1.0
1331,2675,1.0
1331,2740,1.0
1332,52,1.0
1332,117,1.0
1332,1012,1.0
1332,821,1.0
1332,3124,1.0
1332,3189,1.0
1332,4084,1.0
1332,3893,1.0
1333,437,1.0
1333,502,1.0
1333,757,1.0
1333,566,1.0
1333,3509,1.0
1333,3574,1.0
1333,3829,1.0
1333,3638,1.0
1334,1206,1.0
1334,1271,1.0
1334,1910,1.0
1334,1975,1.0
1334,2230,1.0
1334,2295,1.0
1334,2934,1.0
1334,2999,1.0
1335,1335,1.0
1335,1400,1.0
1335,1655,1.0
1335,1720,1.0
1335,2359,1.0
1335,2424,1.0
1335,2679,1.0
1335,2744,1.0
1336,56,1.0
1336,121,1.0
1336,1016,1.0
1336,825,1.0
1336,3128,1.0
1336,3193,1.0
1336,4088,1.0
1336,3897,1.0
1337,441,1.0
1337,506,1.0
1337,761,1.0
1337,570,1.0
1337,3513,1.0
1337,3578,1.0
1337,3833,1.0
1337,3642,1.0
1338,1210,1.0
1338,1275,1.0
1338,1914,1.0
1338,1979,1.0
1338,2234,1.0
1338,2299,1.0
1338,2938,1.0
1338,3003,1.0
1339,1339,1.0
1339,1404,1.0
1339,1659,1.0
1339,1724,1.0
1339,2363,1.0
1339,2428,1.0
1339,2683,1.0
1339,2748,1.0
1340,60,1.0
1340,125,1.0
1340,1020,1.0
1340,829,1.0
1340,3132,1.0
1340,3197,1.0
1340,4092,1.0
1340,3901,1.0
1341,445,1.0
1341,510,1.0
1341,765,1.0
1341,574,1.0
1341,3517,1.0
1341,3582,1.0
1341,3837,1.0
1341,3646,1.0
1342,1214,1.0
1342,1279,1.0
1342,1918,1.0
1342,1983,1.0
1342,2238,1.0
1342,2303,1.0
1342,2942,1.0
1342,3007,1.0
1343,1343,1.0
1343,1344,1.0
1343,1663,1.0
1343,1664,1.0
1343,2367,1.0
1343,2368,1.0
1343,2687,1.0
1343,2688,1.0
1344,0,1.0
1344,65,1.0
1344,960,1.0
1344,769,1.0
1344,3072,1.0
1344,3137,1.0
1344,4032,1.0
1344,3841,1.0
1345,385,1.0
1345,450,1.0
1345,705,1.0
1345,514,1.0
1345,3457,1.0
1345,3522,1.0
1345,3777,1.0
1345,3586,1.0
1346,1154,1.0
1346,1219,1.0
1346,1858,1.0
1346,1923,1.0
1346,2178,1.0
1346,2243,1.0
1346,2882,1.0
1346,2947,1.0
1347,1283,1.0
1347,1348,1.0
1347,1603,1.0
1347,1668,1.0
1347,2307,1.0
1347,2372,1.0
1347,2627,1.0
1347,2692,1.0
1348,4,1.0
1348,69,1.0
1348,964,1.0
1348,773,1.0
1348,3076,1.0
1348,3141,1.0
1348,4036,1.0
1348,3845,1.0
1349,389,1.0
1349,454,1.0
1349,709,1.0
1349,518,1.0
1349,3461,1.0
1349,3526,1.0
1349,3781,1.0
1349,3590,1.0
1350,1158,1.0
1350,1223,1.0
1350,1862,1.0
1350,1927,1.0
1350,2182,1.0
1350,2247,1.0
1350,2886,1.0
1350,2951,1.0
1351,1287,1.0
1351,1352,1.0
1351,1607,1.0
1351,1672,1.0
1351,2311,1.0
1351,2376,1.0
1351,2631,1.0
1351,2696,1.0
1352,8,1.0
1352,73,1.0
1352,968,1.0
1352,777,1.0
1352,3080,1.0
1352,3145,1.0
1352,4040,1.0
1352,3849,1.0
1353,393,1.0
1353,458,1.0
1353,713,1.0
1353,522,1.0
1353,3465,1.0
1353,3530,1.0
1353,3785,1.0
1353,3594,1.0
1354,1162,1.0
1354,1227,1.0
1354,1866,1.0
1354,1931,1.0
1354,2186,1.0
1354,2251,1.0
1354,2890,1.0
1354,2955,1.0
1355,1291,1.0
1355,1356,1.0
1355,1611,1.0
1355,1676,1.0
1355,2315,1.0
1355,2380,1.0
1355,2635,1.0
1355,2700,1.0
1356,12,1.0
1356,77,1.0
1356,972,1.0
1356,781,1.0
1356,3084,1.0
1356,3149,1.0
1356,4044,1.0
1356,3853,1.0
1357,397,1.0
1357,462,1.0
1357,717,1.0
1357,526,1.0
1357,3469,1.0
1357,3534,1.0
1357,3789,1.0
1357,3598,1.0
1358,1166,1.0
1358,1231,1.0
1358,1870,1.0
1358,1935,1.0
1358,2190,1.0
1358,2255,1.0
1358,2894,1.0
1358,2959,1.0
1359,1295,1.0
1359,1360,1.0
1359,1615,1.0
1359,1680,1.0
1359,2319,1.0
1359,2384,1.0
1359,2639,1.0
1359,2704,1.0
1360,16,1.0
1360,81,1.0
1360,976,1.0
1360,785,1.0
1360,3088,1.0
1360,3153,1.0
1360,4048,1.0
1360,3857,1.0
1361,401,1.0
1361,466,1.0
1361,721,1.0
1361,530,1.0
1361,3473,1.0
1361,3538,1.0
1361,3793,1.0
1361,3602,1.0
1362,1170,1.0
1362,1235,1.0
1362,1874,1.0
1362,1939,1.0
1362,2194,1.0
1362,2259,1.0
1362,2898,1.0
1362,2963,1.0
1363,1299,1.0
1363,1364,1.0
1363,1619,1.0
1363,1684,1.0
1363,2323,1.0
1363,2388,1.0
1363,2643,1.0
1363,2708,1.0
1364,20,1.0
1364,85,1.0
1364,980,1.0
1364,789,1.0
1364,3092,1.0
1364,3157,1.0
1364,4052,1.0
1364,3861,1.0
1365,405,1.0
1365,470,1.0
1365,725,1.0
1365,534,1.0
1365,3477,1.0
1365,3542,1.0
1365,3797,1.0
1365,3606,1.0
1366,1174,1.0
1366,1239,1.0
1366,1878,1.0
1366,1943,1.0
1366,2198,1.0
1366,2263,1.0
1366,2902,1.0
1366,2967,1.0
1367,1303,1.0
1367,1368,1.0
1367,1623,1.0
1367,1688,1.0
1367,2327,1.0
1367,2392,1.0
1367,2647,1.0
1367,2712,1.0
1368,24,1.0
1368,89,1.0
1368,984,1.0
1368,793,1.0
1368,3096,1.0
1368,3161,1.0
1368,4056,1.0
1368,3865,1.0
1369,409,1.0
1369,474,1.0
1369,729,1.0
1369,538,1.0
1369,3481,1.0
1369,3546,1.0
1369,3801,1.0
1369,3610,1.0
1370,1178,1.0
1370,1243,1.0
1370,1882,1.0
1370,1947,1.0
1370,2202,1.0
1370,2267,1.0
1370,2906,1.0
1370,2971,1.0
1371,1307,1.0
1371,1372,1.0
1371,1627,1.0
1371,1692,1.0
1371,2331,1.0
1371,2396,1.0
1371,2651,1.0
1371,2716,1.0
1372,28,1.0
1372,93,1.0
1372,988,1.0
1372,797,1.0
1372,3100,1.0
1372,3165,1.0
1372,4060,1.0
1372,3869,1.0
1373,413,1.0
1373,478,1.0
1373,733,1.0
1373,542,1.0
1373,3485,1.0
1373,3550,1.0
1373,3805,1.0
1373,3614,1.0
1374,1182,1.0
1374,1247,1.0
1374,1886,1.0
1374,1951,1.0
1374,2206,1.0
1374,2271,1.0
1374,2910,1.0
1374,2975,1.0
1375,1311,1.0
1375,1376,1.0
1375,1631,1.0
1375,1696,1.0
1375,2335,1.0
1375,2400,1.0
1375,2655,1.0
1375,2720,1.0
1376,32,1.0
1376,97,1.0
1376,992,1.0
1376,801,1.0
1376,3104,1.0
1376,3169,1.0
1376,4064,1.0
1376,3873,1.0
1377,417,1.0
1377,482,1.0
1377,737,1.0
1377,546,1.0
1377,3489,1.0
1377,3554,1.0
1377,3809,1.0
1377,3618,1.0
1378,1186,1.0
1378,1251,1.0
1378,1890,1.0
1378,1955,1.0
1378,2210,1.0
1378,2275,1.0
1378,2914,1.0
1378,2979,1.0
1379,1315,1.0
1379,1380,1.0
1379,1635,1.0
1379,1700,1.0
1379,2339,1.0
1379,2404,1.0
1379,2659,1.0
1379,2724,1.0
1380,36,1.0
1380,101,1.0
1380,996,1.0
1380,805,1.0
1380,3108,1.0
1380,3173,1.0
1380,4068,1.0
1380,3877,1.0
1381,421,1.0
1381,486,1.0
1381,741,1.0
1381,550,1.0
1381,3493,1.0
1381,3558,1.0
1381,3813,1.0
1381,3622,1.0
1382,1190,1.0
1382,1255,1.0
1382,1894,1.0
1382,1959,1.0
1382,2214,1.0
1382,2279,1.0
1382,2918,1.0
1382,2983,1.0
1383,1319,1.0
1383,1384,1.0
1383,1639,1.0
1383,1704,1.0
1383,2343,1.0
1383,2408,1.0
1383,2663,1.0
1383,2728,1.0
1384,40,1.0
1384,105,1.0
1384,1000,1.0
1384,809,1.0
1384,3112,1.0
1384,3177,1.0
1384,4072,1.0
1384,3881,1.0
1385,425,1.0
1385,490,1.0
1385,745,1.0
1385,554,1.0
1385,3497,1.0
1385,3562,1.0
1385,3817,1.0
1385,3626,1.0
1386,1194,1.0
1386,1259,1.0
1386,1898,1.0
1386,1963,1.0
1386,2218,1.0
1386,2283,1.0
1386,2922,1.0
1386,2987,1.0
1387,1323,1.0
1387,1388,1.0
1387,1643,1.0
1387,1708,1.0
1387,2347,1.0
1387,2412,1.0
1387,2667,1.0
1387,2732,1.0
1388,44,1.0
1388,109,1.0
1388,1004,1.0
1388,813,1.0
1388,3116,1.0
1388,3181,1.0
1388,4076,1.0
1388,3885,1.0
1389,429,1.0
1389,494,1.0
1389,749,1.0
1389,558,1.0
1389,3501,1.0
1389,3566,1.0
1389,3821,1.0
1389,3630,1.0
1390,1198,1.0
1390,1263,1.0
1390,1902,1.0
1390,1967,1.0
1390,2222,1.0
1390,2287,1.0
1390,2926,1.0
1390,2991,1.0
1391,1327,1.0
1391,1392,1.0
1391,1647,1.0
1391,1712,1.0
1391,2351,1.0
1391,2416,1.0
1391,2671,1.0
1391,2736,1.0
1392,48,1.0
1392,113,1.0
1392,1008,1.0
1392,817,1.0
1392,3120,1.0
1392,3185,1.0
1392,4080,1.0
1392,3889,1.0
1393,433,1.0
1393,498,1.0
1393,753,1.0
1393,562,1.0
1393,3505,1.0
1393,3570,1.0
1393,3825,1.0
1393,3634,1.0
1394,1202,1.0
1394,1267,1.0
1394,1906,1.0
1394,1971,1.0
1394,2226,1.0
1394,2291,1.0
1394,2930,1.0
1394,2995,1.0
1395,1331,1.0
1395,1396,1.0
1395,1651,1.0
1395,1716,1.0
1395,2355,1.0
1395,2420,1.0
1395,2675,1.0
1395,2740,1.0
1396,52,1.0
1396,117,1.0
1396,1012,1.0
1396,821,1.0
1396,3124,1.0
1396,3189,1.0
1396,4084,1.0
1396,3893,1.0
1397,437,1.0
1397,502,1.0
1397,757,1.0
1397,566,1.0
1397,3509,1.0
1397,3574,1.0
1397,3829,1.0
1397,3638,1.0
1398,1206,1.0
1398,1271,1.0
1398,1910,1.0
1398,1975,1.0
1398,2230,1.0
1398,2295,1.0
1398,2934,1.0
1398,2999,1.0
1399,1335,1.0
1399,1400,1.0
1399,1655,1.0
1399,1720,1.0
1399,2359,1.0
1399,2424,1.0
1399,2679,1.0
1399,2744,1.0
1400,56,1.0
1400,121,1.0
1400,1016,1.0
1400,825,1.0
1400,3128,1.0
1400,3193,1.0
1400,4088,1.0
1400,3897,1.0
1401,441,1.0
1401,506,1.0
1401,761,1.0
1401,570,1.0
1401,3513,1.0
1401,3578,1.0
1401,3833,1.0
1401,3642,1.0
1402,1210,1.0
1402,1275,1.0
1402,1914,1.0
1402,1979,1.0
1402,2234,1.0
1402,2299,1.0
1402,2938,1.0
1402,3003,1.0
1403,1339,1.0
1403,1404,1.0
1403,1659,1.0
1403,1724,1.0
1403,2363,1.0
1403,2428,1.0
1403,2683,1.0
1403,2748,1.0
1404,60,1.0
1404,125,1.0
1404,1020,1.0
1404,829,1.0
1404,3132,1.0
1404,3197,1.0
1404,4092,1.0
1404,3901,1.0
1405,445,1.0
1405,510,1.0
1405,765,1.0
1405,574,1.0
1405,3517,1.0
1405,3582,1.0
1405,3837,1.0
1405,3646,1.0
1406,1214,1.0
1406,1279,1.0
1406,1918,1.0
1406,1983,1.0
1406,2238,1.0
1406,2303,1.0
1406,2942,1.0
1406,3007,1.0
1407,1343,1.0
1407,1344,1.0
1407,1663,1.0
1407,1664,1.0
1407,2367,1.0
1407,2368,1.0
1407,2687,1.0
1407,2688,1.0
1408,0,1.0
1408,65,1.0
1408,960,1.0
1408,769,1.0
1408,3072,1.0
1408,3137,1.0
1408,4032,1.0
1408,3841,1.0
1409,385,1.0
1409,450,1.0
1409,705,1.0
1409,514,1.0
1409,3457,1.0
1409,3522,1.0
1409,3777,1.0
1409,3586,1.0
1410,1154,1.0
1410,1219,1.0
1410,1858,1.0
1410,1923,1.0
1410,2178,1.0
1410,2243,1.0
1410,2882,1.0
1410,2947,1.0
1411,1283,1.0
1411,1348,1.0
1411,1603,1.0
1411,1668,1.0
1411,2307,1.0
1411,2372,1.0
1411,2627,1.0
1411,2692,1.0
1412,4,1.0
1412,69,1.0
1412,964,1.0
1412,773,1.0
1412,3076,1.0
1412,3141,1.0
1412,4036,1.0
1412,3845,1.0
1413,389,1.0
1413,454,1.0
1413,709,1.0
1413,518,1.0
1413,3461,1.0
1413,3526,1.0
1413,3781,1.0
1413,3590,1.0
1414,1158,1.0
1414,1223,1.0
1414,1862,1.0
1414,1927,1.0
1414,2182,1.0
1414,2247,1.0
1414,2886,1.0
1414,2951,1.0
1415,1287,1.0
1415,1352,1.0
1415,1607,1.0
1415,1672,1.0
1415,2311,1.0
1415,2376,1.0
1415,2631,1.0
1415,2696,1.0
1416,8,1.0
1416,73,1.0
1416,968,1.0
1416,777,1.0
1416,3080,1.0
1416,3145,1.0
1416,4040,1.0
1416,3849,1.0
1417,393,1.0
1417,458,1.0
1417,713,1.0
1417,522,1.0
1417,3465,1.0
1417,3530,1.0
1417,3785,1.0
1417,3594,1.0
1418,1162,1.0
1418,1227,1.0
1418,1866,1.0
1418,1931,1.0
1418,2186,1.0
1418,2251,1.0
1418,2890,1.0
1418,2955,1.0
1419,1291,1.0
1419,1356,1.0
1419,1611,1.0
1419,1676,1.0
1419,2315,1.0
1419,2380,1.0
1419,2635,1.0
1419,2700,1.0
1420,12,1.0
1420,77,1.0
1420,972,1.0
1420,781,1.0
1420,3084,1.0
1420,3149,1.0
1420,4044,1.0
1420,3853,1.0
1421,397,1.0
1421,462,1.0
1421,717,1.0
1421,526,1.0
1421,3469,1.0
1421,3534,1.0
1421,3789,1.0
1421,3598,1.0
1422,1166,1.0
1422,1231,1.0
1422,1870,1.0
1422,1935,1.0
1422,2190,1.0
1422,2255,1.0
1422,2894,1.0
1422,2959,1.0
1423,1295,1.0
1423,1360,1.0
1423,1615,1.0
1423,1680,1.0
1423,2319,1.0
1423,2384,1.0
1423,2639,1.0
1423,2704,1.0
1424,16,1.0
1424,81,1.0
1424,976,1.0
1424,785,1.0
1424,3088,1.0
1424,3153,1.0
1424,4048,1.0
1424,3857,1.0
1425,401,1.0
1425,466,1.0
1425,721,1.0
1425,530,1.0
1425,3473,1.0
1425,3538,1.0
1425,3793,1.0
1425,3602,1.0
1426,1170,1.0
1426,1235,1.0
1426,1874,1.0
1426,1939,1.0
1426,2194,1.0
1426,2259,1.0
1426,2898,1.0
1426,2963,1.0
1427,1299,1.0
1427,1364,1.0
1427,1619,1.0
1427,1684,1.0
1427,2323,1.0
1427,2388,1.0
1427,2643,1.0
1427,2708,1.0
1428,20,1.0
1428,85,1.0
1428,980,1.0
1428,789,1.0
1428,3092,1.0
1428,3157,1.0
1428,4052,1.0
1428,3861,1.0
1429,405,1.0
1429,470,1.0
1429,725,1.0
1429,534,1.0
1429,3477,1.0
1429,3542,1.0
1429,3797,1.0
1429,3606,1.0
1430,1174,1.0
1430,1239,1.0
1430,1878,1.0
1430,1943,1.0
1430,2198,1.0
1430,2263,1.0
1430,2902,1.0
1430,2967,1.0
1431,1303,1.0
1431,1368,1.0
1431,1623,1.0
1431,1688,1.0
1431,2327,1.0
1431,2392,1.0
1431,2647,1.0
1431,2712,1.0
1432,24,1.0
1432,89,1.0
1432,984,1.0
1432,793,1.0
1432,3096,1.0
1432,3161,1.0
1432,4056,1.0
1432,3865,1.0
1433,409,1.0
1433,474,1.0
1433,729,1.0
1433,538,1.0
1433,3481,1.0
1433,3546,1.0
1433,3801,1.0
1433,3610,1.0
1434,1178,1.0
1434,1243,1.0
1434,1882,1.0
1434,1947,1.0
1434,2202,1.0
1434,2267,1.0
1434,2906,1.0
1434,2971,1.0
1435,1307,1.0
1435,1372,1.0
1435,1627,1.0
1435,1692,1.0
1435,2331,1.0
1435,2396,1.0
1435,2651,1.0
1435,2716,1.0
1436,28,1.0
1436,93,1.0
1436,988,1.0
1436,797,1.0
1436,3100,1.0
1436,3165,1.0
1436,4060,1.0
1436,3869,1.0
1437,413,1.0
1437,478,1.0
1437,733,1.0
1437,542,1.0
1437,3485,1.0
1437,3550,1.0
1437,3805,1.0
1437,3614,1.0
1438,1182,1.0
1438,1247,1.0
1438,1886,1.0
1438,1951,1.0
1438,2206,1.0
1438,2271,1.0
1438,2910,1.0
1438,2975,1.0
1439,1311,1.0
1439,1376,1.0
1439,1631,1.0
1439,1696,1.0
1439,2335,1.0
1439,2400,1.0
1439,2655,1.0
1439,2720,1.0
1440,32,1.0
1440,97,1.0
1440,992,1.0
1440,801,1.0
1440,3104,1.0
1440,3169,1.0
1440,4064,1.0
1440,3873,1.0
1441,417,1.0
1441,482,1.0
1441,737,1.0
1441,546,1.0
1441,3489,1.0
1441,3554,1.0
1441,3809,1.0
1441,3618,1.0
1442,1186,1.0
1442,1251,1.0
1442,1890,1.0
1442,1955,1.0
1442,2210,1.0
1442,2275,1.0
1442,2914,1.0
1442,2979,1.0
1443,1315,1.0
1443,1380,1.0
1443,1635,1.0
1443,1700,1.0
1443,2339,1.0
1443,2404,1.0
1443,2659,1.0
1443,2724,1.0
1444,36,1.0
1444,101,1.0
1444,996,1.0
1444,805,1.0
1444,3108,1.0
1444,3173,1.0
1444,4068,1.0
1444,3877,1.0
1445,421,1.0
1445,486,1.0
1445,741,1.0
1445,550,1.0
1445,3493,1.0
1445,3558,1.0
1445,3813,1.0
1445,3622,1.0
1446,1190,1.0
1446,1255,1.0
1446,1894,1.0
1446,1959,1.0
1446,2214,1.0
1446,2279,1.0
1446,2918,1.0
1446,2983,1.0
1447,1319,1.0
1447,1384,1.0
1447,1639,1.0
1447,1704,1.0
1447,2343,1.0
1447,2408,1.0
1447,2663,1.0
1447,2728,1.0
1448,40,1.0
1448,105,1.0
1448,1000,1.0
1448,809,1.0
1448,3112,1.0
1448,3177,1.0
1448,4072,1.0
1448,3881,1.0
1449,425,1.0
1449,490,1.0
1449,745,1.0
1449,554,1.0
1449,3497,1.0
1449,3562,1.0
1449,3817,1.0
1449,3626,1.0
1450,1194,1.0
1450,1259,1.0
1450,1898,1.0
1450,1963,1.0
1450,2218,1.0
1450,2283,1.0
1450,2922,1.0
1450,2987,1.0
1451,1323,1.0
1451,1388,1.0
1451,1643,1.0
1451,1708,1.0
1451,2347,1.0
1451,2412,1.0
1451,2667,1.0
1451,2732,1.0
1452,44,1.0
1452,109,1.0
1452,1004,1.0
1452,813,1.0
1452,3116,1.0
1452,3181,1.0
1452,4076,1.0
1452,3885,1.0
1453,429,1.0
1453,494,1.0
1453,749,1.0
1453,558,1.0
1453,3501,1.0
1453,3566,1.0
1453,3821,1.0
1453,3630,1.0
1454,1198,1.0
1454,1263,1.0
1454,1902,1.0
1454,1967,1.0
1454,2222,1.0
1454,2287,1.0
1454,2926,1.0
1454,2991,1.0
1455,1327,1.0
1455,1392,1.0
1455,1647,1.0
1455,1712,1.0
1455,2351,1.0
1455,2416,1.0
1455,2671,1.0
1455,2736,1.0
1456,48,1.0
1456,113,1.0
1456,1008,1.0
1456,817,1.0
1456,3120,1.0
1456,3185,1.0
1456,4080,1.0
1456,3889,1.0
1457,433,1.0
1457,498,1.0
1457,753,1.0
1457,562,1.0
1457,3505,1.0
1457,3570,1.0
1457,3825,1.0
1457,3634,1.0
1458,1202,1.0
1458,1267,1.0
1458,1906,1.0
1458,1971,1.0
1458,2226,1.0
1458,2291,1.0
1458,2930,1.0
1458,2995,1.0
1459,1331,1.0
1459,1396,1.0
1459,1651,1.0
1459,1716,1.0
1459,2355,1.0
1459,2420,1.0
1459,2675,1.0
1459,2740,1.0
1460,52,1.0
1460,117,1.0
1460,1012,1.0
1460,821,1.0
1460,3124,1.0
1460,3189,1.0
1460,4084,1.0
1460,3893,1.0
1461,437,1.0
1461,502,1.0
1461,757,1.0
1461,566,1.0
1461,3509,1.0
1461,3574,1.0
1461,3829,1.0
1461,3638,1.0
1462,1206,1.0
1462,1271,1.0
1462,1910,1.0
1462,1975,1.0
1462,2230,1.0
1462,2295,1.0
1462,2934,1.0
1462,2999,1.0
1463,1335,1.0
1463,1400,1.0
1463,1655,1.0
1463,1720,1.0
1463,2359,1.0
1463,2424,1.0
1463,2679,1.0
1463,2744,1.0
1464,56,1.0
1464,121,1.0
1464,1016,1.0
1464,825,1.0
1464,3128,1.0
1464,3193,1.0
1464,4088,1.0
1464,3897,1.0
1465,441,1.0
1465,506,1.0
1465,761,1.0
1465,570,1.0
1465,3513,1.0
1465,3578,1.0
1465,3833,1.0
1465,3642,1.0
1466,1210,1.0
1466,1275,1.0
1466,1914,1.0
1466,1979,1.0
1466,2234,1.0
1466,2299,1.0
1466,2938,1.0
1466,3003,1.0
1467,1339,1.0
1467,1404,1.0
1467,1659,1.0
1467,1724,1.0
1467,2363,1.0
1467,2428,1.0
1467,2683,1.0
1467,2748,1.0
1468,60,1.0
1468,125,1.0
1468,1020,1.0
1468,829,1.0
1468,3132,1.0
1468,3197,1.0
1468,4092,1.0
1468,3901,1.0
1469,445,1.0
1469,510,1.0
1469,765,1.0
1469,574,1.0
1469,3517,1.0
1469,3582,1.0
1469,3837,1.0
1469,3646,1.0
1470,1214,1.0
1470,1279,1.0
1470,1918,1.0
1470,1983,1.0
1470,2238,1.0
1470,2303,1.0
1470,2942,1.0
1470,3007,1.0
1471,1343,1.0
1471,1344,1.0
1471,1663,1.0
1471,1664,1.0
1471,2367,1.0
1471,2368,1.0
1471,2687,1.0
1471,2688,1.0
1472,0,1.0
1472,65,1.0
1472,960,1.0
1472,769,1.0
1472,3072,1.0
1472,3137,1.0
1472,4032,1.0
1472,3841,1.0
1473,385,1.0
1473,450,1.0
1473,705,1.0
1473,514,1.0
1473,3457,1.0
1473,3522,1.0
1473,3777,1.0
1473,3586,1.0
1474,1154,1.0
1474,1219,1.0
1474,1858,1.0
1474,1923,1.0
1474,2178,1.0
1474,2243,1.0
1474,2882,1.0
1474,2947,1.0
1475,1283,1.0
1475,1348,1.0
1475,1603,1.0
1475,1668,1.0
1475,2307,1.0
1475,2372,1.0
1475,2627,1.0
1475,2692,1.0
1476,4,1.0
1476,69,1.0
1476,964,1.0
1476,773,1.0
1476,3076,1.0
1476,3141,1.0
1476,4036,1.0
1476,3845,1.0
1477,389,1.0
1477,454,1.0
1477,709,1.0
1477,518,1.0
1477,3461,1.0
1477,3526,1.0
1477,3781,1.0
1477,3590,1.0
1478,1158,1.0
1478,1223,1.0
1478,1862,1.0
1478,1927,1.0
1478,2182,1.0
1478,2247,1.0
1478,2886,1.0
1478,2951,1.0
1479,1287,1.0
1479,1352,1.0
1479,1607,1.0
1479,1672,1.0
1479,2311,1.0
1479,2376,1.0
1479,2631,1.0
1479,2696,1.0
1480,8,1.0
1480,73,1.0
1480,968,1.0
1480,777,1.0
1480,3080,1.0
1480,3145,1.0
1480,4040,1.0
1480,3849,1.0
1481,393,1.0
1481,458,1.0
1481,713,1.0
1481,522,1.0
1481,3465,1.0
1481,3530,1.0
1481,3785,1.0
1481,3594,1.0
1482,1162,1.0
1482,1227,1.0
1482,1866,1.0
1482,1931,1.0
1482,2186,1.0
1482,2251,1.0
1482,2890,1.0
1482,2955,1.0
1483,1291,1.0
1483,1356,1.0
1483,1611,1.0
1483,1676,1.0
1483,2315,1.0
1483,2380,1.0
1483,2635,1.0
1483,2700,1.0
1484,12,1.0
1484,77,1.0
1484,972,1.0
1484,781,1.0
1484,3084,1.0
1484,3149,1.0
1484,4044,1.0
1484,3853,1.0
1485,397,1.0
1485,462,1.0
1485,717,1.0
1485,526,1.0
1485,3469,1.0
1485,3534,1.0
1485,3789,1.0
1485,3598,1.0
1486,1166,1.0
1486,1231,1.0
1486,1870,1.0
1486,1935,1.0
1486,2190,1.0
1486,2255,1.0
1486,2894,1.0
1486,2959,1.0
1487,1295,1.0
1487,1360,1.0
1487,1615,1.0
1487,1680,1.0
1487,2319,1.0
1487,2384,1.0
1487,2639,1.0
1487,2704,1.0
1488,16,1.0
1488,81,1.0
1488,976,1.0
1488,785,1.0
1488,3088,1.0
1488,3153,1.0
1488,4048,1.0
1488,3857,1.0
1489,401,1.0
1489,466,1.0
1489,721,1.0
1489,530,1.0
1489,3473,1.0
1489,3538,1.0
1489,3793,1.0
1489,3602,1.0
1490,1170,1.0
1490,1235,1.0
1490,1874,1.0
1490,1939,1.0
1490,2194,1.0
1490,2259,1.0
1490,2898,1.0
1490,2963,1.0
1491,1299,1.0
1491,1364,1.0
1491,1619,1.0
1491,1684,1.0
1491,2323,1.0
1491,2388,1.0
1491,2643,1.0
1491,2708,1.0
1492,20,1.0
1492,85,1.0
1492,980,1.0
1492,789,1.0
1492,3092,1.0
1492,3157,1.0
1492,4052,1.0
1492,3861,1.0
1493,405,1.0
1493,470,1.0
1493,725,1.0
1493,534,1.0
1493,3477,1.0
1493,3542,1.0
1493,3797,1.0
1493,3606,1.0
1494,1174,1.0
1494,1239,1.0
1494,1878,1.0
1494,1943,1.0
1494,2198,1.0
1494,2263,1.0
1494,2902,1.0
1494,2967,1.0
1495,1303,1.0
1495,1368,1.0
1495,1623,1.0
1495,1688,1.0
1495,2327,1.0
1495,2392,1.0
1495,2647,1.0
1495,2712,1.0
1496,24,1.0
1496,89,1.0
1496,984,1.0
1496,793,1.0
1496,3096,1.0
1496,3161,1.0
1496,4056,1.0
1496,3865,1.0
1497,409,1.0
1497,474,1.0
1497,729,1.0
1497,538,1.0
1497,3481,1.0
1497,3546,1.0
1497,3801,1.0
1497,3610,1.0
1498,1178,1.0
1498,1243,1.0
1498,1882,1.0
1498,1947,1.0
1498,2202,1.0
1498,2267,1.0
1498,2906,1.0
1498,2971,1.0
1499,1307,1.0
1499,1372,1.0
1499,1627,1.0
1499,1692,1.0
1499,2331,1.0
1499,2396,1.0
1499,2651,1.0
1499,2716,1.0
1500,28,1.0
1500,93,1.0
1500,988,1.0
1500,797,1.0
1500,3100,1.0
1500,3165,1.0
1500,4060,1.0
1500,3869,1.0
1501,413,1.0
1501,478,1.0
1501,733,1.0
1501,542,1.0
1501,3485,1.0
1501,3550,1.0
1501,3805,1.0
1501,3614,1.0
1502,1182,1.0
1502,1247,1.0
1502,1886,1.0
1502,1951,1.0
1502,2206,1.0
1502,2271,1.0
1502,2910,1.0
1502,2975,1.0
1503,1311,1.0
1503,1376,1.0
1503,1631,1.0
1503,1696,1.0
1503,2335,1.0
1503,2400,1.0
1503,2655,1.0
1503,2720,1.0
1504,32,1.0
1504,97,1.0
1504,992,1.0
1504,801,1.0
1504,3104,1.0
1504,3169,1.0
1504,4064,1.0
1504,3873,1.0
1505,417,1.0
1505,482,1.0
1505,737,1.0
1505,546,1.0
1505,3489,1.0
1505,3554,1.0
1505,3809,1.0
1505,3618,1.0
1506,1186,1.0
1506,1251,1.0
1506,1890,1.0
1506,1955,1.0
1506,2210,1.0
1506,2275,1.0
1506,2914,1.0
1506,2979,1.0
1507,1315,1.0
1507,1380,1.0
1507,1635,1.0
1507,1700,1.0
1507,2339,1.0
1507,2404,1.0
1507,2659,1.0
1507,2724,1.0
1508,36,1.0
1508,101,1.0
1508,996,1.0
1508,805,1.0
1508,3108,1.0
1508,3173,1.0
1508,4068,1.0
1508,3877,1.0
1509,421,1.0
1509,486,1.0
1509,741,1.0
1509,550,1.0
1509,3493,1.0
1509,3558,1.0
1509,3813,1.0
1509,3622,1.0
1510,1190,1.0
1510,1255,1.0
1510,1894,1.0
1510,1959,1.0
1510,2214,1.0
1510,2279,1.0
1510,2918,1.0
1510,2983,1.0
1511,1319,1.0
1511,1384,1.0
1511,1639,1.0
1511,1704,1.0
1511,2343,1.0
1511,2408,1.0
1511,2663,1.0
1511,2728,1.0
1512,40,1.0
1512,105,1.0
1512,1000,1.0
1512,809,1.0
1512,3112,1.0
1512,3177,1.0
1512,4072,1.0
1512,3881,1.0
1513,425,1.0
1513,490,1.0
1513,745,1.0
1513,554,1.0
1513,3497,1.0
1513,3562,1.0
1513,3817,1.0
1513,3626,1.0
1514,1194,1.0
1514,1259,1.0
1514,1898,1.0
1514,1963,1.0
1514,2218,1.0
1514,2283,1.0
1514,2922,1.0
1514,2987,1.0
1515,1323,1.0
1515,1388,1.0
1515,1643,1.0
1515,1708,1.0
1515,2347,1.0
1515,2412,1.0
1515,2667,1.0
1515,2732,1.0
1516,44,1.0
1516,109,1.0
1516,1004,1.0
1516,813,1.0
1516,3116,1.0
1516,3181,1.0
1516,4076,1.0
1516,3885,1.0
1517,429,1.0
1517,494,1.0
1517,749,1.0
1517,558,1.0
1517,3501,1.0
1517,3566,1.0
1517,3821,1.0
1517,3630,1.0
1518,1198,1.0
1518,1263,1.0
1518,1902,1.0
1518,1967,1.0
1518,2222,1.0
1518,2287,1.0
1518,2926,1.0
1518,2991,1.0
1519,1327,1.0
1519,1392,1.0
1519,1647,1.0
1519,1712,1.0
1519,2351,1.0
1519,2416,1.0
1519,2671,1.0
1519,2736,1.0
1520,48,1.0
1520,113,1.0
1520,1008,1.0
1520,817,1.0
1520,3120,1.0
1520,3185,1.0
1520,4080,1.0
1520,3889,1.0
1521,433,1.0
1521,498,1.0
1521,753,1.0
1521,562,1.0
1521,3505,1.0
1521,3570,1.0
1521,3825,1.0
1521,3634,1.0
1522,1202,1.0
1522,1267,1.0
1522,1906,1.0
1522,1971,1.0
1522,2226,1.0
1522,2291,1.0
1522,2930,1.0
1522,2995,1.0
1523,1331,1.0
1523,1396,1.0
1523,1651,1.0
1523,1716,1.0
1523,2355,1.0
1523,2420,1.0
1523,2675,1.0
1523,2740,1.0
1524,52,1.0
1524,117,1.0
1524,1012,1.0
1524,821,1.0
1524,3124,1.0
1524,3189,1.0
1524,4084,1.0
1524,3893,1.0
1525,437,1.0
1525,502,1.0
1525,757,1.0
1525,566,1.0
1525,3509,1.0
1525,3574,1.0
1525,3829,1.0
1525,3638,1.0
1526,1206,1.0
1526,1271,1.0
1526,1910,1.0
1526,1975,1.0
1526,2230,1.0
1526,2295,1.0
1526,2934,1.0
1526,2999,1.0
1527,1335,1.0
1527,1400,1.0
1527,1655,1.0
1527,1720,1.0
1527,2359,1.0
1527,2424,1.0
1527,2679,1.0
1527,2744,1.0
1528,56,1.0
1528,121,1.0
1528,1016,1.0
1528,825,1.0
1528,3128,1.0
1528,3193,1.0
1528,4088,1.0
1528,3897,1.0
1529,441,1.0
1529,506,1.0
1529,761,1.0
1529,570,1.0
1529,3513,1.0
1529,3578,1.0
1529,3833,1.0
1529,3642,1.0
1530,1210,1.0
1530,1275,1.0
1530,1914,1.0
1530,1979,1.0
1530,2234,1.0
1530,2299,1.0
1530,2938,1.0
1530,3003,1.0
1531,1339,1.0
1531,1404,1.0
1531,1659,1.0
1531,1724,1.0
1531,2363,1.0
1531,2428,1.0
1531,2683,1.0
1531,2748,1.0
1532,60,1.0
1532,125,1.0
1532,1020,1.0
1532,829,1.0
1532,3132,1.0
1532,3197,1.0
1532,4092,1.0
1532,3901,1.0
1533,445,1.0
1533,510,1.0
1533,765,1.0
1533,574,1.0
1533,3517,1.0
1533,3582,1.0
1533,3837,1.0
1533,3646,1.0
1534,1214,1.0
1534,1279,1.0
1534,1918,1.0
1534,1983,1.0
1534,2238,1.0
1534,2303,1.0
1534,2942,1.0
1534,3007,1.0
1535,1343,1.0
1535,1344,1.0
1535,1663,1.0
1535,1664,1.0
1535,2367,1.0
1535,2368,1.0
1535,2687,1.0
1535,2688,1.0
1536,0,1.0
1536,65,1.0
1536,960,1.0
1536,769,1.0
1536,3072,1.0
1536,3137,1.0
1536,4032,1.0
1536,3841,1.0
1537,385,1.0
1537,450,1.0
1537,705,1.0
1537,514,1.0
1537,3457,1.0
1537,3522,1.0
1537,3777,1.0
1537,3586,1.0
1538,1154,1.0
1538,1219,1.0
1538,1858,1.0
1538,1923,1.0
1538,2178,1.0
1538,2243,1.0
1538,2882,1.0
1538,2947,1.0
1539,1283,1.0
1539,1348,1.0
1539,1603,1.0
1539,1668,1.0
1539,2307,1.0
1539,2372,1.0
1539,2627,1.0
1539,2692,1.0
1540,4,1.0
1540,69,1.0
1540,964,1.0
1540,773,1.0
1540,3076,1.0
1540,3141,1.0
1540,4036,1.0
1540,3845,1.0
1541,389,1.0
1541,454,1.0
1541,709,1.0
1541,518,1.0
1541,3461,1.0
1541,3526,1.0
1541,3781,1.0
1541,3590,1.0
1542,1158,1.0
1542,1223,1.0
1542,1862,1.0
1542,1927,1.0
1542,2182,1.0
1542,2247,1.0
1542,2886,1.0
1542,2951,1.0
1543,1287,1.0
1543,1352,1.0
1543,1607,1.0
1543,1672,1.0
1543,2311,1.0
1543,2376,1.0
1543,2631,1.0
1543,2696,1.0
1544,8,1.0
1544,73,1.0
1544,968,1.0
1544,777,1.0
1544,3080,1.0
1544,3145,1.0
1544,4040,1.0
1544,3849,1.0
1545,393,1.0
1545,458,1.0
1545,713,1.0
1545,522,1.0
1545,3465,1.0
1545,3530,1.0
1545,3785,1.0
1545,3594,1.0
1546,1162,1.0
1546,1227,1.0
1546,1866,1.0
1546,1931,1.0
1546,2186,1.0
1546,2251,1.0
1546,2890,1.0
1546,2955,1.0
1547,1291,1.0
1547,1356,1.0
1547,1611,1.0
1547,1676,1.0
1547,2315,1.0
1547,2380,1.0
1547,2635,1.0
1547,2700,1.0
1548,12,1.0
1548,77,1.0
1548,972,1.0
1548,781,1.0
1548,3084,1.0
1548,3149,1.0
1548,4044,1.0
1548,3853,1.0
1549,397,1.0
1549,462,1.0
1549,717,1.0
1549,526,1.0
1549,3469,1.0
1549,3534,1.0
1549,3789,1.0
1549,3598,1.0
1550,1166,1.0
1550,1231,1.0
1550,1870,1.0
1550,1935,1.0
1550,2190,1.0
1550,2255,1.0
1550,2894,1.0
1550,2959,1.0
1551,1295,1.0
1551,1360,1.0
1551,1615,1.0
1551,1680,1.0
1551,2319,1.0
1551,2384,1.0
1551,2639,1.0
1551,2704,1.0
1552,16,1.0
1552,81,1.0
1552,976,1.0
1552,785,1.0
1552,3088,1.0
1552,3153,1.0
1552,4048,1.0
1552,3857,1.0
1553,401,1.0
1553,466,1.0
1553,721,1.0
1553,530,1.0
1553,3473,1.0
1553,3538,1.0
1553,3793,1.0
1553,3602,1.0
1554,1170,1.0
1554,1235,1.0
1554,1874,1.0
1554,1939,1.0
1554,2194,1.0
1554,2259,1.0
1554,2898,1.0
1554,2963,1.0
1555,1299,1.0
1555,1364,1.0
1555,1619,1.0
1555,1684,1.0
1555,2323,1.0
1555,2388,1.0
1555,2643,1.0
1555,2708,1.0
1556,20,1.0
1556,85,1.0
1556,980,1.0
1556,789,1.0
1556,3092,1.0
1556,3157,1.0
1556,4052,1.0
1556,3861,1.0
1557,405,1.0
1557,470,1.0
1557,725,1.0
1557,534,1.0
1557,3477,1.0
1557,3542,1.0
1557,3797,1.0
1557,3606,1.0
1558,1174,1.0
1558,1239,1.0
1558,1878,1.0
1558,1943,1.0
1558,2198,1.0
1558,2263,1.0
1558,2902,1.0
1558,2967,1.0
1559,1303,1.0
1559,1368,1.0
1559,1623,1.0
1559,1688,1.0
1559,2327,1.0
1559,2392,1.0
1559,2647,1.0
1559,2712,1.0
1560,24,1.0
1560,89,1.0
1560,984,1.0
1560,793,1.0
1560,3096,1.0
1560,3161,1.0
1560,4056,1.0
1560,3865,1.0
1561,409,1.0
1561,474,1.0
1561,729,1.0
1561,538,1.0
1561,3481,1.0
1561,3546,1.0
1561,3801,1.0
1561,3610,1.0
1562,1178,1.0
1562,1243,1.0
1562,1882,1.0
1562,1947,1.0
1562,2202,1.0
1562,2267,1.0
1562,2906,1.0
1562,2971,1.0
1563,1307,1.0
1563,1372,1.0
1563,1627,1.0
1563,1692,1.0
1563,2331,1.0
1563,2396,1.0
1563,2651,1.0
1563,2716,1.0
1564,28,1.0
1564,93,1.0
1564,988,1.0
1564,797,1.0
1564,3100,1.0
1564,3165,1.0
1564,4060,1.0
1564,3869,1.0
1565,413,1.0
1565,478,1.0
1565,733,1.0
1565,542,1.0
1565,3485,1.0
1565,3550,1.0
1565,3805,1.0
1565,3614,1.0
1566,1182,1.0
1566,1247,1.0
1566,1886,1.0
1566,1951,1.0
1566,2206,1.0
1566,2271,1.0
1566,2910,1.0
1566,2975,1.0
1567,1311,1.0
1567,1376,1.0
1567,1631,1.0
1567,1696,1.0
1567,2335,1.0
1567,2400,1.0
1567,2655,1.0
1567,2720,1.0
1568,32,1.0
1568,97,1.0
1568,992,1.0
1568,801,1.0
1568,3104,1.0
1568,3169,1.0
1568,4064,1.0
1568,3873,1.0
1569,417,1.0
1569,482,1.0
1569,737,1.0
1569,546,1.0
1569,3489,1.0
1569,3554,1.0
1569,3809,1.0
1569,3618,1.0
1570,1186,1.0
1570,1251,1.0
1570,1890,1.0
1570,1955,1.0
1570,2210,1.0
1570,2275,1.0
1570,2914,1.0
1570,2979,1.0
1571,1315,1.0
1571,1380,1.0
1571,1635,1.0
1571,1700,1.0
1571,2339,1.0
1571,2404,1.0
1571,2659,1.0
1571,2724,1.0
1572,36,1.0
1572,101,1.0
1572,996,1.0
1572,805,1.0
1572,3108,1.0
1572,3173,1.0
1572,4068,1.0
1572,3877,1.0
1573,421,1.0
1573,486,1.0
1573,741,1.0
1573,550,1.0
1573,3493,1.0
1573,3558,1.0
1573,3813,1.0
1573,3622,1.0
1574,1190,1.0
1574,1255,1.0
1574,1894,1.0
1574,1959,1.0
1574,2214,1.0
1574,2279,1.0
1574,2918,1.0
1574,2983,1.0
1575,1319,1.0
1575,1384,1.0
1575,1639,1.0
1575,1704,1.0
1575,2343,1.0
1575,2408,1.0
1575,2663,1.0
1575,2728,1.0
1576,40,1.0
1576,105,1.0
1576,1000,1.0
1576,809,1.0
1576,3112,1.0
1576,3177,1.0
1576,4072,1.0
1576,3881,1.0
1577,425,1.0
1577,490,1.0
1577,745,1.0
1577,554,1.0
1577,3497,1.0
1577,3562,1.0
1577,3817,1.0
1577,3626,1.0
1578,1194,1.0
1578,1259,1.0
1578,1898,1.0
1578,1963,1.0
1578,2218,1.0
1578,2283,1.0
1578,2922,1.0
1578,2987,1.0
1579,1323,1.0
1579,1388,1.0
1579,1643,1.0
1579,1708,1.0
1579,2347,1.0
1579,2412,1.0
1579,2667,1.0
1579,2732,1.0
1580,44,1.0
1580,109,1.0
1580,1004,1.0
1580,813,1.0
1580,3116,1.0
1580,3181,1.0
1580,4076,1.0
1580,3885,1.0
1581,429,1.0
1581,494,1.0
1581,749,1.0
1581,558,1.0
1581,3501,1.0
1581,3566,1.0
1581,3821,1.0
1581,3630,1.0
1582,1198,1.0
1582,1263,1.0
1582,1902,1.0
1582,1967,1.0
1582,2222,1.0
1582,2287,1.0
1582,2926,1.0
1582,2991,1.0
1583,1327,1.0
1583,1392,1.0
1583,1647,1.0
1583,1712,1.0
1583,2351,1.0
1583,2416,1.0
1583,2671,1.0
1583,2736,1.0
1584,48,1.0
1584,113,1.0
1584,1008,1.0
1584,817,1.0
1584,3120,1.0
1584,3185,1.0
1584,4080,1.0
1584,3889,1.0
1585,433,1.0
1585,498,1.0
1585,753,1.0
1585,562,1.0
1585,3505,1.0
1585,3570,1.0
1585,3825,1.0
1585,3634,1.0
1586,1202,1.0
1586,1267,1.0
1586,1906,1.0
1586,1971,1.0
1586,2226,1.0
1586,2291,1.0
1586,2930,1.0
1586,2995,1.0
1587,1331,1.0
1587,1396,1.0
1587,1651,1.0
1587,1716,1.0
1587,2355,1.0
1587,2420,1.0
1587,2675,1.0
1587,2740,1.0
1588,52,1.0
1588,117,1.0
1588,1012,1.0
1588,821,1.0
1588,3124,1.0
1588,3189,1.0
1588,4084,1.0
1588,3893,1.0
1589,437,1.0
1589,502,1.0
1589,757,1.0
1589,566,1.0
1589,3509,1.0
1589,3574,1.0
1589,3829,1.0
1589,3638,1.0
1590,1206,1.0
1590,1271,1.0
1590,1910,1.0
1590,1975,1.0
1590,2230,1.0
1590,2295,1.0
1590,2934,1.0
1590,2999,1.0
1591,1335,1.0
1591,1400,1.0
1591,1655,1.0
1591,1720,1.0
1591,2359,1.0
1591,2424,1.0
1591,2679,1.0
1591,2744,1.0
1592,56,1.0
1592,121,1.0
1592,1016,1.0
1592,825,1.0
1592,3128,1.0
1592,3193,1.0
1592,4088,1.0
1592,3897,1.0
1593,441,1.0
1593,506,1.0
1593,761,1.0
1593,570,1.0
1593,3513,1.0
1593,3578,1.0
1593,3833,1.0
1593,3642,1.0
1594,1210,1.0
1594,1275,1.0
1594,1914,1.0
1594,1979,1.0
1594,2234,1.0
1594,2299,1.0
1594,2938,1.0
1594,3003,1.0
1595,1339,1.0
1595,1404,1.0
1595,1659,1.0
1595,1724,1.0
1595,2363,1.0
1595,2428,1.0
1595,2683,1.0
1595,2748,1.0
1596,60,1.0
1596,125,1.0
1596,1020,1.0
1596,829,1.0
1596,3132,1.0
1596,3197,1.0
1596,4092,1.0
1596,3901,1.0
1597,445,1.0
1597,510,1.0
1597,765,1.0
1597,574,1.0
1597,3517,1.0
1597,3582,1.0
1597,3837,1.0
1597,3646,1.0
1598,1214,1.0
1598,1279,1.0
1598,1918,1.0
1598,1983,1.0
1598,2238,1.0
1598,2303,1.0
1598,2942,1.0
1598,3007,1.0
1599,1343,1.0
1599,1344,1.0
1599,1663,1.0
1599,1664,1.0
1599,2367,1.0
1599,2368,1.0
1599,2687,1.0
1599,2688,1.0
1600,0,1.0
1600,65,1.0
1600,960,1.0
1600,769,1.0
1600,3072,1.0
1600,3137,1.0
1600,4032,1.0
1600,3841,1.0
1601,385,1.0
1601,450,1.0
1601,705,1.0
1601,514,1.0
1601,3457,1.0
1601,3522,1.0
1601,3777,1.0
1601,3586,1.0
1602,1154,1.0
1602,1219,1.0
1602,1858,1.0
1602,1923,1.0
1602,2178,1.0
1602,2243,1.0
1602,2882,1.0
1602,2947,1.0
1603,1283,1.0
1603,1348,1.0
1603,1603,1.0
1603,1668,1.0
1603,2307,1.0
1603,2372,1.0
1603,2627,1.0
1603,2692,1.0
1604,4,1.0
1604,69,1.0
1604,964,1.0
1604,773,1.0
1604,3076,1.0
1604,3141,1.0
1604,4036,1.0
1604,3845,1.0
1605,389,1.0
1605,454,1.0
1605,709,1.0
1605,518,1.0
1605,3461,1.0
1605,3526,1.0
1605,3781,1.0
1605,3590,1.0
1606,1158,1.0
1606,1223,1.0
1606,1862,1.0
1606,1927,1.0
1606,2182,1.0
1606,2247,1.0
1606,2886,1.0
1606,2951,1.0
1607,1287,1.0
1607,1352,1.0
1607,1607,1.0
1607,1672,1.0
1607,2311,1.0
1607,2376,1.0
1607,2631,1.0
1607,2696,1.0
1608,8,1.0
1608,73,1.0
1608,968,1.0
1608,777,1.0
1608,3080,1.0
1608,3145,1.0
1608,4040,1.0
1608,3849,1.0
1609,393,1.0
1609,458,1.0
1609,713,1.0
1609,522,1.0
1609,3465,1.0
1609,3530,1.0
1609,3785,1.0
1609,3594,1.0
1610,1162,1.0
1610,1227,1.0
1610,1866,1.0
1610,1931,1.0
1610,2186,1.0
1610,2251,1.0
1610,2890,1.0
1610,2955,1.0
1611,1291,1.0
1611,1356,1.0
1611,1611,1.0
1611,1676,1.0
1611,2315,1.0
1611,2380,1.0
1611,2635,1.0
1611,2700,1.0
1612,12,1.0
1612,77,1.0
1612,972,1.0
1612,781,1.0
1612,3084,1.0
1612,3149,1.0
1612,4044,1.0
1612,3853,1.0
1613,397,1.0
1613,462,1.0
1613,717,1.0
1613,526,1.0
1613,3469,1.0
1613,3534,1.0
1613,3789,1.0
1613,3598,1.0
1614,1166,1.0
1614,1231,1.0
1614,1870,1.0
1614,1935,1.0
1614,2190,1.0
1614,2255,1.0
1614,2894,1.0
1614,2959,1.0
1615,1295,1.0
1615,1360,1.0
1615,1615,1.0
1615,1680,1.0
1615,2319,1.0
1615,2384,1.0
1615,2639,1.0
1615,2704,1.0
1616,16,1.0
1616,81,1.0
1616,976,1.0
1616,785,1.0
1616,3088,1.0
1616,3153,1.0
1616,4048,1.0
1616,3857,1.0
1617,401,1.0
1617,466,1.0
1617,721,1.0
1617,530,1.0
1617,3473,1.0
1617,3538,1.0
1617,3793,1.0
1617,3602,1.0
1618,1170,1.0
1618,1235,1.0
1618,1874,1.0
1618,1939,1.0
1618,2194,1.0
1618,2259,1.0
1618,2898,1.0
1618,2963,1.0
1619,1299,1.0
1619,1364,1.0
1619,1619,1.0
1619,1684,1.0
1619,2323,1.0
1619,2388,1.0
1619,2643,1.0
1619,2708,1.0
1620,20,1.0
1620,85,1.0
1620,980,1.0
1620,789,1.0
1620,3092,1.0
1620,3157,1.0
1620,4052,1.0
1620,3861,1.0
1621,405,1.0
1621,470,1.0
1621,725,1.0
1621,534,1.0
1621,3477,1.0
1621,3542,1.0
1621,3797,1.0
1621,3606,1.0
1622,1174,1.0
1622,1239,1.0
1622,1878,1.0
1622,1943,1.0
1622,2198,1.0
1622,2263,1.0
1622,2902,1.0
1622,2967,1.0
1623,1303,1.0
1623,1368,1.0
1623,1623,1.0
1623,1688,1.0
1623,2327,1.0
1623,2392,1.0
1623,2647,1.0
1623,2712,1.0
1624,24,1.0
1624,89,1.0
1624,984,1.0
1624,793,1.0
1624,3096,1.0
1624,3161,1.0
1624,4056,1.0
1624,3865,1.0
1625,409,1.0
1625,474,1.0
1625,729,1.0
1625,538,1.0
1625,3481,1.0
1625,3546,1.0
1625,3801,1.0
1625,3610,1.0
1626,1178,1.0
1626,1243,1.0
1626,1882,1.0
1626,1947,1.0
1626,2202,1.0
1626,2267,1.0
1626,2906,1.0
1626,2971,1.0
1627,1307,1.0
1627,1372,1.0
1627,1627,1.0
1627,1692,1.0
1627,2331,1.0
1627,2396,1.0
1627,2651,1.0
1627,2716,1.0
1628,28,1.0
1628,93,1.0
1628,988,1.0
1628,797,1.0
1628,3100,1.0
1628,3165,1.0
1628,4060,1.0
1628,3869,1.0
1629,413,1.0
1629,478,1.0
1629,733,1.0
1629,542,1.0
1629,3485,1.0
1629,3550,1.0
1629,3805,1.0
1629,3614,1.0
1630,1182,1.0
1630,1247,1.0
1630,1886,1.0
1630,1951,1.0
1630,2206,1.0
1630,2271,1.0
1630,2910,1.0
1630,2975,1.0
1631,1311,1.0
1631,1376,1.0
1631,1631,1.0
1631,1696,1.0
1631,2335,1.0
1631,2400,1.0
1631,2655,1.0
1631,2720,1.0
1632,32,1.0
1632,97,1.0
1632,992,1.0
1632,801,1.0
1632,3104,1.0
1632,3169,1.0
1632,4064,1.0
1632,3873,1.0
1633,417,1.0
1633,482,1.0
1633,737,1.0
1633,546,1.0
1633,3489,1.0
1633,3554,1.0
1633,3809,1.0
1633,3618,1.0
1634,1186,1.0
1634,1251,1.0
1634,1890,1.0
1634,1955,1.0
1634,2210,1.0
1634,2275,1.0
1634,2914,1.0
1634,2979,1.0
1635,1315,1.0
1635,1380,1.0
1635,1635,1.0
1635,1700,1.0
1635,2339,1.0
1635,2404,1.0
1635,2659,1.0
1635,2724,1.0
1636,36,1.0
1636,101,1.0
1636,996,1.0
1636,805,1.0
1636,3108,1.0
1636,3173,1.0
1636,4068,1.0
1636,3877,1.0
1637,421,1.0
1637,486,1.0
1637,741,1.0
1637,550,1.0
1637,3493,1.0
1637,3558,1.0
1637,3813,1.0
1637,3622,1.0
1638,1190,1.0
1638,1255,1.0
1638,1894,1.0
1638,1959,1.0
1638,2214,1.0
1638,2279,1.0
1638,2918,1.0
1638,2983,1.0
1639,1319,1.0
1639,1384,1.0
1639,1639,1.0
1639,1704,1.0
1639,2343,1.0
1639,2408,1.0
1639,2663,1.0
1639,2728,1.0
1640,40,1.0
1640,105,1.0
1640,1000,1.0
1640,809,1.0
1640,3112,1.0
1640,3177,1.0
1640,4072,1.0
1640,3881,1.0
1641,425,1.0
1641,490,1.0
1641,745,1.0
1641,554,1.0
1641,3497,1.0
1641,3562,1.0
1641,3817,1.0
1641,3626,1.0
1642,1194,1.0
1642,1259,1.0
1642,1898,1.0
1642,1963,1.0
1642,2218,1.0
1642,2283,1.0
1642,2922,1.0
1642,2987,1.0
1643,1323,1.0
1643,1388,1.0
1643,1643,1.0
1643,1708,1.0
1643,2347,1.0
1643,2412,1.0
1643,2667,1.0
1643,2732,1.0
1644,44,1.0
1644,109,1.0
1644,1004,1.0
1644,813,1.0
1644,3116,1.0
1644,3181,1.0
1644,4076,1.0
1644,3885,1.0
1645,429,1.0
1645,494,1.0
1645,749,1.0
1645,558,1.0
1645,3501,1.0
1645,3566,1.0
1645,3821,1.0
1645,3630,1.0
1646,1198,1.0
1646,1263,1.0
1646,1902,1.0
1646,1967,1.0
1646,2222,1.0
1646,2287,1.0
1646,2926,1.0
1646,2991,1.0
1647,1327,1.0
1647,1392,1.0
1647,1647,1.0
1647,1712,1.0
1647,2351,1.0
1647,2416,1.0
1647,2671,1.0
1647,2736,1.0
1648,48,1.0
1648,113,1.0
1648,1008,1.0
1648,817,1.0
1648,3120,1.0
1648,3185,1.0
1648,4080,1.0
1648,3889,1.0
1649,433,1.0
1649,498,1.0
1649,753,1.0
1649,562,1.0
1649,3505,1.0
1649,3570,1.0
1649,3825,1.0
1649,3634,1.0
1650,1202,1.0
1650,1267,1.0
1650,1906,1.0
1650,1971,1.0
1650,2226,1.0
1650,2291,1.0
1650,2930,1.0
1650,2995,1.0
1651,1331,1.0
1651,1396,1.0
1651,1651,1.0
1651,1716,1.0
1651,2355,1.0
1651,2420,1.0
1651,2675,1.0
1651,2740,1.0
1652,52,1.0
1652,117,1.0
1652,1012,1.0
1652,821,1.0
1652,3124,1.0
1652,3189,1.0
1652,4084,1.0
1652,3893,1.0
1653,437,1.0
1653,502,1.0
1653,757,1.0
1653,566,1.0
1653,3509,1.0
1653,3574,1.0
1653,3829,1.0
1653,3638,1.0
1654,1206,1.0
1654,1271,1.0
1654,1910,1.0
1654,1975,1.0
1654,2230,1.0
1654,2295,1.0
1654,2934,1.0
1654,2999,1.0
1655,1335,1.0
1655,1400,1.0
1655,1655,1.0
1655,1720,1.0
1655,2359,1.0
1655,2424,1.0
1655,2679,1.0
1655,2744,1.0
1656,56,1.0
1656,121,1.0
1656,1016,1.0
1656,825,1.0
1656,3128,1.0
1656,3193,1.0
1656,4088,1.0
1656,3897,1.0
1657,441,1.0
1657,506,1.0
1657,761,1.0
1657,570,1.0
1657,3513,1.0
1657,3578,1.0
1657,3833,1.0
1657,3642,1.0
1658,1210,1.0
1658,1275,1.0
1658,1914,1.0
1658,1979,1.0
1658,2234,1.0
1658,2299,1.0
1658,2938,1.0
1658,3003,1.0
1659,1339,1.0
1659,1404,1.0
1659,1659,1.0
1659,1724,1.0
1659,2363,1.0
1659,2428,1.0
1659,2683,1.0
1659,2748,1.0
1660,60,1.0
1660,125,1.0
1660,1020,1.0
1660,829,1.0
1660,3132,1.0
1660,3197,1.0
1660,4092,1.0
1660,3901,1.0
1661,445,1.0
1661,510,1.0
1661,765,1.0
1661,574,1.0
1661,3517,1.0
1661,3582,1.0
1661,3837,1.0
1661,3646,1.0
1662,1214,1.0
1662,1279,1.0
1662,1918,1.0
1662,1983,1.0
1662,2238,1.0
1662,2303,1.0
1662,2942,1.0
1662,3007,1.0
1663,1343,1.0
1663,1344,1.0
1663,1663,1.0
1663,1664,1.0
1663,2367,1.0
1663,2368,1.0
1663,2687,1.0
1663,2688,1.0
1664,0,1.0
1664,65,1.0
1664,960,1.0
1664,769,1.0
1664,3072,1.0
1664,3137,1.0
1664,4032,1.0
1664,3841,1.0
1665,385,1.0
1665,450,1.0
1665,705,1.0
1665,514,1.0
1665,3457,1.0
1665,3522,1.0
1665,3777,1.0
1665,3586,1.0
1666,1154,1.0
1666,1219,1.0
1666,1858,1.0
1666,1923,1.0
1666,2178,1.0
1666,2243,1.0
1666,2882,1.0
1666,2947,1.0
1667,1283,1.0
1667,1348,1.0
1667,1603,1.0
1667,1668,1.0
1667,2307,1.0
1667,2372,1.0
1667,2627,1.0
1667,2692,1.0
1668,4,1.0
1668,69,1.0
1668,964,1.0
1668,773,1.0
1668,3076,1.0
1668,3141,1.0
1668,4036,1.0
1668,3845,1.0
1669,389,1.0
1669,454,1.0
1669,709,1.0
1669,518,1.0
1669,3461,1.0
1669,3526,1.0
1669,3781,1.0
1669,3590,1.0
1670,1158,1.0
1670,1223,1.0
1670,1862,1.0
1670,1927,1.0
1670,2182,1.0
1670,2247,1.0
1670,2886,1.0
1670,2951,1.0
1671,1287,1.0
1671,1352,1.0
1671,1607,1.0
1671,1672,1.0
1671,2311,1.0
1671,2376,1.0
1671,2631,1.0
1671,2696,1.0
1672,8,1.0
1672,73,1.0
1672,968,1.0
1672,777,1.0
1672,3080,1.0
1672,3145,1.0
1672,4040,1.0
1672,3849,1.0
1673,393,1.0
1673,458,1.0
1673,713,1.0
1673,522,1.0
1673,3465,1.0
1673,3530,1.0
1673,3785,1.0
1673,3594,1.0
1674,1162,1.0
1674,1227,1.0
1674,1866,1.0
1674,1931,1.0
1674,2186,1.0
1674,2251,1.0
1674,2890,1.0
1674,2955,1.0
1675,1291,1.0
1675,1356,1.0
1675,1611,1.0
1675,1676,1.0
1675,2315,1.0
1675,2380,1.0
1675,2635,1.0
1675,2700,1.0
1676,12,1.0
1676,77,1.0
1676,972,1.0
1676,781,1.0
1676,3084,1.0
1676,3149,1.0
1676,4044,1.0
1676,3853,1.0
1677,397,1.0
1677,462,1.0
1677,717,1.0
1677,526,1.0
1677,3469,1.0
1677,3534,1.0
1677,3789,1.0
1677,3598,1.0
1678,1166,1.0
1678,1231,1.0
1678,1870,1.0
1678,1935,1.0
1678,2190,1.0
1678,2255,1.0
1678,2894,1.0
1678,2959,1.0
1679,1295,1.0
1679,1360,1.0
1679,1615,1.0
1679,1680,1.0
1679,2319,1.0
1679,2384,1.0
1679,2639,1.0
1679,2704,1.0
1680,16,1.0
1680,81,1.0
1680,976,1.0
1680,785,1.0
1680,3088,1.0
1680,3153,1.0
1680,4048,1.0
1680,3857,1.0
1681,401,1.0
1681,466,1.0
1681,721,1.0
1681,530,1.0
1681,3473,1.0
1681,3538,1.0
1681,3793,1.0
1681,3602,1.0
1682,1170,1.0
1682,1235,1.0
1682,1874,1.0
1682,1939,1.0
1682,2194,1.0
1682,2259,1.0
1682,2898,1.0
1682,2963,1.0
1683,1299,1.0
1683,1364,1.0
1683,1619,1.0
1683,1684,1.0
1683,2323,1.0
1683,2388,1.0
1683,2643,1.0
1683,2708,1.0
1684,20,1.0
1684,85,1.0
1684,980,1.0
1684,789,1.0
1684,3092,1.0
1684,3157,1.0
1684,4052,1.0
1684,3861,1.0
1685,405,1.0
1685,470,1.0
1685,725,1.0
1685,534,1.0
1685,3477,1.0
1685,3542,1.0
1685,3797,1.0
1685,3606,1.0
1686,1174,1.0
1686,1239,1.0
1686,1878,1.0
1686,1943,1.0
1686,2198,1.0
1686,2263,1.0
1686,2902,1.0
1686,2967,1.0
1687,1303,1.0
1687,1368,1.0
1687,1623,1.0
1687,1688,1.0
1687,2327,1.0
1687,2392,1.0
1687,2647,1.0
1687,2712,1.0
1688,24,1.0
1688,89,1.0
1688,984,1.0
1688,793,1.0
1688,3096,1.0
1688,3161,1.0
1688,4056,1.0
1688,3865,1.0
1689,409,1.0
1689,474,1.0
1689,729,1.0
1689,538,1.0
1689,3481,1.0
1689,3546,1.0
1689,3801,1.0
1689,3610,1.0
1690,1178,1.0
1690,1243,1.0
1690,1882,1.0
1690,1947,1.0
1690,2202,1.0
1690,2267,1.0
1690,2906,1.0
1690,2971,1.0
1691,1307,1.0
1691,1372,1.0
1691,1627,1.0
1691,1692,1.0
1691,2331,1.0
1691,2396,1.0
1691,2651,1.0
1691,2716,1.0
1692,28,1.0
1692,93,1.0
1692,988,1.0
1692,797,1.0
1692,3100,1.0
1692,3165,1.0
1692,4060,1.0
1692,3869,1.0
1693,413,1.0
1693,478,1.0
1693,733,1.0
1693,542,1.0
1693,3485,1.0
1693,3550,1.0
1693,3805,1.0
1693,3614,1.0
1694,1182,1.0
1694,1247,1.0
1694,1886,1.0
1694,1951,1.0
1694,2206,1.0
1694,2271,1.0
1694,2910,1.0
1694,2975,1.0
1695,1311,1.0
1695,1376,1.0
1695,1631,1.0
1695,1696,1.0
1695,2335,1.0
1695,2400,1.0
1695,2655,1.0
1695,2720,1.0
1696,32,1.0
1696,97,1.0
1696,992,1.0
1696,801,1.0
1696,3104,1.0
1696,3169,1.0
1696,4064,1.0
1696,3873,1.0
1697,417,1.0
1697,482,1.0
1697,737,1.0
1697,546,1.0
1697,3489,1.0
1697,3554,1.0
1697,3809,1.0
1697,3618,1.0
1698,1186,1.0
1698,1251,1.0
1698,1890,1.0
1698,1955,1.0
1698,2210,1.0
1698,2275,1.0
1698,2914,1.0
1698,2979,1.0
1699,1315,1.0
1699,1380,1.0
1699,1635,1.0
1699,1700,1.0
1699,2339,1.0
1699,2404,1.0
1699,2659,1.0
1699,2724,1.0
1700,36,1.0
1700,101,1.0
1700,996,1.0
1700,805,1.0
1700,3108,1.0
1700,3173,1.0
1700,4068,1.0
1700,3877,1.0
1701,421,1.0
1701,486,1.0
1701,741,1.0
1701,550,1.0
1701,3493,1.0
1701,3558,1.0
1701,3813,1.0
1701,3622,1.0
1702,1190,1.0
1702,1255,1.0
1702,1894,1.0
1702,1959,1.0
1702,2214,1.0
1702,2279,1.0
1702,2918,1.0
1702,2983,1.0
1703,1319,1.0
1703,1384,1.0
1703,1639,1.0
1703,1704,1.0
1703,2343,1.0
1703,2408,1.0
1703,2663,1.0
1703,2728,1.0
1704,40,1.0
1704,105,1.0
1704,1000,1.0
1704,809,1.0
1704,3112,1.0
1704,3177,1.0
1704,4072,1.0
1704,3881,1.0
1705,425,1.0
1705,490,1.0
1705,745,1.0
1705,554,1.0
1705,3497,1.0
1705,3562,1.0
1705,3817,1.0
1705,3626,1.0
1706,1194,1.0
1706,1259,1.0
1706,1898,1.0
1706,1963,1.0
1706,2218,1.0
1706,2283,1.0
1706,2922,1.0
1706,2987,1.0
1707,1323,1.0
1707,1388,1.0
1707,1643,1.0
1707,1708,1.0
1707,2347,1.0
1707,2412,1.0
1707,2667,1.0
1707,2732,1.0
1708,44,1.0
1708,109,1.0
1708,1004,1.0
1708,813,1.0
1708,3116,1.0
1708,3181,1.0
1708,4076,1.0
1708,3885,1.0
1709,429,1.0
1709,494,1.0
1709,749,1.0
1709,558,1.0
1709,3501,1.0
1709,3566,1.0
1709,3821,1.0
1709,3630,1.0
1710,1198,1.0
1710,1263,1.0
1710,1902,1.0
1710,1967,1.0
1710,2222,1.0
1710,2287,1.0
1710,2926,1.0
1710,2991,1.0
1711,1327,1.0
1711,1392,1.0
1711,1647,1.0
1711,1712,1.0
1711,2351,1.0
1711,2416,1.0
1711,2671,1.0
1711,2736,1.0
1712,48,1.0
1712,113,1.0
1712,1008,1.0
1712,817,1.0
1712,3120,1.0
1712,3185,1.0
1712,4080,1.0
1712,3889,1.0
1713,433,1.0
1713,498,1.0
1713,753,1.0
1713,562,1.0
1713,3505,1.0
1713,3570,1.0
1713,3825,1.0
1713,3634,1.0
1714,1202,1.0
1714,1267,1.0
1714,1906,1.0
1714,1971,1.0
1714,2226,1.0
1714,2291,1.0
1714,2930,1.0
1714,2995,1.0
1715,1331,1.0
1715,1396,1.0
1715,1651,1.0
1715,1716,1.0
1715,2355,1.0
1715,2420,1.0
1715,2675,1.0
1715,2740,1.0
1716,52,1.0
1716,117,1.0
1716,1012,1.0
1716,821,1.0
1716,3124,1.0
1716,3189,1.0
1716,4084,1.0
1716,3893,1.0
1717,437,1.0
1717,502,1.0
1717,757,1.0
1717,566,1.0
1717,3509,1.0
1717,3574,1.0
1717,3829,1.0
1717,3638,1.0
1718,1206,1.0
1718,1271,1.0
1718,1910,1.0
1718,1975,1.0
1718,2230,1.0
1718,2295,1.0
1718,2934,1.0
1718,2999,1.0
1719,1335,1.0
1719,1400,1.0
1719,1655,1.0
1719,1720,1.0
1719,2359,1.0
1719,2424,1.0
1719,2679,1.0
1719,2744,1.0
1720,56,1.0
1720,121,1.0
1720,1016,1.0
1720,825,1.0
1720,3128,1.0
1720,3193,1.0
1720,4088,1.0
1720,3897,1.0
1721,441,1.0
1721,506,1.0
1721,761,1.0
1721,570,1.0
1721,3513,1.0
1721,3578,1.0
1721,3833,1.0
1721,3642,1.0
1722,1210,1.0
1722,1275,1.0
1722,1914,1.0
1722,1979,1.0
1722,2234,1.0
1722,2299,1.0
1722,2938,1.0
1722,3003,1.0
1723,1339,1.0
1723,1404,1.0
1723,1659,1.0
1723,1724,1.0
1723,2363,1.0
1723,2428,1.0
1723,2683,1.0
1723,2748,1.0
1724,60,1.0
1724,125,1.0
1724,1020,1.0
1724,829,1.0
1724,3132,1.0
1724,3197,1.0
1724,4092,1.0
1724,3901,1.0
1725,445,1.0
1725,510,1.0
1725,765,1.0
1725,574,1.0
1725,3517,1.0
1725,3582,1.0
1725,3837,1.0
1725,3646,1.0
1726,1214,1.0
1726,1279,1.0
1726,1918,1.0
1726,1983,1.0
1726,2238,1.0
1726,2303,1.0
1726,2942,1.0
1726,3007,1.0
1727,1343,1.0
1727,1344,1.0
1727,1663,1.0
1727,1664,1.0
1727,2367,1.0
1727,2368,1.0
1727,2687,1.0
1727,2688,1.0
1728,0,1.0
1728,65,1.0
1728,960,1.0
1728,769,1.0
1728,3072,1.0
1728,3137,1.0
1728,4032,1.0
1728,3841,1.0
1729,385,1.0
1729,450,1.0
1729,705,1.0
1729,514,1.0
1729,3457,1.0
1729,3522,1.0
1729,3777,1.0
1729,3586,1.0
1730,1154,1.0
1730,1219,1.0
1730,1858,1.0
1730,1923,1.0
1730,2178,1.0
1730,2243,1.0
1730,2882,1.0
1730,2947,1.0
1731,1283,1.0
1731,1348,1.0
1731,1603,1.0
1731,1668,1.0
1731,2307,1.0
1731,2372,1.0
1731,2627,1.0
1731,2692,1.0
1732,4,1.0
1732,69,1.0
1732,964,1.0
1732,773,1.0
1732,3076,1.0
1732,3141,1.0
1732,4036,1.0
1732,3845,1.0
1733,389,1.0
1733,454,1.0
1733,709,1.0
1733,518,1.0
1733,3461,1.0
1733,3526,1.0
1733,3781,1.0
1733,3590,1.0
1734,1158,1.0
1734,1223,1.0
1734,1862,1.0
1734,1927,1.0
1734,2182,1.0
1734,2247,1.0
1734,2886,1.0
1734,2951,1.0
1735,1287,1.0
1735,1352,1.0
1735,1607,1.0
1735,1672,1.0
1735,2311,1.0
1735,2376,1.0
1735,2631,1.0
1735,2696,1.0
1736,8,1.0
1736,73,1.0
1736,968,1.0
1736,777,1.0
1736,3080,1.0
1736,3145,1.0
1736,4040,1.0
1736,3849,1.0
1737,393,1.0
1737,458,1.0
1737,713,1.0
1737,522,1.0
1737,3465,1.0
1737,3530,1.0
1737,3785,1.0
1737,3594,1.0
1738,1162,1.0
1738,1227,1.0
1738,1866,1.0
1738,1931,1.0
1738,2186,1.0
1738,2251,1.0
1738,2890,1.0
1738,2955,1.0
1739,1291,1.0
1739,1356,1.0
1739,1611,1.0
1739,1676,1.0
1739,2315,1.0
1739,2380,1.0
1739,2635,1.0
1739,2700,1.0
1740,12,1.0
1740,77,1.0
1740,972,1.0
1740,781,1.0
1740,3084,1.0
1740,3149,1.0
1740,4044,1.0
1740,3853,1.0
1741,397,1.0
1741,462,1.0
1741,717,1.0
1741,526,1.0
1741,3469,1.0
1741,3534,1.0
1741,3789,1.0
1741,3598,1.0
1742,1166,1.0
1742,1231,1.0
1742,1870,1.0
1742,1935,1.0
1742,2190,1.0
1742,2255,1.0
1742,2894,1.0
1742,2959,1.0
1743,1295,1.0
1743,1360,1.0
1743,1615,1.0
1743,1680,1.0
1743,2319,1.0
1743,2384,1.0
1743,2639,1.0
1743,2704,1.0
1744,16,1.0
1744,81,1.0
1744,976,1.0
1744,785,1.0
1744,3088,1.0
1744,3153,1.0
1744,4048,1.0
1744,3857,1.0
1745,401,1.0
1745,466,1.0
1745,721,1.0
1745,530,1.0
1745,3473,1.0
1745,3538,1.0
1745,3793,1.0
1745,3602,1.0
1746,1170,1.0
1746,1235,1.0
1746,1874,1.0
1746,1939,1.0
1746,2194,1.0
1746,2259,1.0
1746,2898,1.0
1746,2963,1.0
1747,1299,1.0
1747,1364,1.0
1747,1619,1.0
1747,1684,1.0
1747,2323,1.0
1747,2388,1.0
1747,2643,1.0
1747,2708,1.0
1748,20,1.0
1748,85,1.0
1748,980,1.0
1748,789,1.0
1748,3092,1.0
1748,3157,1.0
1748,4052,1.0
1748,3861,1.0
1749,405,1.0
1749,470,1.0
1749,725,1.0
1749,534,1.0
1749,3477,1.0
1749,3542,1.0
1749,3797,1.0
1749,3606,1.0
1750,1174,1.0
1750,1239,1.0
1750,1878,1.0
1750,1943,1.0
1750,2198,1.0
1750,2263,1.0
1750,2902,1.0
1750,2967,1.0
1751,1303,1.0
1751,1368,1.0
1751,1623,1.0
1751,1688,1.0
1751,2327,1.0
1751,2392,1.0
1751,2647,1.0
1751,2712,1.0
1752,24,1.0
1752,89,1.0
1752,984,1.0
1752,793,1.0
1752,3096,1.0
1752,3161,1.0
1752,4056,1.0
1752,3865,1.0
1753,409,1.0
1753,474,1.0
1753,729,1.0
1753,538,1.0
1753,3481,1.0
1753,3546,1.0
1753,3801,1.0
1753,3610,1.0
1754,1178,1.0
1754,1243,1.0
1754,1882,1.0
1754,1947,1.0
1754,2202,1.0
1754,2267,1.0
1754,2906,1.0
1754,2971,1.0
1755,1307,1.0
1755,1372,1.0
1755,1627,1.0
1755,1692,1.0
1755,2331,1.0
1755,2396,1.0
1755,2651,1.0
1755,2716,1.0
1756,28,1.0
1756,93,1.0
1756,988,1.0
1756,797,1.0
1756,3100,1.0
1756,3165,1.0
1756,4060,1.0
1756,3869,1.0
1757,413,1.0
1757,478,1.0
1757,733,1.0
1757,542,1.0
1757,3485,1.0
1757,3550,1.0
1757,3805,1.0
1757,3614,1.0
1758,1182,1.0
1758,1247,1.0
1758,1886,1.0
1758,1951,1.0
1758,2206,1.0
1758,2271,1.0
1758,2910,1.0
1758,2975,1.0
1759,1311,1.0
1759,1376,1.0
1759,1631,1.0
1759,1696,1.0
1759,2335,1.0
1759,2400,1.0
1759,2655,1.0
1759,2720,1.0
1760,32,1.0
1760,97,1.0
1760,992,1.0
1760,801,1.0
1760,3104,1.0
1760,3169,1.0
1760,4064,1.0
1760,3873,1.0
1761,417,1.0
1761,482,1.0
1761,737,1.0
1761,546,1.0
1761,3489,1.0
1761,3554,1.0
1761,3809,1.0
1761,3618,1.0
1762,1186,1.0
1762,1251,1.0
1762,1890,1.0
1762,1955,1.0
1762,2210,1.0
1762,2275,1.0
1762,2914,1.0
1762,2979,1.0
1763,1315,1.0
1763,1380,1.0
1763,1635,1.0
1763,1700,1.0
1763,2339,1.0
1763,2404,1.0
1763,2659,1.0
1763,2724,1.0
1764,36,1.0
1764,101,1.0
1764,996,1.0
1764,805,1.0
1764,3108,1.0
1764,3173,1.0
1764,4068,1.0
1764,3877,1.0
1765,421,1.0
1765,486,1.0
1765,741,1.0
1765,550,1.0
1765,3493,1.0
1765,3558,1.0
1765,3813,1.0
1765,3622,1.0
1766,1190,1.0
1766,1255,1.0
1766,1894,1.0
1766,1959,1.0
1766,2214,1.0
1766,2279,1.0
1766,2918,1.0
1766,2983,1.0
1767,1319,1.0
1767,1384,1.0
1767,1639,1.0
1767,1704,1.0
1767,2343,1.0
1767,2408,1.0
1767,2663,1.0
1767,2728,1.0
1768,40,1.0
1768,105,1.0
1768,1000,1.0
1768,809,1.0
1768,3112,1.0
1768,3177,1.0
1768,4072,1.0
1768,3881,1.0
1769,425,1.0
1769,490,1.0
1769,745,1.0
1769,554,1.0
1769,3497,1.0
1769,3562,1.0
1769,3817,1.0
1769,3626,1.0
1770,1194,1.0
1770,1259,1.0
1770,1898,1.0
1770,1963,1.0
1770,2218,1.0
1770,2283,1.0
1770,2922,1.0
1770,2987,1.0
1771,1323,1.0
1771,1388,1.0
1771,1643,1.0
1771,1708,1.0
1771,2347,1.0
1771,2412,1.0
1771,2667,1.0
1771,2732,1.0
1772,44,1.0
1772,109,1.0
1772,1004,1.0
1772,813,1.0
1772,3116,1.0
1772,3181,1.0
1772,4076,1.0
1772,3885,1.0
1773,429,1.0
1773,494,1.0
1773,749,1.0
1773,558,1.0
1773,3501,1.0
1773,3566,1.0
1773,3821,1.0
1773,3630,1.0
1774,1198,1.0
1774,1263,1.0
1774,1902,1.0
1774,1967,1.0
1774,2222,1.0
1774,2287,1.0
1774,2926,1.0
1774,2991,1.0
1775,1327,1.0
1775,1392,1.0
1775,1647,1.0
1775,1712,1.0
1775,2351,1.0
1775,2416,1.0
1775,2671,1.0
1775,2736,1.0
1776,48,1.0
1776,113,1.0
1776,1008,1.0
1776,817,1.0
1776,3120,1.0
1776,3185,1.0
1776,4080,1.0
1776,3889,1.0
1777,433,1.0
1777,498,1.0
1777,753,1.0
1777,562,1.0
1777,3505,1.0
1777,3570,1.0
1777,3825,1.0
1777,3634,1.0
1778,1202,1.0
1778,1267,1.0
1778,1906,1.0
1778,1971,1.0
1778,2226,1.0
1778,2291,1.0
1778,2930,1.0
1778,2995,1.0
1779,1331,1.0
1779,1396,1.0
1779,1651,1.0
1779,1716,1.0
1779,2355,1.0
1779,2420,1.0
1779,2675,1.0
1779,2740,1.0
1780,52,1.0
1780,117,1.0
1780,1012,1.0
1780,821,1.0
1780,3124,1.0
1780,3189,1.0
1780,4084,1.0
1780,3893,1.0
1781,437,1.0
1781,502,1.0
1781,757,1.0
1781,566,1.0
1781,3509,1.0
1781,3574,1.0
1781,3829,1.0
1781,3638,1.0
1782,1206,1.0
1782,1271,1.0
1782,1910,1.0
1782,1975,1.0
1782,2230,1.0
1782,2295,1.0
1782,2934,1.0
1782,2999,1.0
1783,1335,1.0
1783,1400,1.0
1783,1655,1.0
1783,1720,1.0
1783,2359,1.0
1783,2424,1.0
1783,2679,1.0
1783,2744,1.0
1784,56,1.0
1784,121,1.0
1784,1016,1.0
1784,825,1.0
1784,3128,1.0
1784,3193,1.0
1784,4088,1.0
1784,3897,1.0
1785,441,1.0
1785,506,1.0
1785,761,1.0
1785,570,1.0
1785,3513,1.0
1785,3578,1.0
1785,3833,1.0
1785,3642,1.0
1786,1210,1.0
1786,1275,1.0
1786,1914,1.0
1786,1979,1.0
1786,2234,1.0
1786,2299,1.0
1786,2938,1.0
1786,3003,1.0
1787,1339,1.0
1787,1404,1.0
1787,1659,1.0
1787,1724,1.0
1787,2363,1.0
1787,2428,1.0
1787,2683,1.0
1787,2748,1.0
1788,60,1.0
1788,125,1.0
1788,1020,1.0
1788,829,1.0
1788,3132,1.0
1788,3197,1.0
1788,4092,1.0
1788,3901,1.0
1789,445,1.0
1789,510,1.0
1789,765,1.0
1789,574,1.0
1789,3517,1.0
1789,3582,1.0
1789,3837,1.0
1789,3646,1.0
1790,1214,1.0
1790,1279,1.0
1790,1918,1.0
1790,1983,1.0
1790,2238,1.0
1790,2303,1.0
1790,2942,1.0
1790,3007,1.0
1791,1343,1.0
1791,1344,1.0
1791,1663,1.0
1791,1664,1.0
1791,2367,1.0
1791,2368,1.0
1791,2687,1.0
1791,2688,1.0
1792,0,1.0
1792,65,1.0
1792,960,1.0
1792,769,1.0
1792,3072,1.0
1792,3137,1.0
1792,4032,1.0
1792,3841,1.0
1793,385,1.0
1793,450,1.0
1793,705,1.0
1793,514,1.0
1793,3457,1.0
1793,3522,1.0
1793,3777,1.0
1793,3586,1.0
1794,1154,1.0
1794,1219,1.0
1794,1858,1.0
1794,1923,1.0
1794,2178,1.0
1794,2243,1.0
1794,2882,1.0
1794,2947,1.0
1795,1283,1.0
1795,1348,1.0
1795,1603,1.0
1795,1668,1.0
1795,2307,1.0
1795,2372,1.0
1795,2627,1.0
1795,2692,1.0
1796,4,1.0
1796,69,1.0
1796,964,1.0
1796,773,1.0
1796,3076,1.0
1796,3141,1.0
1796,4036,1.0
1796,3845,1.0
1797,389,1.0
1797,454,1.0
1797,709,1.0
1797,518,1.0
1797,3461,1.0
1797,3526,1.0
1797,3781,1.0
1797,3590,1.0
1798,1158,1.0
1798,1223,1.0
1798,1862,1.0
1798,1927,1.0
1798,2182,1.0
1798,2247,1.0
1798,2886,1.0
1798,2951,1.0
1799,1287,1.0
1799,1352,1.0
1799,1607,1.0
1799,1672,1.0
1799,2311,1.0
1799,2376,1.0
1799,2631,1.0
1799,2696,1.0
1800,8,1.0
1800,73,1.0
1800,968,1.0
1800,777,1.0
1800,3080,1.0
1800,3145,1.0
1800,4040,1.0
1800,3849,1.0
1801,393,1.0
1801,458,1.0
1801,713,1.0
1801,522,1.0
1801,3465,1.0
1801,3530,1.0
1801,3785,1.0
1801,3594,1.0
1802,1162,1.0
1802,1227,1.0
1802,1866,1.0
1802,1931,1.0
1802,2186,1.0
1802,2251,1.0
1802,2890,1.0
1802,2955,1.0
1803,1291,1.0
1803,1356,1.0
1803,1611,1.0
1803,1676,1.0
1803,2315,1.0
1803,2380,1.0
1803,2635,1.0
1803,2700,1.0
1804,12,1.0
1804,77,1.0
1804,972,1.0
1804,781,1.0
1804,3084,1.0
1804,3149,1.0
1804,4044,1.0
1804,3853,1.0
1805,397,1.0
1805,462,1.0
1805,717,1.0
1805,526,1.0
1805,3469,1.0
1805,3534,1.0
1805,3789,1.0
1805,3598,1.0
1806,1166,1.0
1806,1231,1.0
1806,1870,1.0
1806,1935,1.0
1806,2190,1.0
1806,2255,1.0
1806,2894,1.0
1806,2959,1.0
1807,1295,1.0
1807,1360,1.0
1807,1615,1.0
1807,1680,1.0
1807,2319,1.0
1807,2384,1.0
1807,2639,1.0
1807,2704,1.0
1808,16,1.0
1808,81,1.0
1808,976,1.0
1808,785,1.0
1808,3088,1.0
1808,3153,1.0
1808,4048,1.0
1808,3857,1.0
1809,401,1.0
1809,466,1.0
1809,721,1.0
1809,530,1.0
1809,3473,1.0
1809,3538,1.0
1809,3793,1.0
1809,3602,1.0
1810,1170,1.0
1810,1235,1.0
1810,1874,1.0
1810,1939,1.0
1810,2194,1.0
1810,2259,1.0
1810,2898,1.0
1810,2963,1.0
1811,1299,1.0
1811,1364,1.0
1811,1619,1.0
1811,1684,1.0
1811,2323,1.0
1811,2388,1.0
1811,2643,1.0
1811,2708,1.0
1812,20,1.0
1812,85,1.0
1812,980,1.0
1812,789,1.0
1812,3092,1.0
1812,3157,1.0
1812,4052,1.0
1812,3861,1.0
1813,405,1.0
1813,470,1.0
1813,725,1.0
1813,534,1.0
1813,3477,1.0
1813,3542,1.0
1813,3797,1.0
1813,3606,1.0
1814,1174,1.0
1814,1239,1.0
1814,1878,1.0
1814,1943,1.0
1814,2198,1.0
1814,2263,1.0
1814,2902,1.0
1814,2967,1.0
1815,1303,1.0
1815,1368,1.0
1815,1623,1.0
1815,1688,1.0
1815,2327,1.0
1815,2392,1.0
1815,2647,1.0
1815,2712,1.0
1816,24,1.0
1816,89,1.0
1816,984,1.0
1816,793,1.0
1816,3096,1.0
1816,3161,1.0
1816,4056,1.0
1816,3865,1.0
1817,409,1.0
1817,474,1.0
1817,729,1.0
1817,538,1.0
1817,3481,1.0
1817,3546,1.0
1817,3801,1.0
1817,3610,1.0
1818,1178,1.0
1818,1243,1.0
1818,1882,1.0
1818,1947,1.0
1818,2202,1.0
1818,2267,1.0
1818,2906,1.0
1818,2971,1.0
1819,1307,1.0
1819,1372,1.0
1819,1627,1.0
1819,1692,1.0
1819,2331,1.0
1819,2396,1.0
1819,2651,1.0
1819,2716,1.0
1820,28,1.0
1820,93,1.0
1820,988,1.0
1820,797,1.0
1820,3100,1.0
1820,3165,1.0
1820,4060,1.0
1820,3869,1.0
1821,413,1.0
1821,478,1.0
1821,733,1.0
1821,542,1.0
1821,3485,1.0
1821,3550,1.0
1821,3805,1.0
1821,3614,1.0
1822,1182,1.0
1822,1247,1.0
1822,1886,1.0
1822,1951,1.0
1822,2206,1.0
1822,2271,1.0
1822,2910,1.0
1822,2975,1.0
1823,1311,1.0
1823,1376,1.0
1823,1631,1.0
1823,1696,1.0
1823,2335,1.0
1823,2400,1.0
1823,2655,1.0
1823,2720,1.0
1824,32,1.0
1824,97,1.0
1824,992,1.0
1824,801,1.0
1824,3104,1.0
1824,3169,1.0
1824,4064,1.0
1824,3873,1.0
1825,417,1.0
1825,482,1.0
1825,737,1.0
1825,546,1.0
1825,3489,1.0
1825,3554,1.0
1825,3809,1.0
1825,3618,1.0
1826,1186,1.0
1826,1251,1.0
1826,1890,1.0
1826,1955,1.0
1826,2210,1.0
1826,2275,1.0
1826,2914,1.0
1826,2979,1.0
1827,1315,1.0
1827,1380,1.0
1827,1635,1.0
1827,1700,1.0
1827,2339,1.0
1827,2404,1.0
1827,2659,1.0
1827,2724,1.0
1828,36,1.0
1828,101,1.0
1828,996,1.0
1828,805,1.0
1828,3108,1.0
1828,3173,1.0
1828,4068,1.0
1828,3877,1.0
1829,421,1.0
1829,486,1.0
1829,741,1.0
1829,550,1.0
1829,3493,1.0
1829,3558,1.0
1829,3813,1.0
1829,3622,1.0
1830,1190,1.0
1830,1255,1.0
1830,1894,1.0
1830,1959,1.0
1830,2214,1.0
1830,2279,1.0
1830,2918,1.0
1830,2983,1.0
1831,1319,1.0
1831,1384,1.0
1831,1639,1.0
1831,1704,1.0
1831,2343,1.0
1831,2408,1.0
1831,2663,1.0
1831,2728,1.0
1832,40,1.0
1832,105,1.0
1832,1000,1.0
1832,809,1.0
1832,3112,1.0
1832,3177,1.0
1832,4072,1.0
1832,3881,1.0
1833,425,1.0
1833,490,1.0
1833,745,1.0
1833,554,1.0
1833,3497,1.0
1833,3562,1.0
1833,3817,1.0
1833,3626,1.0
1834,1194,1.0
1834,1259,1.0
1834,1898,1.0
1834,1963,1.0
1834,2218,1.0
1834,2283,1.0
1834,2922,1.0
1834,2987,1.0
1835,1323,1.0
1835,1388,1.0
1835,1643,1.0
1835,1708,1.0
1835,2347,1.0
1835,2412,1.0
1835,2667,1.0
1835,2732,1.0
1836,44,1.0
1836,109,1.0
1836,1004,1.0
1836,813,1.0
1836,3116,1.0
1836,3181,1.0
1836,4076,1.0
1836,3885,1.0
1837,429,1.0
1837,494,1.0
1837,749,1.0
1837,558,1.0
1837,3501,1.0
1837,3566,1.0
1837,3821,1.0
1837,3630,1.0
1838,1198,1.0
1838,1263,1.0
1838,1902,1.0
1838,1967,1.0
1838,2222,1.0
1838,2287,1.0
1838,2926,1.0
1838,2991,1.0
1839,1327,1.0
1839,1392,1.0
1839,1647,1.0
1839,1712,1.0
1839,2351,1.0
1839,2416,1.0
1839,2671,1.0
1839,2736,1.0
1840,48,1.0
1840,113,1.0
1840,1008,1.0
1840,817,1.0
1840,3120,1.0
1840,3185,1.0
1840,4080,1.0
1840,3889,1.0
1841,433,1.0
1841,498,1.0
1841,753,1.0
1841,562,1.0
1841,3505,1.0
1841,3570,1.0
1841,3825,1.0
1841,3634,1.0
1842,1202,1.0
1842,1267,1.0
1842,1906,1.0
1842,1971,1.0
1842,2226,1.0
1842,2291,1.0
1842,2930,1.0
1842,2995,1.0
1843,1331,1.0
1843,1396,1.0
1843,1651,1.0
1843,1716,1.0
1843,2355,1.0
1843,2420,1.0
1843,2675,1.0
1843,2740,1.0
1844,52,1.0
1844,117,1.0
1844,1012,1.0
1844,821,1.0
1844,3124,1.0
1844,3189,1.0
1844,4084,1.0
1844,3893,1.0
1845,437,1.0
1845,502,1.0
1845,757,1.0
1845,566,1.0
1845,3509,1.0
1845,3574,1.0
1845,3829,1.0
1845,3638,1.0
1846,1206,1.0
1846,1271,1.0
1846,1910,1.0
1846,1975,1.0
1846,2230,1.0
1846,2295,1.0
1846,2934,1.0
1846,2999,1.0
1847,1335,1.0
1847,1400,1.0
1847,1655,1.0
1847,1720,1.0
1847,2359,1.0
1847,2424,1.0
1847,2679,1.0
1847,2744,1.0
1848,56,1.0
1848,121,1.0
1848,1016,1.0
1848,825,1.0
1848,3128,1.0
1848,3193,1.0
1848,4088,1.0
1848,3897,1.0
1849,441,1.0
1849,506,1.0
1849,761,1.0
1849,570,1.0
1849,3513,1.0
1849,3578,1.0
1849,3833,1.0
1849,3642,1.0
1850,1210,1.0
1850,1275,1.0
1850,1914,1.0
1850,1979,1.0
1850,2234,1.0
1850,2299,1.0
1850,2938,1.0
1850,3003,1.0
1851,1339,1.0
1851,1404,1.0
1851,1659,1.0
1851,1724,1.0
1851,2363,1.0
1851,2428,1.0
1851,2683,1.0
1851,2748,1.0
1852,60,1.0
1852,125,1.0
1852,1020,1.0
1852,829,1.0
1852,3132,1.0
1852,3197,1.0
1852,4092,1.0
1852,3901,1.0
1853,445,1.0
1853,510,1.0
1853,765,1.0
1853,574,1.0
1853,3517,1.0
1853,3582,1.0
1853,3837,1.0
1853,3646,1.0
1854,1214,1.0
1854,1279,1.0
1854,1918,1.0
1854,1983,1.0
1854,2238,1.0
1854,2303,1.0
1854,2942,1.0
1854,3007,1.0
1855,1343,1.0
1855,1344,1.0
1855,1663,1.0
1855,1664,1.0
1855,2367,1.0
1855,2368,1.0
1855,2687,1.0
1855,2688,1.0
1856,0,1.0
1856,65,1.0
1856,960,1.0
1856,769,1.0
1856,3072,1.0
1856,3137,1.0
1856,4032,1.0
1856,3841,1.0
1857,385,1.0
1857,450,1.0
1857,705,1.0
1857,514,1.0
1857,3457,1.0
1857,3522,1.0
1857,3777,1.0
1857,3586,1.0
1858,1154,1.0
1858,1219,1.0
1858,1858,1.0
1858,1923,1.0
1858,2178,1.0
1858,2243,1.0
1858,2882,1.0
1858,2947,1.0
1859,1283,1.0
1859,1348,1.0
1859,1603,1.0
1859,1668,1.0
1859,2307,1.0
1859,2372,1.0
1859,2627,1.0
1859,2692,1.0
1860,4,1.0
1860,69,1.0
1860,964,1.0
1860,773,1.0
1860,3076,1.0
1860,3141,1.0
1860,4036,1.0
1860,3845,1.0
1861,389,1.0
1861,454,1.0
1861,709,1.0
1861,518,1.0
1861,3461,1.0
1861,3526,1.0
1861,3781,1.0
1861,3590,1.0
1862,1158,1.0
1862,1223,1.0
1862,1862,1.0
1862,1927,1.0
1862,2182,1.0
1862,2247,1.0
1862,2886,1.0
1862,2951,1.0
1863,1287,1.0
1863,1352,1.0
1863,1607,1.0
1863,1672,1.0
1863,2311,1.0
1863,2376,1.0
1863,2631,1.0
1863,2696,1.0
1864,8,1.0
1864,73,1.0
1864,968,1.0
1864,777,1.0
1864,3080,1.0
1864,3145,1.0
1864,4040,1.0
1864,3849,1.0
1865,393,1.0
1865,458,1.0
1865,713,1.0
1865,522,1.0
1865,3465,1.0
1865,3530,1.0
1865,3785,1.0
1865,3594,1.0
1866,1162,1.0
1866,1227,1.0
1866,1866,1.0
1866,1931,1.0
1866,2186,1.0
1866,2251,1.0
1866,2890,1.0
1866,2955,1.0
1867,1291,1.0
1867,1356,1.0
1867,1611,1.0
1867,1676,1.0
1867,2315,1.0
1867,2380,1.0
1867,2635,1.0
1867,2700,1.0
1868,12,1.0
1868,77,1.0
1868,972,1.0
1868,781,1.0
1868,3084,1.0
1868,3149,1.0
1868,4044,1.0
1868,3853,1.0
1869,397,1.0
1869,462,1.0
1869,717,1.0
1869,526,1.0
1869,3469,1.0
1869,3534,1.0
1869,3789,1.0
1869,3598,1.0
1870,1166,1.0
1870,1231,1.0
1870,1870,1.0
1870,1935,1.0
1870,2190,1.0
1870,2255,1.0
1870,2894,1.0
1870,2959,1.0
1871,1295,1.0
1871,1360,1.0
1871,1615,1.0
1871,1680,1.0
1871,2319,1.0
1871,2384,1.0
1871,2639,1.0
1871,2704,1.0
1872,16,1.0
1872,81,1.0
1872,976,1.0
1872,785,1.0
1872,3088,1.0
1872,3153,1.0
1872,4048,1.0
1872,3857,1.0
1873,401,1.0
1873,466,1.0
1873,721,1.0
1873,530,1.0
1873,3473,1.0
1873,3538,1.0
1873,3793,1.0
1873,3602,1.0
1874,1170,1.0
1874,1235,1.0
1874,1874,1.0
1874,1939,1.0
1874,2194,1.0
1874,2259,1.0
1874,2898,1.0
1874,2963,1.0
1875,1299,1.0
1875,1364,1.0
1875,1619,1.0
1875,1684,1.0
1875,2323,1.0
1875,2388,1.0
1875,2643,1.0
1875,2708,1.0
1876,20,1.0
1876,85,1.0
1876,980,1.0
1876,789,1.0
1876,3092,1.0
1876,3157,1.0
1876,4052,1.0
1876,3861,1.0
1877,405,1.0
1877,470,1.0
1877,725,1.0
1877,534,1.0
1877,3477,1.0
1877,3542,1.0
1877,3797,1.0
1877,3606,1.0
1878,1174,1.0
1878,1239,1.0
1878,1878,1.0
1878,1943,1.0
1878,2198,1.0
1878,2263,1.0
1878,2902,1.0
1878,2967,1.0
1879,1303,1.0
1879,1368,1.0
1879,1623,1.0
1879,1688,1.0
1879,2327,1.0
1879,2392,1.0
1879,2647,1.0
1879,2712,1.0
1880,24,1.0
1880,89,1.0
1880,984,1.0
1880,793,1.0
1880,3096,1.0
1880,3161,1.0
1880,4056,1.0
1880,3865,1.0
1881,409,1.0
1881,474,1.0
1881,729,1.0
1881,538,1.0
1881,3481,1.0
1881,3546,1.0
1881,3801,1.0
1881,3610,1.0
1882,1178,1.0
1882,1243,1.0
1882,1882,1.0
1882,1947,1.0
1882,2202,1.0
1882,2267,1.0
1882,2906,1.0
1882,2971,1.0
1883,1307,1.0
1883,1372,1.0
1883,1627,1.0
1883,1692,1.0
1883,2331,1.0
1883,2396,1.0
1883,2651,1.0
1883,2716,1.0
1884,28,1.0
1884,93,1.0
1884,988,1.0
1884,797,1.0
1884,3100,1.0
1884,3165,1.0
1884,4060,1.0
1884,3869,1.0
1885,413,1.0
1885,478,1.0
1885,733,1.0
1885,542,1.0
1885,3485,1.0
1885,3550,1.0
1885,3805,1.0
1885,3614,1.0
1886,1182,1.0
1886,1247,1.0
1886,1886,1.0
1886,1951,1.0
1886,2206,1.0
1886,2271,1.0
1886,2910,1.0
1886,2975,1.0
1887,1311,1.0
1887,1376,1.0
1887,1631,1.0
1887,1696,1.0
1887,2335,1.0
1887,2400,1.0
1887,2655,1.0
1887,2720,1.0
1888,32,1.0
1888,97,1.0
1888,992,1.0
1888,801,1.0
1888,3104,1.0
1888,3169,1.0
1888,4064,1.0
1888,3873,1.0
1889,417,1.0
1889,482,1.0
1889,737,1.0
1889,546,1.0
1889,3489,1.0
1889,3554,1.0
1889,3809,1.0
1889,3618,1.0
1890,1186,1.0
1890,1251,1.0
1890,1890,1.0
1890,1955,1.0
1890,2210,1.0
1890,2275,1.0
1890,2914,1.0
1890,2979,1.0
1891,1315,1.0
1891,1380,1.0
1891,1635,1.0
1891,1700,1.0
1891,2339,1.0
1891,2404,1.0
1891,2659,1.0
1891,2724,1.0
1892,36,1.0
1892,101,1.0
1892,996,1.0
1892,805,1.0
1892,3108,1.0
1892,3173,1.0
1892,4068,1.0
1892,3877,1.0
1893,421,1.0
1893,486,1.0
1893,741,1.0
1893,550,1.0
1893,3493,1.0
1893,3558,1.0
1893,3813,1.0
1893,3622,1.0
1894,1190,1.0
1894,1255,1.0
1894,1894,1.0
1894,1959,1.0
1894,2214,1.0
1894,2279,1.0
1894,2918,1.0
1894,2983,1.0
1895,1319,1.0
1895,1384,1.0
1895,1639,1.0
1895,1704,1.0
1895,2343,1.0
1895,2408,1.0
1895,2663,1.0
1895,2728,1.0
1896,40,1.0
1896,105,1.0
1896,1000,1.0
1896,809,1.0
1896,3112,1.0
1896,3177,1.0
1896,4072,1.0
1896,3881,1.0
1897,425,1.0
1897,490,1.0
1897,745,1.0
1897,554,1.0
1897,3497,1.0
1897,3562,1.0
1897,3817,1.0
1897,3626,1.0
1898,1194,1.0
1898,1259,1.0
1898,1898,1.0
1898,1963,1.0
1898,2218,1.0
1898,2283,1.0
1898,2922,1.0
1898,2987,1.0
1899,1323,1.0
1899,1388,1.0
1899,1643,1.0
1899,1708,1.0
1899,2347,1.0
1899,2412,1.0
1899,2667,1.0
1899,2732,1.0
1900,44,1.0
1900,109,1.0
1900,1004,1.0
1900,813,1.0
1900,3116,1.0
1900,3181,1.0
1900,4076,1.0
1900,3885,1.0
1901,429,1.0
1901,494,1.0
1901,749,1.0
1901,558,1.0
1901,3501,1.0
1901,3566,1.0
1901,3821,1.0
1901,3630,1.0
1902,1198,1.0
1902,1263,1.0
1902,1902,1.0
1902,1967,1.0
1902,2222,1.0
1902,2287,1.0
1902,2926,1.0
1902,2991,1.0
1903,1327,1.0
1903,1392,1.0
1903,1647,1.0
1903,1712,1.0
1903,2351,1.0
1903,2416,1.0
1903,2671,1.0
1903,2736,1.0
1904,48,1.0
1904,113,1.0
1904,1008,1.0
1904,817,1.0
1904,3120,1.0
1904,3185,1.0
1904,4080,1.0
1904,3889,1.0
1905,433,1.0
1905,498,1.0
1905,753,1.0
1905,562,1.0
1905,3505,1.0
1905,3570,1.0
1905,3825,1.0
1905,3634,1.0
1906,1202,1.0
1906,1267,1.0
1906,1906,1.0
1906,1971,1.0
1906,2226,1.0
1906,2291,1.0
1906,2930,1.0
1906,2995,1.0
1907,1331,1.0
1907,1396,1.0
1907,1651,1.0
1907,1716,1.0
1907,2355,1.0
1907,2420,1.0
1907,2675,1.0
1907,2740,1.0
1908,52,1.0
1908,117,1.0
1908,1012,1.0
1908,821,1.0
1908,3124,1.0
1908,3189,1.0
1908,4084,1.0
1908,3893,1.0
1909,437,1.0
1909,502,1.0
1909,757,1.0
1909,566,1.0
1909,3509,1.0
1909,3574,1.0
1909,3829,1.0
1909,3638,1.0
1910,1206,1.0
1910,1271,1.0
1910,1910,1.0
1910,1975,1.0
1910,2230,1.0
1910,2295,1.0
1910,2934,1.0
1910,2999,1.0
1911,1335,1.0
1911,1400,1.0
1911,1655,1.0
1911,1720,1.0
1911,2359,1.0
1911,2424,1.0
1911,2679,1.0
1911,2744,1.0
1912,56,1.0
1912,121,1.0
1912,1016,1.0
1912,825,1.0
1912,3128,1.0
1912,3193,1.0
1912,4088,1.0
1912,3897,1.0
1913,441,1.0
1913,506,1.0
1913,761,1.0
1913,570,1.0
1913,3513,1.0
1913,3578,1.0
1913,3833,1.0
1913,3642,1.0
1914,1210,1.0
1914,1275,1.0
1914,1914,1.0
1914,1979,1.0
1914,2234,1.0
1914,2299,1.0
1914,2938,1.0
1914,3003,1.0
1915,1339,1.0
1915,1404,1.0
1915,1659,1.0
1915,1724,1.0
1915,2363,1.0
1915,2428,1.0
1915,2683,1.0
1915,2748,1.0
1916,60,1.0
1916,125,1.0
1916,1020,1.0
1916,829,1.0
1916,3132,1.0
1916,3197,1.0
1916,4092,1.0
1916,3901,1.0
1917,445,1.0
1917,510,1.0
1917,765,1.0
1917,574,1.0
1917,3517,1.0
1917,3582,1.0
1917,3837,1.0
1917,3646,1.0
1918,1214,1.0
1918,1279,1.0
1918,1918,1.0
1918,1983,1.0
1918,2238,1.0
1918,2303,1.0
1918,2942,1.0
1918,3007,1.0
1919,1343,1.0
1919,1344,1.0
1919,1663,1.0
1919,1664,1.0
1919,2367,1.0
1919,2368,1.0
1919,2687,1.0
1919,2688,1.0
1920,0,1.0
1920,65,1.0
1920,960,1.0
1920,769,1.0
1920,3072,1.0
1920,3137,1.0
1920,4032,1.0
1920,3841,1.0
1921,385,1.0
1921,450,1.0
1921,705,1.0
1921,514,1.0
1921,3457,1.0
1921,3522,1.0
1921,3777,1.0
1921,3586,1.0
1922,1154,1.0
1922,1219,1.0
1922,1858,1.0
1922,1923,1.0
1922,2178,1.0
1922,2243,1.0
1922,2882,1.0
1922,2947,1.0
1923,1283,1.0
1923,1348,1.0
1923,1603,1.0
1923,1668,1.0
1923,2307,1.0
1923,2372,1.0
1923,2627,1.0
1923,2692,1.0
1924,4,1.0
1924,69,1.0
1924,964,1.0
1924,773,1.0
1924,3076,1.0
1924,3141,1.0
1924,4036,1.0
1924,3845,1.0
1925,389,1.0
1925,454,1.0
1925,709,1.0
1925,518,1.0
1925,3461,1.0
1925,3526,1.0
1925,3781,1.0
1925,3590,1.0
1926,1158,1.0
1926,1223,1.0
1926,1862,1.0
1926,1927,1.0
1926,2182,1.0
1926,2247,1.0
1926,2886,1.0
1926,2951,1.0
1927,1287,1.0
1927,1352,1.0
1927,1607,1.0
1927,1672,1.0
1927,2311,1.0
1927,2376,1.0
1927,2631,1.0
1927,2696,1.0
1928,8,1.0
1928,73,1.0
1928,968,1.0
1928,777,1.0
1928,3080,1.0
1928,3145,1.0
1928,4040,1.0
1928,3849,1.0
1929,393,1.0
1929,458,1.0
1929,713,1.0
1929,522,1.0
1929,3465,1.0
1929,3530,1.0
1929,3785,1.0
1929,3594,1.0
1930,1162,1.0
1930,1227,1.0
1930,1866,1.0
1930,1931,1.0
1930,2186,1.0
1930,2251,1.0
1930,2890,1.0
1930,2955,1.0
1931,1291,1.0
1931,1356,1.0
1931,1611,1.0
1931,1676,1.0
1931,2315,1.0
1931,2380,1.0
1931,2635,1.0
1931,2700,1.0
1932,12,1.0
1932,77,1.0
1932,972,1.0
1932,781,1.0
1932,3084,1.0
1932,3149,1.0
1932,4044,1.0
1932,3853,1.0
1933,397,1.0
1933,462,1.0
1933,717,1.0
1933,526,1.0
1933,3469,1.0
1933,3534,1.0
1933,3789,1.0
1933,3598,1.0
1934,1166,1.0
1934,1231,1.0
1934,1870,1.0
1934,1935,1.0
1934,2190,1.0
1934,2255,1.0
1934,2894,1.0
1934,2959,1.0
1935,1295,1.0
1935,1360,1.0
1935,1615,1.0
1935,1680,1.0
1935,2319,1.0
1935,2384,1.0
1935,2639,1.0
1935,2704,1.0
1936,16,1.0
1936,81,1.0
1936,976,1.0
1936,785,1.0
1936,3088,1.0
1936,3153,1.0
1936,4048,1.0
1936,3857,1.0
1937,401,1.0
1937,466,1.0
1937,721,1.0
1937,530,1.0
1937,3473,1.0
1937,3538,1.0
1937,3793,1.0
1937,3602,1.0
1938,1170,1.0
1938,1235,1.0
1938,1874,1.0
1938,1939,1.0
1938,2194,1.0
1938,2259,1.0
1938,2898,1.0
1938,2963,1.0
1939,1299,1.0
1939,1364,1.0
1939,1619,1.0
1939,1684,1.0
1939,2323,1.0
1939,2388,1.0
1939,2643,1.0
1939,2708,1.0
1940,20,1.0
1940,85,1.0
1940,980,1.0
1940,789,1.0
1940,3092,1.0
1940,3157,1.0
1940,4052,1.0
1940,3861,1.0
1941,405,1.0
1941,470,1.0
1941,725,1.0
1941,534,1.0
1941,3477,1.0
1941,3542,1.0
1941,3797,1.0
1941,3606,1.0
1942,1174,1.0
1942,1239,1.0
1942,1878,1.0
1942,1943,1.0
1942,2198,1.0
1942,2263,1.0
1942,2902,1.0
1942,2967,1.0
1943,1303,1.0
1943,1368,1.0
1943,1623,1.0
1943,1688,1.0
1943,2327,1.0
1943,2392,1.0
1943,2647,1.0
1943,2712,1.0
1944,24,1.0
1944,89,1.0
1944,984,1.0
1944,793,1.0
1944,3096,1.0
1944,3161,1.0
1944,4056,1.0
1944,3865,1.0
1945,409,1.0
1945,474,1.0
1945,729,1.0
1945,538,1.0
1945,3481,1.0
1945,3546,1.0
1945,3801,1.0
1945,3610,1.0
1946,1178,1.0
1946,1243,1.0
1946,1882,1.0
1946,1947,1.0
1946,2202,1.0
1946,2267,1.0
1946,2906,1.0
1946,2971,1.0
1947,1307,1.0
1947,1372,1.0
1947,1627,1.0
1947,1692,1.0
1947,2331,1.0
1947,2396,1.0
1947,2651,1.0
1947,2716,1.0
1948,28,1.0
1948,93,1.0
1948,988,1.0
1948,797,1.0
1948,3100,1.0
1948,3165,1.0
1948,4060,1.0
1948,3869,1.0
1949,413,1.0
1949,478,1.0
1949,733,1.0
1949,542,1.0
1949,3485,1.0
1949,3550,1.0
1949,3805,1.0
1949,3614,1.0
1950,1182,1.0
1950,1247,1.0
1950,1886,1.0
1950,1951,1.0
1950,2206,1.0
1950,2271,1.0
1950,2910,1.0
1950,2975,1.0
1951,1311,1.0
1951,1376,1.0
1951,1631,1.0
1951,1696,1.0
1951,2335,1.0
1951,2400,1.0
1951,2655,1.0
1951,2720,1.0
1952,32,1.0
1952,97,1.0
1952,992,1.0
1952,801,1.0
1952,3104,1.0
1952,3169,1.0
1952,4064,1.0
1952,3873,1.0
1953,417,1.0
1953,482,1.0
1953,737,1.0
1953,546,1.0
1953,3489,1.0
1953,3554,1.0
1953,3809,1.0
1953,3618,1.0
1954,1186,1.0
1954,1251,1.0
1954,1890,1.0
1954,1955,1.0
1954,2210,1.0
1954,2275,1.0
1954,2914,1.0
1954,2979,1.0
1955,1315,1.0
1955,1380,1.0
1955,1635,1.0
1955,1700,1.0
1955,2339,1.0
1955,2404,1.0
1955,2659,1.0
1955,2724,1.0
1956,36,1.0
1956,101,1.0
1956,996,1.0
1956,805,1.0
1956,3108,1.0
1956,3173,1.0
1956,4068,1.0
1956,3877,1.0
1957,421,1.0
1957,486,1.0
1957,741,1.0
1957,550,1.0
1957,3493,1.0
1957,3558,1.0
1957,3813,1.0
1957,3622,1.0
1958,1190,1.0
1958,1255,1.0
1958,1894,1.0
1958,1959,1.0
1958,2214,1.0
1958,2279,1.0
1958,2918,1.0
1958,2983,1.0
1959,1319,1.0
1959,1384,1.0
1959,1639,1.0
1959,1704,1.0
1959,2343,1.0
1959,2408,1.0
1959,2663,1.0
1959,2728,1.0
1960,40,1.0
1960,105,1.0
1960,1000,1.0
1960,809,1.0
1960,3112,1.0
1960,3177,1.0
1960,4072,1.0
1960,3881,1.0
1961,425,1.0
1961,490,1.0
1961,745,1.0
1961,554,1.0
1961,3497,1.0
1961,3562,1.0
1961,3817,1.0
1961,3626,1.0
1962,1194,1.0
1962,1259,1.0
1962,1898,1.0
1962,1963,1.0
1962,2218,1.0
1962,2283,1.0
1962,2922,1.0
1962,2987,1.0
1963,1323,1.0
1963,1388,1.0
1963,1643,1.0
1963,1708,1.0
1963,2347,1.0
1963,2412,1.0
1963,2667,1.0
1963,2732,1.0
1964,44,1.0
1964,109,1.0
1964,1004,1.0
1964,813,1.0
1964,3116,1.0
1964,3181,1.0
1964,4076,1.0
1964,3885,1.0
1965,429,1.0
1965,494,1.0
1965,749,1.0
1965,558,1.0
1965,3501,1.0
1965,3566,1.0
1965,3821,1.0
1965,3630,1.0
1966,1198,1.0
1966,1263,1.0
1966,1902,1.0
1966,1967,1.0
1966,2222,1.0
1966,2287,1.0
1966,2926,1.0
1966,2991,1.0
1967,1327,1.0
1967,1392,1.0
1967,1647,1.0
1967,1712,1.0
1967,2351,1.0
1967,2416,1.0
1967,2671,1.0
1967,2736,1.0
1968,48,1.0
1968,113,1.0
1968,1008,1.0
1968,817,1.0
1968,3120,1.0
1968,3185,1.0
1968,4080,1.0
1968,3889,1.0
1969,433,1.0
1969,498,1.0
1969,753,1.0
1969,562,1.0
1969,3505,1.0
1969,3570,1.0
1969,3825,1.0
1969,3634,1.0
1970,1202,1.0
1970,1267,1.0
1970,1906,1.0
1970,1971,1.0
1970,2226,1.0
1970,2291,1.0
1970,2930,1.0
1970,2995,1.0
1971,1331,1.0
1971,1396,1.0
1971,1651,1.0
1971,1716,1.0
1971,2355,1.0
1971,2420,1.0
1971,2675,1.0
1971,2740,1.0
1972,52,1.0
1972,117,1.0
1972,1012,1.0
1972,821,1.0
1972,3124,1.0
1972,3189,1.0
1972,4084,1.0
1972,3893,1.0
1973,437,1.0
1973,502,1.0
1973,757,1.0
1973,566,1.0
1973,3509,1.0
1973,3574,1.0
1973,3829,1.0
1973,3638,1.0
1974,1206,1.0
1974,1271,1.0
1974,1910,1.0
1974,1975,1.0
1974,2230,1.0
1974,2295,1.0
1974,2934,1.0
1974,2999,1.0
1975,1335,1.0
1975,1400,1.0
1975,1655,1.0
1975,1720,1.0
1975,2359,1.0
1975,2424,1.0
1975,2679,1.0
1975,2744,1.0
1976,56,1.0
1976,121,1.0
1976,1016,1.0
1976,825,1.0
1976,3128,1.0
1976,3193,1.0
1976,4088,1.0
1976,3897,1.0
1977,441,1.0
1977,506,1.0
1977,761,1.0
1977,570,1.0
1977,3513,1.0
1977,3578,1.0
1977,3833,1.0
1977,3642,1.0
1978,1210,1.0
1978,1275,1.0
1978,1914,1.0
1978,1979,1.0
1978,2234,1.0
1978,2299,1.0
1978,2938,1.0
1978,3003,1.0
1979,1339,1.0
1979,1404,1.0
1979,1659,1.0
1979,1724,1.0
1979,2363,1.0
1979,2428,1.0
1979,2683,1.0
1979,2748,1.0
1980,60,1.0
1980,125,1.0
1980,1020,1.0
1980,829,1.0
1980,3132,1.0
1980,3197,1.0
1980,4092,1.0
1980,3901,1.0
1981,445,1.0
1981,510,1.0
1981,765,1.0
1981,574,1.0
1981,3517,1.0
1981,3582,1.0
1981,3837,1.0
1981,3646,1.0
1982,1214,1.0
1982,1279,1.0
1982,1918,1.0
1982,1983,1.0
1982,2238,1.0
1982,2303,1.0
1982,2942,1.0
1982,3007,1.0
1983,1343,1.0
1983,1344,1.0
1983,1663,1.0
1983,1664,1.0
1983,2367,1.0
1983,2368,1.0
1983,2687,1.0
1983,2688,1.0
1984,0,1.0
1984,65,1.0
1984,960,1.0
1984,769,1.0
1984,3072,1.0
1984,3137,1.0
1984,4032,1.0
1984,3841,1.0
1985,385,1.0
1985,450,1.0
1985,705,1.0
1985,514,1.0
1985,3457,1.0
1985,3522,1.0
1985,3777,1.0
1985,3586,1.0
1986,1154,1.0
1986,1219,1.0
1986,1858,1.0
1986,1923,1.0
1986,2178,1.0
1986,2243,1.0
1986,2882,1.0
1986,2947,1.0
1987,1283,1.0
1987,1348,1.0
1987,1603,1.0
1987,1668,1.0
1987,2307,1.0
1987,2372,1.0
1987,2627,1.0
1987,2692,1.0
1988,4,1.0
1988,69,1.0
1988,964,1.0
1988,773,1.0
1988,3076,1.0
1988,3141,1.0
1988,4036,1.0
1988,3845,1.0
1989,389,1.0
1989,454,1.0
1989,709,1.0
1989,518,1.0
1989,3461,1.0
1989,3526,1.0
1989,3781,1.0
1989,3590,1.0
1990,1158,1.0
1990,1223,1.0
1990,1862,1.0
1990,1927,1.0
1990,2182,1.0
1990,2247,1.0
1990,2886,1.0
1990,2951,1.0
1991,1287,1.0
1991,1352,1.0
1991,1607,1.0
1991,1672,1.0
1991,2311,1.0
1991,2376,1.0
1991,2631,1.0
1991,2696,1.0
1992,8,1.0
1992,73,1.0
1992,968,1.0
1992,777,1.0
1992,3080,1.0
1992,3145,1.0
1992,4040,1.0
1992,3849,1.0
1993,393,1.0
1993,458,1.0
1993,713,1.0
1993,522,1.0
1993,3465,1.0
1993,3530,1.0
1993,3785,1.0
1993,3594,1.0
1994,1162,1.0
1994,1227,1.0
1994,1866,1.0
1994,1931,1.0
1994,2186,1.0
1994,2251,1.0
1994,2890,1.0
1994,2955,1.0
1995,1291,1.0
1995,1356,1.0
1995,1611,1.0
1995,1676,1.0
1995,2315,1.0
1995,2380,1.0
1995,2635,1.0
1995,2700,1.0
1996,12,1.0
1996,77,1.0
1996,972,1.0
1996,781,1.0
1996,3084,1.0
1996,3149,1.0
1996,4044,1.0
1996,3853,1.0
1997,397,1.0
1997,462,1.0
1997,717,1.0
1997,526,1.0
1997,3469,1.0
1997,3534,1.0
1997,3789,1.0
1997,3598,1.0
1998,1166,1.0
1998,1231,1.0
1998,1870,1.0
1998,1935,1.0
1998,2190,1.0
1998,2255,1.0
1998,2894,1.0
1998,2959,1.0
1999,1295,1.0
1999,1360,1.0
1999,1615,1.0
1999,1680,1.0
1999,2319,1.0
1999,2384,1.0
1999,2639,1.0
1999,2704,1.0
2000,16,1.0
2000,81,1.0
2000,976,1.0
2000,785,1.0
2000,3088,1.0
2000,3153,1.0
2000,4048,1.0
2000,3857,1.0
2001,401,1.0
2001,466,1.0
2001,721,1.0
2001,530,1.0
2001,3473,1.0
2001,3538,1.0
2001,3793,1.0
2001,3602,1.0
2002,1170,1.0
2002,1235,1.0
2002,1874,1.0
2002,1939,1.0
2002,2194,1.0
2002,2259,1.0
2002,2898,1.0
2002,2963,1.0
2003,1299,1.0
2003,1364,1.0
2003,1619,1.0
2003,1684,1.0
2003,2323,1.0
2003,2388,1.0
2003,2643,1.0
2003,2708,1.0
2004,20,1.0
2004,85,1.0
2004,980,1.0
2004,789,1.0
2004,3092,1.0
2004,3157,1.0
2004,4052,1.0
2004,3861,1.0
2005,405,1.0
2005,470,1.0
2005,725,1.0
2005,534,1.0
2005,3477,1.0
2005,3542,1.0
2005,3797,1.0
2005,3606,1.0
2006,1174,1.0
2006,1239,1.0
2006,1878,1.0
2006,1943,1.0
2006,2198,1.0
2006,2263,1.0
2006,2902,1.0
2006,2967,1.0
2007,1303,1.0
2007,1368,1.0
2007,1623,1.0
2007,1688,1.0
2007,2327,1.0
2007,2392,1.0
2007,2647,1.0
2007,2712,1.0
2008,24,1.0
2008,89,1.0
2008,984,1.0
2008,793,1.0
2008,3096,1.0
2008,3161,1.0
2008,4056,1.0
2008,3865,1.0
2009,409,1.0
2009,474,1.0
2009,729,1.0
2009,538,1.0
2009,3481,1.0
2009,3546,1.0
2009,3801,1.0
2009,3610,1.0
2010,1178,1.0
2010,1243,1.0
2010,1882,1.0
2010,1947,1.0
2010,2202,1.0
2010,2267,1.0
2010,2906,1.0
2010,2971,1.0
2011,1307,1.0
2011,1372,1.0
2011,1627,1.0
2011,1692,1.0
2011,2331,1.0
2011,2396,1.0
2011,2651,1.0
2011,2716,1.0
2012,28,1.0
2012,93,1.0
2012,988,1.0
2012,797,1.0
2012,3100,1.0
2012,3165,1.0
2012,4060,1.0
2012,3869,1.0
2013,413,1.0
2013,478,1.0
2013,733,1.0
2013,542,1.0
2013,3485,1.0
2013,3550,1.0
2013,3805,1.0
2013,3614,1.0
2014,1182,1.0
2014,1247,1.0
2014,1886,1.0
2014,1951,1.0
2014,2206,1.0
2014,2271,1.0
2014,2910,1.0
2014,2975,1.0
2015,1311,1.0
2015,1376,1.0
2015,1631,1.0
2015,1696,1.0
2015,2335,1.0
2015,2400,1.0
2015,2655,1.0
2015,2720,1.0
2016,32,1.0
2016,97,1.0
2016,992,1.0
2016,801,1.0
2016,3104,1.0
2016,3169,1.0
2016,4064,1.0
2016,3873,1.0
2017,417,1.0
2017,482,1.0
2017,737,1.0
2017,546,1.0
2017,3489,1.0
2017,3554,1.0
2017,3809,1.0
2017,3618,1.0
2018,1186,1.0
2018,1251,1.0
2018,1890,1.0
2018,1955,1.0
2018,2210,1.0
2018,2275,1.0
2018,2914,1.0
2018,2979,1.0
2019,1315,1.0
2019,1380,1.0
2019,1635,1.0
2019,1700,1.0
2019,2339,1.0
2019,2404,1.0
2019,2659,1.0
2019,2724,1.0
2020,36,1.0
2020,101,1.0
2020,996,1.0
2020,805,1.0
2020,3108,1.0
2020,3173,1.0
2020,4068,1.0
2020,3877,1.0
2021,421,1.0
2021,486,1.0
2021,741,1.0
2021,550,1.0
2021,3493,1.0
2021,3558,1.0
2021,3813,1.0
2021,3622,1.0
2022,1190,1.0
2022,1255,1.0
2022,1894,1.0
2022,1959,1.0
2022,2214,1.0
2022,2279,1.0
2022,2918,1.0
2022,2983,1.0
2023,1319,1.0
2023,1384,1.0
2023,1639,1.0
2023,1704,1.0
2023,2343,1.0
2023,2408,1.0
2023,2663,1.0
2023,2728,1.0
2024,40,1.0
2024,105,1.0
2024,1000,1.0
2024,809,1.0
2024,3112,1.0
2024,3177,1.0
2024,4072,1.0
2024,3881,1.0
2025,425,1.0
2025,490,1.0
2025,745,1.0
2025,554,1.0
2025,3497,1.0
2025,3562,1.0
2025,3817,1.0
2025,3626,1.0
2026,1194,1.0
2026,1259,1.0
2026,1898,1.0
2026,1963,1.0
2026,2218,1.0
2026,2283,1.0
2026,2922,1.0
2026,2987,1.0
2027,1323,1.0
2027,1388,1.0
2027,1643,1.0
2027,1708,1.0
2027,2347,1.0
2027,2412,1.0
2027,2667,1.0
2027,2732,1.0
2028,44,1.0
2028,109,1.0
2028,1004,1.0
2028,813,1.0
2028,3116,1.0
2028,3181,1.0
2028,4076,1.0
2028,3885,1.0
2029,429,1.0
2029,494,1.0
2029,749,1.0
2029,558,1.0
2029,3501,1.0
2029,3566,1.0
2029,3821,1.0
2029,3630,1.0
2030,1198,1.0
2030,1263,1.0
2030,1902,1.0
2030,1967,1.0
2030,2222,1.0
2030,2287,1.0
2030,2926,1.0
2030,2991,1.0
2031,1327,1.0
2031,1392,1.0
2031,1647,1.0
2031,1712,1.0
2031,2351,1.0
2031,2416,1.0
2031,2671,1.0
2031,2736,1.0
2032,48,1.0
2032,113,1.0
2032,1008,1.0
2032,817,1.0
2032,3120,1.0
2032,3185,1.0
2032,4080,1.0
2032,3889,1.0
2033,433,1.0
2033,498,1.0
2033,753,1.0
2033,562,1.0
2033,3505,1.0
2033,3570,1.0
2033,3825,1.0
2033,3634,1.0
2034,1202,1.0
2034,1267,1.0
2034,1906,1.0
2034,1971,1.0
2034,2226,1.0
2034,2291,1.0
2034,2930,1.0
2034,2995,1.0
2035,1331,1.0
2035,1396,1.0
2035,1651,1.0
2035,1716,1.0
2035,2355,1.0
2035,2420,1.0
2035,2675,1.0
2035,2740,1.0
2036,52,1.0
2036,117,1.0
2036,1012,1.0
2036,821,1.0
2036,3124,1.0
2036,3189,1.0
2036,4084,1.0
2036,3893,1.0
2037,437,1.0
2037,502,1.0
2037,757,1.0
2037,566,1.0
2037,3509,1.0
2037,3574,1.0
2037,3829,1.0
2037,3638,1.0
2038,1206,1.0
2038,1271,1.0
2038,1910,1.0
2038,1975,1.0
2038,2230,1.0
2038,2295,1.0
2038,2934,1.0
2038,2999,1.0
2039,1335,1.0
2039,1400,1.0
2039,1655,1.0
2039,1720,1.0
2039,2359,1.0
2039,2424,1.0
2039,2679,1.0
2039,2744,1.0
2040,56,1.0
2040,121,1.0
2040,1016,1.0
2040,825,1.0
2040,3128,1.0
2040,3193,1.0
2040,4088,1.0
2040,3897,1.0
2041,441,1.0
2041,506,1.0
2041,761,1.0
2041,570,1.0
2041,3513,1.0
2041,3578,1.0
2041,3833,1.0
2041,3642,1.0
2042,1210,1.0
2042,1275,1.0
2042,1914,1.0
2042,1979,1.0
2042,2234,1.0
2042,2299,1.0
2042,2938,1.0
2042,3003,1.0
2043,1339,1.0
2043,1404,1.0
2043,1659,1.0
2043,1724,1.0
2043,2363,1.0
2043,2428,1.0
2043,2683,1.0
2043,2748,1.0
2044,60,1.0
2044,125,1.0
2044,1020,1.0
2044,829,1.0
2044,3132,1.0
2044,3197,1.0
2044,4092,1.0
2044,3901,1.0
2045,445,1.0
2045,510,1.0
2045,765,1.0
2045,574,1.0
2045,3517,1.0
2045,3582,1.0
2045,3837,1.0
2045,3646,1.0
2046,1214,1.0
2046,1279,1.0
2046,1918,1.0
2046,1983,1.0
2046,2238,1.0
2046,2303,1.0
2046,2942,1.0
2046,3007,1.0
2047,1343,1.0
2047,1344,1.0
2047,1663,1.0
2047,1664,1.0
2047,2367,1.0
2047,2368,1.0
2047,2687,1.0
2047,2688,1.0
2048,0,1.0
2048,65,1.0
2048,960,1.0
2048,769,1.0
2048,3072,1.0
2048,3137,1.0
2048,4032,1.0
2048,3841,1.0
2049,385,1.0
2049,450,1.0
2049,705,1.0
2049,514,1.0
2049,3457,1.0
2049,3522,1.0
2049,3777,1.0
2049,3586,1.0
2050,1154,1.0
2050,1219,1.0
2050,1858,1.0
2050,1923,1.0
2050,2178,1.0
2050,2243,1.0
2050,2882,1.0
2050,2947,1.0
2051,1283,1.0
2051,1348,1.0
2051,1603,1.0
2051,1668,1.0
2051,2307,1.0
2051,2372,1.0
2051,2627,1.0
2051,2692,1.0
2052,4,1.0
2052,69,1.0
2052,964,1.0
2052,773,1.0
2052,3076,1.0
2052,3141,1.0
2052,4036,1.0
2052,3845,1.0
2053,389,1.0
2053,454,1.0
2053,709,1.0
2053,518,1.0
2053,3461,1.0
2053,3526,1.0
2053,3781,1.0
2053,3590,1.0
2054,1158,1.0
2054,1223,1.0
2054,1862,1.0
2054,1927,1.0
2054,2182,1.0
2054,2247,1.0
2054,2886,1.0
2054,2951,1.0
2055,1287,1.0
2055,1352,1.0
2055,1607,1.0
2055,1672,1.0
2055,2311,1.0
2055,2376,1.0
2055,2631,1.0
2055,2696,1.0
2056,8,1.0
2056,73,1.0
2056,968,1.0
2056,777,1.0
2056,3080,1.0
2056,3145,1.0
2056,4040,1.0
2056,3849,1.0
2057,393,1.0
2057,458,1.0
2057,713,1.0
2057,522,1.0
2057,3465,1.0
2057,3530,1.0
2057,3785,1.0
2057,3594,1.0
2058,1162,1.0
2058,1227,1.0
2058,1866,1.0
2058,1931,1.0
2058,2186,1.0
2058,2251,1.0
2058,2890,1.0
2058,2955,1.0
2059,1291,1.0
2059,1356,1.0
2059,1611,1.0
2059,1676,1.0
2059,2315,1.0
2059,2380,1.0
2059,2635,1.0
2059,2700,1.0
2060,12,1.0
2060,77,1.0
2060,972,1.0
2060,781,1.0
2060,3084,1.0
2060,3149,1.0
2060,4044,1.0
2060,3853,1.0
2061,397,1.0
2061,462,1.0
2061,717,1.0
2061,526,1.0
2061,3469,1.0
2061,3534,1.0
2061,3789,1.0
2061,3598,1.0
2062,1166,1.0
2062,1231,1.0
2062,1870,1.0
2062,1935,1.0
2062,2190,1.0
2062,2255,1.0
2062,2894,1.0
2062,2959,1.0
2063,1295,1.0
2063,1360,1.0
2063,1615,1.0
2063,1680,1.0
2063,2319,1.0
2063,2384,1.0
2063,2639,1.0
2063,2704,1.0
2064,16,1.0
2064,81,1.0
2064,976,1.0
2064,785,1.0
2064,3088,1.0
2064,3153,1.0
2064,4048,1.0
2064,3857,1.0
2065,401,1.0
2065,466,1.0
2065,721,1.0
2065,530,1.0
2065,3473,1.0
2065,3538,1.0
2065,3793,1.0
2065,3602,1.0
2066,1170,1.0
2066,1235,1.0
2066,1874,1.0
2066,1939,1.0
2066,2194,1.0
2066,2259,1.0
2066,2898,1.0
2066,2963,1.0
2067,1299,1.0
2067,1364,1.0
2067,1619,1.0
2067,1684,1.0
2067,2323,1.0
2067,2388,1.0
2067,2643,1.0
2067,2708,1.0
2068,20,1.0
2068,85,1.0
2068,980,1.0
2068,789,1.0
2068,3092,1.0
2068,3157,1.0
2068,4052,1.0
2068,3861,1.0
2069,405,1.0
2069,470,1.0
2069,725,1.0
2069,534,1.0
2069,3477,1.0
2069,3542,1.0
2069,3797,1.0
2069,3606,1.0
2070,1174,1.0
2070,1239,1.0
2070,1878,1.0
2070,1943,1.0
2070,2198,1.0
2070,2263,1.0
2070,2902,1.0
2070,2967,1.0
2071,1303,1.0
2071,1368,1.0
2071,1623,1.0
2071,1688,1.0
2071,2327,1.0
2071,2392,1.0
2071,2647,1.0
2071,2712,1.0
2072,24,1.0
2072,89,1.0
2072,984,1.0
2072,793,1.0
2072,3096,1.0
2072,3161,1.0
2072,4056,1.0
2072,3865,1.0
2073,409,1.0
2073,474,1.0
2073,729,1.0
2073,538,1.0
2073,3481,1.0
2073,3546,1.0
2073,3801,1.0
2073,3610,1.0
2074,1178,1.0
2074,1243,1.0
2074,1882,1.0
2074,1947,1.0
2074,2202,1.0
2074,2267,1.0
2074,2906,1.0
2074,2971,1.0
2075,1307,1.0
2075,1372,1.0
2075,1627,1.0
2075,1692,1.0
2075,2331,1.0
2075,2396,1.0
2075,2651,1.0
2075,2716,1.0
2076,28,1.0
2076,93,1.0
2076,988,1.0
2076,797,1.0
2076,3100,1.0
2076,3165,1.0
2076,4060,1.0
2076,3869,1.0
2077,413,1.0
2077,478,1.0
2077,733,1.0
2077,542,1.0
2077,3485,1.0
2077,3550,1.0
2077,3805,1.0
2077,3614,1.0
2078,1182,1.0
2078,1247,1.0
2078,1886,1.0
2078,1951,1.0
2078,2206,1.0
2078,2271,1.0
2078,2910,1.0
2078,2975,1.0
2079,1311,1.0
2079,1376,1.0
2079,1631,1.0
2079,1696,1.0
2079,2335,1.0
2079,2400,1.0
2079,2655,1.0
2079,2720,1.0
2080,32,1.0
2080,97,1.0
2080,992,1.0
2080,801,1.0
2080,3104,1.0
2080,3169,1.0
2080,4064,1.0
2080,3873,1.0
2081,417,1.0
2081,482,1.0
2081,737,1.0
2081,546,1.0
2081,3489,1.0
2081,3554,1.0
2081,3809,1.0
2081,3618,1.0
2082,1186,1.0
2082,1251,1.0
2082,1890,1.0
2082,1955,1.0
2082,2210,1.0
2082,2275,1.0
2082,2914,1.0
2082,2979,1.0
2083,1315,1.0
2083,1380,1.0
2083,1635,1.0
2083,1700,1.0
2083,2339,1.0
2083,2404,1.0
2083,2659,1.0
2083,2724,1.0
2084,36,1.0
2084,101,1.0
2084,996,1.0
2084,805,1.0
2084,3108,1.0
2084,3173,1.0
2084,4068,1.0
2084,3877,1.0
2085,421,1.0
2085,486,1.0
2085,741,1.0
2085,550,1.0
2085,3493,1.0
2085,3558,1.0
2085,3813,1.0
2085,3622,1.0
2086,1190,1.0
2086,1255,1.0
2086,1894,1.0
2086,1959,1.0
2086,2214,1.0
2086,2279,1.0
2086,2918,1.0
2086,2983,1.0
2087,1319,1.0
2087,1384,1.0
2087,1639,1.0
2087,1704,1.0
2087,2343,1.0
2087,2408,1.0
2087,2663,1.0
2087,2728,1.0
2088,40,1.0
2088,105,1.0
2088,1000,1.0
2088,809,1.0
2088,3112,1.0
2088,3177,1.0
2088,4072,1.0
2088,3881,1.0
2089,425,1.0
2089,490,1.0
2089,745,1.0
2089,554,1.0
2089,3497,1.0
2089,3562,1.0
2089,3817,1.0
2089,3626,1.0
2090,1194,1.0
2090,1259,1.0
2090,1898,1.0
2090,1963,1.0
2090,2218,1.0
2090,2283,1.0
2090,2922,1.0
2090,2987,1.0
2091,1323,1.0
2091,1388,1.0
2091,1643,1.0
2091,1708,1.0
2091,2347,1.0
2091,2412,1.0
2091,2667,1.0
2091,2732,1.0
2092,44,1.0
2092,109,1.0
2092,1004,1.0
2092,813,1.0
2092,3116,1.0
2092,3181,1.0
2092,4076,1.0
2092,3885,1.0
2093,429,1.0
2093,494,1.0
2093,749,1.0
2093,558,1.0
2093,3501,1.0
2093,3566,1.0
2093,3821,1.0
2093,3630,1.0
2094,1198,1.0
2094,1263,1.0
2094,1902,1.0
2094,1967,1.0
2094,2222,1.0
2094,2287,1.0
2094,2926,1.0
2094,2991,1.0
2095,1327,1.0
2095,1392,1.0
2095,1647,1.0
2095,1712,1.0
2095,2351,1.0
2095,2416,1.0
2095,2671,1.0
2095,2736,1.0
2096,48,1.0
2096,113,1.0
2096,1008,1.0
2096,817,1.0
2096,3120,1.0
2096,3185,1.0
2096,4080,1.0
2096,3889,1.0
2097,433,1.0
2097,498,1.0
2097,753,1.0
2097,562,1.0
2097,3505,1.0
2097,3570,1.0
2097,3825,1.0
2097,3634,1.0
2098,1202,1.0
2098,1267,1.0
2098,1906,1.0
2098,1971,1.0
2098,2226,1.0
2098,2291,1.0
2098,2930,1.0
2098,2995,1.0
2099,1331,1.0
2099,1396,1.0
2099,1651,1.0
2099,1716,1.0
2099,2355,1.0
2099,2420,1.0
2099,2675,1.0
2099,2740,1.0
2100,52,1.0
2100,117,1.0
2100,1012,1.0
2100,821,1.0
2100,3124,1.0
2100,3189,1.0
2100,4084,1.0
2100,3893,1.0
2101,437,1.0
2101,502,1.0
2101,757,1.0
2101,566,1.0
2101,3509,1.0
2101,3574,1.0
2101,3829,1.0
2101,3638,1.0
2102,1206,1.0
2102,1271,1.0
2102,1910,1.0
2102,1975,1.0
2102,2230,1.0
2102,2295,1.0
2102,2934,1.0
2102,2999,1.0
2103,1335,1.0
2103,1400,1.0
2103,1655,1.0
2103,1720,1.0
2103,2359,1.0
2103,2424,1.0
2103,2679,1.0
2103,2744,1.0
2104,56,1.0
2104,121,1.0
2104,1016,1.0
2104,825,1.0
2104,3128,1.0
2104,3193,1.0
2104,4088,1.0
2104,3897,1.0
2105,441,1.0
2105,506,1.0
2105,761,1.0
2105,570,1.0
2105,3513,1.0
2105,3578,1.0
2105,3833,1.0
2105,3642,1.0
2106,1210,1.0
2106,1275,1.0
2106,1914,1.0
2106,1979,1.0
2106,2234,1.0
2106,2299,1.0
2106,2938,1.0
2106,3003,1.0
2107,1339,1.0
2107,1404,1.0
2107,1659,1.0
2107,1724,1.0
2107,2363,1.0
2107,2428,1.0
2107,2683,1.0
2107,2748,1.0
2108,60,1.0
2108,125,1.0
2108,1020,1.0
2108,829,1.0
2108,3132,1.0
2108,3197,1.0
2108,4092,1.0
2108,3901,1.0
2109,445,1.0
2109,510,1.0
2109,765,1.0
2109,574,1.0
2109,3517,1.0
2109,3582,1.0
2109,3837,1.0
2109,3646,1.0
2110,1214,1.0
2110,1279,1.0
2110,1918,1.0
2110,1983,1.0
2110,2238,1.0
2110,2303,1.0
2110,2942,1.0
2110,3007,1.0
2111,1343,1.0
2111,1344,1.0
2111,1663,1.0
2111,1664,1.0
2111,2367,1.0
2111,2368,1.0
2111,2687,1.0
2111,2688,1.0
2112,0,1.0
2112,65,1.0
2112,960,1.0
2112,769,1.0
2112,3072,1.0
2112,3137,1.0
2112,4032,1.0
2112,3841,1.0
2113,385,1.0
2113,450,1.0
2113,705,1.0
2113,514,1.0
2113,3457,1.0
2113,3522,1.0
2113,3777,1.0
2113,3586,1.0
2114,1154,1.0
2114,1219,1.0
2114,1858,1.0
2114,1923,1.0
2114,2178,1.0
2114,2243,1.0
2114,2882,1.0
2114,2947,1.0
2115,1283,1.0
2115,1348,1.0
2115,1603,1.0
2115,1668,1.0
2115,2307,1.0
2115,2372,1.0
2115,2627,1.0
2115,2692,1.0
2116,4,1.0
2116,69,1.0
2116,964,1.0
2116,773,1.0
2116,3076,1.0
2116,3141,1.0
2116,4036,1.0
2116,3845,1.0
2117,389,1.0
2117,454,1.0
2117,709,1.0
2117,518,1.0
2117,3461,1.0
2117,3526,1.0
2117,3781,1.0
2117,3590,1.0
2118,1158,1.0
2118,1223,1.0
2118,1862,1.0
2118,1927,1.0
2118,2182,1.0
2118,2247,1.0
2118,2886,1.0
2118,2951,1.0
2119,1287,1.0
2119,1352,1.0
2119,1607,1.0
2119,1672,1.0
2119,2311,1.0
2119,2376,1.0
2119,2631,1.0
2119,2696,1.0
2120,8,1.0
2120,73,1.0
2120,968,1.0
2120,777,1.0
2120,3080,1.0
2120,3145,1.0
2120,4040,1.0
2120,3849,1.0
2121,393,1.0
2121,458,1.0
2121,713,1.0
2121,522,1.0
2121,3465,1.0
2121,3530,1.0
2121,3785,1.0
2121,3594,1.0
2122,1162,1.0
2122,1227,1.0
2122,1866,1.0
2122,1931,1.0
2122,2186,1.0
2122,2251,1.0
2122,2890,1.0
2122,2955,1.0
2123,1291,1.0
2123,1356,1.0
2123,1611,1.0
2123,1676,1.0
2123,2315,1.0
2123,2380,1.0
2123,2635,1.0
2123,2700,1.0
2124,12,1.0
2124,77,1.0
2124,972,1.0
2124,781,1.0
2124,3084,1.0
2124,3149,1.0
2124,4044,1.0
2124,3853,1.0
2125,397,1.0
2125,462,1.0
2125,717,1.0
2125,526,1.0
2125,3469,1.0
2125,3534,1.0
2125,3789,1.0
2125,3598,1.0
2126,1166,1.0
2126,1231,1.0
2126,1870,1.0
2126,1935,1.0
2126,2190,1.0
2126,2255,1.0
2126,2894,1.0
2126,2959,1.0
2127,1295,1.0
2127,1360,1.0
2127,1615,1.0
2127,1680,1.0
2127,2319,1.0
2127,2384,1.0
2127,2639,1.0
2127,2704,1.0
2128,16,1.0
2128,81,1.0
2128,976,1.0
2128,785,1.0
2128,3088,1.0
2128,3153,1.0
2128,4048,1.0
2128,3857,1.0
2129,401,1.0
2129,466,1.0
2129,721,1.0
2129,530,1.0
2129,3473,1.0
2129,3538,1.0
2129,3793,1.0
2129,3602,1.0
2130,1170,1.0
2130,1235,1.0
2130,1874,1.0
2130,1939,1.0
2130,2194,1.0
2130,2259,1.0
2130,2898,1.0
2130,2963,1.0
2131,1299,1.0
2131,1364,1.0
2131,1619,1.0
2131,1684,1.0
2131,2323,1.0
2131,2388,1.0
2131,2643,1.0
2131,2708,1.0
2132,20,1.0
2132,85,1.0
2132,980,1.0
2132,789,1.0
2132,3092,1.0
2132,3157,1.0
2132,4052,1.0
2132,3861,1.0
2133,405,1.0
2133,470,1.0
2133,725,1.0
2133,534,1.0
2133,3477,1.0
2133,3542,1.0
2133,3797,1.0
2133,3606,1.0
2134,1174,1.0
2134,1239,1.0
2134,1878,1.0
2134,1943,1.0
2134,2198,1.0
2134,2263,1.0
2134,2902,1.0
2134,2967,1.0
2135,1303,1.0
2135,1368,1.0
2135,1623,1.0
2135,1688,1.0
2135,2327,1.0
2135,2392,1.0
2135,2647,1.0
2135,2712,1.0
2136,24,1.0
2136,89,1.0
2136,984,1.0
2136,793,1.0
2136,3096,1.0
2136,3161,1.0
2136,4056,1.0
2136,3865,1.0
2137,409,1.0
2137,474,1.0
2137,729,1.0
2137,538,1.0
2137,3481,1.0
2137,3546,1.0
2137,3801,1.0
2137,3610,1.0
2138,1178,1.0
2138,1243,1.0
2138,1882,1.0
2138,1947,1.0
2138,2202,1.0
2138,2267,1.0
2138,2906,1.0
2138,2971,1.0
2139,1307,1.0
2139,1372,1.0
2139,1627,1.0
2139,1692,1.0
2139,2331,1.0
2139,2396,1.0
2139,2651,1.0
2139,2716,1.0
2140,28,1.0
2140,93,1.0
2140,988,1.0
2140,797,1.0
2140,3100,1.0
2140,3165,1.0
2140,4060,1.0
2140,3869,1.0
2141,413,1.0
2141,478,1.0
2141,733,1.0
2141,542,1.0
2141,3485,1.0
2141,3550,1.0
2141,3805,1.0
2141,3614,1.0
2142,1182,1.0
2142,1247,1.0
2142,1886,1.0
2142,1951,1.0
2142,2206,1.0
2142,2271,1.0
2142,2910,1.0
2142,2975,1.0
2143,1311,1.0
2143,1376,1.0
2143,1631,1.0
2143,1696,1.0
2143,2335,1.0
2143,2400,1.0
2143,2655,1.0
2143,2720,1.0
2144,32,1.0
2144,97,1.0
2144,992,1.0
2144,801,1.0
2144,3104,1.0
2144,3169,1.0
2144,4064,1.0
2144,3873,1.0
2145,417,1.0
2145,482,1.0
2145,737,1.0
2145,546,1.0
2145,3489,1.0
2145,3554,1.0
2145,3809,1.0
2145,3618,1.0
2146,1186,1.0
2146,1251,1.0
2146,1890,1.0
2146,1955,1.0
2146,2210,1.0
2146,2275,1.0
2146,2914,1.0
2146,2979,1.0
2147,1315,1.0
2147,1380,1.0
2147,1635,1.0
2147,1700,1.0
2147,2339,1.0
2147,2404,1.0
2147,2659,1.0
2147,2724,1.0
2148,36,1.0
2148,101,1.0
2148,996,1.0
2148,805,1.0
2148,3108,1.0
2148,3173,1.0
2148,4068,1.0
2148,3877,1.0
2149,421,1.0
2149,486,1.0
2149,741,1.0
2149,550,1.0
2149,3493,1.0
2149,3558,1.0
2149,3813,1.0
2149,3622,1.0
2150,1190,1.0
2150,1255,1.0
2150,1894,1.0
2150,1959,1.0
2150,2214,1.0
2150,2279,1.0
2150,2918,1.0
2150,2983,1.0
2151,1319,1.0
2151,1384,1.0
2151,1639,1.0
2151,1704,1.0
2151,2343,1.0
2151,2408,1.0
2151,2663,1.0
2151,2728,1.0
2152,40,1.0
2152,105,1.0
2152,1000,1.0
2152,809,1.0
2152,3112,1.0
2152,3177,1.0
2152,4072,1.0
2152,3881,1.0
2153,425,1.0
2153,490,1.0
2153,745,1.0
2153,554,1.0
2153,3497,1.0
2153,3562,1.0
2153,3817,1.0
2153,3626,1.0
2154,1194,1.0
2154,1259,1.0
2154,1898,1.0
2154,1963,1.0
2154,2218,1.0
2154,2283,1.0
2154,2922,1.0
2154,2987,1.0
2155,1323,1.0
2155,1388,1.0
2155,1643,1.0
2155,1708,1.0
2155,2347,1.0
2155,2412,1.0
2155,2667,1.0
2155,2732,1.0
2156,44,1.0
2156,109,1.0
2156,1004,1.0
2156,813,1.0
2156,3116,1.0
2156,3181,1.0
2156,4076,1.0
2156,3885,1.0
2157,429,1.0
2157,494,1.0
2157,749,1.0
2157,558,1.0
2157,3501,1.0
2157,3566,1.0
2157,3821,1.0
2157,3630,1.0
2158,1198,1.0
2158,1263,1.0
2158,1902,1.0
2158,1967,1.0
2158,2222,1.0
2158,2287,1.0
2158,2926,1.0
2158,2991,1.0
2159,1327,1.0
2159,1392,1.0
2159,1647,1.0
2159,1712,1.0
2159,2351,1.0
2159,2416,1.0
2159,2671,1.0
2159,2736,1.0
2160,48,1.0
2160,113,1.0
2160,1008,1.0
2160,817,1.0
2160,3120,1.0
2160,3185,1.0
2160,4080,1.0
2160,3889,1.0
2161,433,1.0
2161,498,1.0
2161,753,1.0
2161,562,1.0
2161,3505,1.0
2161,3570,1.0
2161,3825,1.0
2161,3634,1.0
2162,1202,1.0
2162,1267,1.0
2162,1906,1.0
2162,1971,1.0
2162,2226,1.0
2162,2291,1.0
2162,2930,1.0
2162,2995,1.0
2163,1331,1.0
2163,1396,1.0
2163,1651,1.0
2163,1716,1.0
2163,2355,1.0
2163,2420,1.0
2163,2675,1.0
2163,2740,1.0
2164,52,1.0
2164,117,1.0
2164,1012,1.0
2164,821,1.0
2164,3124,1.0
2164,3189,1.0
2164,4084,1.0
2164,3893,1.0
2165,437,1.0
2165,502,1.0
2165,757,1.0
2165,566,1.0
2165,3509,1.0
2165,3574,1.0
2165,3829,1.0
2165,3638,1.0
2166,1206,1.0
2166,1271,1.0
2166,1910,1.0
2166,1975,1.0
2166,2230,1.0
2166,2295,1.0
2166,2934,1.0
2166,2999,1.0
2167,1335,1.0
2167,1400,1.0
2167,1655,1.0
2167,1720,1.0
2167,2359,1.0
2167,2424,1.0
2167,2679,1.0
2167,2744,1.0
2168,56,1.0
2168,121,1.0
2168,1016,1.0
2168,825,1.0
2168,3128,1.0
2168,3193,1.0
2168,4088,1.0
2168,3897,1.0
2169,441,1.0
2169,506,1.0
2169,761,1.0
2169,570,1.0
2169,3513,1.0
2169,3578,1.0
2169,3833,1.0
2169,3642,1.0
2170,1210,1.0
2170,1275,1.0
2170,1914,1.0
2170,1979,1.0
2170,2234,1.0
2170,2299,1.0
2170,2938,1.0
2170,3003,1.0
2171,1339,1.0
2171,1404,1.0
2171,1659,1.0
2171,1724,1.0
2171,2363,1.0
2171,2428,1.0
2171,2683,1.0
2171,2748,1.0
2172,60,1.0
2172,125,1.0
2172,1020,1.0
2172,829,1.0
2172,3132,1.0
2172,3197,1.0
2172,4092,1.0
2172,3901,1.0
2173,445,1.0
2173,510,1.0
2173,765,1.0
2173,574,1.0
2173,3517,1.0
2173,3582,1.0
2173,3837,1.0
2173,3646,1.0
2174,1214,1.0
2174,1279,1.0
2174,1918,1.0
2174,1983,1.0
2174,2238,1.0
2174,2303,1.0
2174,2942,1.0
2174,3007,1.0
2175,1343,1.0
2175,1344,1.0
2175,1663,1.0
2175,1664,1.0
2175,2367,1.0
2175,2368,1.0
2175,2687,1.0
2175,2688,1.0
2176,0,1.0
2176,65,1.0
2176,960,1.0
2176,769,1.0
2176,3072,1.0
2176,3137,1.0
2176,4032,1.0
2176,3841,1.0
2177,385,1.0
2177,450,1.0
2177,705,1.0
2177,514,1.0
2177,3457,1.0
2177,3522,1.0
2177,3777,1.0
2177,3586,1.0
2178,1154,1.0
2178,1219,1.0
2178,1858,1.0
2178,1923,1.0
2178,2178,1.0
2178,2243,1.0
2178,2882,1.0
2178,2947,1.0
2179,1283,1.0
2179,1348,1.0
2179,1603,1.0
2179,1668,1.0
2179,2307,1.0
2179,2372,1.0
2179,2627,1.0
2179,2692,1.0
2180,4,1.0
2180,69,1.0
2180,964,1.0
2180,773,1.0
2180,3076,1.0
2180,3141,1.0
2180,4036,1.0
2180,3845,1.0
2181,389,1.0
2181,454,1.0
2181,709,1.0
2181,518,1.0
2181,3461,1.0
2181,3526,1.0
2181,3781,1.0
2181,3590,1.0
2182,1158,1.0
2182,1223,1.0
2182,1862,1.0
2182,1927,1.0
2182,2182,1.0
2182,2247,1.0
2182,2886,1.0
2182,2951,1.0
2183,1287,1.0
2183,1352,1.0
2183,1607,1.0
2183,1672,1.0
2183,2311,1.0
2183,2376,1.0
2183,2631,1.0
2183,2696,1.0
2184,8,1.0
2184,73,1.0
2184,968,1.0
2184,777,1.0
2184,3080,1.0
2184,3145,1.0
2184,4040,1.0
2184,3849,1.0
2185,393,1.0
2185,458,1.0
2185,713,1.0
2185,522,1.0
2185,3465,1.0
2185,3530,1.0
2185,3785,1.0
2185,3594,1.0
2186,1162,1.0
2186,1227,1.0
2186,1866,1.0
2186,1931,1.0
2186,2186,1.0
2186,2251,1.0
2186,2890,1.0
2186,2955,1.0
2187,1291,1.0
2187,1356,1.0
2187,1611,1.0
2187,1676,1.0
2187,2315,1.0
2187,2380,1.0
2187,2635,1.0
2187,2700,1.0
2188,12,1.0
2188,77,1.0
2188,972,1.0
2188,781,1.0
2188,3084,1.0
2188,3149,1.0
2188,4044,1.0
2188,3853,1.0
2189,397,1.0
2189,462,1.0
2189,717,1.0
2189,526,1.0
2189,3469,1.0
2189,3534,1.0
2189,3789,1.0
2189,3598,1.0
2190,1166,1.0
2190,1231,1.0
2190,1870,1.0
2190,1935,1.0
2190,2190,1.0
2190,2255,1.0
2190,2894,1.0
2190,2959,1.0
2191,1295,1.0
2191,1360,1.0
2191,1615,1.0
2191,1680,1.0
2191,2319,1.0
2191,2384,1.0
2191,2639,1.0
2191,2704,1.0
2192,16,1.0
2192,81,1.0
2192,976,1.0
2192,785,1.0
2192,3088,1.0
2192,3153,1.0
2192,4048,1.0
2192,3857,1.0
2193,401,1.0
2193,466,1.0
2193,721,1.0
2193,530,1.0
2193,3473,1.0
2193,3538,1.0
2193,3793,1.0
2193,3602,1.0
2194,1170,1.0
2194,1235,1.0
2194,1874,1.0
2194,1939,1.0
2194,2194,1.0
2194,2259,1.0
2194,2898,1.0
2194,2963,1.0
2195,1299,1.0
2195,1364,1.0
2195,1619,1.0
2195,1684,1.0
2195,2323,1.0
2195,2388,1.0
2195,2643,1.0
2195,2708,1.0
2196,20,1.0
2196,85,1.0
2196,980,1.0
2196,789,1.0
2196,3092,1.0
2196,3157,1.0
2196,4052,1.0
2196,3861,1.0
2197,405,1.0
2197,470,1.0
2197,725,1.0
2197,534,1.0
2197,3477,1.0
2197,3542,1.0
2197,3797,1.0
2197,3606,1.0
2198,1174,1.0
2198,1239,1.0
2198,1878,1.0
2198,1943,1.0
2198,2198,1.0
2198,2263,1.0
2198,2902,1.0
2198,2967,1.0
2199,1303,1.0
2199,1368,1.0
2199,1623,1.0
2199,1688,1.0
2199,2327,1.0
2199,2392,1.0
2199,2647,1.0
2199,2712,1.0
2200,24,1.0
2200,89,1.0
2200,984,1.0
2200,793,1.0
2200,3096,1.0
2200,3161,1.0
2200,4056,1.0
2200,3865,1.0
2201,409,1.0
2201,474,1.0
2201,729,1.0
2201,538,1.0
2201,3481,1.0
2201,3546,1.0
2201,3801,1.0
2201,3610,1.0
2202,1178,1.0
2202,1243,1.0
2202,1882,1.0
2202,1947,1.0
2202,2202,1.0
2202,2267,1.0
2202,2906,1.0
2202,2971,1.0
2203,1307,1.0
2203,1372,1.0
2203,1627,1.0
2203,1692,1.0
2203,2331,1.0
2203,2396,1.0
2203,2651,1.0
2203,2716,1.0
2204,28,1.0
2204,93,1.0
2204,988,1.0
2204,797,1.0
2204,3100,1.0
2204,3165,1.0
2204,4060,1.0
2204,3869,1.0
2205,413,1.0
2205,478,1.0
2205,733,1.0
2205,542,1.0
2205,3485,1.0
2205,3550,1.0
2205,3805,1.0
2205,3614,1.0
2206,1182,1.0
2206,1247,1.0
2206,1886,1.0
2206,1951,1.0
2206,2206,1.0
2206,2271,1.0
2206,2910,1.0
2206,2975,1.0
2207,1311,1.0
2207,1376,1.0
2207,1631,1.0
2207,1696,1.0
2207,2335,1.0
2207,2400,1.0
2207,2655,1.0
2207,2720,1.0
2208,32,1.0
2208,97,1.0
2208,992,1.0
2208,801,1.0
2208,3104,1.0
2208,3169,1.0
2208,4064,1.0
2208,3873,1.0
2209,417,1.0
2209,482,1.0
2209,737,1.0
2209,546,1.0
2209,3489,1.0
2209,3554,1.0
2209,3809,1.0
2209,3618,1.0
2210,1186,1.0
2210,1251,1.0
2210,1890,1.0
2210,1955,1.0
2210,2210,1.0
2210,2275,1.0
2210,2914,1.0
2210,2979,1.0
2211,1315,1.0
2211,1380,1.0
2211,1635,1.0
2211,1700,1.0
2211,2339,1.0
2211,2404,1.0
2211,2659,1.0
2211,2724,1.0
2212,36,1.0
2212,101,1.0
2212,996,1.0
2212,805,1.0
2212,3108,1.0
2212,3173,1.0
2212,4068,1.0
2212,3877,1.0
2213,421,1.0
2213,486,1.0
2213,741,1.0
2213,550,1.0
2213,3493,1.0
2213,3558,1.0
2213,3813,1.0
2213,3622,1.0
2214,1190,1.0
2214,1255,1.0
2214,1894,1.0
2214,1959,1.0
2214,2214,1.0
2214,2279,1.0
2214,2918,1.0
2214,2983,1.0
2215,1319,1.0
2215,1384,1.0
2215,1639,1.0
2215,1704,1.0
2215,2343,1.0
2215,2408,1.0
2215,2663,1.0
2215,2728,1.0
2216,40,1.0
2216,105,1.0
2216,1000,1.0
2216,809,1.0
2216,3112,1.0
2216,3177,1.0
2216,4072,1.0
2216,3881,1.0
2217,425,1.0
2217,490,1.0
2217,745,1.0
2217,554,1.0
2217,3497,1.0
2217,3562,1.0
2217,3817,1.0
2217,3626,1.0
2218,1194,1.0
2218,1259,1.0
2218,1898,1.0
2218,1963,1.0
2218,2218,1.0
2218,2283,1.0
2218,2922,1.0
2218,2987,1.0
2219,1323,1.0
2219,1388,1.0
2219,1643,1.0
2219,1708,1.0
2219,2347,1.0
2219,2412,1.0
2219,2667,1.0
2219,2732,1.0
2220,44,1.0
2220,109,1.0
2220,1004,1.0
2220,813,1.0
2220,3116,1.0
2220,3181,1.0
2220,4076,1.0
2220,3885,1.0
2221,429,1.0
2221,494,1.0
2221,749,1.0
2221,558,1.0
2221,3501,1.0
2221,3566,1.0
2221,3821,1.0
2221,3630,1.0
2222,1198,1.0
2222,1263,1.0
2222,1902,1.0
2222,1967,1.0
2222,2222,1.0
2222,2287,1.0
2222,2926,1.0
2222,2991,1.0
2223,1327,1.0
2223,1392,1.0
2223,1647,1.0
2223,1712,1.0
2223,2351,1.0
2223,2416,1.0
2223,2671,1.0
2223,2736,1.0
2224,48,1.0
2224,113,1.0
2224,1008,1.0
2224,817,1.0
2224,3120,1.0
2224,3185,1.0
2224,4080,1.0
2224,3889,1.0
2225,433,1.0
2225,498,1.0
2225,753,1.0
2225,562,1.0
2225,3505,1.0
2225,3570,1.0
2225,3825,1.0
2225,3634,1.0
2226,1202,1.0
2226,1267,1.0
2226,1906,1.0
2226,1971,1.0
2226,2226,1.0
2226,2291,1.0
2226,2930,1.0
2226,2995,1.0
2227,1331,1.0
2227,1396,1.0
2227,1651,1.0
2227,1716,1.0
2227,2355,1.0
2227,2420,1.0
2227,2675,1.0
2227,2740,1.0
2228,52,1.0
2228,117,1.0
2228,1012,1.0
2228,821,1.0
2228,3124,1.0
2228,3189,1.0
2228,4084,1.0
2228,3893,1.0
2229,437,1.0
2229,502,1.0
2229,757,1.0
2229,566,1.0
2229,3509,1.0
2229,3574,1.0
2229,3829,1.0
2229,3638,1.0
2230,1206,1.0
2230,1271,1.0
2230,1910,1.0
2230,1975,1.0
2230,2230,1.0
2230,2295,1.0
2230,2934,1.0
2230,2999,1.0
2231,1335,1.0
2231,1400,1.0
2231,1655,1.0
2231,1720,1.0
2231,2359,1.0
2231,2424,1.0
2231,2679,1.0
2231,2744,1.0
2232,56,1.0
2232,121,1.0
2232,1016,1.0
2232,825,1.0
2232,3128,1.0
2232,3193,1.0
2232,4088,1.0
2232,3897,1.0
2233,441,1.0
2233,506,1.0
2233,761,1.0
2233,570,1.0
2233,3513,1.0
2233,3578,1.0
2233,3833,1.0
2233,3642,1.0
2234,1210,1.0
2234,1275,1.0
2234,1914,1.0
2234,1979,1.0
2234,2234,1.0
2234,2299,1.0
2234,2938,1.0
2234,3003,1.0
2235,1339,1.0
2235,1404,1.0
2235,1659,1.0
2235,1724,1.0
2235,2363,1.0
2235,2428,1.0
2235,2683,1.0
2235,2748,1.0
2236,60,1.0
2236,125,1.0
2236,1020,1.0
2236,829,1.0
2236,3132,1.0
2236,3197,1.0
2236,4092,1.0
2236,3901,1.0
2237,445,1.0
2237,510,1.0
2237,765,1.0
2237,574,1.0
2237,3517,1.0
2237,3582,1.0
2237,3837,1.0
2237,3646,1.0
2238,1214,1.0
2238,1279,1.0
2238,1918,1.0
2238,1983,1.0
2238,2238,1.0
2238,2303,1.0
2238,2942,1.0
2238,3007,1.0
2239,1343,1.0
2239,1344,1.0
2239,1663,1.0
2239,1664,1.0
2239,2367,1.0
2239,2368,1.0
2239,2687,1.0
2239,2688,1.0
2240,0,1.0
2240,65,1.0
2240,960,1.0
2240,769,1.0
2240,3072,1.0
2240,3137,1.0
2240,4032,1.0
2240,3841,1.0
2241,385,1.0
2241,450,1.0
2241,705,1.0
2241,514,1.0
2241,3457,1.0
2241,3522,1.0
2241,3777,1.0
2241,3586,1.0
2242,1154,1.0
2242,1219,1.0
2242,1858,1.0
2242,1923,1.0
2242,2178,1.0
2242,2243,1.0
2242,2882,1.0
2242,2947,1.0
2243,1283,1.0
2243,1348,1.0
2243,1603,1.0
2243,1668,1.0
2243,2307,1.0
2243,2372,1.0
2243,2627,1.0
2243,2692,1.0
2244,4,1.0
2244,69,1.0
2244,964,1.0
2244,773,1.0
2244,3076,1.0
2244,3141,1.0
2244,4036,1.0
2244,3845,1.0
2245,389,1.0
2245,454,1.0
2245,709,1.0
2245,518,1.0
2245,3461,1.0
2245,3526,1.0
2245,3781,1.0
2245,3590,1.0
2246,1158,1.0
2246,1223,1.0
2246,1862,1.0
2246,1927,1.0
2246,2182,1.0
2246,2247,1.0
2246,2886,1.0
2246,2951,1.0
2247,1287,1.0
2247,1352,1.0
2247,1607,1.0
2247,1672,1.0
2247,2311,1.0
2247,2376,1.0
2247,2631,1.0
2247,2696,1.0
2248,8,1.0
2248,73,1.0
2248,968,1.0
2248,777,1.0
2248,3080,1.0
2248,3145,1.0
2248,4040,1.0
2248,3849,1.0
2249,393,1.0
2249,458,1.0
2249,713,1.0
2249,522,1.0
2249,3465,1.0
2249,3530,1.0
2249,3785,1.0
2249,3594,1.0
2250,1162,1.0
2250,1227,1.0
2250,1866,1.0
2250,1931,1.0
2250,2186,1.0
2250,2251,1.0
2250,2890,1.0
2250,2955,1.0
2251,1291,1.0
2251,1356,1.0
2251,1611,1.0
2251,1676,1.0
2251,2315,1.0
2251,2380,1.0
2251,2635,1.0
2251,2700,1.0
2252,12,1.0
2252,77,1.0
2252,972,1.0
2252,781,1.0
2252,3084,1.0
2252,3149,1.0
2252,4044,1.0
2252,3853,1.0
2253,397,1.0
2253,462,1.0
2253,717,1.0
2253,526,1.0
2253,3469,1.0
2253,3534,1.0
2253,3789,1.0
2253,3598,1.0
2254,1166,1.0
2254,1231,1.0
2254,1870,1.0
2254,1935,1.0
2254,2190,1.0
2254,2255,1.0
2254,2894,1.0
2254,2959,1.0
2255,1295,1.0
2255,1360,1.0
2255,1615,1.0
2255,1680,1.0
2255,2319,1.0
2255,2384,1.0
2255,2639,1.0
2255,2704,1.0
2256,16,1.0
2256,81,1.0
2256,976,1.0
2256,785,1.0
2256,3088,1.0
2256,3153,1.0
2256,4048,1.0
2256,3857,1.0
2257,401,1.0
2257,466,1.0
2257,721,1.0
2257,530,1.0
2257,3473,1.0
2257,3538,1.0
2257,3793,1.0
2257,3602,1.0
2258,1170,1.0
2258,1235,1.0
2258,1874,1.0
2258,1939,1.0
2258,2194,1.0
2258,2259,1.0
2258,2898,1.0
2258,2963,1.0
2259,1299,1.0
2259,1364,1.0
2259,1619,1.0
2259,1684,1.0
2259,2323,1.0
2259,2388,1.0
2259,2643,1.0
2259,2708,1.0
2260,20,1.0
2260,85,1.0
2260,980,1.0
2260,789,1.0
2260,3092,1.0
2260,3157,1.0
2260,4052,1.0
2260,3861,1.0
2261,405,1.0
2261,470,1.0
2261,725,1.0
2261,534,1.0
2261,3477,1.0
2261,3542,1.0
2261,3797,1.0
2261,3606,1.0
2262,1174,1.0
2262,1239,1.0
2262,1878,1.0
2262,1943,1.0
2262,2198,1.0
2262,2263,1.0
2262,2902,1.0
2262,2967,1.0
2263,1303,1.0
2263,1368,1.0
2263,1623,1.0
2263,1688,1.0
2263,2327,1.0
2263,2392,1.0
2263,2647,1.0
2263,2712,1.0
2264,24,1.0
2264,89,1.0
2264,984,1.0
2264,793,1.0
2264,3096,1.0
2264,3161,1.0
2264,4056,1.0
2264,3865,1.0
2265,409,1.0
2265,474,1.0
2265,729,1.0
2265,538,1.0
2265,3481,1.0
2265,3546,1.0
2265,3801,1.0
2265,3610,1.0
2266,1178,1.0
2266,1243,1.0
2266,1882,1.0
2266,1947,1.0
2266,2202,1.0
2266,2267,1.0
2266,2906,1.0
2266,2971,1.0
2267,1307,1.0
2267,1372,1.0
2267,1627,1.0
2267,1692,1.0
2267,2331,1.0
2267,2396,1.0
2267,2651,1.0
2267,2716,1.0
2268,28,1.0
2268,93,1.0
2268,988,1.0
2268,797,1.0
2268,3100,1.0
2268,3165,1.0
2268,4060,1.0
2268,3869,1.0
2269,413,1.0
2269,478,1.0
2269,733,1.0
2269,542,1.0
2269,3485,1.0
2269,3550,1.0
2269,3805,1.0
2269,3614,1.0
2270,1182,1.0
2270,1247,1.0
2270,1886,1.0
2270,1951,1.0
2270,2206,1.0
2270,2271,1.0
2270,2910,1.0
2270,2975,1.0
2271,1311,1.0
2271,1376,1.0
2271,1631,1.0
2271,1696,1.0
2271,2335,1.0
2271,2400,1.0
2271,2655,1.0
2271,2720,1.0
2272,32,1.0
2272,97,1.0
2272,992,1.0
2272,801,1.0
2272,3104,1.0
2272,3169,1.0
2272,4064,1.0
2272,3873,1.0
2273,417,1.0
2273,482,1.0
2273,737,1.0
2273,546,1.0
2273,3489,1.0
2273,3554,1.0
2273,3809,1.0
2273,3618,1.0
2274,1186,1.0
2274,1251,1.0
2274,1890,1.0
2274,1955,1.0
2274,2210,1.0
2274,2275,1.0
2274,2914,1.0
2274,2979,1.0
2275,1315,1.0
2275,1380,1.0
2275,1635,1.0
2275,1700,1.0
2275,2339,1.0
2275,2404,1.0
2275,2659,1.0
2275,2724,1.0
2276,36,1.0
2276,101,1.0
2276,996,1.0
2276,805,1.0
2276,3108,1.0
2276,3173,1.0
2276,4068,1.0
2276,3877,1.0
2277,421,1.0
2277,486,1.0
2277,741,1.0
2277,550,1.0
2277,3493,1.0
2277,3558,1.0
2277,3813,1.0
2277,3622,1.0
2278,1190,1.0
2278,1255,1.0
2278,1894,1.0
2278,1959,1.0
2278,2214,1.0
2278,2279,1.0
2278,2918,1.0
2278,2983,1.0
2279,1319,1.0
2279,1384,1.0
2279,1639,1.0
2279,1704,1.0
2279,2343,1.0
2279,2408,1.0
2279,2663,1.0
2279,2728,1.0
2280,40,1.0
2280,105,1.0
2280,1000,1.0
2280,809,1.0
2280,3112,1.0
2280,3177,1.0
2280,4072,1.0
2280,3881,1.0
2281,425,1.0
2281,490,1.0
2281,745,1.0
2281,554,1.0
2281,3497,1.0
2281,3562,1.0
2281,3817,1.0
2281,3626,1.0
2282,1194,1.0
2282,1259,1.0
2282,1898,1.0
2282,1963,1.0
2282,2218,1.0
2282,2283,1.0
2282,2922,1.0
2282,2987,1.0
2283,1323,1.0
2283,1388,1.0
2283,1643,1.0
2283,1708,1.0
2283,2347,1.0
2283,2412,1.0
2283,2667,1.0
2283,2732,1.0
2284,44,1.0
2284,109,1.0
2284,1004,1.0
2284,813,1.0
2284,3116,1.0
2284,3181,1.0
2284,4076,1.0
2284,3885,1.0
2285,429,1.0
2285,494,1.0
2285,749,1.0
2285,558,1.0
2285,3501,1.0
2285,3566,1.0
2285,3821,1.0
2285,3630,1.0
2286,1198,1.0
2286,1263,1.0
2286,1902,1.0
2286,1967,1.0
2286,2222,1.0
2286,2287,1.0
2286,2926,1.0
2286,2991,1.0
2287,1327,1.0
2287,1392,1.0
2287,1647,1.0
2287,1712,1.0
2287,2351,1.0
2287,2416,1.0
2287,2671,1.0
2287,2736,1.0
2288,48,1.0
2288,113,1.0
2288,1008,1.0
2288,817,1.0
2288,3120,1.0
2288,3185,1.0
2288,4080,1.0
2288,3889,1.0
2289,433,1.0
2289,498,1.0
2289,753,1.0
2289,562,1.0
2289,3505,1.0
2289,3570,1.0
2289,3825,1.0
2289,3634,1.0
2290,1202,1.0
2290,1267,1.0
2290,1906,1.0
2290,1971,1.0
2290,2226,1.0
2290,2291,1.0
2290,2930,1.0
2290,2995,1.0
2291,1331,1.0
2291,1396,1.0
2291,1651,1.0
2291,1716,1.0
2291,2355,1.0
2291,2420,1.0
2291,2675,1.0
2291,2740,1.0
2292,52,1.0
2292,117,1.0
2292,1012,1.0
2292,821,1.0
2292,3124,1.0
2292,3189,1.0
2292,4084,1.0
2292,3893,1.0
2293,437,1.0
2293,502,1.0
2293,757,1.0
2293,566,1.0
2293,3509,1.0
2293,3574,1.0
2293,3829,1.0
2293,3638,1.0
2294,1206,1.0
2294,1271,1.0
2294,1910,1.0
2294,1975,1.0
2294,2230,1.0
2294,2295,1.0
2294,2934,1.0
2294,2999,1.0
2295,1335,1.0
2295,1400,1.0
2295,1655,1.0
2295,1720,1.0
2295,2359,1.0
2295,2424,1.0
2295,2679,1.0
2295,2744,1.0
2296,56,1.0
2296,121,1.0
2296,1016,1.0
2296,825,1.0
2296,3128,1.0
2296,3193,1.0
2296,4088,1.0
2296,3897,1.0
2297,441,1.0
2297,506,1.0
2297,761,1.0
2297,570,1.0
2297,3513,1.0
2297,3578,1.0
2297,3833,1.0
2297,3642,1.0
2298,1210,1.0
2298,1275,1.0
2298,1914,1.0
2298,1979,1.0
2298,2234,1.0
2298,2299,1.0
2298,2938,1.0
2298,3003,1.0
2299,1339,1.0
2299,1404,1.0
2299,1659,1.0
2299,1724,1.0
2299,2363,1.0
2299,2428,1.0
2299,2683,1.0
2299,2748,1.0
2300,60,1.0
2300,125,1.0
2300,1020,1.0
2300,829,1.0
2300,3132,1.0
2300,3197,1.0
2300,4092,1.0
2300,3901,1.0
2301,445,1.0
2301,510,1.0
2301,765,1.0
2301,574,1.0
2301,3517,1.0
2301,3582,1.0
2301,3837,1.0
2301,3646,1.0
2302,1214,1.0
2302,1279,1.0
2302,1918,1.0
2302,1983,1.0
2302,2238,1.0
2302,2303,1.0
2302,2942,1.0
2302,3007,1.0
2303,1343,1.0
2303,1344,1.0
2303,1663,1.0
2303,1664,1.0
2303,2367,1.0
2303,2368,1.0
2303,2687,1.0
2303,2688,1.0
2304,0,1.0
2304,65,1.0
2304,960,1.0
2304,769,1.0
2304,3072,1.0
2304,3137,1.0
2304,4032,1.0
2304,3841,1.0
2305,385,1.0
2305,450,1.0
2305,705,1.0
2305,514,1.0
2305,3457,1.0
2305,3522,1.0
2305,3777,1.0
2305,3586,1.0
2306,1154,1.0
2306,1219,1.0
2306,1858,1.0
2306,1923,1.0
2306,2178,1.0
2306,2243,1.0
2306,2882,1.0
2306,2947,1.0
2307,1283,1.0
2307,1348,1.0
2307,1603,1.0
2307,1668,1.0
2307,2307,1.0
2307,2372,1.0
2307,2627,1.0
2307,2692,1.0
2308,4,1.0
2308,69,1.0
2308,964,1.0
2308,773,1.0
2308,3076,1.0
2308,3141,1.0
2308,4036,1.0
2308,3845,1.0
2309,389,1.0
2309,454,1.0
2309,709,1.0
2309,518,1.0
2309,3461,1.0
2309,3526,1.0
2309,3781,1.0
2309,3590,1.0
2310,1158,1.0
2310,1223,1.0
2310,1862,1.0
2310,1927,1.0
2310,2182,1.0
2310,2247,1.0
2310,2886,1.0
2310,2951,1.0
2311,1287,1.0
2311,1352,1.0
2311,1607,1.0
2311,1672,1.0
2311,2311,1.0
2311,2376,1.0
2311,2631,1.0
2311,2696,1.0
2312,8,1.0
2312,73,1.0
2312,968,1.0
2312,777,1.0
2312,3080,1.0
2312,3145,1.0
2312,4040,1.0
2312,3849,1.0
2313,393,1.0
2313,458,1.0
2313,713,1.0
2313,522,1.0
2313,3465,1.0
2313,3530,1.0
2313,3785,1.0
2313,3594,1.0
2314,1162,1.0
2314,1227,1.0
2314,1866,1.0
2314,1931,1.0
2314,2186,1.0
2314,2251,1.0
2314,2890,1.0
2314,2955,1.0
2315,1291,1.0
2315,1356,1.0
2315,1611,1.0
2315,1676,1.0
2315,2315,1.0
2315,2380,1.0
2315,2635,1.0
2315,2700,1.0
2316,12,1.0
2316,77,1.0
2316,972,1.0
2316,781,1.0
2316,3084,1.0
2316,3149,1.0
2316,4044,1.0
2316,3853,1.0
2317,397,1.0
2317,462,1.0
2317,717,1.0
2317,526,1.0
2317,3469,1.0
2317,3534,1.0
2317,3789,1.0
2317,3598,1.0
2318,1166,1.0
2318,1231,1.0
2318,1870,1.0
2318,1935,1.0
2318,2190,1.0
2318,2255,1.0
2318,2894,1.0
2318,2959,1.0
2319,1295,1.0
2319,1360,1.0
2319,1615,1.0
2319,1680,1.0
2319,2319,1.0
2319,2384,1.0
2319,2639,1.0
2319,2704,1.0
2320,16,1.0
2320,81,1.0
2320,976,1.0
2320,785,1.0
2320,3088,1.0
2320,3153,1.0
2320,4048,1.0
2320,3857,1.0
2321,401,1.0
2321,466,1.0
2321,721,1.0
2321,530,1.0
2321,3473,1.0
2321,3538,1.0
2321,3793,1.0
2321,3602,1.0
2322,1170,1.0
2322,1235,1.0
2322,1874,1.0
2322,1939,1.0
2322,2194,1.0
2322,2259,1.0
2322,2898,1.0
2322,2963,1.0
2323,1299,1.0
2323,1364,1.0
2323,1619,1.0
2323,1684,1.0
2323,2323,1.0
2323,2388,1.0
2323,2643,1.0
2323,2708,1.0
2324,20,1.0
2324,85,1.0
2324,980,1.0
2324,789,1.0
2324,3092,1.0
2324,3157,1.0
2324,4052,1.0
2324,3861,1.0
2325,405,1.0
2325,470,1.0
2325,725,1.0
2325,534,1.0
2325,3477,1.0
2325,3542,1.0
2325,3797,1.0
2325,3606,1.0
2326,1174,1.0
2326,1239,1.0
2326,1878,1.0
2326,1943,1.0
2326,2198,1.0
2326,2263,1.0
2326,2902,1.0
2326,2967,1.0
2327,1303,1.0
2327,1368,1.0
2327,1623,1.0
2327,1688,1.0
2327,2327,1.0
2327,2392,1.0
2327,2647,1.0
2327,2712,1.0
2328,24,1.0
2328,89,1.0
2328,984,1.0
2328,793,1.0
2328,3096,1.0
2328,3161,1.0
2328,4056,1.0
2328,3865,1.0
2329,409,1.0
2329,474,1.0
2329,729,1.0
2329,538,1.0
2329,3481,1.0
2329,3546,1.0
2329,3801,1.0
2329,3610,1.0
2330,1178,1.0
2330,1243,1.0
2330,1882,1.0
2330,1947,1.0
2330,2202,1.0
2330,2267,1.0
2330,2906,1.0
2330,2971,1.0
2331,1307,1.0
2331,1372,1.0
2331,1627,1.0
2331,1692,1.0
2331,2331,1.0
2331,2396,1.0
2331,2651,1.0
2331,2716,1.0
2332,28,1.0
2332,93,1.0
2332,988,1.0
2332,797,1.0
2332,3100,1.0
2332,3165,1.0
2332,4060,1.0
2332,3869,1.0
2333,413,1.0
2333,478,1.0
2333,733,1.0
2333,542,1.0
2333,3485,1.0
2333,3550,1.0
2333,3805,1.0
2333,3614,1.0
2334,1182,1.0
2334,1247,1.0
2334,1886,1.0
2334,1951,1.0
2334,2206,1.0
2334,2271,1.0
2334,2910,1.0
2334,2975,1.0
2335,1311,1.0
2335,1376,1.0
2335,1631,1.0
2335,1696,1.0
2335,2335,1.0
2335,2400,1.0
2335,2655,1.0
2335,2720,1.0
2336,32,1.0
2336,97,1.0
2336,992,1.0
2336,801,1.0
2336,3104,1.0
2336,3169,1.0
2336,4064,1.0
2336,3873,1.0
2337,417,1.0
2337,482,1.0
2337,737,1.0
2337,546,1.0
2337,3489,1.0
2337,3554,1.0
2337,3809,1.0
2337,3618,1.0
2338,1186,1.0
2338,1251,1.0
2338,1890,1.0
2338,1955,1.0
2338,2210,1.0
2338,2275,1.0
2338,2914,1.0
2338,2979,1.0
2339,1315,1.0
2339,1380,1.0
2339,1635,1.0
2339,1700,1.0
2339,2339,1.0
2339,2404,1.0
2339,2659,1.0
2339,2724,1.0
2340,36,1.0
2340,101,1.0
2340,996,1.0
2340,805,1.0
2340,3108,1.0
2340,3173,1.0
2340,4068,1.0
2340,3877,1.0
2341,421,1.0
2341,486,1.0
2341,741,1.0
2341,550,1.0
2341,3493,1.0
2341,3558,1.0
2341,3813,1.0
2341,3622,1.0
2342,1190,1.0
2342,1255,1.0
2342,1894,1.0
2342,1959,1.0
2342,2214,1.0
2342,2279,1.0
2342,2918,1.0
2342,2983,1.0
2343,1319,1.0
2343,1384,1.0
2343,1639,1.0
2343,1704,1.0
2343,2343,1.0
2343,2408,1.0
2343,2663,1.0
2343,2728,1.0
2344,40,1.0
2344,105,1.0
2344,1000,1.0
2344,809,1.0
2344,3112,1.0
2344,3177,1.0
2344,4072,1.0
2344,3881,1.0
2345,425,1.0
2345,490,1.0
2345,745,1.0
2345,554,1.0
2345,3497,1.0
2345,3562,1.0
2345,3817,1.0
2345,3626,1.0
2346,1194,1.0
2346,1259,1.0
2346,1898,1.0
2346,1963,1.0
2346,2218,1.0
2346,2283,1.0
2346,2922,1.0
2346,2987,1.0
2347,1323,1.0
2347,1388,1.0
2347,1643,1.0
2347,1708,1.0
2347,2347,1.0
2347,2412,1.0
2347,2667,1.0
2347,2732,1.0
2348,44,1.0
2348,109,1.0
2348,1004,1.0
2348,813,1.0
2348,3116,1.0
2348,3181,1.0
2348,4076,1.0
2348,3885,1.0
2349,429,1.0
2349,494,1.0
2349,749,1.0
2349,558,1.0
2349,3501,1.0
2349,3566,1.0
2349,3821,1.0
2349,3630,1.0
2350,1198,1.0
2350,1263,1.0
2350,1902,1.0
2350,1967,1.0
2350,2222,1.0
2350,2287,1.0
2350,2926,1.0
2350,2991,1.0
2351,1327,1.0
2351,1392,1.0
2351,1647,1.0
2351,1712,1.0
2351,2351,1.0
2351,2416,1.0
2351,2671,1.0
2351,2736,1.0
2352,48,1.0
2352,113,1.0
2352,1008,1.0
2352,817,1.0
2352,3120,1.0
2352,3185,1.0
2352,4080,1.0
2352,3889,1.0
2353,433,1.0
2353,498,1.0
2353,753,1.0
2353,562,1.0
2353,3505,1.0
2353,3570,1.0
2353,3825,1.0
2353,3634,1.0
2354,1202,1.0
2354,1267,1.0
2354,1906,1.0
2354,1971,1.0
2354,2226,1.0
2354,2291,1.0
2354,2930,1.0
2354,2995,1.0
2355,1331,1.0
2355,1396,1.0
2355,1651,1.0
2355,1716,1.0
2355,2355,1.0
2355,2420,1.0
2355,2675,1.0
2355,2740,1.0
2356,52,1.0
2356,117,1.0
2356,1012,1.0
2356,821,1.0
2356,3124,1.0
2356,3189,1.0
2356,4084,1.0
2356,3893,1.0
2357,437,1.0
2357,502,1.0
2357,757,1.0
2357,566,1.0
2357,3509,1.0
2357,3574,1.0
2357,3829,1.0
2357,3638,1.0
2358,1206,1.0
2358,1271,1.0
2358,1910,1.0
2358,1975,1.0
2358,2230,1.0
2358,2295,1.0
2358,2934,1.0
2358,2999,1.0
2359,1335,1.0
2359,1400,1.0
2359,1655,1.0
2359,1720,1.0
2359,2359,1.0
2359,2424,1.0
2359,2679,1.0
2359,2744,1.0
2360,56,1.0
2360,121,1.0
2360,1016,1.0
2360,825,1.0
2360,3128,1.0
2360,3193,1.0
2360,4088,1.0
2360,3897,1.0
2361,441,1.0
2361,506,1.0
2361,761,1.0
2361,570,1.0
2361,3513,1.0
2361,3578,1.0
2361,3833,1.0
2361,3642,1.0
2362,1210,1.0
2362,1275,1.0
2362,1914,1.0
2362,1979,1.0
2362,2234,1.0
2362,2299,1.0
2362,2938,1.0
2362,3003,1.0
2363,1339,1.0
2363,1404,1.0
2363,1659,1.0
2363,1724,1.0
2363,2363,1.0
2363,2428,1.0
2363,2683,1.0
2363,2748,1.0
2364,60,1.0
2364,125,1.0
2364,1020,1.0
2364,829,1.0
2364,3132,1.0
2364,3197,1.0
2364,4092,1.0
2364,3901,1.0
2365,445,1.0
2365,510,1.0
2365,765,1.0
2365,574,1.0
2365,3517,1.0
2365,3582,1.0
2365,3837,1.0
2365,3646,1.0
2366,1214,1.0
2366,1279,1.0
2366,1918,1.0
2366,1983,1.0
2366,2238,1.0
2366,2303,1.0
2366,2942,1.0
2366,3007,1.0
2367,1343,1.0
2367,1344,1.0
2367,1663,1.0
2367,1664,1.0
2367,2367,1.0
2367,2368,1.0
2367,2687,1.0
2367,2688,1.0
2368,0,1.0
2368,65,1.0
2368,960,1.0
2368,769,1.0
2368,3072,1.0
2368,3137,1.0
2368,4032,1.0
2368,3841,1.0
2369,385,1.0
2369,450,1.0
2369,705,1.0
2369,514,1.0
2369,3457,1.0
2369,3522,1.0
2369,3777,1.0
2369,3586,1.0
2370,1154,1.0
2370,1219,1.0
2370,1858,1.0
2370,1923,1.0
2370,2178,1.0
2370,2243,1.0
2370,2882,1.0
2370,2947,1.0
2371,1283,1.0
2371,1348,1.0
2371,1603,1.0
2371,1668,1.0
2371,2307,1.0
2371,2372,1.0
2371,2627,1.0
2371,2692,1.0
2372,4,1.0
2372,69,1.0
2372,964,1.0
2372,773,1.0
2372,3076,1.0
2372,3141,1.0
2372,4036,1.0
2372,3845,1.0
2373,389,1.0
2373,454,1.0
2373,709,1.0
2373,518,1.0
2373,3461,1.0
2373,3526,1.0
2373,3781,1.0
2373,3590,1.0
2374,1158,1.0
2374,1223,1.0
2374,1862,1.0
2374,1927,1.0
2374,2182,1.0
2374,2247,1.0
2374,2886,1.0
2374,2951,1.0
2375,1287,1.0
2375,1352,1.0
2375,1607,1.0
2375,1672,1.0
2375,2311,1.0
2375,2376,1.0
2375,2631,1.0
2375,2696,1.0
2376,8,1.0
2376,73,1.0
2376,968,1.0
2376,777,1.0
2376,3080,1.0
2376,3145,1.0
2376,4040,1.0
2376,3849,1.0
2377,393,1.0
2377,458,1.0
2377,713,1.0
2377,522,1.0
2377,3465,1.0
2377,3530,1.0
2377,3785,1.0
2377,3594,1.0
2378,1162,1.0
2378,1227,1.0
2378,1866,1.0
2378,1931,1.0
2378,2186,1.0
2378,2251,1.0
2378,2890,1.0
2378,2955,1.0
2379,1291,1.0
2379,1356,1.0
2379,1611,1.0
2379,1676,1.0
2379,2315,1.0
2379,2380,1.0
2379,2635,1.0
2379,2700,1.0
2380,12,1.0
2380,77,1.0
2380,972,1.0
2380,781,1.0
2380,3084,1.0
2380,3149,1.0
2380,4044,1.0
2380,3853,1.0
2381,397,1.0
2381,462,1.0
2381,717,1.0
2381,526,1.0
2381,3469,1.0
2381,3534,1.0
2381,3789,1.0
2381,3598,1.0
2382,1166,1.0
2382,1231,1.0
2382,1870,1.0
2382,1935,1.0
2382,2190,1.0
2382,2255,1.0
2382,2894,1.0
2382,2959,1.0
2383,1295,1.0
2383,1360,1.0
2383,1615,1.0
2383,1680,1.0
2383,2319,1.0
2383,2384,1.0
2383,2639,1.0
2383,2704,1.0
2384,16,1.0
2384,81,1.0
2384,976,1.0
2384,785,1.0
2384,3088,1.0
2384,3153,1.0
2384,4048,1.0
2384,3857,1.0
2385,401,1.0
2385,466,1.0
2385,721,1.0
2385,530,1.0
2385,3473,1.0
2385,3538,1.0
2385,3793,1.0
2385,3602,1.0
2386,1170,1.0
2386,1235,1.0
2386,1874,1.0
2386,1939,1.0
2386,2194,1.0
2386,2259,1.0
2386,2898,1.0
2386,2963,1.0
2387,1299,1.0
2387,1364,1.0
2387,1619,1.0
2387,1684,1.0
2387,2323,1.0
2387,2388,1.0
2387,2643,1.0
2387,2708,1.0
2388,20,1.0
2388,85,1.0
2388,980,1.0
2388,789,1.0
2388,3092,1.0
2388,3157,1.0
2388,4052,1.0
2388,3861,1.0
2389,405,1.0
2389,470,1.0
2389,725,1.0
2389,534,1.0
2389,3477,1.0
2389,3542,1.0
2389,3797,1.0
2389,3606,1.0
2390,1174,1.0
2390,1239,1.0
2390,1878,1.0
2390,1943,1.0
2390,2198,1.0
2390,2263,1.0
2390,2902,1.0
2390,2967,1.0
2391,1303,1.0
2391,1368,1.0
2391,1623,1.0
2391,1688,1.0
2391,2327,1.0
2391,2392,1.0
2391,2647,1.0
2391,2712,1.0
2392,24,1.0
2392,89,1.0
2392,984,1.0
2392,793,1.0
2392,3096,1.0
2392,3161,1.0
2392,4056,1.0
2392,3865,1.0
2393,409,1.0
2393,474,1.0
2393,729,1.0
2393,538,1.0
2393,3481,1.0
2393,3546,1.0
2393,3801,1.0
2393,3610,1.0
2394,1178,1.0
2394,1243,1.0
2394,1882,1.0
2394,1947,1.0
2394,2202,1.0
2394,2267,1.0
2394,2906,1.0
2394,2971,1.0
2395,1307,1.0
2395,1372,1.0
2395,1627,1.0
2395,1692,1.0
2395,2331,1.0
2395,2396,1.0
2395,2651,1.0
2395,2716,1.0
2396,28,1.0
2396,93,1.0
2396,988,1.0
2396,797,1.0
2396,3100,1.0
2396,3165,1.0
2396,4060,1.0
2396,3869,1.0
2397,413,1.0
2397,478,1.0
2397,733,1.0
2397,542,1.0
2397,3485,1.0
2397,3550,1.0
2397,3805,1.0
2397,3614,1.0
2398,1182,1.0
2398,1247,1.0
2398,1886,1.0
2398,1951,1.0
2398,2206,1.0
2398,2271,1.0
2398,2910,1.0
2398,2975,1.0
2399,1311,1.0
2399,1376,1.0
2399,1631,1.0
2399,1696,1.0
2399,2335,1.0
2399,2400,1.0
2399,2655,1.0
2399,2720,1.0
2400,32,1.0
2400,97,1.0
2400,992,1.0
2400,801,1.0
2400,3104,1.0
2400,3169,1.0
2400,4064,1.0
2400,3873,1.0
2401,417,1.0
2401,482,1.0
2401,737,1.0
2401,546,1.0
2401,3489,1.0
2401,3554,1.0
2401,3809,1.0
2401,3618,1.0
2402,1186,1.0
2402,1251,1.0
2402,1890,1.0
2402,1955,1.0
2402,2210,1.0
2402,2275,1.0
2402,2914,1.0
2402,2979,1.0
2403,1315,1.0
2403,1380,1.0
2403,1635,1.0
2403,1700,1.0
2403,2339,1.0
2403,2404,1.0
2403,2659,1.0
2403,2724,1.0
2404,36,1.0
2404,101,1.0
2404,996,1.0
2404,805,1.0
2404,3108,1.0
2404,3173,1.0
2404,4068,1.0
2404,3877,1.0
2405,421,1.0
2405,486,1.0
2405,741,1.0
2405,550,1.0
2405,3493,1.0
2405,3558,1.0
2405,3813,1.0
2405,3622,1.0
2406,1190,1.0
2406,1255,1.0
2406,1894,1.0
2406,1959,1.0
2406,2214,1.0
2406,2279,1.0
2406,2918,1.0
2406,2983,1.0
2407,1319,1.0
2407,1384,1.0
2407,1639,1.0
2407,1704,1.0
2407,2343,1.0
2407,2408,1.0
2407,2663,1.0
2407,2728,1.0
2408,40,1.0
2408,105,1.0
2408,1000,1.0
2408,809,1.0
2408,3112,1.0
2408,3177,1.0
2408,4072,1.0
2408,3881,1.0
2409,425,1.0
2409,490,1.0
2409,745,1.0
2409,554,1.0
2409,3497,1.0
2409,3562,1.0
2409,3817,1.0
2409,3626,1.0
2410,1194,1.0
2410,1259,1.0
2410,1898,1.0
2410,1963,1.0
2410,2218,1.0
2410,2283,1.0
2410,2922,1.0
2410,2987,1.0
2411,1323,1.0
2411,1388,1.0
2411,1643,1.0
2411,1708,1.0
2411,2347,1.0
2411,2412,1.0
2411,2667,1.0
2411,2732,1.0
2412,44,1.0
2412,109,1.0
2412,1004,1.0
2412,813,1.0
2412,3116,1.0
2412,3181,1.0
2412,4076,1.0
2412,3885,1.0
2413,429,1.0
2413,494,1.0
2413,749,1.0
2413,558,1.0
2413,3501,1.0
2413,3566,1.0
2413,3821,1.0
2413,3630,1.0
2414,1198,1.0
2414,1263,1.0
2414,1902,1.0
2414,1967,1.0
2414,2222,1.0
2414,2287,1.0
2414,2926,1.0
2414,2991,1.0
2415,1327,1.0
2415,1392,1.0
2415,1647,1.0
2415,1712,1.0
2415,2351,1.0
2415,2416,1.0
2415,2671,1.0
2415,2736,1.0
2416,48,1.0
2416,113,1.0
2416,1008,1.0
2416,817,1.0
2416,3120,1.0
2416,3185,1.0
2416,4080,1.0
2416,3889,1.0
2417,433,1.0
2417,498,1.0
2417,753,1.0
2417,562,1.0
2417,3505,1.0
2417,3570,1.0
2417,3825,1.0
2417,3634,1.0
2418,1202,1.0
2418,1267,1.0
2418,1906,1.0
2418,1971,1.0
2418,2226,1.0
2418,2291,1.0
2418,2930,1.0
2418,2995,1.0
2419,1331,1.0
2419,1396,1.0
2419,1651,1.0
2419,1716,1.0
2419,2355,1.0
2419,2420,1.0
2419,2675,1.0
2419,2740,1.0
2420,52,1.0
2420,117,1.0
2420,1012,1.0
2420,821,1.0
2420,3124,1.0
2420,3189,1.0
2420,4084,1.0
2420,3893,1.0
2421,437,1.0
2421,502,1.0
2421,757,1.0
2421,566,1.0
2421,3509,1.0
2421,3574,1.0
2421,3829,1.0
2421,3638,1.0
2422,1206,1.0
2422,1271,1.0
2422,1910,1.0
2422,1975,1.0
2422,2230,1.0
2422,2295,1.0
2422,2934,1.0
2422,2999,1.0
2423,1335,1.0
2423,1400,1.0
2423,1655,1.0
2423,1720,1.0
2423,2359,1.0
2423,2424,1.0
2423,2679,1.0
2423,2744,1.0
2424,56,1.0
2424,121,1.0
2424,1016,1.0
2424,825,1.0
2424,3128,1.0
2424,3193,1.0
2424,4088,1.0
2424,3897,1.0
2425,441,1.0
2425,506,1.0
2425,761,1.0
2425,570,1.0
2425,3513,1.0
2425,3578,1.0
2425,3833,1.0
2425,3642,1.0
2426,1210,1.0
2426,1275,1.0
2426,1914,1.0
2426,1979,1.0
2426,2234,1.0
2426,2299,1.0
2426,2938,1.0
2426,3003,1.0
2427,1339,1.0
2427,1404,1.0
2427,1659,1.0
2427,1724,1.0
2427,2363,1.0
2427,2428,1.0
2427,2683,1.0
2427,2748,1.0
2428,60,1.0
2428,125,1.0
2428,1020,1.0
2428,829,1.0
2428,3132,1.0
2428,3197,1.0
2428,4092,1.0
2428,3901,1.0
2429,445,1.0
2429,510,1.0
2429,765,1.0
2429,574,1.0
2429,3517,1.0
2429,3582,1.0
2429,3837,1.0
2429,3646,1.0
2430,1214,1.0
2430,1279,1.0
2430,1918,1.0
2430,1983,1.0
2430,2238,1.0
2430,2303,1.0
2430,2942,1.0
2430,3007,1.0
2431,1343,1.0
2431,1344,1.0
2431,1663,1.0
2431,1664,1.0
2431,2367,1.0
2431,2368,1.0
2431,2687,1.0
2431,2688,1.0
2432,0,1.0
2432,65,1.0
2432,960,1.0
2432,769,1.0
2432,3072,1.0
2432,3137,1.0
2432,4032,1.0
2432,3841,1.0
2433,385,1.0
2433,450,1.0
2433,705,1.0
2433,514,1.0
2433,3457,1.0
2433,3522,1.0
2433,3777,1.0
2433,3586,1.0
2434,1154,1.0
2434,1219,1.0
2434,1858,1.0
2434,1923,1.0
2434,2178,1.0
2434,2243,1.0
2434,2882,1.0
2434,2947,1.0
2435,1283,1.0
2435,1348,1.0
2435,1603,1.0
2435,1668,1.0
2435,2307,1.0
2435,2372,1.0
2435,2627,1.0
2435,2692,1.0
2436,4,1.0
2436,69,1.0
2436,964,1.0
2436,773,1.0
2436,3076,1.0
2436,3141,1.0
2436,4036,1.0
2436,3845,1.0
2437,389,1.0
2437,454,1.0
2437,709,1.0
2437,518,1.0
2437,3461,1.0
2437,3526,1.0
2437,3781,1.0
2437,3590,1.0
2438,1158,1.0
2438,1223,1.0
2438,1862,1.0
2438,1927,1.0
2438,2182,1.0
2438,2247,1.0
2438,2886,1.0
2438,2951,1.0
2439,1287,1.0
2439,1352,1.0
2439,1607,1.0
2439,1672,1.0
2439,2311,1.0
2439,2376,1.0
2439,2631,1.0
2439,2696,1.0
2440,8,1.0
2440,73,1.0
2440,968,1.0
2440,777,1.0
2440,3080,1.0
2440,3145,1.0
2440,4040,1.0
2440,3849,1.0
2441,393,1.0
2441,458,1.0
2441,713,1.0
2441,522,1.0
2441,3465,1.0
2441,3530,1.0
2441,3785,1.0
2441,3594,1.0
2442,1162,1.0
2442,1227,1.0
2442,1866,1.0
2442,1931,1.0
2442,2186,1.0
2442,2251,1.0
2442,2890,1.0
2442,2955,1.0
2443,1291,1.0
2443,1356,1.0
2443,1611,1.0
2443,1676,1.0
2443,2315,1.0
2443,2380,1.0
2443,2635,1.0
2443,2700,1.0
2444,12,1.0
2444,77,1.0
2444,972,1.0
2444,781,1.0
2444,3084,1.0
2444,3149,1.0
2444,4044,1.0
2444,3853,1.0
2445,397,1.0
2445,462,1.0
2445,717,1.0
2445,526,1.0
2445,3469,1.0
2445,3534,1.0
2445,3789,1.0
2445,3598,1.0
2446,1166,1.0
2446,1231,1.0
2446,1870,1.0
2446,1935,1.0
2446,2190,1.0
2446,2255,1.0
2446,2894,1.0
2446,2959,1.0
2447,1295,1.0
2447,1360,1.0
2447,1615,1.0
2447,1680,1.0
2447,2319,1.0
2447,2384,1.0
2447,2639,1.0
2447,2704,1.0
2448,16,1.0
2448,81,1.0
2448,976,1.0
2448,785,1.0
2448,3088,1.0
2448,3153,1.0
2448,4048,1.0
2448,3857,1.0
2449,401,1.0
2449,466,1.0
2449,721,1.0
2449,530,1.0
2449,3473,1.0
2449,3538,1.0
2449,3793,1.0
2449,3602,1.0
2450,1170,1.0
2450,1235,1.0
2450,1874,1.0
2450,1939,1.0
2450,2194,1.0
2450,2259,1.0
2450,2898,1.0
2450,2963,1.0
2451,1299,1.0
2451,1364,1.0
2451,1619,1.0
2451,1684,1.0
2451,2323,1.0
2451,2388,1.0
2451,2643,1.0
2451,2708,1.0
2452,20,1.0
2452,85,1.0
2452,980,1.0
2452,789,1.0
2452,3092,1.0
2452,3157,1.0
2452,4052,1.0
2452,3861,1.0
2453,405,1.0
2453,470,1.0
2453,725,1.0
2453,534,1.0
2453,3477,1.0
2453,3542,1.0
2453,3797,1.0
2453,3606,1.0
2454,1174,1.0
2454,1239,1.0
2454,1878,1.0
2454,1943,1.0
2454,2198,1.0
2454,2263,1.0
2454,2902,1.0
2454,2967,1.0
2455,1303,1.0
2455,1368,1.0
2455,1623,1.0
2455,1688,1.0
2455,2327,1.0
2455,2392,1.0
2455,2647,1.0
2455,2712,1.0
2456,24,1.0
2456,89,1.0
2456,984,1.0
2456,793,1.0
2456,3096,1.0
2456,3161,1.0
2456,4056,1.0
2456,3865,1.0
2457,409,1.0
2457,474,1.0
2457,729,1.0
2457,538,1.0
2457,3481,1.0
2457,3546,1.0
2457,3801,1.0
2457,3610,1.0
2458,1178,1.0
2458,1243,1.0
2458,1882,1.0
2458,1947,1.0
2458,2202,1.0
2458,2267,1.0
2458,2906,1.0
2458,2971,1.0
2459,1307,1.0
2459,1372,1.0
2459,1627,1.0
2459,1692,1.0
2459,2331,1.0
2459,2396,1.0
2459,2651,1.0
2459,2716,1.0
2460,28,1.0
2460,93,1.0
2460,988,1.0
2460,797,1.0
2460,3100,1.0
2460,3165,1.0
2460,4060,1.0
2460,3869,1.0
2461,413,1.0
2461,478,1.0
2461,733,1.0
2461,542,1.0
2461,3485,1.0
2461,3550,1.0
2461,3805,1.0
2461,3614,1.0
2462,1182,1.0
2462,1247,1.0
2462,1886,1.0
2462,1951,1.0
2462,2206,1.0
2462,2271,1.0
2462,2910,1.0
2462,2975,1.0
2463,1311,1.0
2463,1376,1.0
2463,1631,1.0
2463,1696,1.0
2463,2335,1.0
2463,2400,1.0
2463,2655,1.0
2463,2720,1.0
2464,32,1.0
2464,97,1.0
2464,992,1.0
2464,801,1.0
2464,3104,1.0
2464,3169,1.0
2464,4064,1.0
2464,3873,1.0
2465,417,1.0
2465,482,1.0
2465,737,1.0
2465,546,1.0
2465,3489,1.0
2465,3554,1.0
2465,3809,1.0
2465,3618,1.0
2466,1186,1.0
2466,1251,1.0
2466,1890,1.0
2466,1955,1.0
2466,2210,1.0
2466,2275,1.0
2466,2914,1.0
2466,2979,1.0
2467,1315,1.0
2467,1380,1.0
2467,1635,1.0
2467,1700,1.0
2467,2339,1.0
2467,2404,1.0
2467,2659,1.0
2467,2724,1.0
2468,36,1.0
2468,101,1.0
2468,996,1.0
2468,805,1.0
2468,3108,1.0
2468,3173,1.0
2468,4068,1.0
2468,3877,1.0
2469,421,1.0
2469,486,1.0
2469,741,1.0
2469,550,1.0
2469,3493,1.0
2469,3558,1.0
2469,3813,1.0
2469,3622,1.0
2470,1190,1.0
2470,1255,1.0
2470,1894,1.0
2470,1959,1.0
2470,2214,1.0
2470,2279,1.0
2470,2918,1.0
2470,2983,1.0
2471,1319,1.0
2471,1384,1.0
2471,1639,1.0
2471,1704,1.0
2471,2343,1.0
2471,2408,1.0
2471,2663,1.0
2471,2728,1.0
2472,40,1.0
2472,105,1.0
2472,1000,1.0
2472,809,1.0
2472,3112,1.0
2472,3177,1.0
2472,4072,1.0
2472,3881,1.0
2473,425,1.0
2473,490,1.0
2473,745,1.0
2473,554,1.0
2473,3497,1.0
2473,3562,1.0
2473,3817,1.0
2473,3626,1.0
2474,1194,1.0
2474,1259,1.0
2474,1898,1.0
2474,1963,1.0
2474,2218,1.0
2474,2283,1.0
2474,2922,1.0
2474,2987,1.0
2475,1323,1.0
2475,1388,1.0
2475,1643,1.0
2475,1708,1.0
2475,2347,1.0
2475,2412,1.0
2475,2667,1.0
2475,2732,1.0
2476,44,1.0
2476,109,1.0
2476,1004,1.0
2476,813,1.0
2476,3116,1.0
2476,3181,1.0
2476,4076,1.0
2476,3885,1.0
2477,429,1.0
2477,494,1.0
2477,749,1.0
2477,558,1.0
2477,3501,1.0
2477,3566,1.0
2477,3821,1.0
2477,3630,1.0
2478,1198,1.0
2478,1263,1.0
2478,1902,1.0
2478,1967,1.0
2478,2222,1.0
2478,2287,1.0
2478,2926,1.0
2478,2991,1.0
2479,1327,1.0
2479,1392,1.0
2479,1647,1.0
2479,1712,1.0
2479,2351,1.0
2479,2416,1.0
2479,2671,1.0
2479,2736,1.0
2480,48,1.0
2480,113,1.0
2480,1008,1.0
2480,817,1.0
2480,3120,1.0
2480,3185,1.0
2480,4080,1.0
2480,3889,1.0
2481,433,1.0
2481,498,1.0
2481,753,1.0
2481,562,1.0
2481,3505,1.0
2481,3570,1.0
2481,3825,1.0
2481,3634,1.0
2482,1202,1.0
2482,1267,1.0
2482,1906,1.0
2482,1971,1.0
2482,2226,1.0
2482,2291,1.0
2482,2930,1.0
2482,2995,1.0
2483,1331,1.0
2483,1396,1.0
2483,1651,1.0
2483,1716,1.0
2483,2355,1.0
2483,2420,1.0
2483,2675,1.0
2483,2740,1.0
2484,52,1.0
2484,117,1.0
2484,1012,1.0
2484,821,1.0
2484,3124,1.0
2484,3189,1.0
2484,4084,1.0
2484,3893,1.0
2485,437,1.0
2485,502,1.0
2485,757,1.0
2485,566,1.0
2485,3509,1.0
2485,3574,1.0
2485,3829,1.0
2485,3638,1.0
2486,1206,1.0
2486,1271,1.0
2486,1910,1.0
2486,1975,1.0
2486,2230,1.0
2486,2295,1.0
2486,2934,1.0
2486,2999,1.0
2487,1335,1.0
2487,1400,1.0
2487,1655,1.0
2487,1720,1.0
2487,2359,1.0
2487,2424,1.0
2487,2679,1.0
2487,2744,1.0
2488,56,1.0
2488,121,1.0
2488,1016,1.0
2488,825,1.0
2488,3128,1.0
2488,3193,1.0
2488,4088,1.0
2488,3897,1.0
2489,441,1.0
2489,506,1.0
2489,761,1.0
2489,570,1.0
2489,3513,1.0
2489,3578,1.0
2489,3833,1.0
2489,3642,1.0
2490,1210,1.0
2490,1275,1.0
2490,1914,1.0
2490,1979,1.0
2490,2234,1.0
2490,2299,1.0
2490,2938,1.0
2490,3003,1.0
2491,1339,1.0
2491,1404,1.0
2491,1659,1.0
2491,1724,1.0
2491,2363,1.0
2491,2428,1.0
2491,2683,1.0
2491,2748,1.0
2492,60,1.0
2492,125,1.0
2492,1020,1.0
2492,829,1.0
2492,3132,1.0
2492,3197,1.0
2492,4092,1.0
2492,3901,1.0
2493,445,1.0
2493,510,1.0
2493,765,1.0
2493,574,1.0
2493,3517,1.0
2493,3582,1.0
2493,3837,1.0
2493,3646,1.0
2494,1214,1.0
2494,1279,1.0
2494,1918,1.0
2494,1983,1.0
2494,2238,1.0
2494,2303,1.0
2494,2942,1.0
2494,3007,1.0
2495,1343,1.0
2495,1344,1.0
2495,1663,1.0
2495,1664,1.0
2495,2367,1.0
2495,2368,1.0
2495,2687,1.0
2495,2688,1.0
2496,0,1.0
2496,65,1.0
2496,960,1.0
2496,769,1.0
2496,3072,1.0
2496,3137,1.0
2496,4032,1.0
2496,3841,1.0
2497,385,1.0
2497,450,1.0
2497,705,1.0
2497,514,1.0
2497,3457,1.0
2497,3522,1.0
2497,3777,1.0
2497,3586,1.0
2498,1154,1.0
2498,1219,1.0
2498,1858,1.0
2498,1923,1.0
2498,2178,1.0
2498,2243,1.0
2498,2882,1.0
2498,2947,1.0
2499,1283,1.0
2499,1348,1.0
2499,1603,1.0
2499,1668,1.0
2499,2307,1.0
2499,2372,1.0
2499,2627,1.0
2499,2692,1.0
2500,4,1.0
2500,69,1.0
2500,964,1.0
2500,773,1.0
2500,3076,1.0
2500,3141,1.0
2500,4036,1.0
2500,3845,1.0
2501,389,1.0
2501,454,1.0
2501,709,1.0
2501,518,1.0
2501,3461,1.0
2501,3526,1.0
2501,3781,1.0
2501,3590,1.0
2502,1158,1.0
2502,1223,1.0
2502,1862,1.0
2502,1927,1.0
2502,2182,1.0
2502,2247,1.0
2502,2886,1.0
2502,2951,1.0
2503,1287,1.0
2503,1352,1.0
2503,1607,1.0
2503,1672,1.0
2503,2311,1.0
2503,2376,1.0
2503,2631,1.0
2503,2696,1.0
2504,8,1.0
2504,73,1.0
2504,968,1.0
2504,777,1.0
2504,3080,1.0
2504,3145,1.0
2504,4040,1.0
2504,3849,1.0
2505,393,1.0
2505,458,1.0
2505,713,1.0
2505,522,1.0
2505,3465,1.0
2505,3530,1.0
2505,3785,1.0
2505,3594,1.0
2506,1162,1.0
2506,1227,1.0
2506,1866,1.0
2506,1931,1.0
2506,2186,1.0
2506,2251,1.0
2506,2890,1.0
2506,2955,1.0
2507,1291,1.0
2507,1356,1.0
2507,1611,1.0
2507,1676,1.0
2507,2315,1.0
2507,2380,1.0
2507,2635,1.0
2507,2700,1.0
2508,12,1.0
2508,77,1.0
2508,972,1.0
2508,781,1.0
2508,3084,1.0
2508,3149,1.0
2508,4044,1.0
2508,3853,1.0
2509,397,1.0
2509,462,1.0
2509,717,1.0
2509,526,1.0
2509,3469,1.0
2509,3534,1.0
2509,3789,1.0
2509,3598,1.0
2510,1166,1.0
2510,1231,1.0
2510,1870,1.0
2510,1935,1.0
2510,2190,1.0
2510,2255,1.0
2510,2894,1.0
2510,2959,1.0
2511,1295,1.0
2511,1360,1.0
2511,1615,1.0
2511,1680,1.0
2511,2319,1.0
2511,2384,1.0
2511,2639,1.0
2511,2704,1.0
2512,16,1.0
2512,81,1.0
2512,976,1.0
2512,785,1.0
2512,3088,1.0
2512,3153,1.0
2512,4048,1.0
2512,3857,1.0
2513,401,1.0
2513,466,1.0
2513,721,1.0
2513,530,1.0
2513,3473,1.0
2513,3538,1.0
2513,3793,1.0
2513,3602,1.0
2514,1170,1.0
2514,1235,1.0
2514,1874,1.0
2514,1939,1.0
2514,2194,1.0
2514,2259,1.0
2514,2898,1.0
2514,2963,1.0
2515,1299,1.0
2515,1364,1.0
2515,1619,1.0
2515,1684,1.0
2515,2323,1.0
2515,2388,1.0
2515,2643,1.0
2515,2708,1.0
2516,20,1.0
2516,85,1.0
2516,980,1.0
2516,789,1.0
2516,3092,1.0
2516,3157,1.0
2516,4052,1.0
2516,3861,1.0
2517,405,1.0
2517,470,1.0
2517,725,1.0
2517,534,1.0
2517,3477,1.0
2517,3542,1.0
2517,3797,1.0
2517,3606,1.0
2518,1174,1.0
2518,1239,1.0
2518,1878,1.0
2518,1943,1.0
2518,2198,1.0
2518,2263,1.0
2518,2902,1.0
2518,2967,1.0
2519,1303,1.0
2519,1368,1.0
2519,1623,1.0
2519,1688,1.0
2519,2327,1.0
2519,2392,1.0
2519,2647,1.0
2519,2712,1.0
2520,24,1.0
2520,89,1.0
2520,984,1.0
2520,793,1.0
2520,3096,1.0
2520,3161,1.0
2520,4056,1.0
2520,3865,1.0
2521,409,1.0
2521,474,1.0
2521,729,1.0
2521,538,1.0
2521,3481,1.0
2521,3546,1.0
2521,3801,1.0
2521,3610,1.0
2522,1178,1.0
2522,1243,1.0
2522,1882,1.0
2522,1947,1.0
2522,2202,1.0
2522,2267,1.0
2522,2906,1.0
2522,2971,1.0
2523,1307,1.0
2523,1372,1.0
2523,1627,1.0
2523,1692,1.0
2523,2331,1.0
2523,2396,1.0
2523,2651,1.0
2523,2716,1.0
2524,28,1.0
2524,93,1.0
2524,988,1.0
2524,797,1.0
2524,3100,1.0
2524,3165,1.0
2524,4060,1.0
2524,3869,1.0
2525,413,1.0
2525,478,1.0
2525,733,1.0
2525,542,1.0
2525,3485,1.0
2525,3550,1.0
2525,3805,1.0
2525,3614,1.0
2526,1182,1.0
2526,1247,1.0
2526,1886,1.0
2526,1951,1.0
2526,2206,1.0
2526,2271,1.0
2526,2910,1.0
2526,2975,1.0
2527,1311,1.0
2527,1376,1.0
2527,1631,1.0
2527,1696,1.0
2527,2335,1.0
2527,2400,1.0
2527,2655,1.0
2527,2720,1.0
2528,32,1.0
2528,97,1.0
2528,992,1.0
2528,801,1.0
2528,3104,1.0
2528,3169,1.0
2528,4064,1.0
2528,3873,1.0
2529,417,1.0
2529,482,1.0
2529,737,1.0
2529,546,1.0
2529,3489,1.0
2529,3554,1.0
2529,3809,1.0
2529,3618,1.0
2530,1186,1.0
2530,1251,1.0
2530,1890,1.0
2530,1955,1.0
2530,2210,1.0
2530,2275,1.0
2530,2914,1.0
2530,2979,1.0
2531,1315,1.0
2531,1380,1.0
2531,1635,1.0
2531,1700,1.0
2531,2339,1.0
2531,2404,1.0
2531,2659,1.0
2531,2724,1.0
2532,36,1.0
2532,101,1.0
2532,996,1.0
2532,805,1.0
2532,3108,1.0
2532,3173,1.0
2532,4068,1.0
2532,3877,1.0
2533,421,1.0
2533,486,1.0
2533,741,1.0
2533,550,1.0
2533,3493,1.0
2533,3558,1.0
2533,3813,1.0
2533,3622,1.0
2534,1190,1.0
2534,1255,1.0
2534,1894,1.0
2534,1959,1.0
2534,2214,1.0
2534,2279,1.0
2534,2918,1.0
2534,2983,1.0
2535,1319,1.0
2535,1384,1.0
2535,1639,1.0
2535,1704,1.0
2535,2343,1.0
2535,2408,1.0
2535,2663,1.0
2535,2728,1.0
2536,40,1.0
2536,105,1.0
2536,1000,1.0
2536,809,1.0
2536,3112,1.0
2536,3177,1.0
2536,4072,1.0
2536,3881,1.0
2537,425,1.0
2537,490,1.0
2537,745,1.0
2537,554,1.0
2537,3497,1.0
2537,3562,1.0
2537,3817,1.0
2537,3626,1.0
2538,1194,1.0
2538,1259,1.0
2538,1898,1.0
2538,1963,1.0
2538,2218,1.0
2538,2283,1.0
2538,2922,1.0
2538,2987,1.0
2539,1323,1.0
2539,1388,1.0
2539,1643,1.0
2539,1708,1.0
2539,2347,1.0
2539,2412,1.0
2539,2667,1.0
2539,2732,1.0
2540,44,1.0
2540,109,1.0
2540,1004,1.0
2540,813,1.0
2540,3116,1.0
2540,3181,1.0
2540,4076,1.0
2540,3885,1.0
2541,429,1.0
2541,494,1.0
2541,749,1.0
2541,558,1.0
2541,3501,1.0
2541,3566,1.0
2541,3821,1.0
2541,3630,1.0
2542,1198,1.0
2542,1263,1.0
2542,1902,1.0
2542,1967,1.0
2542,2222,1.0
2542,2287,1.0
2542,2926,1.0
2542,2991,1.0
2543,1327,1.0
2543,1392,1.0
2543,1647,1.0
2543,1712,1.0
2543,2351,1.0
2543,2416,1.0
2543,2671,1.0
2543,2736,1.0
2544,48,1.0
2544,113,1.0
2544,1008,1.0
2544,817,1.0
2544,3120,1.0
2544,3185,1.0
2544,4080,1.0
2544,3889,1.0
2545,433,1.0
2545,498,1.0
2545,753,1.0
2545,562,1.0
2545,3505,1.0
2545,3570,1.0
2545,3825,1.0
2545,3634,1.0
2546,1202,1.0
2546,1267,1.0
2546,1906,1.0
2546,1971,1.0
2546,2226,1.0
2546,2291,1.0
2546,2930,1.0
2546,2995,1.0
2547,1331,1.0
2547,1396,1.0
2547,1651,1.0
2547,1716,1.0
2547,2355,1.0
2547,2420,1.0
2547,2675,1.0
2547,2740,1.0
2548,52,1.0
2548,117,1.0
2548,1012,1.0
2548,821,1.0
2548,3124,1.0
2548,3189,1.0
2548,4084,1.0
2548,3893,1.0
2549,437,1.0
2549,502,1.0
2549,757,1.0
2549,566,1.0
2549,3509,1.0
2549,3574,1.0
2549,3829,1.0
2549,3638,1.0
2550,1206,1.0
2550,1271,1.0
2550,1910,1.0
2550,1975,1.0
2550,2230,1.0
2550,2295,1.0
2550,2934,1.0
2550,2999,1.0
2551,1335,1.0
2551,1400,1.0
2551,1655,1.0
2551,1720,1.0
2551,2359,1.0
2551,2424,1.0
2551,2679,1.0
2551,2744,1.0
2552,56,1.0
2552,121,1.0
2552,1016,1.0
2552,825,1.0
2552,3128,1.0
2552,3193,1.0
2552,4088,1.0
2552,3897,1.0
2553,441,1.0
2553,506,1.0
2553,761,1.0
2553,570,1.0
2553,3513,1.0
2553,3578,1.0
2553,3833,1.0
2553,3642,1.0
2554,1210,1.0
2554,1275,1.0
2554,1914,1.0
2554,1979,1.0
2554,2234,1.0
2554,2299,1.0
2554,2938,1.0
2554,3003,1.0
2555,1339,1.0
2555,1404,1.0
2555,1659,1.0
2555,1724,1.0
2555,2363,1.0
2555,2428,1.0
2555,2683,1.0
2555,2748,1.0
2556,60,1.0
2556,125,1.0
2556,1020,1.0
2556,829,1.0
2556,3132,1.0
2556,3197,1.0
2556,4092,1.0
2556,3901,1.0
2557,445,1.0
2557,510,1.0
2557,765,1.0
2557,574,1.0
2557,3517,1.0
2557,3582,1.0
2557,3837,1.0
2557,3646,1.0
2558,1214,1.0
2558,1279,1.0
2558,1918,1.0
2558,1983,1.0
2558,2238,1.0
2558,2303,1.0
2558,2942,1.0
2558,3007,1.0
2559,1343,1.0
2559,1344,1.0
2559,1663,1.0
2559,1664,1.0
2559,2367,1.0
2559,2368,1.0
2559,2687,1.0
2559,2688,1.0
2560,0,1.0
2560,65,1.0
2560,960,1.0
2560,769,1.0
2560,3072,1.0
2560,3137,1.0
2560,4032,1.0
2560,3841,1.0
2561,385,1.0
2561,450,1.0
2561,705,1.0
2561,514,1.0
2561,3457,1.0
2561,3522,1.0
2561,3777,1.0
2561,3586,1.0
2562,1154,1.0
2562,1219,1.0
2562,1858,1.0
2562,1923,1.0
2562,2178,1.0
2562,2243,1.0
2562,2882,1.0
2562,2947,1.0
2563,1283,1.0
2563,1348,1.0
2563,1603,1.0
2563,1668,1.0
2563,2307,1.0
2563,2372,1.0
2563,2627,1.0
2563,2692,1.0
2564,4,1.0
2564,69,1.0
2564,964,1.0
2564,773,1.0
2564,3076,1.0
2564,3141,1.0
2564,4036,1.0
2564,3845,1.0
2565,389,1.0
2565,454,1.0
2565,709,1.0
2565,518,1.0
2565,3461,1.0
2565,3526,1.0
2565,3781,1.0
2565,3590,1.0
2566,1158,1.0
2566,1223,1.0
2566,1862,1.0
2566,1927,1.0
2566,2182,1.0
2566,2247,1.0
2566,2886,1.0
2566,2951,1.0
2567,1287,1.0
2567,1352,1.0
2567,1607,1.0
2567,1672,1.0
2567,2311,1.0
2567,2376,1.0
2567,2631,1.0
2567,2696,1.0
2568,8,1.0
2568,73,1.0
2568,968,1.0
2568,777,1.0
2568,3080,1.0
2568,3145,1.0
2568,4040,1.0
2568,3849,1.0
2569,393,1.0
2569,458,1.0
2569,713,1.0
2569,522,1.0
2569,3465,1.0
2569,3530,1.0
2569,3785,1.0
2569,3594,1.0
2570,1162,1.0
2570,1227,1.0
2570,1866,1.0
2570,1931,1.0
2570,2186,1.0
2570,2251,1.0
2570,2890,1.0
2570,2955,1.0
2571,1291,1.0
2571,1356,1.0
2571,1611,1.0
2571,1676,1.0
2571,2315,1.0
2571,2380,1.0
2571,2635,1.0
2571,2700,1.0
2572,12,1.0
2572,77,1.0
2572,972,1.0
2572,781,1.0
2572,3084,1.0
2572,3149,1.0
2572,4044,1.0
2572,3853,1.0
2573,397,1.0
2573,462,1.0
2573,717,1.0
2573,526,1.0
2573,3469,1.0
2573,3534,1.0
2573,3789,1.0
2573,3598,1.0
2574,1166,1.0
2574,1231,1.0
2574,1870,1.0
2574,1935,1.0
2574,2190,1.0
2574,2255,1.0
2574,2894,1.0
2574,2959,1.0
2575,1295,1.0
2575,1360,1.0
2575,1615,1.0
2575,1680,1.0
2575,2319,1.0
2575,2384,1.0
2575,2639,1.0
2575,2704,1.0
2576,16,1.0
2576,81,1.0
2576,976,1.0
2576,785,1.0
2576,3088,1.0
2576,3153,1.0
2576,4048,1.0
2576,3857,1.0
2577,401,1.0
2577,466,1.0
2577,721,1.0
2577,530,1.0
2577,3473,1.0
2577,3538,1.0
2577,3793,1.0
2577,3602,1.0
2578,1170,1.0
2578,1235,1.0
2578,1874,1.0
2578,1939,1.0
2578,2194,1.0
2578,2259,1.0
2578,2898,1.0
2578,2963,1.0
2579,1299,1.0
2579,1364,1.0
2579,1619,1.0
2579,1684,1.0
2579,2323,1.0
2579,2388,1.0
2579,2643,1.0
2579,2708,1.0
2580,20,1.0
2580,85,1.0
2580,980,1.0
2580,789,1.0
2580,3092,1.0
2580,3157,1.0
2580,4052,1.0
2580,3861,1.0
2581,405,1.0
2581,470,1.0
2581,725,1.0
2581,534,1.0
2581,3477,1.0
2581,3542,1.0
2581,3797,1.0
2581,3606,1.0
2582,1174,1.0
2582,1239,1.0
2582,1878,1.0
2582,1943,1.0
2582,2198,1.0
2582,2263,1.0
2582,2902,1.0
2582,2967,1.0
2583,1303,1.0
2583,1368,1.0
2583,1623,1.0
2583,1688,1.0
2583,2327,1.0
2583,2392,1.0
2583,2647,1.0
2583,2712,1.0
2584,24,1.0
2584,89,1.0
2584,984,1.0
2584,793,1.0
2584,3096,1.0
2584,3161,1.0
2584,4056,1.0
2584,3865,1.0
2585,409,1.0
2585,474,1.0
2585,729,1.0
2585,538,1.0
2585,3481,1.0
2585,3546,1.0
2585,3801,1.0
2585,3610,1.0
2586,1178,1.0
2586,1243,1.0
2586,1882,1.0
2586,1947,1.0
2586,2202,1.0
2586,2267,1.0
2586,2906,1.0
2586,2971,1.0
2587,1307,1.0
2587,1372,1.0
2587,1627,1.0
2587,1692,1.0
2587,2331,1.0
2587,2396,1.0
2587,2651,1.0
2587,2716,1.0
2588,28,1.0
2588,93,1.0
2588,988,1.0
2588,797,1.0
2588,3100,1.0
2588,3165,1.0
2588,4060,1.0
2588,3869,1.0
2589,413,1.0
2589,478,1.0
2589,733,1.0
2589,542,1.0
2589,3485,1.0
2589,3550,1.0
2589,3805,1.0
2589,3614,1.0
2590,1182,1.0
2590,1247,1.0
2590,1886,1.0
2590,1951,1.0
2590,2206,1.0
2590,2271,1.0
2590,2910,1.0
2590,2975,1.0
2591,1311,1.0
2591,1376,1.0
2591,1631,1.0
2591,1696,1.0
2591,2335,1.0
2591,2400,1.0
2591,2655,1.0
2591,2720,1.0
2592,32,1.0
2592,97,1.0
2592,992,1.0
2592,801,1.0
2592,3104,1.0
2592,3169,1.0
2592,4064,1.0
2592,3873,1.0
2593,417,1.0
2593,482,1.0
2593,737,1.0
2593,546,1.0
2593,3489,1.0
2593,3554,1.0
2593,3809,1.0
2593,3618,1.0
2594,1186,1.0
2594,1251,1.0
2594,1890,1.0
2594,1955,1.0
2594,2210,1.0
2594,2275,1.0
2594,2914,1.0
2594,2979,1.0
2595,1315,1.0
2595,1380,1.0
2595,1635,1.0
2595,1700,1.0
2595,2339,1.0
2595,2404,1.0
2595,2659,1.0
2595,2724,1.0
2596,36,1.0
2596,101,1.0
2596,996,1.0
2596,805,1.0
2596,3108,1.0
2596,3173,1.0
2596,4068,1.0
2596,3877,1.0
2597,421,1.0
2597,486,1.0
2597,741,1.0
2597,550,1.0
2597,3493,1.0
2597,3558,1.0
2597,3813,1.0
2597,3622,1.0
2598,1190,1.0
2598,1255,1.0
2598,1894,1.0
2598,1959,1.0
2598,2214,1.0
2598,2279,1.0
2598,2918,1.0
2598,2983,1.0
2599,1319,1.0
2599,1384,1.0
2599,1639,1.0
2599,1704,1.0
2599,2343,1.0
2599,2408,1.0
2599,2663,1.0
2599,2728,1.0
2600,40,1.0
2600,105,1.0
2600,1000,1.0
2600,809,1.0
2600,3112,1.0
2600,3177,1.0
2600,4072,1.0
2600,3881,1.0
2601,425,1.0
2601,490,1.0
2601,745,1.0
2601,554,1.0
2601,3497,1.0
2601,3562,1.0
2601,3817,1.0
2601,3626,1.0
2602,1194,1.0
2602,1259,1.0
2602,1898,1.0
2602,1963,1.0
2602,2218,1.0
2602,2283,1.0
2602,2922,1.0
2602,2987,1.0
2603,1323,1.0
2603,1388,1.0
2603,1643,1.0
2603,1708,1.0
2603,2347,1.0
2603,2412,1.0
2603,2667,1.0
2603,2732,1.0
2604,44,1.0
2604,109,1.0
2604,1004,1.0
2604,813,1.0
2604,3116,1.0
2604,3181,1.0
2604,4076,1.0
2604,3885,1.0
2605,429,1.0
2605,494,1.0
2605,749,1.0
2605,558,1.0
2605,3501,1.0
2605,3566,1.0
2605,3821,1.0
2605,3630,1.0
2606,1198,1.0
2606,1263,1.0
2606,1902,1.0
2606,1967,1.0
2606,2222,1.0
2606,2287,1.0
2606,2926,1.0
2606,2991,1.0
2607,1327,1.0
2607,1392,1.0
2607,1647,1.0
2607,1712,1.0
2607,2351,1.0
2607,2416,1.0
2607,2671,1.0
2607,2736,1.0
2608,48,1.0
2608,113,1.0
2608,1008,1.0
2608,817,1.0
2608,3120,1.0
2608,3185,1.0
2608,4080,1.0
2608,3889,1.0
2609,433,1.0
2609,498,1.0
2609,753,1.0
2609,562,1.0
2609,3505,1.0
2609,3570,1.0
2609,3825,1.0
2609,3634,1.0
2610,1202,1.0
2610,1267,1.0
2610,1906,1.0
2610,1971,1.0
2610,2226,1.0
2610,2291,1.0
2610,2930,1.0
2610,2995,1.0
2611,1331,1.0
2611,1396,1.0
2611,1651,1.0
2611,1716,1.0
2611,2355,1.0
2611,2420,1.0
2611,2675,1.0
2611,2740,1.0
2612,52,1.0
2612,117,1.0
2612,1012,1.0
2612,821,1.0
2612,3124,1.0
2612,3189,1.0
2612,4084,1.0
2612,3893,1.0
2613,437,1.0
2613,502,1.0
2613,757,1.0
2613,566,1.0
2613,3509,1.0
2613,3574,1.0
2613,3829,1.0
2613,3638,1.0
2614,1206,1.0
2614,1271,1.0
2614,1910,1.0
2614,1975,1.0
2614,2230,1.0
2614,2295,1.0
2614,2934,1.0
2614,2999,1.0
2615,1335,1.0
2615,1400,1.0
2615,1655,1.0
2615,1720,1.0
2615,2359,1.0
2615,2424,1.0
2615,2679,1.0
2615,2744,1.0
2616,56,1.0
2616,121,1.0
2616,1016,1.0
2616,825,1.0
2616,3128,1.0
2616,3193,1.0
2616,4088,1.0
2616,3897,1.0
2617,441,1.0
2617,506,1.0
2617,761,1.0
2617,570,1.0
2617,3513,1.0
2617,3578,1.0
2617,3833,1.0
2617,3642,1.0
2618,1210,1.0
2618,1275,1.0
2618,1914,1.0
2618,1979,1.0
2618,2234,1.0
2618,2299,1.0
2618,2938,1.0
2618,3003,1.0
2619,1339,1.0
2619,1404,1.0
2619,1659,1.0
2619,1724,1.0
2619,2363,1.0
2619,2428,1.0
2619,2683,1.0
2619,2748,1.0
2620,60,1.0
2620,125,1.0
2620,1020,1.0
2620,829,1.0
2620,3132,1.0
2620,3197,1.0
2620,4092,1.0
2620,3901,1.0
2621,445,1.0
2621,510,1.0
2621,765,1.0
2621,574,1.0
2621,3517,1.0
2621,3582,1.0
2621,3837,1.0
2621,3646,1.0
2622,1214,1.0
2622,1279,1.0
2622,1918,1.0
2622,1983,1.0
2622,2238,1.0
2622,2303,1.0
2622,2942,1.0
2622,3007,1.0
2623,1343,1.0
2623,1344,1.0
2623,1663,1.0
2623,1664,1.0
2623,2367,1.0
2623,2368,1.0
2623,2687,1.0
2623,2688,1.0
2624,0,1.0
2624,65,1.0
2624,960,1.0
2624,769,1.0
2624,3072,1.0
2624,3137,1.0
2624,4032,1.0
2624,3841,1.0
2625,385,1.0
2625,450,1.0
2625,705,1.0
2625,514,1.0
2625,3457,1.0
2625,3522,1.0
2625,3777,1.0
2625,3586,1.0
2626,1154,1.0
2626,1219,1.0
2626,1858,1.0
2626,1923,1.0
2626,2178,1.0
2626,2243,1.0
2626,2882,1.0
2626,2947,1.0
2627,1283,1.0
2627,1348,1.0
2627,1603,1.0
2627,1668,1.0
2627,2307,1.0
2627,2372,1.0
2627,2627,1.0
2627,2692,1.0
2628,4,1.0
2628,69,1.0
2628,964,1.0
2628,773,1.0
2628,3076,1.0
2628,3141,1.0
2628,4036,1.0
2628,3845,1.0
2629,389,1.0
2629,454,1.0
2629,709,1.0
2629,518,1.0
2629,3461,1.0
2629,3526,1.0
2629,3781,1.0
2629,3590,1.0
2630,1158,1.0
2630,1223,1.0
2630,1862,1.0
2630,1927,1.0
2630,2182,1.0
2630,2247,1.0
2630,2886,1.0
2630,2951,1.0
2631,1287,1.0
2631,1352,1.0
2631,1607,1.0
2631,1672,1.0
2631,2311,1.0
2631,2376,1.0
2631,2631,1.0
2631,2696,1.0
2632,8,1.0
2632,73,1.0
2632,968,1.0
2632,777,1.0
2632,3080,1.0
2632,3145,1.0
2632,4040,1.0
2632,3849,1.0
2633,393,1.0
2633,458,1.0
2633,713,1.0
2633,522,1.0
2633,3465,1.0
2633,3530,1.0
2633,3785,1.0
2633,3594,1.0
2634,1162,1.0
2634,1227,1.0
2634,1866,1.0
2634,1931,1.0
2634,2186,1.0
2634,2251,1.0
2634,2890,1.0
2634,2955,1.0
2635,1291,1.0
2635,1356,1.0
2635,1611,1.0
2635,1676,1.0
2635,2315,1.0
2635,2380,1.0
2635,2635,1.0
2635,2700,1.0
2636,12,1.0
2636,77,1.0
2636,972,1.0
2636,781,1.0
2636,3084,1.0
2636,3149,1.0
2636,4044,1.0
2636,3853,1.0
2637,397,1.0
2637,462,1.0
2637,717,1.0
2637,526,1.0
2637,3469,1.0
2637,3534,1.0
2637,3789,1.0
2637,3598,1.0
2638,1166,1.0
2638,1231,1.0
2638,1870,1.0
2638,1935,1.0
2638,2190,1.0
2638,2255,1.0
2638,2894,1.0
2638,2959,1.0
2639,1295,1.0
2639,1360,1.0
2639,1615,1.0
2639,1680,1.0
2639,2319,1.0
2639,2384,1.0
2639,2639,1.0
2639,2704,1.0
2640,16,1.0
2640,81,1.0
2640,976,1.0
2640,785,1.0
2640,3088,1.0
2640,3153,1.0
2640,4048,1.0
2640,3857,1.0
2641,401,1.0
2641,466,1.0
2641,721,1.0
2641,530,1.0
2641,3473,1.0
2641,3538,1.0
2641,3793,1.0
2641,3602,1.0
2642,1170,1.0
2642,1235,1.0
2642,1874,1.0
2642,1939,1.0
2642,2194,1.0
2642,2259,1.0
2642,2898,1.0
2642,2963,1.0
2643,1299,1.0
2643,1364,1.0
2643,1619,1.0
2643,1684,1.0
2643,2323,1.0
2643,2388,1.0
2643,2643,1.0
2643,2708,1.0
2644,20,1.0
2644,85,1.0
2644,980,1.0
2644,789,1.0
2644,3092,1.0
2644,3157,1.0
2644,4052,1.0
2644,3861,1.0
2645,405,1.0
2645,470,1.0
2645,725,1.0
2645,534,1.0
2645,3477,1.0
2645,3542,1.0
2645,3797,1.0
2645,3606,1.0
2646,1174,1.0
2646,1239,1.0
2646,1878,1.0
2646,1943,1.0
2646,2198,1.0
2646,2263,1.0
2646,2902,1.0
2646,2967,1.0
2647,1303,1.0
2647,1368,1.0
2647,1623,1.0
2647,1688,1.0
2647,2327,1.0
2647,2392,1.0
2647,2647,1.0
2647,2712,1.0
2648,24,1.0
2648,89,1.0
2648,984,1.0
2648,793,1.0
2648,3096,1.0
2648,3161,1.0
2648,4056,1.0
2648,3865,1.0
2649,409,1.0
2649,474,1.0
2649,729,1.0
2649,538,1.0
2649,3481,1.0
2649,3546,1.0
2649,3801,1.0
2649,3610,1.0
2650,1178,1.0
2650,1243,1.0
2650,1882,1.0
2650,1947,1.0
2650,2202,1.0
2650,2267,1.0
2650,2906,1.0
2650,2971,1.0
2651,1307,1.0
2651,1372,1.0
2651,1627,1.0
2651,1692,1.0
2651,2331,1.0
2651,2396,1.0
2651,2651,1.0
2651,2716,1.0
2652,28,1.0
2652,93,1.0
2652,988,1.0
2652,797,1.0
2652,3100,1.0
2652,3165,1.0
2652,4060,1.0
2652,3869,1.0
2653,413,1.0
2653,478,1.0
2653,733,1.0
2653,542,1.0
2653,3485,1.0
2653,3550,1.0
2653,3805,1.0
2653,3614,1.0
2654,1182,1.0
2654,1247,1.0
2654,1886,1.0
2654,1951,1.0
2654,2206,1.0
2654,2271,1.0
2654,2910,1.0
2654,2975,1.0
2655,1311,1.0
2655,1376,1.0
2655,1631,1.0
2655,1696,1.0
2655,2335,1.0
2655,2400,1.0
2655,2655,1.0
2655,2720,1.0
2656,32,1.0
2656,97,1.0
2656,992,1.0
2656,801,1.0
2656,3104,1.0
2656,3169,1.0
2656,4064,1.0
2656,3873,1.0
2657,417,1.0
2657,482,1.0
2657,737,1.0
2657,546,1.0
2657,3489,1.0
2657,3554,1.0
2657,3809,1.0
2657,3618,1.0
2658,1186,1.0
2658,1251,1.0
2658,1890,1.0
2658,1955,1.0
2658,2210,1.0
2658,2275,1.0
2658,2914,1.0
2658,2979,1.0
2659,1315,1.0
2659,1380,1.0
2659,1635,1.0
2659,1700,1.0
2659,2339,1.0
2659,2404,1.0
2659,2659,1.0
2659,2724,1.0
2660,36,1.0
2660,101,1.0
2660,996,1.0
2660,805,1.0
2660,3108,1.0
2660,3173,1.0
2660,4068,1.0
2660,3877,1.0
2661,421,1.0
2661,486,1.0
2661,741,1.0
2661,550,1.0
2661,3493,1.0
2661,3558,1.0
2661,3813,1.0
2661,3622,1.0
2662,1190,1.0
2662,1255,1.0
2662,1894,1.0
2662,1959,1.0
2662,2214,1.0
2662,2279,1.0
2662,2918,1.0
2662,2983,1.0
2663,1319,1.0
2663,1384,1.0
2663,1639,1.0
2663,1704,1.0
2663,2343,1.0
2663,2408,1.0
2663,2663,1.0
2663,2728,1.0
2664,40,1.0
2664,105,1.0
2664,1000,1.0
2664,809,1.0
2664,3112,1.0
2664,3177,1.0
2664,4072,1.0
2664,3881,1.0
2665,425,1.0
2665,490,1.0
2665,745,1.0
2665,554,1.0
2665,3497,1.0
2665,3562,1.0
2665,3817,1.0
2665,3626,1.0
2666,1194,1.0
2666,1259,1.0
2666,1898,1.0
2666,1963,1.0
2666,2218,1.0
2666,2283,1.0
2666,2922,1.0
2666,2987,1.0
2667,1323,1.0
2667,1388,1.0
2667,1643,1.0
2667,1708,1.0
2667,2347,1.0
2667,2412,1.0
2667,2667,1.0
2667,2732,1.0
2668,44,1.0
2668,109,1.0
2668,1004,1.0
2668,813,1.0
2668,3116,1.0
2668,3181,1.0
2668,4076,1.0
2668,3885,1.0
2669,429,1.0
2669,494,1.0
2669,749,1.0
2669,558,1.0
2669,3501,1.0
2669,3566,1.0
2669,3821,1.0
2669,3630,1.0
2670,1198,1.0
2670,1263,1.0
2670,1902,1.0
2670,1967,1.0
2670,2222,1.0
2670,2287,1.0
2670,2926,1.0
2670,2991,1.0
2671,1327,1.0
2671,1392,1.0
2671,1647,1.0
2671,1712,1.0
2671,2351,1.0
2671,2416,1.0
2671,2671,1.0
2671,2736,1.0
2672,48,1.0
2672,113,1.0
2672,1008,1.0
2672,817,1.0
2672,3120,1.0
2672,3185,1.0
2672,4080,1.0
2672,3889,1.0
2673,433,1.0
2673,498,1.0
2673,753,1.0
2673,562,1.0
2673,3505,1.0
2673,3570,1.0
2673,3825,1.0
2673,3634,1.0
2674,1202,1.0
2674,1267,1.0
2674,1906,1.0
2674,1971,1.0
2674,2226,1.0
2674,2291,1.0
2674,2930,1.0
2674,2995,1.0
2675,1331,1.0
2675,1396,1.0
2675,1651,1.0
2675,1716,1.0
2675,2355,1.0
2675,2420,1.0
2675,2675,1.0
2675,2740,1.0
2676,52,1.0
2676,117,1.0
2676,1012,1.0
2676,821,1.0
2676,3124,1.0
2676,3189,1.0
2676,4084,1.0
2676,3893,1.0
2677,437,1.0
2677,502,1.0
2677,757,1.0
2677,566,1.0
2677,3509,1.0
2677,3574,1.0
2677,3829,1.0
2677,3638,1.0
2678,1206,1.0
2678,1271,1.0
2678,1910,1.0
2678,1975,1.0
2678,2230,1.0
2678,2295,1.0
2678,2934,1.0
2678,2999,1.0
2679,1335,1.0
2679,1400,1.0
2679,1655,1.0
2679,1720,1.0
2679,2359,1.0
2679,2424,1.0
2679,2679,1.0
2679,2744,1.0
2680,56,1.0
2680,121,1.0
2680,1016,1.0
2680,825,1.0
2680,3128,1.0
2680,3193,1.0
2680,4088,1.0
2680,3897,1.0
2681,441,1.0
2681,506,1.0
2681,761,1.0
2681,570,1.0
2681,3513,1.0
2681,3578,1.0
2681,3833,1.0
2681,3642,1.0
2682,1210,1.0
2682,1275,1.0
2682,1914,1.0
2682,1979,1.0
2682,2234,1.0
2682,2299,1.0
2682,2938,1.0
2682,3003,1.0
2683,1339,1.0
2683,1404,1.0
2683,1659,1.0
2683,1724,1.0
2683,2363,1.0
2683,2428,1.0
2683,2683,1.0
2683,2748,1.0
2684,60,1.0
2684,125,1.0
2684,1020,1.0
2684,829,1.0
2684,3132,1.0
2684,3197,1.0
2684,4092,1.0
2684,3901,1.0
2685,445,1.0
2685,510,1.0
2685,765,1.0
2685,574,1.0
2685,3517,1.0
2685,3582,1.0
2685,3837,1.0
2685,3646,1.0
2686,1214,1.0
2686,1279,1.0
2686,1918,1.0
2686,1983,1.0
2686,2238,1.0
2686,2303,1.0
2686,2942,1.0
2686,3007,1.0
2687,1343,1.0
2687,1344,1.0
2687,1663,1.0
2687,1664,1.0
2687,2367,1.0
2687,2368,1.0
2687,2687,1.0
2687,2688,1.0
2688,0,1.0
2688,65,1.0
2688,960,1.0
2688,769,1.0
2688,3072,1.0
2688,3137,1.0
2688,4032,1.0
2688,3841,1.0
2689,385,1.0
2689,450,1.0
2689,705,1.0
2689,514,1.0
2689,3457,1.0
2689,3522,1.0
2689,3777,1.0
2689,3586,1.0
2690,1154,1.0
2690,1219,1.0
2690,1858,1.0
2690,1923,1.0
2690,2178,1.0
2690,2243,1.0
2690,2882,1.0
2690,2947,1.0
2691,1283,1.0
2691,1348,1.0
2691,1603,1.0
2691,1668,1.0
2691,2307,1.0
2691,2372,1.0
2691,2627,1.0
2691,2692,1.0
2692,4,1.0
2692,69,1.0
2692,964,1.0
2692,773,1.0
2692,3076,1.0
2692,3141,1.0
2692,4036,1.0
2692,3845,1.0
2693,389,1.0
2693,454,1.0
2693,709,1.0
2693,518,1.0
2693,3461,1.0
2693,3526,1.0
2693,3781,1.0
2693,3590,1.0
2694,1158,1.0
2694,1223,1.0
2694,1862,1.0
2694,1927,1.0
2694,2182,1.0
2694,2247,1.0
2694,2886,1.0
2694,2951,1.0
2695,1287,1.0
2695,1352,1.0
2695,1607,1.0
2695,1672,1.0
2695,2311,1.0
2695,2376,1.0
2695,2631,1.0
2695,2696,1.0
2696,8,1.0
2696,73,1.0
2696,968,1.0
2696,777,1.0
2696,3080,1.0
2696,3145,1.0
2696,4040,1.0
2696,3849,1.0
2697,393,1.0
2697,458,1.0
2697,713,1.0
2697,522,1.0
2697,3465,1.0
2697,3530,1.0
2697,3785,1.0
2697,3594,1.0
2698,1162,1.0
2698,1227,1.0
2698,1866,1.0
2698,1931,1.0
2698,2186,1.0
2698,2251,1.0
2698,2890,1.0
2698,2955,1.0
2699,1291,1.0
2699,1356,1.0
2699,1611,1.0
2699,1676,1.0
2699,2315,1.0
2699,2380,1.0
2699,2635,1.0
2699,2700,1.0
2700,12,1.0
2700,77,1.0
2700,972,1.0
2700,781,1.0
2700,3084,1.0
2700,3149,1.0
2700,4044,1.0
2700,3853,1.0
2701,397,1.0
2701,462,1.0
2701,717,1.0
2701,526,1.0
2701,3469,1.0
2701,3534,1.0
2701,3789,1.0
2701,3598,1.0
2702,1166,1.0
2702,1231,1.0
2702,1870,1.0
2702,1935,1.0
2702,2190,1.0
2702,2255,1.0
2702,2894,1.0
2702,2959,1.0
2703,1295,1.0
2703,1360,1.0
2703,1615,1.0
2703,1680,1.0
2703,2319,1.0
2703,2384,1.0
2703,2639,1.0
2703,2704,1.0
2704,16,1.0
2704,81,1.0
2704,976,1.0
2704,785,1.0
2704,3088,1.0
2704,3153,1.0
2704,4048,1.0
2704,3857,1.0
2705,401,1.0
2705,466,1.0
2705,721,1.0
2705,530,1.0
2705,3473,1.0
2705,3538,1.0
2705,3793,1.0
2705,3602,1.0
2706,1170,1.0
2706,1235,1.0
2706,1874,1.0
2706,1939,1.0
2706,2194,1.0
2706,2259,1.0
2706,2898,1.0
2706,2963,1.0
2707,1299,1.0
2707,1364,1.0
2707,1619,1.0
2707,1684,1.0
2707,2323,1.0
2707,2388,1.0
2707,2643,1.0
2707,2708,1.0
2708,20,1.0
2708,85,1.0
2708,980,1.0
2708,789,1.0
2708,3092,1.0
2708,3157,1.0
2708,4052,1.0
2708,3861,1.0
2709,405,1.0
2709,470,1.0
2709,725,1.0
2709,534,1.0
2709,3477,1.0
2709,3542,1.0
2709,3797,1.0
2709,3606,1.0
2710,1174,1.0
2710,1239,1.0
2710,1878,1.0
2710,1943,1.0
2710,2198,1.0
2710,2263,1.0
2710,2902,1.0
2710,2967,1.0
2711,1303,1.0
2711,1368,1.0
2711,1623,1.0
2711,1688,1.0
2711,2327,1.0
2711,2392,1.0
2711,2647,1.0
2711,2712,1.0
2712,24,1.0
2712,89,1.0
2712,984,1.0
2712,793,1.0
2712,3096,1.0
2712,3161,1.0
2712,4056,1.0
2712,3865,1.0
2713,409,1.0
2713,474,1.0
2713,729,1.0
2713,538,1.0
2713,3481,1.0
2713,3546,1.0
2713,3801,1.0
2713,3610,1.0
2714,1178,1.0
2714,1243,1.0
2714,1882,1.0
2714,1947,1.0
2714,2202,1.0
2714,2267,1.0
2714,2906,1.0
2714,2971,1.0
2715,1307,1.0
2715,1372,1.0
2715,1627,1.0
2715,1692,1.0
2715,2331,1.0
2715,2396,1.0
2715,2651,1.0
2715,2716,1.0
2716,28,1.0
2716,93,1.0
2716,988,1.0
2716,797,1.0
2716,3100,1.0
2716,3165,1.0
2716,4060,1.0
2716,3869,1.0
2717,413,1.0
2717,478,1.0
2717,733,1.0
2717,542,1.0
2717,3485,1.0
2717,3550,1.0
2717,3805,1.0
2717,3614,1.0
2718,1182,1.0
2718,1247,1.0
2718,1886,1.0
2718,1951,1.0
2718,2206,1.0
2718,2271,1.0
2718,2910,1.0
2718,2975,1.0
2719,1311,1.0
2719,1376,1.0
2719,1631,1.0
2719,1696,1.0
2719,2335,1.0
2719,2400,1.0
2719,2655,1.0
2719,2720,1.0
2720,32,1.0
2720,97,1.0
2720,992,1.0
2720,801,1.0
2720,3104,1.0
2720,3169,1.0
2720,4064,1.0
2720,3873,1.0
2721,417,1.0
2721,482,1.0
2721,737,1.0
2721,546,1.0
2721,3489,1.0
2721,3554,1.0
2721,3809,1.0
2721,3618,1.0
2722,1186,1.0
2722,1251,1.0
2722,1890,1.0
2722,1955,1.0
2722,2210,1.0
2722,2275,1.0
2722,2914,1.0
2722,2979,1.0
2723,1315,1.0
2723,1380,1.0
2723,1635,1.0
2723,1700,1.0
2723,2339,1.0
2723,2404,1.0
2723,2659,1.0
2723,2724,1.0
2724,36,1.0
2724,101,1.0
2724,996,1.0
2724,805,1.0
2724,3108,1.0
2724,3173,1.0
2724,4068,1.0
2724,3877,1.0
2725,421,1.0
2725,486,1.0
2725,741,1.0
2725,550,1.0
2725,3493,1.0
2725,3558,1.0
2725,3813,1.0
2725,3622,1.0
2726,1190,1.0
2726,1255,1.0
2726,1894,1.0
2726,1959,1.0
2726,2214,1.0
2726,2279,1.0
2726,2918,1.0
2726,2983,1.0
2727,1319,1.0
2727,1384,1.0
2727,1639,1.0
2727,1704,1.0
2727,2343,1.0
2727,2408,1.0
2727,2663,1.0
2727,2728,1.0
2728,40,1.0
2728,105,1.0
2728,1000,1.0
2728,809,1.0
2728,3112,1.0
2728,3177,1.0
2728,4072,1.0
2728,3881,1.0
2729,425,1.0
2729,490,1.0
2729,745,1.0
2729,554,1.0
2729,3497,1.0
2729,3562,1.0
2729,3817,1.0
2729,3626,1.0
2730,1194,1.0
2730,1259,1.0
2730,1898,1.0
2730,1963,1.0
2730,2218,1.0
2730,2283,1.0
2730,2922,1.0
2730,2987,1.0
2731,1323,1.0
2731,1388,1.0
2731,1643,1.0
2731,1708,1.0
2731,2347,1.0
2731,2412,1.0
2731,2667,1.0
2731,2732,1.0
2732,44,1.0
2732,109,1.0
2732,1004,1.0
2732,813,1.0
2732,3116,1.0
2732,3181,1.0
2732,4076,1.0
2732,3885,1.0
2733,429,1.0
2733,494,1.0
2733,749,1.0
2733,558,1.0
2733,3501,1.0
2733,3566,1.0
2733,3821,1.0
2733,3630,1.0
2734,1198,1.0
2734,1263,1.0
2734,1902,1.0
2734,1967,1.0
2734,2222,1.0
2734,2287,1.0
2734,2926,1.0
2734,2991,1.0
2735,1327,1.0
2735,1392,1.0
2735,1647,1.0
2735,1712,1.0
2735,2351,1.0
2735,2416,1.0
2735,2671,1.0
2735,2736,1.0
2736,48,1.0
2736,113,1.0
2736,1008,1.0
2736,817,1.0
2736,3120,1.0
2736,3185,1.0
2736,4080,1.0
2736,3889,1.0
2737,433,1.0
2737,498,1.0
2737,753,1.0
2737,562,1.0
2737,3505,1.0
2737,3570,1.0
2737,3825,1.0
2737,3634,1.0
2738,1202,1.0
2738,1267,1.0
2738,1906,1.0
2738,1971,1.0
2738,2226,1.0
2738,2291,1.0
2738,2930,1.0
2738,2995,1.0
2739,1331,1.0
2739,1396,1.0
2739,1651,1.0
2739,1716,1.0
2739,2355,1.0
2739,2420,1.0
2739,2675,1.0
2739,2740,1.0
2740,52,1.0
2740,117,1.0
2740,1012,1.0
2740,821,1.0
2740,3124,1.0
2740,3189,1.0
2740,4084,1.0
2740,3893,1.0
2741,437,1.0
2741,502,1.0
2741,757,1.0
2741,566,1.0
2741,3509,1.0
2741,3574,1.0
2741,3829,1.0
2741,3638,1.0
2742,1206,1.0
2742,1271,1.0
2742,1910,1.0
2742,1975,1.0
2742,2230,1.0
2742,2295,1.0
2742,2934,1.0
2742,2999,1.0
2743,1335,1.0
2743,1400,1.0
2743,1655,1.0
2743,1720,1.0
2743,2359,1.0
2743,2424,1.0
2743,2679,1.0
2743,2744,1.0
2744,56,1.0
2744,121,1.0
2744,1016,1.0
2744,825,1.0
2744,3128,1.0
2744,3193,1.0
2744,4088,1.0
2744,3897,1.0
2745,441,1.0
2745,506,1.0
2745,761,1.0
2745,570,1.0
2745,3513,1.0
2745,3578,1.0
2745,3833,1.0
2745,3642,1.0
2746,1210,1.0
2746,1275,1.0
2746,1914,1.0
2746,1979,1.0
2746,2234,1.0
2746,2299,1.0
2746,2938,1.0
2746,3003,1.0
2747,1339,1.0
2747,1404,1.0
2747,1659,1.0
2747,1724,1.0
2747,2363,1.0
2747,2428,1.0
2747,2683,1.0
2747,2748,1.0
2748,60,1.0
2748,125,1.0
2748,1020,1.0
2748,829,1.0
2748,3132,1.0
2748,3197,1.0
2748,4092,1.0
2748,3901,1.0
2749,445,1.0
2749,510,1.0
2749,765,1.0
2749,574,1.0
2749,3517,1.0
2749,3582,1.0
2749,3837,1.0
2749,3646,1.0
2750,1214,1.0
2750,1279,1.0
2750,1918,1.0
2750,1983,1.0
2750,2238,1.0
2750,2303,1.0
2750,2942,1.0
2750,3007,1.0
2751,1343,1.0
2751,1344,1.0
2751,1663,1.0
2751,1664,1.0
2751,2367,1.0
2751,2368,1.0
2751,2687,1.0
2751,2688,1.0
2752,0,1.0
2752,65,1.0
2752,960,1.0
2752,769,1.0
2752,3072,1.0
2752,3137,1.0
2752,4032,1.0
2752,3841,1.0
2753,385,1.0
2753,450,1.0
2753,705,1.0
2753,514,1.0
2753,3457,1.0
2753,3522,1.0
2753,3777,1.0
2753,3586,1.0
2754,1154,1.0
2754,1219,1.0
2754,1858,1.0
2754,1923,1.0
2754,2178,1.0
2754,2243,1.0
2754,2882,1.0
2754,2947,1.0
2755,1283,1.0
2755,1348,1.0
2755,1603,1.0
2755,1668,1.0
2755,2307,1.0
2755,2372,1.0
2755,2627,1.0
2755,2692,1.0
2756,4,1.0
2756,69,1.0
2756,964,1.0
2756,773,1.0
2756,3076,1.0
2756,3141,1.0
2756,4036,1.0
2756,3845,1.0
2757,389,1.0
2757,454,1.0
2757,709,1.0
2757,518,1.0
2757,3461,1.0
2757,3526,1.0
2757,3781,1.0
2757,3590,1.0
2758,1158,1.0
2758,1223,1.0
2758,1862,1.0
2758,1927,1.0
2758,2182,1.0
2758,2247,1.0
2758,2886,1.0
2758,2951,1.0
2759,1287,1.0
2759,1352,1.0
2759,1607,1.0
2759,1672,1.0
2759,2311,1.0
2759,2376,1.0
2759,2631,1.0
2759,2696,1.0
2760,8,1.0
2760,73,1.0
2760,968,1.0
2760,777,1.0
2760,3080,1.0
2760,3145,1.0
2760,4040,1.0
2760,3849,1.0
2761,393,1.0
2761,458,1.0
2761,713,1.0
2761,522,1.0
2761,3465,1.0
2761,3530,1.0
2761,3785,1.0
2761,3594,1.0
2762,1162,1.0
2762,1227,1.0
2762,1866,1.0
2762,1931,1.0
2762,2186,1.0
2762,2251,1.0
2762,2890,1.0
2762,2955,1.0
2763,1291,1.0
2763,1356,1.0
2763,1611,1.0
2763,1676,1.0
2763,2315,1.0
2763,2380,1.0
2763,2635,1.0
2763,2700,1.0
2764,12,1.0
2764,77,1.0
2764,972,1.0
2764,781,1.0
2764,3084,1.0
2764,3149,1.0
2764,4044,1.0
2764,3853,1.0
2765,397,1.0
2765,462,1.0
2765,717,1.0
2765,526,1.0
2765,3469,1.0
2765,3534,1.0
2765,3789,1.0
2765,3598,1.0
2766,1166,1.0
2766,1231,1.0
2766,1870,1.0
2766,1935,1.0
2766,2190,1.0
2766,2255,1.0
2766,2894,1.0
2766,2959,1.0
2767,1295,1.0
2767,1360,1.0
2767,1615,1.0
2767,1680,1.0
2767,2319,1.0
2767,2384,1.0
2767,2639,1.0
2767,2704,1.0
2768,16,1.0
2768,81,1.0
2768,976,1.0
2768,785,1.0
2768,3088,1.0
2768,3153,1.0
2768,4048,1.0
2768,3857,1.0
2769,401,1.0
2769,466,1.0
2769,721,1.0
2769,530,1.0
2769,3473,1.0
2769,3538,1.0
2769,3793,1.0
2769,3602,1.0
2770,1170,1.0
2770,1235,1.0
2770,1874,1.0
2770,1939,1.0
2770,2194,1.0
2770,2259,1.0
2770,2898,1.0
2770,2963,1.0
2771,1299,1.0
2771,1364,1.0
2771,1619,1.0
2771,1684,1.0
2771,2323,1.0
2771,2388,1.0
2771,2643,1.0
2771,2708,1.0
2772,20,1.0
2772,85,1.0
2772,980,1.0
2772,789,1.0
2772,3092,1.0
2772,3157,1.0
2772,4052,1.0
2772,3861,1.0
2773,405,1.0
2773,470,1.0
2773,725,1.0
2773,534,1.0
2773,3477,1.0
2773,3542,1.0
2773,3797,1.0
2773,3606,1.0
2774,1174,1.0
2774,1239,1.0
2774,1878,1.0
2774,1943,1.0
2774,2198,1.0
2774,2263,1.0
2774,2902,1.0
2774,2967,1.0
2775,1303,1.0
2775,1368,1.0
2775,1623,1.0
2775,1688,1.0
2775,2327,1.0
2775,2392,1.0
2775,2647,1.0
2775,2712,1.0
2776,24,1.0
2776,89,1.0
2776,984,1.0
2776,793,1.0
2776,3096,1.0
2776,3161,1.0
2776,4056,1.0
2776,3865,1.0
2777,409,1.0
2777,474,1.0
2777,729,1.0
2777,538,1.0
2777,3481,1.0
2777,3546,1.0
2777,3801,1.0
2777,3610,1.0
2778,1178,1.0
2778,1243,1.0
2778,1882,1.0
2778,1947,1.0
2778,2202,1.0
2778,2267,1.0
2778,2906,1.0
2778,2971,1.0
2779,1307,1.0
2779,1372,1.0
2779,1627,1.0
2779,1692,1.0
2779,2331,1.0
2779,2396,1.0
2779,2651,1.0
2779,2716,1.0
2780,28,1.0
2780,93,1.0
2780,988,1.0
2780,797,1.0
2780,3100,1.0
2780,3165,1.0
2780,4060,1.0
2780,3869,1.0
2781,413,1.0
2781,478,1.0
2781,733,1.0
2781,542,1.0
2781,3485,1.0
2781,3550,1.0
2781,3805,1.0
2781,3614,1.0
2782,1182,1.0
2782,1247,1.0
2782,1886,1.0
2782,1951,1.0
2782,2206,1.0
2782,2271,1.0
2782,2910,1.0
2782,2975,1.0
2783,1311,1.0
2783,1376,1.0
2783,1631,1.0
2783,1696,1.0
2783,2335,1.0
2783,2400,1.0
2783,2655,1.0
2783,2720,1.0
2784,32,1.0
2784,97,1.0
2784,992,1.0
2784,801,1.0
2784,3104,1.0
2784,3169,1.0
2784,4064,1.0
2784,3873,1.0
2785,417,1.0
2785,482,1.0
2785,737,1.0
2785,546,1.0
2785,3489,1.0
2785,3554,1.0
2785,3809,1.0
2785,3618,1.0
2786,1186,1.0
2786,1251,1.0
2786,1890,1.0
2786,1955,1.0
2786,2210,1.0
2786,2275,1.0
2786,2914,1.0
2786,2979,1.0
2787,1315,1.0
2787,1380,1.0
2787,1635,1.0
2787,1700,1.0
2787,2339,1.0
2787,2404,1.0
2787,2659,1.0
2787,2724,1.0
2788,36,1.0
2788,101,1.0
2788,996,1.0
2788,805,1.0
2788,3108,1.0
2788,3173,1.0
2788,4068,1.0
2788,3877,1.0
2789,421,1.0
2789,486,1.0
2789,741,1.0
2789,550,1.0
2789,3493,1.0
2789,3558,1.0
2789,3813,1.0
2789,3622,1.0
2790,1190,1.0
2790,1255,1.0
2790,1894,1.0
2790,1959,1.0
2790,2214,1.0
2790,2279,1.0
2790,2918,1.0
2790,2983,1.0
2791,1319,1.0
2791,1384,1.0
2791,1639,1.0
2791,1704,1.0
2791,2343,1.0
2791,2408,1.0
2791,2663,1.0
2791,2728,1.0
2792,40,1.0
2792,105,1.0
2792,1000,1.0
2792,809,1.0
2792,3112,1.0
2792,3177,1.0
2792,4072,1.0
2792,3881,1.0
2793,425,1.0
2793,490,1.0
2793,745,1.0
2793,554,1.0
2793,3497,1.0
2793,3562,1.0
2793,3817,1.0
2793,3626,1.0
2794,1194,1.0
2794,1259,1.0
2794,1898,1.0
2794,1963,1.0
2794,2218,1.0
2794,2283,1.0
2794,2922,1.0
2794,2987,1.0
2795,1323,1.0
2795,1388,1.0
2795,1643,1.0
2795,1708,1.0
2795,2347,1.0
2795,2412,1.0
2795,2667,1.0
2795,2732,1.0
2796,44,1.0
2796,109,1.0
2796,1004,1.0
2796,813,1.0
2796,3116,1.0
2796,3181,1.0
2796,4076,1.0
2796,3885,1.0
2797,429,1.0
2797,494,1.0
2797,749,1.0
2797,558,1.0
2797,3501,1.0
2797,3566,1.0
2797,3821,1.0
2797,3630,1.0
2798,1198,1.0
2798,1263,1.0
2798,1902,1.0
2798,1967,1.0
2798,2222,1.0
2798,2287,1.0
2798,2926,1.0
2798,2991,1.0
2799,1327,1.0
2799,1392,1.0
2799,1647,1.0
2799,1712,1.0
2799,2351,1.0
2799,2416,1.0
2799,2671,1.0
2799,2736,1.0
2800,48,1.0
2800,113,1.0
2800,1008,1.0
2800,817,1.0
2800,3120,1.0
2800,3185,1.0
2800,4080,1.0
2800,3889,1.0
2801,433,1.0
2801,498,1.0
2801,753,1.0
2801,562,1.0
2801,3505,1.0
2801,3570,1.0
2801,3825,1.0
2801,3634,1.0
2802,1202,1.0
2802,1267,1.0
2802,1906,1.0
2802,1971,1.0
2802,2226,1.0
2802,2291,1.0
2802,2930,1.0
2802,2995,1.0
2803,1331,1.0
2803,1396,1.0
2803,1651,1.0
2803,1716,1.0
2803,2355,1.0
2803,2420,1.0
2803,2675,1.0
2803,2740,1.0
2804,52,1.0
2804,117,1.0
2804,1012,1.0
2804,821,1.0
2804,3124,1.0
2804,3189,1.0
2804,4084,1.0
2804,3893,1.0
2805,437,1.0
2805,502,1.0
2805,757,1.0
2805,566,1.0
2805,3509,1.0
2805,3574,1.0
2805,3829,1.0
2805,3638,1.0
2806,1206,1.0
2806,1271,1.0
2806,1910,1.0
2806,1975,1.0
2806,2230,1.0
2806,2295,1.0
2806,2934,1.0
2806,2999,1.0
2807,1335,1.0
2807,1400,1.0
2807,1655,1.0
2807,1720,1.0
2807,2359,1.0
2807,2424,1.0
2807,2679,1.0
2807,2744,1.0
2808,56,1.0
2808,121,1.0
2808,1016,1.0
2808,825,1.0
2808,3128,1.0
2808,3193,1.0
2808,4088,1.0
2808,3897,1.0
2809,441,1.0
2809,506,1.0
2809,761,1.0
2809,570,1.0
2809,3513,1.0
2809,3578,1.0
2809,3833,1.0
2809,3642,1.0
2810,1210,1.0
2810,1275,1.0
2810,1914,1.0
2810,1979,1.0
2810,2234,1.0
2810,2299,1.0
2810,2938,1.0
2810,3003,1.0
2811,1339,1.0
2811,1404,1.0
2811,1659,1.0
2811,1724,1.0
2811,2363,1.0
2811,2428,1.0
2811,2683,1.0
2811,2748,1.0
2812,60,1.0
2812,125,1.0
2812,1020,1.0
2812,829,1.0
2812,3132,1.0
2812,3197,1.0
2812,4092,1.0
2812,3901,1.0
2813,445,1.0
2813,510,1.0
2813,765,1.0
2813,574,1.0
2813,3517,1.0
2813,3582,1.0
2813,3837,1.0
2813,3646,1.0
2814,1214,1.0
2814,1279,1.0
2814,1918,1.0
2814,1983,1.0
2814,2238,1.0
2814,2303,1.0
2814,2942,1.0
2814,3007,1.0
2815,1343,1.0
2815,1344,1.0
2815,1663,1.0
2815,1664,1.0
2815,2367,1.0
2815,2368,1.0
2815,2687,1.0
2815,2688,1.0
2816,0,1.0
2816,65,1.0
2816,960,1.0
2816,769,1.0
2816,3072,1.0
2816,3137,1.0
2816,4032,1.0
2816,3841,1.0
2817,385,1.0
2817,450,1.0
2817,705,1.0
2817,514,1.0
2817,3457,1.0
2817,3522,1.0
2817,3777,1.0
2817,3586,1.0
2818,1154,1.0
2818,1219,1.0
2818,1858,1.0
2818,1923,1.0
2818,2178,1.0
2818,2243,1.0
2818,2882,1.0
2818,2947,1.0
2819,1283,1.0
2819,1348,1.0
2819,1603,1.0
2819,1668,1.0
2819,2307,1.0
2819,2372,1.0
2819,2627,1.0
2819,2692,1.0
2820,4,1.0
2820,69,1.0
2820,964,1.0
2820,773,1.0
2820,3076,1.0
2820,3141,1.0
2820,4036,1.0
2820,3845,1.0
2821,389,1.0
2821,454,1.0
2821,709,1.0
2821,518,1.0
2821,3461,1.0
2821,3526,1.0
2821,3781,1.0
2821,3590,1.0
2822,1158,1.0
2822,1223,1.0
2822,1862,1.0
2822,1927,1.0
2822,2182,1.0
2822,2247,1.0
2822,2886,1.0
2822,2951,1.0
2823,1287,1.0
2823,1352,1.0
2823,1607,1.0
2823,1672,1.0
2823,2311,1.0
2823,2376,1.0
2823,2631,1.0
2823,2696,1.0
2824,8,1.0
2824,73,1.0
2824,968,1.0
2824,777,1.0
2824,3080,1.0
2824,3145,1.0
2824,4040,1.0
2824,3849,1.0
2825,393,1.0
2825,458,1.0
2825,713,1.0
2825,522,1.0
2825,3465,1.0
2825,3530,1.0
2825,3785,1.0
2825,3594,1.0
2826,1162,1.0
2826,1227,1.0
2826,1866,1.0
2826,1931,1.0
2826,2186,1.0
2826,2251,1.0
2826,2890,1.0
2826,2955,1.0
2827,1291,1.0
2827,1356,1.0
2827,1611,1.0
2827,1676,1.0
2827,2315,1.0
2827,2380,1.0
2827,2635,1.0
2827,2700,1.0
2828,12,1.0
2828,77,1.0
2828,972,1.0
2828,781,1.0
2828,3084,1.0
2828,3149,1.0
2828,4044,1.0
2828,3853,1.0
2829,397,1.0
2829,462,1.0
2829,717,1.0
2829,526,1.0
2829,3469,1.0
2829,3534,1.0
2829,3789,1.0
2829,3598,1.0
2830,1166,1.0
2830,1231,1.0
2830,1870,1.0
2830,1935,1.0
2830,2190,1.0
2830,2255,1.0
2830,2894,1.0
2830,2959,1.0
2831,1295,1.0
2831,1360,1.0
2831,1615,1.0
2831,1680,1.0
2831,2319,1.0
2831,2384,1.0
2831,2639,1.0
2831,2704,1.0
2832,16,1.0
2832,81,1.0
2832,976,1.0
2832,785,1.0
2832,3088,1.0
2832,3153,1.0
2832,4048,1.0
2832,3857,1.0
2833,401,1.0
2833,466,1.0
2833,721,1.0
2833,530,1.0
2833,3473,1.0
2833,3538,1.0
2833,3793,1.0
2833,3602,1.0
2834,1170,1.0
2834,1235,1.0
2834,1874,1.0
2834,1939,1.0
2834,2194,1.0
2834,2259,1.0
2834,2898,1.0
2834,2963,1.0
2835,1299,1.0
2835,1364,1.0
2835,1619,1.0
2835,1684,1.0
2835,2323,1.0
2835,2388,1.0
2835,2643,1.0
2835,2708,1.0
2836,20,1.0
2836,85,1.0
2836,980,1.0
2836,789,1.0
2836,3092,1.0
2836,3157,1.0
2836,4052,1.0
2836,3861,1.0
2837,405,1.0
2837,470,1.0
2837,725,1.0
2837,534,1.0
2837,3477,1.0
2837,3542,1.0
2837,3797,1.0
2837,3606,1.0
2838,1174,1.0
2838,1239,1.0
2838,1878,1.0
2838,1943,1.0
2838,2198,1.0
2838,2263,1.0
2838,2902,1.0
2838,2967,1.0
2839,1303,1.0
2839,1368,1.0
2839,1623,1.0
2839,1688,1.0
2839,2327,1.0
2839,2392,1.0
2839,2647,1.0
2839,2712,1.0
2840,24,1.0
2840,89,1.0
2840,984,1.0
2840,793,1.0
2840,3096,1.0
2840,3161,1.0
2840,4056,1.0
2840,3865,1.0
2841,409,1.0
2841,474,1.0
2841,729,1.0
2841,538,1.0
2841,3481,1.0
2841,3546,1.0
2841,3801,1.0
2841,3610,1.0
2842,1178,1.0
2842,1243,1.0
2842,1882,1.0
2842,1947,1.0
2842,2202,1.0
2842,2267,1.0
2842,2906,1.0
2842,2971,1.0
2843,1307,1.0
2843,1372,1.0
2843,1627,1.0
2843,1692,1.0
2843,2331,1.0
2843,2396,1.0
2843,2651,1.0
2843,2716,1.0
2844,28,1.0
2844,93,1.0
2844,988,1.0
2844,797,1.0
2844,3100,1.0
2844,3165,1.0
2844,4060,1.0
2844,3869,1.0
2845,413,1.0
2845,478,1.0
2845,733,1.0
2845,542,1.0
2845,3485,1.0
2845,3550,1.0
2845,3805,1.0
2845,3614,1.0
2846,1182,1.0
2846,1247,1.0
2846,1886,1.0
2846,1951,1.0
2846,2206,1.0
2846,2271,1.0
2846,2910,1.0
2846,2975,1.0
2847,1311,1.0
2847,1376,1.0
2847,1631,1.0
2847,1696,1.0
2847,2335,1.0
2847,2400,1.0
2847,2655,1.0
2847,2720,1.0
2848,32,1.0
2848,97,1.0
2848,992,1.0
2848,801,1.0
2848,3104,1.0
2848,3169,1.0
2848,4064,1.0
2848,3873,1.0
2849,417,1.0
2849,482,1.0
2849,737,1.0
2849,546,1.0
2849,3489,1.0
2849,3554,1.0
2849,3809,1.0
2849,3618,1.0
2850,1186,1.0
2850,1251,1.0
2850,1890,1.0
2850,1955,1.0
2850,2210,1.0
2850,2275,1.0
2850,2914,1.0
2850,2979,1.0
2851,1315,1.0
2851,1380,1.0
2851,1635,1.0
2851,1700,1.0
2851,2339,1.0
2851,2404,1.0
2851,2659,1.0
2851,2724,1.0
2852,36,1.0
2852,101,1.0
2852,996,1.0
2852,805,1.0
2852,3108,1.0
2852,3173,1.0
2852,4068,1.0
2852,3877,1.0
2853,421,1.0
2853,486,1.0
2853,741,1.0
2853,550,1.0
2853,3493,1.0
2853,3558,1.0
2853,3813,1.0
2853,3622,1.0
2854,1190,1.0
2854,1255,1.0
2854,1894,1.0
2854,1959,1.0
2854,2214,1.0
2854,2279,1.0
2854,2918,1.0
2854,2983,1.0
2855,1319,1.0
2855,1384,1.0
2855,1639,1.0
2855,1704,1.0
2855,2343,1.0
2855,2408,1.0
2855,2663,1.0
2855,2728,1.0
2856,40,1.0
2856,105,1.0
2856,1000,1.0
2856,809,1.0
2856,3112,1.0
2856,3177,1.0
2856,4072,1.0
2856,3881,1.0
2857,425,1.0
2857,490,1.0
2857,745,1.0
2857,554,1.0
2857,3497,1.0
2857,3562,1.0
2857,3817,1.0
2857,3626,1.0
2858,1194,1.0
2858,1259,1.0
2858,1898,1.0
2858,1963,1.0
2858,2218,1.0
2858,2283,1.0
2858,2922,1.0
2858,2987,1.0
2859,1323,1.0
2859,1388,1.0
2859,1643,1.0
2859,1708,1.0
2859,2347,1.0
2859,2412,1.0
2859,2667,1.0
2859,2732,1.0
2860,44,1.0
2860,109,1.0
2860,1004,1.0
2860,813,1.0
2860,3116,1.0
2860,3181,1.0
2860,4076,1.0
2860,3885,1.0
2861,429,1.0
2861,494,1.0
2861,749,1.0
2861,558,1.0
2861,3501,1.0
2861,3566,1.0
2861,3821,1.0
2861,3630,1.0
2862,1198,1.0
2862,1263,1.0
2862,1902,1.0
2862,1967,1.0
2862,2222,1.0
2862,2287,1.0
2862,2926,1.0
2862,2991,1.0
2863,1327,1.0
2863,1392,1.0
2863,1647,1.0
2863,1712,1.0
2863,2351,1.0
2863,2416,1.0
2863,2671,1.0
2863,2736,1.0
2864,48,1.0
2864,113,1.0
2864,1008,1.0
2864,817,1.0
2864,3120,1.0
2864,3185,1.0
2864,4080,1.0
2864,3889,1.0
2865,433,1.0
2865,498,1.0
2865,753,1.0
2865,562,1.0
2865,3505,1.0
2865,3570,1.0
2865,3825,1.0
2865,3634,1.0
2866,1202,1.0
2866,1267,1.0
2866,1906,1.0
2866,1971,1.0
2866,2226,1.0
2866,2291,1.0
2866,2930,1.0
2866,2995,1.0
2867,1331,1.0
2867,1396,1.0
2867,1651,1.0
2867,1716,1.0
2867,2355,1.0
2867,2420,1.0
2867,2675,1.0
2867,2740,1.0
2868,52,1.0
2868,117,1.0
2868,1012,1.0
2868,821,1.0
2868,3124,1.0
2868,3189,1.0
2868,4084,1.0
2868,3893,1.0
2869,437,1.0
2869,502,1.0
2869,757,1.0
2869,566,1.0
2869,3509,1.0
2869,3574,1.0
2869,3829,1.0
2869,3638,1.0
2870,1206,1.0
2870,1271,1.0
2870,1910,1.0
2870,1975,1.0
2870,2230,1.0
2870,2295,1.0
2870,2934,1.0
2870,2999,1.0
2871,1335,1.0
2871,1400,1.0
2871,1655,1.0
2871,1720,1.0
2871,2359,1.0
2871,2424,1.0
2871,2679,1.0
2871,2744,1.0
2872,56,1.0
2872,121,1.0
2872,1016,1.0
2872,825,1.0
2872,3128,1.0
2872,3193,1.0
2872,4088,1.0
2872,3897,1.0
2873,441,1.0
2873,506,1.0
2873,761,1.0
2873,570,1.0
2873,3513,1.0
2873,3578,1.0
2873,3833,1.0
2873,3642,1.0
2874,1210,1.0
2874,1275,1.0
2874,1914,1.0
2874,1979,1.0
2874,2234,1.0
2874,2299,1.0
2874,2938,1.0
2874,3003,1.0
2875,1339,1.0
2875,1404,1.0
2875,1659,1.0
2875,1724,1.0
2875,2363,1.0
2875,2428,1.0
2875,2683,1.0
2875,2748,1.0
2876,60,1.0
2876,125,1.0
2876,1020,1.0
2876,829,1.0
2876,3132,1.0
2876,3197,1.0
2876,4092,1.0
2876,3901,1.0
2877,445,1.0
2877,510,1.0
2877,765,1.0
2877,574,1.0
2877,3517,1.0
2877,3582,1.0
2877,3837,1.0
2877,3646,1.0
2878,1214,1.0
2878,1279,1.0
2878,1918,1.0
2878,1983,1.0
2878,2238,1.0
2878,2303,1.0
2878,2942,1.0
2878,3007,1.0
2879,1343,1.0
2879,1344,1.0
2879,1663,1.0
2879,1664,1.0
2879,2367,1.0
2879,2368,1.0
2879,2687,1.0
2879,2688,1.0
2880,0,1.0
2880,65,1.0
2880,960,1.0
2880,769,1.0
2880,3072,1.0
2880,3137,1.0
2880,4032,1.0
2880,3841,1.0
2881,385,1.0
2881,450,1.0
2881,705,1.0
2881,514,1.0
2881,3457,1.0
2881,3522,1.0
2881,3777,1.0
2881,3586,1.0
2882,1154,1.0
2882,1219,1.0
2882,1858,1.0
2882,1923,1.0
2882,2178,1.0
2882,2243,1.0
2882,2882,1.0
2882,2947,1.0
2883,1283,1.0
2883,1348,1.0
2883,1603,1.0
2883,1668,1.0
2883,2307,1.0
2883,2372,1.0
2883,2627,1.0
2883,2692,1.0
2884,4,1.0
2884,69,1.0
2884,964,1.0
2884,773,1.0
2884,3076,1.0
2884,3141,1.0
2884,4036,1.0
2884,3845,1.0
2885,389,1.0
2885,454,1.0
2885,709,1.0
2885,518,1.0
2885,3461,1.0
2885,3526,1.0
2885,3781,1.0
2885,3590,1.0
2886,1158,1.0
2886,1223,1.0
2886,1862,1.0
2886,1927,1.0
2886,2182,1.0
2886,2247,1.0
2886,2886,1.0
2886,2951,1.0
2887,1287,1.0
2887,1352,1.0
2887,1607,1.0
2887,1672,1.0
2887,2311,1.0
2887,2376,1.0
2887,2631,1.0
2887,2696,1.0
2888,8,1.0
2888,73,1.0
2888,968,1.0
2888,777,1.0
2888,3080,1.0
2888,3145,1.0
2888,4040,1.0
2888,3849,1.0
2889,393,1.0
2889,458,1.0
2889,713,1.0
2889,522,1.0
2889,3465,1.0
2889,3530,1.0
2889,3785,1.0
2889,3594,1.0
2890,1162,1.0
2890,1227,1.0
2890,1866,1.0
2890,1931,1.0
2890,2186,1.0
2890,2251,1.0
2890,2890,1.0
2890,2955,1.0
2891,1291,1.0
2891,1356,1.0
2891,1611,1.0
2891,1676,1.0
2891,2315,1.0
2891,2380,1.0
2891,2635,1.0
2891,2700,1.0
2892,12,1.0
2892,77,1.0
2892,972,1.0
2892,781,1.0
2892,3084,1.0
2892,3149,1.0
2892,4044,1.0
2892,3853,1.0
2893,397,1.0
2893,462,1.0
2893,717,1.0
2893,526,1.0
2893,3469,1.0
2893,3534,1.0
2893,3789,1.0
2893,3598,1.0
2894,1166,1.0
2894,1231,1.0
2894,1870,1.0
2894,1935,1.0
2894,2190,1.0
2894,2255,1.0
2894,2894,1.0
2894,2959,1.0
2895,1295,1.0
2895,1360,1.0
2895,1615,1.0
2895,1680,1.0
2895,2319,1.0
2895,2384,1.0
2895,2639,1.0
2895,2704,1.0
2896,16,1.0
2896,81,1.0
2896,976,1.0
2896,785,1.0
2896,3088,1.0
2896,3153,1.0
2896,4048,1.0
2896,3857,1.0
2897,401,1.0
2897,466,1.0
2897,721,1.0
2897,530,1.0
2897,3473,1.0
2897,3538,1.0
2897,3793,1.0
2897,3602,1.0
2898,1170,1.0
2898,1235,1.0
2898,1874,1.0
2898,1939,1.0
2898,2194,1.0
2898,2259,1.0
2898,2898,1.0
2898,2963,1.0
2899,1299,1.0
2899,1364,1.0
2899,1619,1.0
2899,1684,1.0
2899,2323,1.0
2899,2388,1.0
2899,2643,1.0
2899,2708,1.0
2900,20,1.0
2900,85,1.0
2900,980,1.0
2900,789,1.0
2900,3092,1.0
2900,3157,1.0
2900,4052,1.0
2900,3861,1.0
2901,405,1.0
2901,470,1.0
2901,725,1.0
2901,534,1.0
2901,3477,1.0
2901,3542,1.0
2901,3797,1.0
2901,3606,1.0
2902,1174,1.0
2902,1239,1.0
2902,1878,1.0
2902,1943,1.0
2902,2198,1.0
2902,2263,1.0
2902,2902,1.0
2902,2967,1.0
2903,1303,1.0
2903,1368,1.0
2903,1623,1.0
2903,1688,1.0
2903,2327,1.0
2903,2392,1.0
2903,2647,1.0
2903,2712,1.0
2904,24,1.0
2904,89,1.0
2904,984,1.0
2904,793,1.0
2904,3096,1.0
2904,3161,1.0
2904,4056,1.0
2904,3865,1.0
2905,409,1.0
2905,474,1.0
2905,729,1.0
2905,538,1.0
2905,3481,1.0
2905,3546,1.0
2905,3801,1.0
2905,3610,1.0
2906,1178,1.0
2906,1243,1.0
2906,1882,1.0
2906,1947,1.0
2906,2202,1.0
2906,2267,1.0
2906,2906,1.0
2906,2971,1.0
2907,1307,1.0
2907,1372,1.0
2907,1627,1.0
2907,1692,1.0
2907,2331,1.0
2907,2396,1.0
2907,2651,1.0
2907,2716,1.0
2908,28,1.0
2908,93,1.0
2908,988,1.0
2908,797,1.0
2908,3100,1.0
2908,3165,1.0
2908,4060,1.0
2908,3869,1.0
2909,413,1.0
2909,478,1.0
2909,733,1.0
2909,542,1.0
2909,3485,1.0
2909,3550,1.0
2909,3805,1.0
2909,3614,1.0
2910,1182,1.0
2910,1247,1.0
2910,1886,1.0
2910,1951,1.0
2910,2206,1.0
2910,2271,1.0
2910,2910,1.0
2910,2975,1.0
2911,1311,1.0
2911,1376,1.0
2911,1631,1.0
2911,1696,1.0
2911,2335,1.0
2911,2400,1.0
2911,2655,1.0
2911,2720,1.0
2912,32,1.0
2912,97,1.0
2912,992,1.0
2912,801,1.0
2912,3104,1.0
2912,3169,1.0
2912,4064,1.0
2912,3873,1.0
2913,417,1.0
2913,482,1.0
2913,737,1.0
2913,546,1.0
2913,3489,1.0
2913,3554,1.0
2913,3809,1.0
2913,3618,1.0
2914,1186,1.0
2914,1251,1.0
2914,1890,1.0
2914,1955,1.0
2914,2210,1.0
2914,2275,1.0
2914,2914,1.0
2914,2979,1.0
2915,1315,1.0
2915,1380,1.0
2915,1635,1.0
2915,1700,1.0
2915,2339,1.0
2915,2404,1.0
2915,2659,1.0
2915,2724,1.0
2916,36,1.0
2916,101,1.0
2916,996,1.0
2916,805,1.0
2916,3108,1.0
2916,3173,1.0
2916,4068,1.0
2916,3877,1.0
2917,421,1.0
2917,486,1.0
2917,741,1.0
2917,550,1.0
2917,3493,1.0
2917,3558,1.0
2917,3813,1.0
2917,3622,1.0
2918,1190,1.0
2918,1255,1.0
2918,1894,1.0
2918,1959,1.0
2918,2214,1.0
2918,2279,1.0
2918,2918,1.0
2918,2983,1.0
2919,1319,1.0
2919,1384,1.0
2919,1639,1.0
2919,1704,1.0
2919,2343,1.0
2919,2408,1.0
2919,2663,1.0
2919,2728,1.0
2920,40,1.0
2920,105,1.0
2920,1000,1.0
2920,809,1.0
2920,3112,1.0
2920,3177,1.0
2920,4072,1.0
2920,3881,1.0
2921,425,1.0
2921,490,1.0
2921,745,1.0
2921,554,1.0
2921,3497,1.0
2921,3562,1.0
2921,3817,1.0
2921,3626,1.0
2922,1194,1.0
2922,1259,1.0
2922,1898,1.0
2922,1963,1.0
2922,2218,1.0
2922,2283,1.0
2922,2922,1.0
2922,2987,1.0
2923,1323,1.0
2923,1388,1.0
2923,1643,1.0
2923,1708,1.0
2923,2347,1.0
2923,2412,1.0
2923,2667,1.0
2923,2732,1.0
2924,44,1.0
2924,109,1.0
2924,1004,1.0
2924,813,1.0
2924,3116,1.0
2924,3181,1.0
2924,4076,1.0
2924,3885,1.0
2925,429,1.0
2925,494,1.0
2925,749,1.0
2925,558,1.0
2925,3501,1.0
2925,3566,1.0
2925,3821,1.0
2925,3630,1.0
2926,1198,1.0
2926,1263,1.0
2926,1902,1.0
2926,1967,1.0
2926,2222,1.0
2926,2287,1.0
2926,2926,1.0
2926,2991,1.0
2927,1327,1.0
2927,1392,1.0
2927,1647,1.0
2927,1712,1.0
2927,2351,1.0
2927,2416,1.0
2927,2671,1.0
2927,2736,1.0
2928,48,1.0
2928,113,1.0
2928,1008,1.0
2928,817,1.0
2928,3120,1.0
2928,3185,1.0
2928,4080,1.0
2928,3889,1.0
2929,433,1.0
2929,498,1.0
2929,753,1.0
2929,562,1.0
2929,3505,1.0
2929,3570,1.0
2929,3825,1.0
2929,3634,1.0
2930,1202,1.0
2930,1267,1.0
2930,1906,1.0
2930,1971,1.0
2930,2226,1.0
2930,2291,1.0
2930,2930,1.0
2930,2995,1.0
2931,1331,1.0
2931,1396,1.0
2931,1651,1.0
2931,1716,1.0
2931,2355,1.0
2931,2420,1.0
2931,2675,1.0
2931,2740,1.0
2932,52,1.0
2932,117,1.0
2932,1012,1.0
2932,821,1.0
2932,3124,1.0
2932,3189,1.0
2932,4084,1.0
2932,3893,1.0
2933,437,1.0
2933,502,1.0
2933,757,1.0
2933,566,1.0
2933,3509,1.0
2933,3574,1.0
2933,3829,1.0
2933,3638,1.0
2934,1206,1.0
2934,1271,1.0
2934,1910,1.0
2934,1975,1.0
2934,2230,1.0
2934,2295,1.0
2934,2934,1.0
2934,2999,1.0
2935,1335,1.0
2935,1400,1.0
2935,1655,1.0
2935,1720,1.0
2935,2359,1.0
2935,2424,1.0
2935,2679,1.0
2935,2744,1.0
2936,56,1.0
2936,121,1.0
2936,1016,1.0
2936,825,1.0
2936,3128,1.0
2936,3193,1.0
2936,4088,1.0
2936,3897,1.0
2937,441,1.0
2937,506,1.0
2937,761,1.0
2937,570,1.0
2937,3513,1.0
2937,3578,1.0
2937,3833,1.0
2937,3642,1.0
2938,1210,1.0
2938,1275,1.0
2938,1914,1.0
2938,1979,1.0
2938,2234,1.0
2938,2299,1.0
2938,2938,1.0
2938,3003,1.0
2939,1339,1.0
2939,1404,1.0
2939,1659,1.0
2939,1724,1.0
2939,2363,1.0
2939,2428,1.0
2939,2683,1.0
2939,2748,1.0
2940,60,1.0
2940,125,1.0
2940,1020,1.0
2940,829,1.0
2940,3132,1.0
2940,3197,1.0
2940,4092,1.0
2940,3901,1.0
2941,445,1.0
2941,510,1.0
2941,765,1.0
2941,574,1.0
2941,3517,1.0
2941,3582,1.0
2941,3837,1.0
2941,3646,1.0
2942,1214,1.0
2942,1279,1.0
2942,1918,1.0
2942,1983,1.0
2942,2238,1.0
2942,2303,1.0
2942,2942,1.0
2942,3007,1.0
2943,1343,1.0
2943,1344,1.0
2943,1663,1.0
2943,1664,1.0
2943,2367,1.0
2943,2368,1.0
2943,2687,1.0
2943,2688,1.0
2944,0,1.0
2944,65,1.0
2944,960,1.0
2944,769,1.0
2944,3072,1.0
2944,3137,1.0
2944,4032,1.0
2944,3841,1.0
2945,385,1.0
2945,450,1.0
2945,705,1.0
2945,514,1.0
2945,3457,1.0
2945,3522,1.0
2945,3777,1.0
2945,3586,1.0
2946,1154,1.0
2946,1219,1.0
2946,1858,1.0
2946,1923,1.0
2946,2178,1.0
2946,2243,1.0
2946,2882,1.0
2946,2947,1.0
2947,1283,1.0
2947,1348,1.0
2947,1603,1.0
2947,1668,1.0
2947,2307,1.0
2947,2372,1.0
2947,2627,1.0
2947,2692,1.0
2948,4,1.0
2948,69,1.0
2948,964,1.0
2948,773,1.0
2948,3076,1.0
2948,3141,1.0
2948,4036,1.0
2948,3845,1.0
2949,389,1.0
2949,454,1.0
2949,709,1.0
2949,518,1.0
2949,3461,1.0
2949,3526,1.0
2949,3781,1.0
2949,3590,1.0
2950,1158,1.0
2950,1223,1.0
2950,1862,1.0
2950,1927,1.0
2950,2182,1.0
2950,2247,1.0
2950,2886,1.0
2950,2951,1.0
2951,1287,1.0
2951,1352,1.0
2951,1607,1.0
2951,1672,1.0
2951,2311,1.0
2951,2376,1.0
2951,2631,1.0
2951,2696,1.0
2952,8,1.0
2952,73,1.0
2952,968,1.0
2952,777,1.0
2952,3080,1.0
2952,3145,1.0
2952,4040,1.0
2952,3849,1.0
2953,393,1.0
2953,458,1.0
2953,713,1.0
2953,522,1.0
2953,3465,1.0
2953,3530,1.0
2953,3785,1.0
2953,3594,1.0
2954,1162,1.0
2954,1227,1.0
2954,1866,1.0
2954,1931,1.0
2954,2186,1.0
2954,2251,1.0
2954,2890,1.0
2954,2955,1.0
2955,1291,1.0
2955,1356,1.0
2955,1611,1.0
2955,1676,1.0
2955,2315,1.0
2955,2380,1.0
2955,2635,1.0
2955,2700,1.0
2956,12,1.0
2956,77,1.0
2956,972,1.0
2956,781,1.0
2956,3084,1.0
2956,3149,1.0
2956,4044,1.0
2956,3853,1.0
2957,397,1.0
2957,462,1.0
2957,717,1.0
2957,526,1.0
2957,3469,1.0
2957,3534,1.0
2957,3789,1.0
2957,3598,1.0
2958,1166,1.0
2958,1231,1.0
2958,1870,1.0
2958,1935,1.0
2958,2190,1.0
2958,2255,1.0
2958,2894,1.0
2958,2959,1.0
2959,1295,1.0
2959,1360,1.0
2959,1615,1.0
2959,1680,1.0
2959,2319,1.0
2959,2384,1.0
2959,2639,1.0
2959,2704,1.0
2960,16,1.0
2960,81,1.0
2960,976,1.0
2960,785,1.0
2960,3088,1.0
2960,3153,1.0
2960,4048,1.0
2960,3857,1.0
2961,401,1.0
2961,466,1.0
2961,721,1.0
2961,530,1.0
2961,3473,1.0
2961,3538,1.0
2961,3793,1.0
2961,3602,1.0
2962,1170,1.0
2962,1235,1.0
2962,1874,1.0
2962,1939,1.0
2962,2194,1.0
2962,2259,1.0
2962,2898,1.0
2962,2963,1.0
2963,1299,1.0
2963,1364,1.0
2963,1619,1.0
2963,1684,1.0
2963,2323,1.0
2963,2388,1.0
2963,2643,1.0
2963,2708,1.0
2964,20,1.0
2964,85,1.0
2964,980,1.0
2964,789,1.0
2964,3092,1.0
2964,3157,1.0
2964,4052,1.0
2964,3861,1.0
2965,405,1.0
2965,470,1.0
2965,725,1.0
2965,534,1.0
2965,3477,1.0
2965,3542,1.0
2965,3797,1.0
2965,3606,1.0
2966,1174,1.0
2966,1239,1.0
2966,1878,1.0
2966,1943,1.0
2966,2198,1.0
2966,2263,1.0
2966,2902,1.0
2966,2967,1.0
2967,1303,1.0
2967,1368,1.0
2967,1623,1.0
2967,1688,1.0
2967,2327,1.0
2967,2392,1.0
2967,2647,1.0
2967,2712,1.0
2968,24,1.0
2968,89,1.0
2968,984,1.0
2968,793,1.0
2968,3096,1.0
2968,3161,1.0
2968,4056,1.0
2968,3865,1.0
2969,409,1.0
2969,474,1.0
2969,729,1.0
2969,538,1.0
2969,3481,1.0
2969,3546,1.0
2969,3801,1.0
2969,3610,1.0
2970,1178,1.0
2970,1243,1.0
2970,1882,1.0
2970,1947,1.0
2970,2202,1.0
2970,2267,1.0
2970,2906,1.0
2970,2971,1.0
2971,1307,1.0
2971,1372,1.0
2971,1627,1.0
2971,1692,1.0
2971,2331,1.0
2971,2396,1.0
2971,2651,1.0
2971,2716,1.0
2972,28,1.0
2972,93,1.0
2972,988,1.0
2972,797,1.0
2972,3100,1.0
2972,3165,1.0
2972,4060,1.0
2972,3869,1.0
2973,413,1.0
2973,478,1.0
2973,733,1.0
2973,542,1.0
2973,3485,1.0
2973,3550,1.0
2973,3805,1.0
2973,3614,1.0
2974,1182,1.0
2974,1247,1.0
2974,1886,1.0
2974,1951,1.0
2974,2206,1.0
2974,2271,1.0
2974,2910,1.0
2974,2975,1.0
2975,1311,1.0
2975,1376,1.0
2975,1631,1.0
2975,1696,1.0
2975,2335,1.0
2975,2400,1.0
2975,2655,1.0
2975,2720,1.0
2976,32,1.0
2976,97,1.0
2976,992,1.0
2976,801,1.0
2976,3104,1.0
2976,3169,1.0
2976,4064,1.0
2976,3873,1.0
2977,417,1.0
2977,482,1.0
2977,737,1.0
2977,546,1.0
2977,3489,1.0
2977,3554,1.0
2977,3809,1.0
2977,3618,1.0
2978,1186,1.0
2978,1251,1.0
2978,1890,1.0
2978,1955,1.0
2978,2210,1.0
2978,2275,1.0
2978,2914,1.0
2978,2979,1.0
2979,1315,1.0
2979,1380,1.0
2979,1635,1.0
2979,1700,1.0
2979,2339,1.0
2979,2404,1.0
2979,2659,1.0
2979,2724,1.0
2980,36,1.0
2980,101,1.0
2980,996,1.0
2980,805,1.0
2980,3108,1.0
2980,3173,1.0
2980,4068,1.0
2980,3877,1.0
2981,421,1.0
2981,486,1.0
2981,741,1.0
2981,550,1.0
2981,3493,1.0
2981,3558,1.0
2981,3813,1.0
2981,3622,1.0
2982,1190,1.0
2982,1255,1.0
2982,1894,1.0
2982,1959,1.0
2982,2214,1.0
2982,2279,1.0
2982,2918,1.0
2982,2983,1.0
2983,1319,1.0
2983,1384,1.0
2983,1639,1.0
2983,1704,1.0
2983,2343,1.0
2983,2408,1.0
2983,2663,1.0
2983,2728,1.0
2984,40,1.0
2984,105,1.0
2984,1000,1.0
2984,809,1.0
2984,3112,1.0
2984,3177,1.0
2984,4072,1.0
2984,3881,1.0
2985,425,1.0
2985,490,1.0
2985,745,1.0
2985,554,1.0
2985,3497,1.0
2985,3562,1.0
2985,3817,1.0
2985,3626,1.0
2986,1194,1.0
2986,1259,1.0
2986,1898,1.0
2986,1963,1.0
2986,2218,1.0
2986,2283,1.0
2986,2922,1.0
2986,2987,1.0
2987,1323,1.0
2987,1388,1.0
2987,1643,1.0
2987,1708,1.0
2987,2347,1.0
2987,2412,1.0
2987,2667,1.0
2987,2732,1.0
2988,44,1.0
2988,109,1.0
2988,1004,1.0
2988,813,1.0
2988,3116,1.0
2988,3181,1.0
2988,4076,1.0
2988,3885,1.0
2989,429,1.0
2989,494,1.0
2989,749,1.0
2989,558,1.0
2989,3501,1.0
2989,3566,1.0
2989,3821,1.0
2989,3630,1.0
2990,1198,1.0
2990,1263,1.0
2990,1902,1.0
2990,1967,1.0
2990,2222,1.0
2990,2287,1.0
2990,2926,1.0
2990,2991,1.0
2991,1327,1.0
2991,1392,1.0
2991,1647,1.0
2991,1712,1.0
2991,2351,1.0
2991,2416,1.0
2991,2671,1.0
2991,2736,1.0
2992,48,1.0
2992,113,1.0
2992,1008,1.0
2992,817,1.0
2992,3120,1.0
2992,3185,1.0
2992,4080,1.0
2992,3889,1.0
2993,433,1.0
2993,498,1.0
2993,753,1.0
2993,562,1.0
2993,3505,1.0
2993,3570,1.0
2993,3825,1.0
2993,3634,1.0
2994,1202,1.0
2994,1267,1.0
2994,1906,1.0
2994,1971,1.0
2994,2226,1.0
2994,2291,1.0
2994,2930,1.0
2994,2995,1.0
2995,1331,1.0
2995,1396,1.0
2995,1651,1.0
2995,1716,1.0
2995,2355,1.0
2995,2420,1.0
2995,2675,1.0
2995,2740,1.0
2996,52,1.0
2996,117,1.0
2996,1012,1.0
2996,821,1.0
2996,3124,1.0
2996,3189,1.0
2996,4084,1.0
2996,3893,1.0
2997,437,1.0
2997,502,1.0
2997,757,1.0
2997,566,1.0
2997,3509,1.0
2997,3574,1.0
2997,3829,1.0
2997,3638,1.0
2998,1206,1.0
2998,1271,1.0
2998,1910,1.0
2998,1975,1.0
2998,2230,1.0
2998,2295,1.0
2998,2934,1.0
2998,2999,1.0
2999,1335,1.0
2999,1400,1.0
2999,1655,1.0
2999,1720,1.0
2999,2359,1.0
2999,2424,1.0
2999,2679,1.0
2999,2744,1.0
3000,56,1.0
3000,121,1.0
3000,1016,1.0
3000,825,1.0
3000,3128,1.0
3000,3193,1.0
3000,4088,1.0
3000,3897,1.0
3001,441,1.0
3001,506,1.0
3001,761,1.0
3001,570,1.0
3001,3513,1.0
3001,3578,1.0
3001,3833,1.0
3001,3642,1.0
3002,1210,1.0
3002,1275,1.0
3002,1914,1.0
3002,1979,1.0
3002,2234,1.0
3002,2299,1.0
3002,2938,1.0
3002,3003,1.0
3003,1339,1.0
3003,1404,1.0
3003,1659,1.0
3003,1724,1.0
3003,2363,1.0
3003,2428,1.0
3003,2683,1.0
3003,2748,1.0
3004,60,1.0
3004,125,1.0
3004,1020,1.0
3004,829,1.0
3004,3132,1.0
3004,3197,1.0
3004,4092,1.0
3004,3901,1.0
3005,445,1.0
3005,510,1.0
3005,765,1.0
3005,574,1.0
3005,3517,1.0
3005,3582,1.0
3005,3837,1.0
3005,3646,1.0
3006,1214,1.0
3006,1279,1.0
3006,1918,1.0
3006,1983,1.0
3006,2238,1.0
3006,2303,1.0
3006,2942,1.0
3006,3007,1.0
3007,1343,1.0
3007,1344,1.0
3007,1663,1.0
3007,1664,1.0
3007,2367,1.0
3007,2368,1.0
3007,2687,1.0
3007,2688,1.0
3008,0,1.0
3008,65,1.0
3008,960,1.0
3008,769,1.0
3008,3072,1.0
3008,3137,1.0
3008,4032,1.0
3008,3841,1.0
3009,385,1.0
3009,450,1.0
3009,705,1.0
3009,514,1.0
3009,3457,1.0
3009,3522,1.0
3009,3777,1.0
3009,3586,1.0
3010,1154,1.0
3010,1219,1.0
3010,1858,1.0
3010,1923,1.0
3010,2178,1.0
3010,2243,1.0
3010,2882,1.0
3010,2947,1.0
3011,1283,1.0
3011,1348,1.0
3011,1603,1.0
3011,1668,1.0
3011,2307,1.0
3011,2372,1.0
3011,2627,1.0
3011,2692,1.0
3012,4,1.0
3012,69,1.0
3012,964,1.0
3012,773,1.0
3012,3076,1.0
3012,3141,1.0
3012,4036,1.0
3012,3845,1.0
3013,389,1.0
3013,454,1.0
3013,709,1.0
3013,518,1.0
3013,3461,1.0
3013,3526,1.0
3013,3781,1.0
3013,3590,1.0
3014,1158,1.0
3014,1223,1.0
3014,1862,1.0
3014,1927,1.0
3014,2182,1.0
3014,2247,1.0
3014,2886,1.0
3014,2951,1.0
3015,1287,1.0
3015,1352,1.0
3015,1607,1.0
3015,1672,1.0
3015,2311,1.0
3015,2376,1.0
3015,2631,1.0
3015,2696,1.0
3016,8,1.0
3016,73,1.0
3016,968,1.0
3016,777,1.0
3016,3080,1.0
3016,3145,1.0
3016,4040,1.0
3016,3849,1.0
3017,393,1.0
3017,458,1.0
3017,713,1.0
3017,522,1.0
3017,3465,1.0
3017,3530,1.0
3017,3785,1.0
3017,3594,1.0
3018,1162,1.0
3018,1227,1.0
3018,1866,1.0
3018,1931,1.0
3018,2186,1.0
3018,2251,1.0
3018,2890,1.0
3018,2955,1.0
3019,1291,1.0
3019,1356,1.0
3019,1611,1.0
3019,1676,1.0
3019,2315,1.0
3019,2380,1.0
3019,2635,1.0
3019,2700,1.0
3020,12,1.0
3020,77,1.0
3020,972,1.0
3020,781,1.0
3020,3084,1.0
3020,3149,1.0
3020,4044,1.0
3020,3853,1.0
3021,397,1.0
3021,462,1.0
3021,717,1.0
3021,526,1.0
3021,3469,1.0
3021,3534,1.0
3021,3789,1.0
3021,3598,1.0
3022,1166,1.0
3022,1231,1.0
3022,1870,1.0
3022,1935,1.0
3022,2190,1.0
3022,2255,1.0
3022,2894,1.0
3022,2959,1.0
3023,1295,1.0
3023,1360,1.0
3023,1615,1.0
3023,1680,1.0
3023,2319,1.0
3023,2384,1.0
3023,2639,1.0
3023,2704,1.0
3024,16,1.0
3024,81,1.0
3024,976,1.0
3024,785,1.0
3024,3088,1.0
3024,3153,1.0
3024,4048,1.0
3024,3857,1.0
3025,401,1.0
3025,466,1.0
3025,721,1.0
3025,530,1.0
3025,3473,1.0
3025,3538,1.0
3025,3793,1.0
3025,3602,1.0
3026,1170,1.0
3026,1235,1.0
3026,1874,1.0
3026,1939,1.0
3026,2194,1.0
3026,2259,1.0
3026,2898,1.0
3026,2963,1.0
3027,1299,1.0
3027,1364,1.0
3027,1619,1.0
3027,1684,1.0
3027,2323,1.0
3027,2388,1.0
3027,2643,1.0
3027,2708,1.0
3028,20,1.0
3028,85,1.0
3028,980,1.0
3028,789,1.0
3028,3092,1.0
3028,3157,1.0
3028,4052,1.0
3028,3861,1.0
3029,405,1.0
3029,470,1.0
3029,725,1.0
3029,534,1.0
3029,3477,1.0
3029,3542,1.0
3029,3797,1.0
3029,3606,1.0
3030,1174,1.0
3030,1239,1.0
3030,1878,1.0
3030,1943,1.0
3030,2198,1.0
3030,2263,1.0
3030,2902,1.0
3030,2967,1.0
3031,1303,1.0
3031,1368,1.0
3031,1623,1.0
3031,1688,1.0
3031,2327,1.0
3031,2392,1.0
3031,2647,1.0
3031,2712,1.0
3032,24,1.0
3032,89,1.0
3032,984,1.0
3032,793,1.0
3032,3096,1.0
3032,3161,1.0
3032,4056,1.0
3032,3865,1.0
3033,409,1.0
3033,474,1.0
3033,729,1.0
3033,538,1.0
3033,3481,1.0
3033,3546,1.0
3033,3801,1.0
3033,3610,1.0
3034,1178,1.0
3034,1243,1.0
3034,1882,1.0
3034,1947,1.0
3034,2202,1.0
3034,2267,1.0
3034,2906,1.0
3034,2971,1.0
3035,1307,1.0
3035,1372,1.0
3035,1627,1.0
3035,1692,1.0
3035,2331,1.0
3035,2396,1.0
3035,2651,1.0
3035,2716,1.0
3036,28,1.0
3036,93,1.0
3036,988,1.0
3036,797,1.0
3036,3100,1.0
3036,3165,1.0
3036,4060,1.0
3036,3869,1.0
3037,413,1.0
3037,478,1.0
3037,733,1.0
3037,542,1.0
3037,3485,1.0
3037,3550,1.0
3037,3805,1.0
3037,3614,1.0
3038,1182,1.0
3038,1247,1.0
3038,1886,1.0
3038,1951,1.0
3038,2206,1.0
3038,2271,1.0
3038,2910,1.0
3038,2975,1.0
3039,1311,1.0
3039,1376,1.0
3039,1631,1.0
3039,1696,1.0
3039,2335,1.0
3039,2400,1.0
3039,2655,1.0
3039,2720,1.0
3040,32,1.0
3040,97,1.0
3040,992,1.0
3040,801,1.0
3040,3104,1.0
3040,3169,1.0
3040,4064,1.0
3040,3873,1.0
3041,417,1.0
3041,482,1.0
3041,737,1.0
3041,546,1.0
3041,3489,1.0
3041,3554,1.0
3041,3809,1.0
3041,3618,1.0
3042,1186,1.0
3042,1251,1.0
3042,1890,1.0
3042,1955,1.0
3042,2210,1.0
3042,2275,1.0
3042,2914,1.0
3042,2979,1.0
3043,1315,1.0
3043,1380,1.0
3043,1635,1.0
3043,1700,1.0
3043,2339,1.0
3043,2404,1.0
3043,2659,1.0
3043,2724,1.0
3044,36,1.0
3044,101,1.0
3044,996,1.0
3044,805,1.0
3044,3108,1.0
3044,3173,1.0
3044,4068,1.0
3044,3877,1.0
3045,421,1.0
3045,486,1.0
3045,741,1.0
3045,550,1.0
3045,3493,1.0
3045,3558,1.0
3045,3813,1.0
3045,3622,1.0
3046,1190,1.0
3046,1255,1.0
3046,1894,1.0
3046,1959,1.0
3046,2214,1.0
3046,2279,1.0
3046,2918,1.0
3046,2983,1.0
3047,1319,1.0
3047,1384,1.0
3047,1639,1.0
3047,1704,1.0
3047,2343,1.0
3047,2408,1.0
3047,2663,1.0
3047,2728,1.0
3048,40,1.0
3048,105,1.0
3048,1000,1.0
3048,809,1.0
3048,3112,1.0
3048,3177,1.0
3048,4072,1.0
3048,3881,1.0
3049,425,1.0
3049,490,1.0
3049,745,1.0
3049,554,1.0
3049,3497,1.0
3049,3562,1.0
3049,3817,1.0
3049,3626,1.0
3050,1194,1.0
3050,1259,1.0
3050,1898,1.0
3050,1963,1.0
3050,2218,1.0
3050,2283,1.0
3050,2922,1.0
3050,2987,1.0
3051,1323,1.0
3051,1388,1.0
3051,1643,1.0
3051,1708,1.0
3051,2347,1.0
3051,2412,1.0
3051,2667,1.0
3051,2732,1.0
3052,44,1.0
3052,109,1.0
3052,1004,1.0
3052,813,1.0
3052,3116,1.0
3052,3181,1.0
3052,4076,1.0
3052,3885,1.0
3053,429,1.0
3053,494,1.0
3053,749,1.0
3053,558,1.0
3053,3501,1.0
3053,3566,1.0
3053,3821,1.0
3053,3630,1.0
3054,1198,1.0
3054,1263,1.0
3054,1902,1.0
3054,1967,1.0
3054,2222,1.0
3054,2287,1.0
3054,2926,1.0
3054,2991,1.0
3055,1327,1.0
3055,1392,1.0
3055,1647,1.0
3055,1712,1.0
3055,2351,1.0
3055,2416,1.0
3055,2671,1.0
3055,2736,1.0
3056,48,1.0
3056,113,1.0
3056,1008,1.0
3056,817,1.0
3056,3120,1.0
3056,3185,1.0
3056,4080,1.0
3056,3889,1.0
3057,433,1.0
3057,498,1.0
3057,753,1.0
3057,562,1.0
3057,3505,1.0
3057,3570,1.0
3057,3825,1.0
3057,3634,1.0
3058,1202,1.0
3058,1267,1.0
3058,1906,1.0
3058,1971,1.0
3058,2226,1.0
3058,2291,1.0
3058,2930,1.0
3058,2995,1.0
3059,1331,1.0
3059,1396,1.0
3059,1651,1.0
3059,1716,1.0
3059,2355,1.0
3059,2420,1.0
3059,2675,1.0
3059,2740,1.0
3060,52,1.0
3060,117,1.0
3060,1012,1.0
3060,821,1.0
3060,3124,1.0
3060,3189,1.0
3060,4084,1.0
3060,3893,1.0
3061,437,1.0
3061,502,1.0
3061,757,1.0
3061,566,1.0
3061,3509,1.0
3061,3574,1.0
3061,3829,1.0
3061,3638,1.0
3062,1206,1.0
3062,1271,1.0
3062,1910,1.0
3062,1975,1.0
3062,2230,1.0
3062,2295,1.0
3062,2934,1.0
3062,2999,1.0
3063,1335,1.0
3063,1400,1.0
3063,1655,1.0
3063,1720,1.0
3063,2359,1.0
3063,2424,1.0
3063,2679,1.0
3063,2744,1.0
3064,56,1.0
3064,121,1.0
3064,1016,1.0
3064,825,1.0
3064,3128,1.0
3064,3193,1.0
3064,4088,1.0
3064,3897,1.0
3065,441,1.0
3065,506,1.0
3065,761,1.0
3065,570,1.0
3065,3513,1.0
3065,3578,1.0
3065,3833,1.0
3065,3642,1.0
3066,1210,1.0
3066,1275,1.0
3066,1914,1.0
3066,1979,1.0
3066,2234,1.0
3066,2299,1.0
3066,2938,1.0
3066,3003,1.0
3067,1339,1.0
3067,1404,1.0
3067,1659,1.0
3067,1724,1.0
3067,2363,1.0
3067,2428,1.0
3067,2683,1.0
3067,2748,1.0
3068,60,1.0
3068,125,1.0
3068,1020,1.0
3068,829,1.0
3068,3132,1.0
3068,3197,1.0
3068,4092,1.0
3068,3901,1.0
3069,445,1.0
3069,510,1.0
3069,765,1.0
3069,574,1.0
3069,3517,1.0
3069,3582,1.0
3069,3837,1.0
3069,3646,1.0
3070,1214,1.0
3070,1279,1.0
3070,1918,1.0
3070,1983,1.0
3070,2238,1.0
3070,2303,1.0
3070,2942,1.0
3070,3007,1.0
3071,1343,1.0
3071,1344,1.0
3071,1663,1.0
3071,1664,1.0
3071,2367,1.0
3071,2368,1.0
3071,2687,1.0
3071,2688,1.0
3072,0,1.0
3072,65,1.0
3072,960,1.0
3072,769,1.0
3072,3072,1.0
3072,3137,1.0
3072,4032,1.0
3072,3841,1.0
3073,385,1.0
3073,450,1.0
3073,705,1.0
3073,514,1.0
3073,3457,1.0
3073,3522,1.0
3073,3777,1.0
3073,3586,1.0
3074,1154,1.0
3074,1219,1.0
3074,1858,1.0
3074,1923,1.0
3074,2178,1.0
3074,2243,1.0
3074,2882,1.0
3074,2947,1.0
3075,1283,1.0
3075,1348,1.0
3075,1603,1.0
3075,1668,1.0
3075,2307,1.0
3075,2372,1.0
3075,2627,1.0
3075,2692,1.0
3076,4,1.0
3076,69,1.0
3076,964,1.0
3076,773,1.0
3076,3076,1.0
3076,3141,1.0
3076,4036,1.0
3076,3845,1.0
3077,389,1.0
3077,454,1.0
3077,709,1.0
3077,518,1.0
3077,3461,1.0
3077,3526,1.0
3077,3781,1.0
3077,3590,1.0
3078,1158,1.0
3078,1223,1.0
3078,1862,1.0
3078,1927,1.0
3078,2182,1.0
3078,2247,1.0
3078,2886,1.0
3078,2951,1.0
3079,1287,1.0
3079,1352,1.0
3079,1607,1.0
3079,1672,1.0
3079,2311,1.0
3079,2376,1.0
3079,2631,1.0
3079,2696,1.0
3080,8,1.0
3080,73,1.0
3080,968,1.0
3080,777,1.0
3080,3080,1.0
3080,3145,1.0
3080,4040,1.0
3080,3849,1.0
3081,393,1.0
3081,458,1.0
3081,713,1.0
3081,522,1.0
3081,3465,1.0
3081,3530,1.0
3081,3785,1.0
3081,3594,1.0
3082,1162,1.0
3082,1227,1.0
3082,1866,1.0
3082,1931,1.0
3082,2186,1.0
3082,2251,1.0
3082,2890,1.0
3082,2955,1.0
3083,1291,1.0
3083,1356,1.0
3083,1611,1.0
3083,1676,1.0
3083,2315,1.0
3083,2380,1.0
3083,2635,1.0
3083,2700,1.0
3084,12,1.0
3084,77,1.0
3084,972,1.0
3084,781,1.0
3084,3084,1.0
3084,3149,1.0
3084,4044,1.0
3084,3853,1.0
3085,397,1.0
3085,462,1.0
3085,717,1.0
3085,526,1.0
3085,3469,1.0
3085,3534,1.0
3085,3789,1.0
3085,3598,1.0
3086,1166,1.0
3086,1231,1.0
3086,1870,1.0
3086,1935,1.0
3086,2190,1.0
3086,2255,1.0
3086,2894,1.0
3086,2959,1.0
3087,1295,1.0
3087,1360,1.0
3087,1615,1.0
3087,1680,1.0
3087,2319,1.0
3087,2384,1.0
3087,2639,1.0
3087,2704,1.0
3088,16,1.0
3088,81,1.0
3088,976,1.0
3088,785,1.0
3088,3088,1.0
3088,3153,1.0
3088,4048,1.0
3088,3857,1.0
3089,401,1.0
3089,466,1.0
3089,721,1.0
3089,530,1.0
3089,3473,1.0
3089,3538,1.0
3089,3793,1.0
3089,3602,1.0
3090,1170,1.0
3090,1235,1.0
3090,1874,1.0
3090,1939,1.0
3090,2194,1.0
3090,2259,1.0
3090,2898,1.0
3090,2963,1.0
3091,1299,1.0
3091,1364,1.0
3091,1619,1.0
3091,1684,1.0
3091,2323,1.0
3091,2388,1.0
3091,2643,1.0
3091,2708,1.0
3092,20,1.0
3092,85,1.0
3092,980,1.0
3092,789,1.0
3092,3092,1.0
3092,3157,1.0
3092,4052,1.0
3092,3861,1.0
3093,405,1.0
3093,470,1.0
3093,725,1.0
3093,534,1.0
3093,3477,1.0
3093,3542,1.0
3093,3797,1.0
3093,3606,1.0
3094,1174,1.0
3094,1239,1.0
3094,1878,1.0
3094,1943,1.0
3094,2198,1.0
3094,2263,1.0
3094,2902,1.0
3094,2967,1.0
3095,1303,1.0
3095,1368,1.0
3095,1623,1.0
3095,1688,1.0
3095,2327,1.0
3095,2392,1.0
3095,2647,1.0
3095,2712,1.0
3096,24,1.0
3096,89,1.0
3096,984,1.0
3096,793,1.0
3096,3096,1.0
3096,3161,1.0
3096,4056,1.0
3096,3865,1.0
3097,409,1.0
3097,474,1.0
3097,729,1.0
3097,538,1.0
3097,3481,1.0
3097,3546,1.0
3097,3801,1.0
3097,3610,1.0
3098,1178,1.0
3098,1243,1.0
3098,1882,1.0
3098,1947,1.0
3098,2202,1.0
3098,2267,1.0
3098,2906,1.0
3098,2971,1.0
3099,1307,1.0
3099,1372,1.0
3099,1627,1.0
3099,1692,1.0
3099,2331,1.0
3099,2396,1.0
3099,2651,1.0
3099,2716,1.0
3100,28,1.0
3100,93,1.0
3100,988,1.0
3100,797,1.0
3100,3100,1.0
3100,3165,1.0
3100,4060,1.0
3100,3869,1.0
3101,413,1.0
3101,478,1.0
3101,733,1.0
3101,542,1.0
3101,3485,1.0
3101,3550,1.0
3101,3805,1.0
3101,3614,1.0
3102,1182,1.0
3102,1247,1.0
3102,1886,1.0
3102,1951,1.0
3102,2206,1.0
3102,2271,1.0
3102,2910,1.0
3102,2975,1.0
3103,1311,1.0
3103,1376,1.0
3103,1631,1.0
3103,1696,1.0
3103,2335,1.0
3103,2400,1.0
3103,2655,1.0
3103,2720,1.0
3104,32,1.0
3104,97,1.0
3104,992,1.0
3104,801,1.0
3104,3104,1.0
3104,3169,1.0
3104,4064,1.0
3104,3873,1.0
3105,417,1.0
3105,482,1.0
3105,737,1.0
3105,546,1.0
3105,3489,1.0
3105,3554,1.0
3105,3809,1.0
3105,3618,1.0
3106,1186,1.0
3106,1251,1.0
3106,1890,1.0
3106,1955,1.0
3106,2210,1.0
3106,2275,1.0
3106,2914,1.0
3106,2979,1.0
3107,1315,1.0
3107,1380,1.0
3107,1635,1.0
3107,1700,1.0
3107,2339,1.0
3107,2404,1.0
3107,2659,1.0
3107,2724,1.0
3108,36,1.0
3108,101,1.0
3108,996,1.0
3108,805,1.0
3108,3108,1.0
3108,3173,1.0
3108,4068,1.0
3108,3877,1.0
3109,421,1.0
3109,486,1.0
3109,741,1.0
3109,550,1.0
3109,3493,1.0
3109,3558,1.0
3109,3813,1.0
3109,3622,1.0
3110,1190,1.0
3110,1255,1.0
3110,1894,1.0
3110,1959,1.0
3110,2214,1.0
3110,2279,1.0
3110,2918,1.0
3110,2983,1.0
3111,1319,1.0
3111,1384,1.0
3111,1639,1.0
3111,1704,1.0
3111,2343,1.0
3111,2408,1.0
3111,2663,1.0
3111,2728,1.0
3112,40,1.0
3112,105,1.0
3112,1000,1.0
3112,809,1.0
3112,3112,1.0
3112,3177,1.0
3112,4072,1.0
3112,3881,1.0
3113,425,1.0
3113,490,1.0
3113,745,1.0
3113,554,1.0
3113,3497,1.0
3113,3562,1.0
3113,3817,1.0
3113,3626,1.0
3114,1194,1.0
3114,1259,1.0
3114,1898,1.0
3114,1963,1.0
3114,2218,1.0
3114,2283,1.0
3114,2922,1.0
3114,2987,1.0
3115,1323,1.0
3115,1388,1.0
3115,1643,1.0
3115,1708,1.0
3115,2347,1.0
3115,2412,1.0
3115,2667,1.0
3115,2732,1.0
3116,44,1.0
3116,109,1.0
3116,1004,1.0
3116,813,1.0
3116,3116,1.0
3116,3181,1.0
3116,4076,1.0
3116,3885,1.0
3117,429,1.0
3117,494,1.0
3117,749,1.0
3117,558,1.0
3117,3501,1.0
3117,3566,1.0
3117,3821,1.0
3117,3630,1.0
3118,1198,1.0
3118,1263,1.0
3118,1902,1.0
3118,1967,1.0
3118,2222,1.0
3118,2287,1.0
3118,2926,1.0
3118,2991,1.0
3119,1327,1.0
3119,1392,1.0
3119,1647,1.0
3119,1712,1.0
3119,2351,1.0
3119,2416,1.0
3119,2671,1.0
3119,2736,1.0
3120,48,1.0
3120,113,1.0
3120,1008,1.0
3120,817,1.0
3120,3120,1.0
3120,3185,1.0
3120,4080,1.0
3120,3889,1.0
3121,433,1.0
3121,498,1.0
3121,753,1.0
3121,562,1.0
3121,3505,1.0
3121,3570,1.0
3121,3825,1.0
3121,3634,1.0
3122,1202,1.0
3122,1267,1.0
3122,1906,1.0
3122,1971,1.0
3122,2226,1.0
3122,2291,1.0
3122,2930,1.0
3122,2995,1.0
3123,1331,1.0
3123,1396,1.0
3123,1651,1.0
3123,1716,1.0
3123,2355,1.0
3123,2420,1.0
3123,2675,1.0
3123,2740,1.0
3124,52,1.0
3124,117,1.0
3124,1012,1.0
3124,821,1.0
3124,3124,1.0
3124,3189,1.0
3124,4084,1.0
3124,3893,1.0
3125,437,1.0
3125,502,1.0
3125,757,1.0
3125,566,1.0
3125,3509,1.0
3125,3574,1.0
3125,3829,1.0
3125,3638,1.0
3126,1206,1.0
3126,1271,1.0
3126,1910,1.0
3126,1975,1.0
3126,2230,1.0
3126,2295,1.0
3126,2934,1.0
3126,2999,1.0
3127,1335,1.0
3127,1400,1.0
3127,1655,1.0
3127,1720,1.0
3127,2359,1.0
3127,2424,1.0
3127,2679,1.0
3127,2744,1.0
3128,56,1.0
3128,121,1.0
3128,1016,1.0
3128,825,1.0
3128,3128,1.0
3128,3193,1.0
3128,4088,1.0
3128,3897,1.0
3129,441,1.0
3129,506,1.0
3129,761,1.0
3129,570,1.0
3129,3513,1.0
3129,3578,1.0
3129,3833,1.0
3129,3642,1.0
3130,1210,1.0
3130,1275,1.0
3130,1914,1.0
3130,1979,1.0
3130,2234,1.0
3130,2299,1.0
3130,2938,1.0
3130,3003,1.0
3131,1339,1.0
3131,1404,1.0
3131,1659,1.0
3131,1724,1.0
3131,2363,1.0
3131,2428,1.0
3131,2683,1.0
3131,2748,1.0
3132,60,1.0
3132,125,1.0
3132,1020,1.0
3132,829,1.0
3132,3132,1.0
3132,3197,1.0
3132,4092,1.0
3132,3901,1.0
3133,445,1.0
3133,510,1.0
3133,765,1.0
3133,574,1.0
3133,3517,1.0
3133,3582,1.0
3133,3837,1.0
3133,3646,1.0
3134,1214,1.0
3134,1279,1.0
3134,1918,1.0
3134,1983,1.0
3134,2238,1.0
3134,2303,1.0
3134,2942,1.0
3134,3007,1.0
3135,1343,1.0
3135,1344,1.0
3135,1663,1.0
3135,1664,1.0
3135,2367,1.0
3135,2368,1.0
3135,2687,1.0
3135,2688,1.0
3136,0,1.0
3136,65,1.0
3136,960,1.0
3136,769,1.0
3136,3072,1.0
3136,3137,1.0
3136,4032,1.0
3136,3841,1.0
3137,385,1.0
3137,450,1.0
3137,705,1.0
3137,514,1.0
3137,3457,1.0
3137,3522,1.0
3137,3777,1.0
3137,3586,1.0
3138,1154,1.0
3138,1219,1.0
3138,1858,1.0
3138,1923,1.0
3138,2178,1.0
3138,2243,1.0
3138,2882,1.0
3138,2947,1.0
3139,1283,1.0
3139,1348,1.0
3139,1603,1.0
3139,1668,1.0
3139,2307,1.0
3139,2372,1.0
3139,2627,1.0
3139,2692,1.0
3140,4,1.0
3140,69,1.0
3140,964,1.0
3140,773,1.0
3140,3076,1.0
3140,3141,1.0
3140,4036,1.0
3140,3845,1.0
3141,389,1.0
3141,454,1.0
3141,709,1.0
3141,518,1.0
3141,3461,1.0
3141,3526,1.0
3141,3781,1.0
3141,3590,1.0
3142,1158,1.0
3142,1223,1.0
3142,1862,1.0
3142,1927,1.0
3142,2182,1.0
3142,2247,1.0
3142,2886,1.0
3142,2951,1.0
3143,1287,1.0
3143,1352,1.0
3143,1607,1.0
3143,1672,1.0
3143,2311,1.0
3143,2376,1.0
3143,2631,1.0
3143,2696,1.0
3144,8,1.0
3144,73,1.0
3144,968,1.0
3144,777,1.0
3144,3080,1.0
3144,3145,1.0
3144,4040,1.0
3144,3849,1.0
3145,393,1.0
3145,458,1.0
3145,713,1.0
3145,522,1.0
3145,3465,1.0
3145,3530,1.0
3145,3785,1.0
3145,3594,1.0
3146,1162,1.0
3146,1227,1.0
3146,1866,1.0
3146,1931,1.0
3146,2186,1.0
3146,2251,1.0
3146,2890,1.0
3146,2955,1.0
3147,1291,1.0
3147,1356,1.0
3147,1611,1.0
3147,1676,1.0
3147,2315,1.0
3147,2380,1.0
3147,2635,1.0
3147,2700,1.0
3148,12,1.0
3148,77,1.0
3148,972,1.0
3148,781,1.0
3148,3084,1.0
3148,3149,1.0
3148,4044,1.0
3148,3853,1.0
3149,397,1.0
3149,462,1.0
3149,717,1.0
3149,526,1.0
3149,3469,1.0
3149,3534,1.0
3149,3789,1.0
3149,3598,1.0
3150,1166,1.0
3150,1231,1.0
3150,1870,1.0
3150,1935,1.0
3150,2190,1.0
3150,2255,1.0
3150,2894,1.0
3150,2959,1.0
3151,1295,1.0
3151,1360,1.0
3151,1615,1.0
3151,1680,1.0
3151,2319,1.0
3151,2384,1.0
3151,2639,1.0
3151,2704,1.0
3152,16,1.0
3152,81,1.0
3152,976,1.0
3152,785,1.0
3152,3088,1.0
3152,3153,1.0
3152,4048,1.0
3152,3857,1.0
3153,401,1.0
3153,466,1.0
3153,721,1.0
3153,530,1.0
3153,3473,1.0
3153,3538,1.0
3153,3793,1.0
3153,3602,1.0
3154,1170,1.0
3154,1235,1.0
3154,1874,1.0
3154,1939,1.0
3154,2194,1.0
3154,2259,1.0
3154,2898,1.0
3154,2963,1.0
3155,1299,1.0
3155,1364,1.0
3155,1619,1.0
3155,1684,1.0
3155,2323,1.0
3155,2388,1.0
3155,2643,1.0
3155,2708,1.0
3156,20,1.0
3156,85,1.0
3156,980,1.0
3156,789,1.0
3156,3092,1.0
3156,3157,1.0
3156,4052,1.0
3156,3861,1.0
3157,405,1.0
3157,470,1.0
3157,725,1.0
3157,534,1.0
3157,3477,1.0
3157,3542,1.0
3157,3797,1.0
3157,3606,1.0
3158,1174,1.0
3158,1239,1.0
3158,1878,1.0
3158,1943,1.0
3158,2198,1.0
3158,2263,1.0
3158,2902,1.0
3158,2967,1.0
3159,1303,1.0
3159,1368,1.0
3159,1623,1.0
3159,1688,1.0
3159,2327,1.0
3159,2392,1.0
3159,2647,1.0
3159,2712,1.0
3160,24,1.0
3160,89,1.0
3160,984,1.0
3160,793,1.0
3160,3096,1.0
3160,3161,1.0
3160,4056,1.0
3160,3865,1.0
3161,409,1.0
3161,474,1.0
3161,729,1.0
3161,538,1.0
3161,3481,1.0
3161,3546,1.0
3161,3801,1.0
3161,3610,1.0
3162,1178,1.0
3162,1243,1.0
3162,1882,1.0
3162,1947,1.0
3162,2202,1.0
3162,2267,1.0
3162,2906,1.0
3162,2971,1.0
3163,1307,1.0
3163,1372,1.0
3163,1627,1.0
3163,1692,1.0
3163,2331,1.0
3163,2396,1.0
3163,2651,1.0
3163,2716,1.0
3164,28,1.0
3164,93,1.0
3164,988,1.0
3164,797,1.0
3164,3100,1.0
3164,3165,1.0
3164,4060,1.0
3164,3869,1.0
3165,413,1.0
3165,478,1.0
3165,733,1.0
3165,542,1.0
3165,3485,1.0
3165,3550,1.0
3165,3805,1.0
3165,3614,1.0
3166,1182,1.0
3166,1247,1.0
3166,1886,1.0
3166,1951,1.0
3166,2206,1.0
3166,2271,1.0
3166,2910,1.0
3166,2975,1.0
3167,1311,1.0
3167,1376,1.0
3167,1631,1.0
3167,1696,1.0
3167,2335,1.0
3167,2400,1.0
3167,2655,1.0
3167,2720,1.0
3168,32,1.0
3168,97,1.0
3168,992,1.0
3168,801,1.0
3168,3104,1.0
3168,3169,1.0
3168,4064,1.0
3168,3873,1.0
3169,417,1.0
3169,482,1.0
3169,737,1.0
3169,546,1.0
3169,3489,1.0
3169,3554,1.0
3169,3809,1.0
3169,3618,1.0
3170,1186,1.0
3170,1251,1.0
3170,1890,1.0
3170,1955,1.0
3170,2210,1.0
3170,2275,1.0
3170,2914,1.0
3170,2979,1.0
3171,1315,1.0
3171,1380,1.0
3171,1635,1.0
3171,1700,1.0
3171,2339,1.0
3171,2404,1.0
3171,2659,1.0
3171,2724,1.0
3172,36,1.0
3172,101,1.0
3172,996,1.0
3172,805,1.0
3172,3108,1.0
3172,3173,1.0
3172,4068,1.0
3172,3877,1.0
3173,421,1.0
3173,486,1.0
3173,741,1.0
3173,550,1.0
3173,3493,1.0
3173,3558,1.0
3173,3813,1.0
3173,3622,1.0
3174,1190,1.0
3174,1255,1.0
3174,1894,1.0
3174,1959,1.0
3174,2214,1.0
3174,2279,1.0
3174,2918,1.0
3174,2983,1.0
3175,1319,1.0
3175,1384,1.0
3175,1639,1.0
3175,1704,1.0
3175,2343,1.0
3175,2408,1.0
3175,2663,1.0
3175,2728,1.0
3176,40,1.0
3176,105,1.0
3176,1000,1.0
3176,809,1.0
3176,3112,1.0
3176,3177,1.0
3176,4072,1.0
3176,3881,1.0
3177,425,1.0
3177,490,1.0
3177,745,1.0
3177,554,1.0
3177,3497,1.0
3177,3562,1.0
3177,3817,1.0
3177,3626,1.0
3178,1194,1.0
3178,1259,1.0
3178,1898,1.0
3178,1963,1.0
3178,2218,1.0
3178,2283,1.0
3178,2922,1.0
3178,2987,1.0
3179,1323,1.0
3179,1388,1.0
3179,1643,1.0
3179,1708,1.0
3179,2347,1.0
3179,2412,1.0
3179,2667,1.0
3179,2732,1.0
3180,44,1.0
3180,109,1.0
3180,1004,1.0
3180,813,1.0
3180,3116,1.0
3180,3181,1.0
3180,4076,1.0
3180,3885,1.0
3181,429,1.0
3181,494,1.0
3181,749,1.0
3181,558,1.0
3181,3501,1.0
3181,3566,1.0
3181,3821,1.0
3181,3630,1.0
3182,1198,1.0
3182,1263,1.0
3182,1902,1.0
3182,1967,1.0
3182,2222,1.0
3182,2287,1.0
3182,2926,1.0
3182,2991,1.0
3183,1327,1.0
3183,1392,1.0
3183,1647,1.0
3183,1712,1.0
3183,2351,1.0
3183,2416,1.0
3183,2671,1.0
3183,2736,1.0
3184,48,1.0
3184,113,1.0
3184,1008,1.0
3184,817,1.0
3184,3120,1.0
3184,3185,1.0
3184,4080,1.0
3184,3889,1.0
3185,433,1.0
3185,498,1.0
3185,753,1.0
3185,562,1.0
3185,3505,1.0
3185,3570,1.0
3185,3825,1.0
3185,3634,1.0
3186,1202,1.0
3186,1267,1.0
3186,1906,1.0
3186,1971,1.0
3186,2226,1.0
3186,2291,1.0
3186,2930,1.0
3186,2995,1.0
3187,1331,1.0
3187,1396,1.0
3187,1651,1.0
3187,1716,1.0
3187,2355,1.0
3187,2420,1.0
3187,2675,1.0
3187,2740,1.0
3188,52,1.0
3188,117,1.0
3188,1012,1.0
3188,821,1.0
3188,3124,1.0
3188,3189,1.0
3188,4084,1.0
3188,3893,1.0
3189,437,1.0
3189,502,1.0
3189,757,1.0
3189,566,1.0
3189,3509,1.0
3189,3574,1.0
3189,3829,1.0
3189,3638,1.0
3190,1206,1.0
3190,1271,1.0
3190,1910,1.0
3190,1975,1.0
3190,2230,1.0
3190,2295,1.0
3190,2934,1.0
3190,2999,1.0
3191,1335,1.0
3191,1400,1.0
3191,1655,1.0
3191,1720,1.0
3191,2359,1.0
3191,2424,1.0
3191,2679,1.0
3191,2744,1.0
3192,56,1.0
3192,121,1.0
3192,1016,1.0
3192,825,1.0
3192,3128,1.0
3192,3193,1.0
3192,4088,1.0
3192,3897,1.0
3193,441,1.0
3193,506,1.0
3193,761,1.0
3193,570,1.0
3193,3513,1.0
3193,3578,1.0
3193,3833,1.0
3193,3642,1.0
3194,1210,1.0
3194,1275,1.0
3194,1914,1.0
3194,1979,1.0
3194,2234,1.0
3194,2299,1.0
3194,2938,1.0
3194,3003,1.0
3195,1339,1.0
3195,1404,1.0
3195,1659,1.0
3195,1724,1.0
3195,2363,1.0
3195,2428,1.0
3195,2683,1.0
3195,2748,1.0
3196,60,1.0
3196,125,1.0
3196,1020,1.0
3196,829,1.0
3196,3132,1.0
3196,3197,1.0
3196,4092,1.0
3196,3901,1.0
3197,445,1.0
3197,510,1.0
3197,765,1.0
3197,574,1.0
3197,3517,1.0
3197,3582,1.0
3197,3837,1.0
3197,3646,1.0
3198,1214,1.0
3198,1279,1.0
3198,1918,1.0
3198,1983,1.0
3198,2238,1.0
3198,2303,1.0
3198,2942,1.0
3198,3007,1.0
3199,1343,1.0
3199,1344,1.0
3199,1663,1.0
3199,1664,1.0
3199,2367,1.0
3199,2368,1.0
3199,2687,1.0
3199,2688,1.0
3200,0,1.0
3200,65,1.0
3200,960,1.0
3200,769,1.0
3200,3072,1.0
3200,3137,1.0
3200,4032,1.0
3200,3841,1.0
3201,385,1.0
3201,450,1.0
3201,705,1.0
3201,514,1.0
3201,3457,1.0
3201,3522,1.0
3201,3777,1.0
3201,3586,1.0
3202,1154,1.0
3202,1219,1.0
3202,1858,1.0
3202,1923,1.0
3202,2178,1.0
3202,2243,1.0
3202,2882,1.0
3202,2947,1.0
3203,1283,1.0
3203,1348,1.0
3203,1603,1.0
3203,1668,1.0
3203,2307,1.0
3203,2372,1.0
3203,2627,1.0
3203,2692,1.0
3204,4,1.0
3204,69,1.0
3204,964,1.0
3204,773,1.0
3204,3076,1.0
3204,3141,1.0
3204,4036,1.0
3204,3845,1.0
3205,389,1.0
3205,454,1.0
3205,709,1.0
3205,518,1.0
3205,3461,1.0
3205,3526,1.0
3205,3781,1.0
3205,3590,1.0
3206,1158,1.0
3206,1223,1.0
3206,1862,1.0
3206,1927,1.0
3206,2182,1.0
3206,2247,1.0
3206,2886,1.0
3206,2951,1.0
3207,1287,1.0
3207,1352,1.0
3207,1607,1.0
3207,1672,1.0
3207,2311,1.0
3207,2376,1.0
3207,2631,1.0
3207,2696,1.0
3208,8,1.0
3208,73,1.0
3208,968,1.0
3208,777,1.0
3208,3080,1.0
3208,3145,1.0
3208,4040,1.0
3208,3849,1.0
3209,393,1.0
3209,458,1.0
3209,713,1.0
3209,522,1.0
3209,3465,1.0
3209,3530,1.0
3209,3785,1.0
3209,3594,1.0
3210,1162,1.0
3210,1227,1.0
3210,1866,1.0
3210,1931,1.0
3210,2186,1.0
3210,2251,1.0
3210,2890,1.0
3210,2955,1.0
3211,1291,1.0
3211,1356,1.0
3211,1611,1.0
3211,1676,1.0
3211,2315,1.0
3211,2380,1.0
3211,2635,1.0
3211,2700,1.0
3212,12,1.0
3212,77,1.0
3212,972,1.0
3212,781,1.0
3212,3084,1.0
3212,3149,1.0
3212,4044,1.0
3212,3853,1.0
3213,397,1.0
3213,462,1.0
3213,717,1.0
3213,526,1.0
3213,3469,1.0
3213,3534,1.0
3213,3789,1.0
3213,3598,1.0
3214,1166,1.0
3214,1231,1.0
3214,1870,1.0
3214,1935,1.0
3214,2190,1.0
3214,2255,1.0
3214,2894,1.0
3214,2959,1.0
3215,1295,1.0
3215,1360,1.0
3215,1615,1.0
3215,1680,1.0
3215,2319,1.0
3215,2384,1.0
3215,2639,1.0
3215,2704,1.0
3216,16,1.0
3216,81,1.0
3216,976,1.0
3216,785,1.0
3216,3088,1.0
3216,3153,1.0
3216,4048,1.0
3216,3857,1.0
3217,401,1.0
3217,466,1.0
3217,721,1.0
3217,530,1.0
3217,3473,1.0
3217,3538,1.0
3217,3793,1.0
3217,3602,1.0
3218,1170,1.0
3218,1235,1.0
3218,1874,1.0
3218,1939,1.0
3218,2194,1.0
3218,2259,1.0
3218,2898,1.0
3218,2963,1.0
3219,1299,1.0
3219,1364,1.0
3219,1619,1.0
3219,1684,1.0
3219,2323,1.0
3219,2388,1.0
3219,2643,1.0
3219,2708,1.0
3220,20,1.0
3220,85,1.0
3220,980,1.0
3220,789,1.0
3220,3092,1.0
3220,3157,1.0
3220,4052,1.0
3220,3861,1.0
3221,405,1.0
3221,470,1.0
3221,725,1.0
3221,534,1.0
3221,3477,1.0
3221,3542,1.0
3221,3797,1.0
3221,3606,1.0
3222,1174,1.0
3222,1239,1.0
3222,1878,1.0
3222,1943,1.0
3222,2198,1.0
3222,2263,1.0
3222,2902,1.0
3222,2967,1.0
3223,1303,1.0
3223,1368,1.0
3223,1623,1.0
3223,1688,1.0
3223,2327,1.0
3223,2392,1.0
3223,2647,1.0
3223,2712,1.0
3224,24,1.0
3224,89,1.0
3224,984,1.0
3224,793,1.0
3224,3096,1.0
3224,3161,1.0
3224,4056,1.0
3224,3865,1.0
3225,409,1.0
3225,474,1.0
3225,729,1.0
3225,538,1.0
3225,3481,1.0
3225,3546,1.0
3225,3801,1.0
3225,3610,1.0
3226,1178,1.0
3226,1243,1.0
3226,1882,1.0
3226,1947,1.0
3226,2202,1.0
3226,2267,1.0
3226,2906,1.0
3226,2971,1.0
3227,1307,1.0
3227,1372,1.0
3227,1627,1.0
3227,1692,1.0
3227,2331,1.0
3227,2396,1.0
3227,2651,1.0
3227,2716,1.0
3228,28,1.0
3228,93,1.0
3228,988,1.0
3228,797,1.0
3228,3100,1.0
3228,3165,1.0
3228,4060,1.0
3228,3869,1.0
3229,413,1.0
3229,478,1.0
3229,733,1.0
3229,542,1.0
3229,3485,1.0
3229,3550,1.0
3229,3805,1.0
3229,3614,1.0
3230,1182,1.0
3230,1247,1.0
3230,1886,1.0
3230,1951,1.0
3230,2206,1.0
3230,2271,1.0
3230,2910,1.0
3230,2975,1.0
3231,1311,1.0
3231,1376,1.0
3231,1631,1.0
3231,1696,1.0
3231,2335,1.0
3231,2400,1.0
3231,2655,1.0
3231,2720,1.0
3232,32,1.0
3232,97,1.0
3232,992,1.0
3232,801,1.0
3232,3104,1.0
3232,3169,1.0
3232,4064,1.0
3232,3873,1.0
3233,417,1.0
3233,482,1.0
3233,737,1.0
3233,546,1.0
3233,3489,1.0
3233,3554,1.0
3233,3809,1.0
3233,3618,1.0
3234,1186,1.0
3234,1251,1.0
3234,1890,1.0
3234,1955,1.0
3234,2210,1.0
3234,2275,1.0
3234,2914,1.0
3234,2979,1.0
3235,1315,1.0
3235,1380,1.0
3235,1635,1.0
3235,1700,1.0
3235,2339,1.0
3235,2404,1.0
3235,2659,1.0
3235,2724,1.0
3236,36,1.0
3236,101,1.0
3236,996,1.0
3236,805,1.0
3236,3108,1.0
3236,3173,1.0
3236,4068,1.0
3236,3877,1.0
3237,421,1.0
3237,486,1.0
3237,741,1.0
3237,550,1.0
3237,3493,1.0
3237,3558,1.0
3237,3813,1.0
3237,3622,1.0
3238,1190,1.0
3238,1255,1.0
3238,1894,1.0
3238,1959,1.0
3238,2214,1.0
3238,2279,1.0
3238,2918,1.0
3238,2983,1.0
3239,1319,1.0
3239,1384,1.0
3239,1639,1.0
3239,1704,1.0
3239,2343,1.0
3239,2408,1.0
3239,2663,1.0
3239,2728,1.0
3240,40,1.0
3240,105,1.0
3240,1000,1.0
3240,809,1.0
3240,3112,1.0
3240,3177,1.0
3240,4072,1.0
3240,3881,1.0
3241,425,1.0
3241,490,1.0
3241,745,1.0
3241,554,1.0
3241,3497,1.0
3241,3562,1.0
3241,3817,1.0
3241,3626,1.0
3242,1194,1.0
3242,1259,1.0
3242,1898,1.0
3242,1963,1.0
3242,2218,1.0
3242,2283,1.0
3242,2922,1.0
3242,2987,1.0
3243,1323,1.0
3243,1388,1.0
3243,1643,1.0
3243,1708,1.0
3243,2347,1.0
3243,2412,1.0
3243,2667,1.0
3243,2732,1.0
3244,44,1.0
3244,109,1.0
3244,1004,1.0
3244,813,1.0
3244,3116,1.0
3244,3181,1.0
3244,4076,1.0
3244,3885,1.0
3245,429,1.0
3245,494,1.0
3245,749,1.0
3245,558,1.0
3245,3501,1.0
3245,3566,1.0
3245,3821,1.0
3245,3630,1.0
3246,1198,1.0
3246,1263,1.0
3246,1902,1.0
3246,1967,1.0
3246,2222,1.0
3246,2287,1.0
3246,2926,1.0
3246,2991,1.0
3247,1327,1.0
3247,1392,1.0
3247,1647,1.0
3247,1712,1.0
3247,2351,1.0
3247,2416,1.0
3247,2671,1.0
3247,2736,1.0
3248,48,1.0
3248,113,1.0
3248,1008,1.0
3248,817,1.0
3248,3120,1.0
3248,3185,1.0
3248,4080,1.0
3248,3889,1.0
3249,433,1.0
3249,498,1.0
3249,753,1.0
3249,562,1.0
3249,3505,1.0
3249,3570,1.0
3249,3825,1.0
3249,3634,1.0
3250,1202,1.0
3250,1267,1.0
3250,1906,1.0
3250,1971,1.0
3250,2226,1.0
3250,2291,1.0
3250,2930,1.0
3250,2995,1.0
3251,1331,1.0
3251,1396,1.0
3251,1651,1.0
3251,1716,1.0
3251,2355,1.0
3251,2420,1.0
3251,2675,1.0
3251,2740,1.0
3252,52,1.0
3252,117,1.0
3252,1012,1.0
3252,821,1.0
3252,3124,1.0
3252,3189,1.0
3252,4084,1.0
3252,3893,1.0
3253,437,1.0
3253,502,1.0
3253,757,1.0
3253,566,1.0
3253,3509,1.0
3253,3574,1.0
3253,3829,1.0
3253,3638,1.0
3254,1206,1.0
3254,1271,1.0
3254,1910,1.0
3254,1975,1.0
3254,2230,1.0
3254,2295,1.0
3254,2934,1.0
3254,2999,1.0
3255,1335,1.0
3255,1400,1.0
3255,1655,1.0
3255,1720,1.0
3255,2359,1.0
3255,2424,1.0
3255,2679,1.0
3255,2744,1.0
3256,56,1.0
3256,121,1.0
3256,1016,1.0
3256,825,1.0
3256,3128,1.0
3256,3193,1.0
3256,4088,1.0
3256,3897,1.0
3257,441,1.0
3257,506,1.0
3257,761,1.0
3257,570,1.0
3257,3513,1.0
3257,3578,1.0
3257,3833,1.0
3257,3642,1.0
3258,1210,1.0
3258,1275,1.0
3258,1914,1.0
3258,1979,1.0
3258,2234,1.0
3258,2299,1.0
3258,2938,1.0
3258,3003,1.0
3259,1339,1.0
3259,1404,1.0
3259,1659,1.0
3259,1724,1.0
3259,2363,1.0
3259,2428,1.0
3259,2683,1.0
3259,2748,1.0
3260,60,1.0
3260,125,1.0
3260,1020,1.0
3260,829,1.0
3260,3132,1.0
3260,3197,1.0
3260,4092,1.0
3260,3901,1.0
3261,445,1.0
3261,510,1.0
3261,765,1.0
3261,574,1.0
3261,3517,1.0
3261,3582,1.0
3261,3837,1.0
3261,3646,1.0
3262,1214,1.0
3262,1279,1.0
3262,1918,1.0
3262,1983,1.0
3262,2238,1.0
3262,2303,1.0
3262,2942,1.0
3262,3007,1.0
3263,1343,1.0
3263,1344,1.0
3263,1663,1.0
3263,1664,1.0
3263,2367,1.0
3263,2368,1.0
3263,2687,1.0
3263,2688,1.0
3264,0,1.0
3264,65,1.0
3264,960,1.0
3264,769,1.0
3264,3072,1.0
3264,3137,1.0
3264,4032,1.0
3264,3841,1.0
3265,385,1.0
3265,450,1.0
3265,705,1.0
3265,514,1.0
3265,3457,1.0
3265,3522,1.0
3265,3777,1.0
3265,3586,1.0
3266,1154,1.0
3266,1219,1.0
3266,1858,1.0
3266,1923,1.0
3266,2178,1.0
3266,2243,1.0
3266,2882,1.0
3266,2947,1.0
3267,1283,1.0
3267,1348,1.0
3267,1603,1.0
3267,1668,1.0
3267,2307,1.0
3267,2372,1.0
3267,2627,1.0
3267,2692,1.0
3268,4,1.0
3268,69,1.0
3268,964,1.0
3268,773,1.0
3268,3076,1.0
3268,3141,1.0
3268,4036,1.0
3268,3845,1.0
3269,389,1.0
3269,454,1.0
3269,709,1.0
3269,518,1.0
3269,3461,1.0
3269,3526,1.0
3269,3781,1.0
3269,3590,1.0
3270,1158,1.0
3270,1223,1.0
3270,1862,1.0
3270,1927,1.0
3270,2182,1.0
3270,2247,1.0
3270,2886,1.0
3270,2951,1.0
3271,1287,1.0
3271,1352,1.0
3271,1607,1.0
3271,1672,1.0
3271,2311,1.0
3271,2376,1.0
3271,2631,1.0
3271,2696,1.0
3272,8,1.0
3272,73,1.0
3272,968,1.0
3272,777,1.0
3272,3080,1.0
3272,3145,1.0
3272,4040,1.0
3272,3849,1.0
3273,393,1.0
3273,458,1.0
3273,713,1.0
3273,522,1.0
3273,3465,1.0
3273,3530,1.0
3273,3785,1.0
3273,3594,1.0
3274,1162,1.0
3274,1227,1.0
3274,1866,1.0
3274,1931,1.0
3274,2186,1.0
3274,2251,1.0
3274,2890,1.0
3274,2955,1.0
3275,1291,1.0
3275,1356,1.0
3275,1611,1.0
3275,1676,1.0
3275,2315,1.0
3275,2380,1.0
3275,2635,1.0
3275,2700,1.0
3276,12,1.0
3276,77,1.0
3276,972,1.0
3276,781,1.0
3276,3084,1.0
3276,3149,1.0
3276,4044,1.0
3276,3853,1.0
3277,397,1.0
3277,462,1.0
3277,717,1.0
3277,526,1.0
3277,3469,1.0
3277,3534,1.0
3277,3789,1.0
3277,3598,1.0
3278,1166,1.0
3278,1231,1.0
3278,1870,1.0
3278,1935,1.0
3278,2190,1.0
3278,2255,1.0
3278,2894,1.0
3278,2959,1.0
3279,1295,1.0
3279,1360,1.0
3279,1615,1.0
3279,1680,1.0
3279,2319,1.0
3279,2384,1.0
3279,2639,1.0
3279,2704,1.0
3280,16,1.0
3280,81,1.0
3280,976,1.0
3280,785,1.0
3280,3088,1.0
3280,3153,1.0
3280,4048,1.0
3280,3857,1.0
3281,401,1.0
3281,466,1.0
3281,721,1.0
3281,530,1.0
3281,3473,1.0
3281,3538,1.0
3281,3793,1.0
3281,3602,1.0
3282,1170,1.0
3282,1235,1.0
3282,1874,1.0
3282,1939,1.0
3282,2194,1.0
3282,2259,1.0
3282,2898,1.0
3282,2963,1.0
3283,1299,1.0
3283,1364,1.0
3283,1619,1.0
3283,1684,1.0
3283,2323,1.0
3283,2388,1.0
3283,2643,1.0
3283,2708,1.0
3284,20,1.0
3284,85,1.0
3284,980,1.0
3284,789,1.0
3284,3092,1.0
3284,3157,1.0
3284,4052,1.0
3284,3861,1.0
3285,405,1.0
3285,470,1.0
3285,725,1.0
3285,534,1.0
3285,3477,1.0
3285,3542,1.0
3285,3797,1.0
3285,3606,1.0
3286,1174,1.0
3286,1239,1.0
3286,1878,1.0
3286,1943,1.0
3286,2198,1.0
3286,2263,1.0
3286,2902,1.0
3286,2967,1.0
3287,1303,1.0
3287,1368,1.0
3287,1623,1.0
3287,1688,1.0
3287,2327,1.0
3287,2392,1.0
3287,2647,1.0
3287,2712,1.0
3288,24,1.0
3288,89,1.0
3288,984,1.0
3288,793,1.0
3288,3096,1.0
3288,3161,1.0
3288,4056,1.0
3288,3865,1.0
3289,409,1.0
3289,474,1.0
3289,729,1.0
3289,538,1.0
3289,3481,1.0
3289,3546,1.0
3289,3801,1.0
3289,3610,1.0
3290,1178,1.0
3290,1243,1.0
3290,1882,1.0
3290,1947,1.0
3290,2202,1.0
3290,2267,1.0
3290,2906,1.0
3290,2971,1.0
3291,1307,1.0
3291,1372,1.0
3291,1627,1.0
3291,1692,1.0
3291,2331,1.0
3291,2396,1.0
3291,2651,1.0
3291,2716,1.0
3292,28,1.0
3292,93,1.0
3292,988,1.0
3292,797,1.0
3292,3100,1.0
3292,3165,1.0
3292,4060,1.0
3292,3869,1.0
3293,413,1.0
3293,478,1.0
3293,733,1.0
3293,542,1.0
3293,3485,1.0
3293,3550,1.0
3293,3805,1.0
3293,3614,1.0
3294,1182,1.0
3294,1247,1.0
3294,1886,1.0
3294,1951,1.0
3294,2206,1.0
3294,2271,1.0
3294,2910,1.0
3294,2975,1.0
3295,1311,1.0
3295,1376,1.0
3295,1631,1.0
3295,1696,1.0
3295,2335,1.0
3295,2400,1.0
3295,2655,1.0
3295,2720,1.0
3296,32,1.0
3296,97,1.0
3296,992,1.0
3296,801,1.0
3296,3104,1.0
3296,3169,1.0
3296,4064,1.0
3296,3873,1.0
3297,417,1.0
3297,482,1.0
3297,737,1.0
3297,546,1.0
3297,3489,1.0
3297,3554,1.0
3297,3809,1.0
3297,3618,1.0
3298,1186,1.0
3298,1251,1.0
3298,1890,1.0
3298,1955,1.0
3298,2210,1.0
3298,2275,1.0
3298,2914,1.0
3298,2979,1.0
3299,1315,1.0
3299,1380,1.0
3299,1635,1.0
3299,1700,1.0
3299,2339,1.0
3299,2404,1.0
3299,2659,1.0
3299,2724,1.0
3300,36,1.0
3300,101,1.0
3300,996,1.0
3300,805,1.0
3300,3108,1.0
3300,3173,1.0
3300,4068,1.0
3300,3877,1.0
3301,421,1.0
3301,486,1.0
3301,741,1.0
3301,550,1.0
3301,3493,1.0
3301,3558,1.0
3301,3813,1.0
3301,3622,1.0
3302,1190,1.0
3302,1255,1.0
3302,1894,1.0
3302,1959,1.0
3302,2214,1.0
3302,2279,1.0
3302,2918,1.0
3302,2983,1.0
3303,1319,1.0
3303,1384,1.0
3303,1639,1.0
3303,1704,1.0
3303,2343,1.0
3303,2408,1.0
3303,2663,1.0
3303,2728,1.0
3304,40,1.0
3304,105,1.0
3304,1000,1.0
3304,809,1.0
3304,3112,1.0
3304,3177,1.0
3304,4072,1.0
3304,3881,1.0
3305,425,1.0
3305,490,1.0
3305,745,1.0
3305,554,1.0
3305,3497,1.0
3305,3562,1.0
3305,3817,1.0
3305,3626,1.0
3306,1194,1.0
3306,1259,1.0
3306,1898,1.0
3306,1963,1.0
3306,2218,1.0
3306,2283,1.0
3306,2922,1.0
3306,2987,1.0
3307,1323,1.0
3307,1388,1.0
3307,1643,1.0
3307,1708,1.0
3307,2347,1.0
3307,2412,1.0
3307,2667,1.0
3307,2732,1.0
3308,44,1.0
3308,109,1.0
3308,1004,1.0
3308,813,1.0
3308,3116,1.0
3308,3181,1.0
3308,4076,1.0
3308,3885,1.0
3309,429,1.0
3309,494,1.0
3309,749,1.0
3309,558,1.0
3309,3501,1.0
3309,3566,1.0
3309,3821,1.0
3309,3630,1.0
3310,1198,1.0
3310,1263,1.0
3310,1902,1.0
3310,1967,1.0
3310,2222,1.0
3310,2287,1.0
3310,2926,1.0
3310,2991,1.0
3311,1327,1.0
3311,1392,1.0
3311,1647,1.0
3311,1712,1.0
3311,2351,1.0
3311,2416,1.0
3311,2671,1.0
3311,2736,1.0
3312,48,1.0
3312,113,1.0
3312,1008,1.0
3312,817,1.0
3312,3120,1.0
3312,3185,1.0
3312,4080,1.0
3312,3889,1.0
3313,433,1.0
3313,498,1.0
3313,753,1.0
3313,562,1.0
3313,3505,1.0
3313,3570,1.0
3313,3825,1.0
3313,3634,1.0
3314,1202,1.0
3314,1267,1.0
3314,1906,1.0
3314,1971,1.0
3314,2226,1.0
3314,2291,1.0
3314,2930,1.0
3314,2995,1.0
3315,1331,1.0
3315,1396,1.0
3315,1651,1.0
3315,1716,1.0
3315,2355,1.0
3315,2420,1.0
3315,2675,1.0
3315,2740,1.0
3316,52,1.0
3316,117,1.0
3316,1012,1.0
3316,821,1.0
3316,3124,1.0
3316,3189,1.0
3316,4084,1.0
3316,3893,1.0
3317,437,1.0
3317,502,1.0
3317,757,1.0
3317,566,1.0
3317,3509,1.0
3317,3574,1.0
3317,3829,1.0
3317,3638,1.0
3318,1206,1.0
3318,1271,1.0
3318,1910,1.0
3318,1975,1.0
3318,2230,1.0
3318,2295,1.0
3318,2934,1.0
3318,2999,1.0
3319,1335,1.0
3319,1400,1.0
3319,1655,1.0
3319,1720,1.0
3319,2359,1.0
3319,2424,1.0
3319,2679,1.0
3319,2744,1.0
3320,56,1.0
3320,121,1.0
3320,1016,1.0
3320,825,1.0
3320,3128,1.0
3320,3193,1.0
3320,4088,1.0
3320,3897,1.0
3321,441,1.0
3321,506,1.0
3321,761,1.0
3321,570,1.0
3321,3513,1.0
3321,3578,1.0
3321,3833,1.0
3321,3642,1.0
3322,1210,1.0
3322,1275,1.0
3322,1914,1.0
3322,1979,1.0
3322,2234,1.0
3322,2299,1.0
3322,2938,1.0
3322,3003,1.0
3323,1339,1.0
3323,1404,1.0
3323,1659,1.0
3323,1724,1.0
3323,2363,1.0
3323,2428,1.0
3323,2683,1.0
3323,2748,1.0
3324,60,1.0
3324,125,1.0
3324,1020,1.0
3324,829,1.0
3324,3132,1.0
3324,3197,1.0
3324,4092,1.0
3324,3901,1.0
3325,445,1.0
3325,510,1.0
3325,765,1.0
3325,574,1.0
3325,3517,1.0
3325,3582,1.0
3325,3837,1.0
3325,3646,1.0
3326,1214,1.0
3326,1279,1.0
3326,1918,1.0
3326,1983,1.0
3326,2238,1.0
3326,2303,1.0
3326,2942,1.0
3326,3007,1.0
3327,1343,1.0
3327,1344,1.0
3327,1663,1.0
3327,1664,1.0
3327,2367,1.0
3327,2368,1.0
3327,2687,1.0
3327,2688,1.0
3328,0,1.0
3328,65,1.0
3328,960,1.0
3328,769,1.0
3328,3072,1.0
3328,3137,1.0
3328,4032,1.0
3328,3841,1.0
3329,385,1.0
3329,450,1.0
3329,705,1.0
3329,514,1.0
3329,3457,1.0
3329,3522,1.0
3329,3777,1.0
3329,3586,1.0
3330,1154,1.0
3330,1219,1.0
3330,1858,1.0
3330,1923,1.0
3330,2178,1.0
3330,2243,1.0
3330,2882,1.0
3330,2947,1.0
3331,1283,1.0
3331,1348,1.0
3331,1603,1.0
3331,1668,1.0
3331,2307,1.0
3331,2372,1.0
3331,2627,1.0
3331,2692,1.0
3332,4,1.0
3332,69,1.0
3332,964,1.0
3332,773,1.0
3332,3076,1.0
3332,3141,1.0
3332,4036,1.0
3332,3845,1.0
3333,389,1.0
3333,454,1.0
3333,709,1.0
3333,518,1.0
3333,3461,1.0
3333,3526,1.0
3333,3781,1.0
3333,3590,1.0
3334,1158,1.0
3334,1223,1.0
3334,1862,1.0
3334,1927,1.0
3334,2182,1.0
3334,2247,1.0
3334,2886,1.0
3334,2951,1.0
3335,1287,1.0
3335,1352,1.0
3335,1607,1.0
3335,1672,1.0
3335,2311,1.0
3335,2376,1.0
3335,2631,1.0
3335,2696,1.0
3336,8,1.0
3336,73,1.0
3336,968,1.0
3336,777,1.0
3336,3080,1.0
3336,3145,1.0
3336,4040,1.0
3336,3849,1.0
3337,393,1.0
3337,458,1.0
3337,713,1.0
3337,522,1.0
3337,3465,1.0
3337,3530,1.0
3337,3785,1.0
3337,3594,1.0
3338,1162,1.0
3338,1227,1.0
3338,1866,1.0
3338,1931,1.0
3338,2186,1.0
3338,2251,1.0
3338,2890,1.0
3338,2955,1.0
3339,1291,1.0
3339,1356,1.0
3339,1611,1.0
3339,1676,1.0
3339,2315,1.0
3339,2380,1.0
3339,2635,1.0
3339,2700,1.0
3340,12,1.0
3340,77,1.0
3340,972,1.0
3340,781,1.0
3340,3084,1.0
3340,3149,1.0
3340,4044,1.0
3340,3853,1.0
3341,397,1.0
3341,462,1.0
3341,717,1.0
3341,526,1.0
3341,3469,1.0
3341,3534,1.0
3341,3789,1.0
3341,3598,1.0
3342,1166,1.0
3342,1231,1.0
3342,1870,1.0
3342,1935,1.0
3342,2190,1.0
3342,2255,1.0
3342,2894,1.0
3342,2959,1.0
3343,1295,1.0
3343,1360,1.0
3343,1615,1.0
3343,1680,1.0
3343,2319,1.0
3343,2384,1.0
3343,2639,1.0
3343,2704,1.0
3344,16,1.0
3344,81,1.0
3344,976,1.0
3344,785,1.0
3344,3088,1.0
3344,3153,1.0
3344,4048,1.0
3344,3857,1.0
3345,401,1.0
3345,466,1.0
3345,721,1.0
3345,530,1.0
3345,3473,1.0
3345,3538,1.0
3345,3793,1.0
3345,3602,1.0
3346,1170,1.0
3346,1235,1.0
3346,1874,1.0
3346,1939,1.0
3346,2194,1.0
3346,2259,1.0
3346,2898,1.0
3346,2963,1.0
3347,1299,1.0
3347,1364,1.0
3347,1619,1.0
3347,1684,1.0
3347,2323,1.0
3347,2388,1.0
3347,2643,1.0
3347,2708,1.0
3348,20,1.0
3348,85,1.0
3348,980,1.0
3348,789,1.0
3348,3092,1.0
3348,3157,1.0
3348,4052,1.0
3348,3861,1.0
3349,405,1.0
3349,470,1.0
3349,725,1.0
3349,534,1.0
3349,3477,1.0
3349,3542,1.0
3349,3797,1.0
3349,3606,1.0
3350,1174,1.0
3350,1239,1.0
3350,1878,1.0
3350,1943,1.0
3350,2198,1.0
3350,2263,1.0
3350,2902,1.0
3350,2967,1.0
3351,1303,1.0
3351,1368,1.0
3351,1623,1.0
3351,1688,1.0
3351,2327,1.0
3351,2392,1.0
3351,2647,1.0
3351,2712,1.0
3352,24,1.0
3352,89,1.0
3352,984,1.0
3352,793,1.0
3352,3096,1.0
3352,3161,1.0
3352,4056,1.0
3352,3865,1.0
3353,409,1.0
3353,474,1.0
3353,729,1.0
3353,538,1.0
3353,3481,1.0
3353,3546,1.0
3353,3801,1.0
3353,3610,1.0
3354,1178,1.0
3354,1243,1.0
3354,1882,1.0
3354,1947,1.0
3354,2202,1.0
3354,2267,1.0
3354,2906,1.0
3354,2971,1.0
3355,1307,1.0
3355,1372,1.0
3355,1627,1.0
3355,1692,1.0
3355,2331,1.0
3355,2396,1.0
3355,2651,1.0
3355,2716,1.0
3356,28,1.0
3356,93,1.0
3356,988,1.0
3356,797,1.0
3356,3100,1.0
3356,3165,1.0
3356,4060,1.0
3356,3869,1.0
3357,413,1.0
3357,478,1.0
3357,733,1.0
3357,542,1.0
3357,3485,1.0
3357,3550,1.0
3357,3805,1.0
3357,3614,1.0
3358,1182,1.0
3358,1247,1.0
3358,1886,1.0
3358,1951,1.0
3358,2206,1.0
3358,2271,1.0
3358,2910,1.0
3358,2975,1.0
3359,1311,1.0
3359,1376,1.0
3359,1631,1.0
3359,1696,1.0
3359,2335,1.0
3359,2400,1.0
3359,2655,1.0
3359,2720,1.0
3360,32,1.0
3360,97,1.0
3360,992,1.0
3360,801,1.0
3360,3104,1.0
3360,3169,1.0
3360,4064,1.0
3360,3873,1.0
3361,417,1.0
3361,482,1.0
3361,737,1.0
3361,546,1.0
3361,3489,1.0
3361,3554,1.0
3361,3809,1.0
3361,3618,1.0
3362,1186,1.0
3362,1251,1.0
3362,1890,1.0
3362,1955,1.0
3362,2210,1.0
3362,2275,1.0
3362,2914,1.0
3362,2979,1.0
3363,1315,1.0
3363,1380,1.0
3363,1635,1.0
3363,1700,1.0
3363,2339,1.0
3363,2404,1.0
3363,2659,1.0
3363,2724,1.0
3364,36,1.0
3364,101,1.0
3364,996,1.0
3364,805,1.0
3364,3108,1.0
3364,3173,1.0
3364,4068,1.0
3364,3877,1.0
3365,421,1.0
3365,486,1.0
3365,741,1.0
3365,550,1.0
3365,3493,1.0
3365,3558,1.0
3365,3813,1.0
3365,3622,1.0
3366,1190,1.0
3366,1255,1.0
3366,1894,1.0
3366,1959,1.0
3366,2214,1.0
3366,2279,1.0
3366,2918,1.0
3366,2983,1.0
3367,1319,1.0
3367,1384,1.0
3367,1639,1.0
3367,1704,1.0
3367,2343,1.0
3367,2408,1.0
3367,2663,1.0
3367,2728,1.0
3368,40,1.0
3368,105,1.0
3368,1000,1.0
3368,809,1.0
3368,3112,1.0
3368,3177,1.0
3368,4072,1.0
3368,3881,1.0
3369,425,1.0
3369,490,1.0
3369,745,1.0
3369,554,1.0
3369,3497,1.0
3369,3562,1.0
3369,3817,1.0
3369,3626,1.0
3370,1194,1.0
3370,1259,1.0
3370,1898,1.0
3370,1963,1.0
3370,2218,1.0
3370,2283,1.0
3370,2922,1.0
3370,2987,1.0
3371,1323,1.0
3371,1388,1.0
3371,1643,1.0
3371,1708,1.0
3371,2347,1.0
3371,2412,1.0
3371,2667,1.0
3371,2732,1.0
3372,44,1.0
3372,109,1.0
3372,1004,1.0
3372,813,1.0
3372,3116,1.0
3372,3181,1.0
3372,4076,1.0
3372,3885,1.0
3373,429,1.0
3373,494,1.0
3373,749,1.0
3373,558,1.0
3373,3501,1.0
3373,3566,1.0
3373,3821,1.0
3373,3630,1.0
3374,1198,1.0
3374,1263,1.0
3374,1902,1.0
3374,1967,1.0
3374,2222,1.0
3374,2287,1.0
3374,2926,1.0
3374,2991,1.0
3375,1327,1.0
3375,1392,1.0
3375,1647,1.0
3375,1712,1.0
3375,2351,1.0
3375,2416,1.0
3375,2671,1.0
3375,2736,1.0
3376,48,1.0
3376,113,1.0
3376,1008,1.0
3376,817,1.0
3376,3120,1.0
3376,3185,1.0
3376,4080,1.0
3376,3889,1.0
3377,433,1.0
3377,498,1.0
3377,753,1.0
3377,562,1.0
3377,3505,1.0
3377,3570,1.0
3377,3825,1.0
3377,3634,1.0
3378,1202,1.0
3378,1267,1.0
3378,1906,1.0
3378,1971,1.0
3378,2226,1.0
3378,2291,1.0
3378,2930,1.0
3378,2995,1.0
3379,1331,1.0
3379,1396,1.0
3379,1651,1.0
3379,1716,1.0
3379,2355,1.0
3379,2420,1.0
3379,2675,1.0
3379,2740,1.0
3380,52,1.0
3380,117,1.0
3380,1012,1.0
3380,821,1.0
3380,3124,1.0
3380,3189,1.0
3380,4084,1.0
3380,3893,1.0
3381,437,1.0
3381,502,1.0
3381,757,1.0
3381,566,1.0
3381,3509,1.0
3381,3574,1.0
3381,3829,1.0
3381,3638,1.0
3382,1206,1.0
3382,1271,1.0
3382,1910,1.0
3382,1975,1.0
3382,2230,1.0
3382,2295,1.0
3382,2934,1.0
3382,2999,1.0
3383,1335,1.0
3383,1400,1.0
3383,1655,1.0
3383,1720,1.0
3383,2359,1.0
3383,2424,1.0
3383,2679,1.0
3383,2744,1.0
3384,56,1.0
3384,121,1.0
3384,1016,1.0
3384,825,1.0
3384,3128,1.0
3384,3193,1.0
3384,4088,1.0
3384,3897,1.0
3385,441,1.0
3385,506,1.0
3385,761,1.0
3385,570,1.0
3385,3513,1.0
3385,3578,1.0
3385,3833,1.0
3385,3642,1.0
3386,1210,1.0
3386,1275,1.0
3386,1914,1.0
3386,1979,1.0
3386,2234,1.0
3386,2299,1.0
3386,2938,1.0
3386,3003,1.0
3387,1339,1.0
3387,1404,1.0
3387,1659,1.0
3387,1724,1.0
3387,2363,1.0
3387,2428,1.0
3387,2683,1.0
3387,2748,1.0
3388,60,1.0
3388,125,1.0
3388,1020,1.0
3388,829,1.0
3388,3132,1.0
3388,3197,1.0
3388,4092,1.0
3388,3901,1.0
3389,445,1.0
3389,510,1.0
3389,765,1.0
3389,574,1.0
3389,3517,1.0
3389,3582,1.0
3389,3837,1.0
3389,3646,1.0
3390,1214,1.0
3390,1279,1.0
3390,1918,1.0
3390,1983,1.0
3390,2238,1.0
3390,2303,1.0
3390,2942,1.0
3390,3007,1.0
3391,1343,1.0
3391,1344,1.0
3391,1663,1.0
3391,1664,1.0
3391,2367,1.0
3391,2368,1.0
3391,2687,1.0
3391,2688,1.0
3392,0,1.0
3392,65,1.0
3392,960,1.0
3392,769,1.0
3392,3072,1.0
3392,3137,1.0
3392,4032,1.0
3392,3841,1.0
3393,385,1.0
3393,450,1.0
3393,705,1.0
3393,514,1.0
3393,3457,1.0
3393,3522,1.0
3393,3777,1.0
3393,3586,1.0
3394,1154,1.0
3394,1219,1.0
3394,1858,1.0
3394,1923,1.0
3394,2178,1.0
3394,2243,1.0
3394,2882,1.0
3394,2947,1.0
3395,1283,1.0
3395,1348,1.0
3395,1603,1.0
3395,1668,1.0
3395,2307,1.0
3395,2372,1.0
3395,2627,1.0
3395,2692,1.0
3396,4,1.0
3396,69,1.0
3396,964,1.0
3396,773,1.0
3396,3076,1.0
3396,3141,1.0
3396,4036,1.0
3396,3845,1.0
3397,389,1.0
3397,454,1.0
3397,709,1.0
3397,518,1.0
3397,3461,1.0
3397,3526,1.0
3397,3781,1.0
3397,3590,1.0
3398,1158,1.0
3398,1223,1.0
3398,1862,1.0
3398,1927,1.0
3398,2182,1.0
3398,2247,1.0
3398,2886,1.0
3398,2951,1.0
3399,1287,1.0
3399,1352,1.0
3399,1607,1.0
3399,1672,1.0
3399,2311,1.0
3399,2376,1.0
3399,2631,1.0
3399,2696,1.0
3400,8,1.0
3400,73,1.0
3400,968,1.0
3400,777,1.0
3400,3080,1.0
3400,3145,1.0
3400,4040,1.0
3400,3849,1.0
3401,393,1.0
3401,458,1.0
3401,713,1.0
3401,522,1.0
3401,3465,1.0
3401,3530,1.0
3401,3785,1.0
3401,3594,1.0
3402,1162,1.0
3402,1227,1.0
3402,1866,1.0
3402,1931,1.0
3402,2186,1.0
3402,2251,1.0
3402,2890,1.0
3402,2955,1.0
3403,1291,1.0
3403,1356,1.0
3403,1611,1.0
3403,1676,1.0
3403,2315,1.0
3403,2380,1.0
3403,2635,1.0
3403,2700,1.0
3404,12,1.0
3404,77,1.0
3404,972,1.0
3404,781,1.0
3404,3084,1.0
3404,3149,1.0
3404,4044,1.0
3404,3853,1.0
3405,397,1.0
3405,462,1.0
3405,717,1.0
3405,526,1.0
3405,3469,1.0
3405,3534,1.0
3405,3789,1.0
3405,3598,1.0
3406,1166,1.0
3406,1231,1.0
3406,1870,1.0
3406,1935,1.0
3406,2190,1.0
3406,2255,1.0
3406,2894,1.0
3406,2959,1.0
3407,1295,1.0
3407,1360,1.0
3407,1615,1.0
3407,1680,1.0
3407,2319,1.0
3407,2384,1.0
3407,2639,1.0
3407,2704,1.0
3408,16,1.0
3408,81,1.0
3408,976,1.0
3408,785,1.0
3408,3088,1.0
3408,3153,1.0
3408,4048,1.0
3408,3857,1.0
3409,401,1.0
3409,466,1.0
3409,721,1.0
3409,530,1.0
3409,3473,1.0
3409,3538,1.0
3409,3793,1.0
3409,3602,1.0
3410,1170,1.0
3410,1235,1.0
3410,1874,1.0
3410,1939,1.0
3410,2194,1.0
3410,2259,1.0
3410,2898,1.0
3410,2963,1.0
3411,1299,1.0
3411,1364,1.0
3411,1619,1.0
3411,1684,1.0
3411,2323,1.0
3411,2388,1.0
3411,2643,1.0
3411,2708,1.0
3412,20,1.0
3412,85,1.0
3412,980,1.0
3412,789,1.0
3412,3092,1.0
3412,3157,1.0
3412,4052,1.0
3412,3861,1.0
3413,405,1.0
3413,470,1.0
3413,725,1.0
3413,534,1.0
3413,3477,1.0
3413,3542,1.0
3413,3797,1.0
3413,3606,1.0
3414,1174,1.0
3414,1239,1.0
3414,1878,1.0
3414,1943,1.0
3414,2198,1.0
3414,2263,1.0
3414,2902,1.0
3414,2967,1.0
3415,1303,1.0
3415,1368,1.0
3415,1623,1.0
3415,1688,1.0
3415,2327,1.0
3415,2392,1.0
3415,2647,1.0
3415,2712,1.0
3416,24,1.0
3416,89,1.0
3416,984,1.0
3416,793,1.0
3416,3096,1.0
3416,3161,1.0
3416,4056,1.0
3416,3865,1.0
3417,409,1.0
3417,474,1.0
3417,729,1.0
3417,538,1.0
3417,3481,1.0
3417,3546,1.0
3417,3801,1.0
3417,3610,1.0
3418,1178,1.0
3418,1243,1.0
3418,1882,1.0
3418,1947,1.0
3418,2202,1.0
3418,2267,1.0
3418,2906,1.0
3418,2971,1.0
3419,1307,1.0
3419,1372,1.0
3419,1627,1.0
3419,1692,1.0
3419,2331,1.0
3419,2396,1.0
3419,2651,1.0
3419,2716,1.0
3420,28,1.0
3420,93,1.0
3420,988,1.0
3420,797,1.0
3420,3100,1.0
3420,3165,1.0
3420,4060,1.0
3420,3869,1.0
3421,413,1.0
3421,478,1.0
3421,733,1.0
3421,542,1.0
3421,3485,1.0
3421,3550,1.0
3421,3805,1.0
3421,3614,1.0
3422,1182,1.0
3422,1247,1.0
3422,1886,1.0
3422,1951,1.0
3422,2206,1.0
3422,2271,1.0
3422,2910,1.0
3422,2975,1.0
3423,1311,1.0
3423,1376,1.0
3423,1631,1.0
3423,1696,1.0
3423,2335,1.0
3423,2400,1.0
3423,2655,1.0
3423,2720,1.0
3424,32,1.0
3424,97,1.0
3424,992,1.0
3424,801,1.0
3424,3104,1.0
3424,3169,1.0
3424,4064,1.0
3424,3873,1.0
3425,417,1.0
3425,482,1.0
3425,737,1.0
3425,546,1.0
3425,3489,1.0
3425,3554,1.0
3425,3809,1.0
3425,3618,1.0
3426,1186,1.0
3426,1251,1.0
3426,1890,1.0
3426,1955,1.0
3426,2210,1.0
3426,2275,1.0
3426,2914,1.0
3426,2979,1.0
3427,1315,1.0
3427,1380,1.0
3427,1635,1.0
3427,1700,1.0
3427,2339,1.0
3427,2404,1.0
3427,2659,1.0
3427,2724,1.0
3428,36,1.0
3428,101,1.0
3428,996,1.0
3428,805,1.0
3428,3108,1.0
3428,3173,1.0
3428,4068,1.0
3428,3877,1.0
3429,421,1.0
3429,486,1.0
3429,741,1.0
3429,550,1.0
3429,3493,1.0
3429,3558,1.0
3429,3813,1.0
3429,3622,1.0
3430,1190,1.0
3430,1255,1.0
3430,1894,1.0
3430,1959,1.0
3430,2214,1.0
3430,2279,1.0
3430,2918,1.0
3430,2983,1.0
3431,1319,1.0
3431,1384,1.0
3431,1639,1.0
3431,1704,1.0
3431,2343,1.0
3431,2408,1.0
3431,2663,1.0
3431,2728,1.0
3432,40,1.0
3432,105,1.0
3432,1000,1.0
3432,809,1.0
3432,3112,1.0
3432,3177,1.0
3432,4072,1.0
3432,3881,1.0
3433,425,1.0
3433,490,1.0
3433,745,1.0
3433,554,1.0
3433,3497,1.0
3433,3562,1.0
3433,3817,1.0
3433,3626,1.0
3434,1194,1.0
3434,1259,1.0
3434,1898,1.0
3434,1963,1.0
3434,2218,1.0
3434,2283,1.0
3434,2922,1.0
3434,2987,1.0
3435,1323,1.0
3435,1388,1.0
3435,1643,1.0
3435,1708,1.0
3435,2347,1.0
3435,2412,1.0
3435,2667,1.0
3435,2732,1.0
3436,44,1.0
3436,109,1.0
3436,1004,1.0
3436,813,1.0
3436,3116,1.0
3436,3181,1.0
3436,4076,1.0
3436,3885,1.0
3437,429,1.0
3437,494,1.0
3437,749,1.0
3437,558,1.0
3437,3501,1.0
3437,3566,1.0
3437,3821,1.0
3437,3630,1.0
3438,1198,1.0
3438,1263,1.0
3438,1902,1.0
3438,1967,1.0
3438,2222,1.0
3438,2287,1.0
3438,2926,1.0
3438,2991,1.0
3439,1327,1.0
3439,1392,1.0
3439,1647,1.0
3439,1712,1.0
3439,2351,1.0
3439,2416,1.0
3439,2671,1.0
3439,2736,1.0
3440,48,1.0
3440,113,1.0
3440,1008,1.0
3440,817,1.0
3440,3120,1.0
3440,3185,1.0
3440,4080,1.0
3440,3889,1.0
3441,433,1.0
3441,498,1.0
3441,753,1.0
3441,562,1.0
3441,3505,1.0
3441,3570,1.0
3441,3825,1.0
3441,3634,1.0
3442,1202,1.0
3442,1267,1.0
3442,1906,1.0
3442,1971,1.0
3442,2226,1.0
3442,2291,1.0
3442,2930,1.0
3442,2995,1.0
3443,1331,1.0
3443,1396,1.0
3443,1651,1.0
3443,1716,1.0
3443,2355,1.0
3443,2420,1.0
3443,2675,1.0
3443,2740,1.0
3444,52,1.0
3444,117,1.0
3444,1012,1.0
3444,821,1.0
3444,3124,1.0
3444,3189,1.0
3444,4084,1.0
3444,3893,1.0
3445,437,1.0
3445,502,1.0
3445,757,1.0
3445,566,1.0
3445,3509,1.0
3445,3574,1.0
3445,3829,1.0
3445,3638,1.0
3446,1206,1.0
3446,1271,1.0
3446,1910,1.0
3446,1975,1.0
3446,2230,1.0
3446,2295,1.0
3446,2934,1.0
3446,2999,1.0
3447,1335,1.0
3447,1400,1.0
3447,1655,1.0
3447,1720,1.0
3447,2359,1.0
3447,2424,1.0
3447,2679,1.0
3447,2744,1.0
3448,56,1.0
3448,121,1.0
3448,1016,1.0
3448,825,1.0
3448,3128,1.0
3448,3193,1.0
3448,4088,1.0
3448,3897,1.0
3449,441,1.0
3449,506,1.0
3449,761,1.0
3449,570,1.0
3449,3513,1.0
3449,3578,1.0
3449,3833,1.0
3449,3642,1.0
3450,1210,1.0
3450,1275,1.0
3450,1914,1.0
3450,1979,1.0
3450,2234,1.0
3450,2299,1.0
3450,2938,1.0
3450,3003,1.0
3451,1339,1.0
3451,1404,1.0
3451,1659,1.0
3451,1724,1.0
3451,2363,1.0
3451,2428,1.0
3451,2683,1.0
3451,2748,1.0
3452,60,1.0
3452,125,1.0
3452,1020,1.0
3452,829,1.0
3452,3132,1.0
3452,3197,1.0
3452,4092,1.0
3452,3901,1.0
3453,445,1.0
3453,510,1.0
3453,765,1.0
3453,574,1.0
3453,3517,1.0
3453,3582,1.0
3453,3837,1.0
3453,3646,1.0
3454,1214,1.0
3454,1279,1.0
3454,1918,1.0
3454,1983,1.0
3454,2238,1.0
3454,2303,1.0
3454,2942,1.0
3454,3007,1.0
3455,1343,1.0
3455,1344,1.0
3455,1663,1.0
3455,1664,1.0
3455,2367,1.0
3455,2368,1.0
3455,2687,1.0
3455,2688,1.0
3456,0,1.0
3456,65,1.0
3456,960,1.0
3456,769,1.0
3456,3072,1.0
3456,3137,1.0
3456,4032,1.0
3456,3841,1.0
3457,385,1.0
3457,450,1.0
3457,705,1.0
3457,514,1.0
3457,3457,1.0
3457,3522,1.0
3457,3777,1.0
3457,3586,1.0
3458,1154,1.0
3458,1219,1.0
3458,1858,1.0
3458,1923,1.0
3458,2178,1.0
3458,2243,1.0
3458,2882,1.0
3458,2947,1.0
3459,1283,1.0
3459,1348,1.0
3459,1603,1.0
3459,1668,1.0
3459,2307,1.0
3459,2372,1.0
3459,2627,1.0
3459,2692,1.0
3460,4,1.0
3460,69,1.0
3460,964,1.0
3460,773,1.0
3460,3076,1.0
3460,3141,1.0
3460,4036,1.0
3460,3845,1.0
3461,389,1.0
3461,454,1.0
3461,709,1.0
3461,518,1.0
3461,3461,1.0
3461,3526,1.0
3461,3781,1.0
3461,3590,1.0
3462,1158,1.0
3462,1223,1.0
3462,1862,1.0
3462,1927,1.0
3462,2182,1.0
3462,2247,1.0
3462,2886,1.0
3462,2951,1.0
3463,1287,1.0
3463,1352,1.0
3463,1607,1.0
3463,1672,1.0
3463,2311,1.0
3463,2376,1.0
3463,2631,1.0
3463,2696,1.0
3464,8,1.0
3464,73,1.0
3464,968,1.0
3464,777,1.0
3464,3080,1.0
3464,3145,1.0
3464,4040,1.0
3464,3849,1.0
3465,393,1.0
3465,458,1.0
3465,713,1.0
3465,522,1.0
3465,3465,1.0
3465,3530,1.0
3465,3785,1.0
3465,3594,1.0
3466,1162,1.0
3466,1227,1.0
3466,1866,1.0
3466,1931,1.0
3466,2186,1.0
3466,2251,1.0
3466,2890,1.0
3466,2955,1.0
3467,1291,1.0
3467,1356,1.0
3467,1611,1.0
3467,1676,1.0
3467,2315,1.0
3467,2380,1.0
3467,2635,1.0
3467,2700,1.0
3468,12,1.0
3468,77,1.0
3468,972,1.0
3468,781,1.0
3468,3084,1.0
3468,3149,1.0
3468,4044,1.0
3468,3853,1.0
3469,397,1.0
3469,462,1.0
3469,717,1.0
3469,526,1.0
3469,3469,1.0
3469,3534,1.0
3469,3789,1.0
3469,3598,1.0
3470,1166,1.0
3470,1231,1.0
3470,1870,1.0
3470,1935,1.0
3470,2190,1.0
3470,2255,1.0
3470,2894,1.0
3470,2959,1.0
3471,1295,1.0
3471,1360,1.0
3471,1615,1.0
3471,1680,1.0
3471,2319,1.0
3471,2384,1.0
3471,2639,1.0
3471,2704,1.0
3472,16,1.0
3472,81,1.0
3472,976,1.0
3472,785,1.0
3472,3088,1.0
3472,3153,1.0
3472,4048,1.0
3472,3857,1.0
3473,401,1.0
3473,466,1.0
3473,721,1.0
3473,530,1.0
3473,3473,1.0
3473,3538,1.0
3473,3793,1.0
3473,3602,1.0
3474,1170,1.0
3474,1235,1.0
3474,1874,1.0
3474,1939,1.0
3474,2194,1.0
3474,2259,1.0
3474,2898,1.0
3474,2963,1.0
3475,1299,1.0
3475,1364,1.0
3475,1619,1.0
3475,1684,1.0
3475,2323,1.0
3475,2388,1.0
3475,2643,1.0
3475,2708,1.0
3476,20,1.0
3476,85,1.0
3476,980,1.0
3476,789,1.0
3476,3092,1.0
3476,3157,1.0
3476,4052,1.0
3476,3861,1.0
3477,405,1.0
3477,470,1.0
3477,725,1.0
3477,534,1.0
3477,3477,1.0
3477,3542,1.0
3477,3797,1.0
3477,3606,1.0
3478,1174,1.0
3478,1239,1.0
3478,1878,1.0
3478,1943,1.0
3478,2198,1.0
3478,2263,1.0
3478,2902,1.0
3478,2967,1.0
3479,1303,1.0
3479,1368,1.0
3479,1623,1.0
3479,1688,1.0
3479,2327,1.0
3479,2392,1.0
3479,2647,1.0
3479,2712,1.0
3480,24,1.0
3480,89,1.0
3480,984,1.0
3480,793,1.0
3480,3096,1.0
3480,3161,1.0
3480,4056,1.0
3480,3865,1.0
3481,409,1.0
3481,474,1.0
3481,729,1.0
3481,538,1.0
3481,3481,1.0
3481,3546,1.0
3481,3801,1.0
3481,3610,1.0
3482,1178,1.0
3482,1243,1.0
3482,1882,1.0
3482,1947,1.0
3482,2202,1.0
3482,2267,1.0
3482,2906,1.0
3482,2971,1.0
3483,1307,1.0
3483,1372,1.0
3483,1627,1.0
3483,1692,1.0
3483,2331,1.0
3483,2396,1.0
3483,2651,1.0
3483,2716,1.0
3484,28,1.0
3484,93,1.0
3484,988,1.0
3484,797,1.0
3484,3100,1.0
3484,3165,1.0
3484,4060,1.0
3484,3869,1.0
3485,413,1.0
3485,478,1.0
3485,733,1.0
3485,542,1.0
3485,3485,1.0
3485,3550,1.0
3485,3805,1.0
3485,3614,1.0
3486,1182,1.0
3486,1247,1.0
3486,1886,1.0
3486,1951,1.0
3486,2206,1.0
3486,2271,1.0
3486,2910,1.0
3486,2975,1.0
3487,1311,1.0
3487,1376,1.0
3487,1631,1.0
3487,1696,1.0
3487,2335,1.0
3487,2400,1.0
3487,2655,1.0
3487,2720,1.0
3488,32,1.0
3488,97,1.0
3488,992,1.0
3488,801,1.0
3488,3104,1.0
3488,3169,1.0
3488,4064,1.0
3488,3873,1.0
3489,417,1.0
3489,482,1.0
3489,737,1.0
3489,546,1.0
3489,3489,1.0
3489,3554,1.0
3489,3809,1.0
3489,3618,1.0
3490,1186,1.0
3490,1251,1.0
3490,1890,1.0
3490,1955,1.0
3490,2210,1.0
3490,2275,1.0
3490,2914,1.0
3490,2979,1.0
3491,1315,1.0
3491,1380,1.0
3491,1635,1.0
3491,1700,1.0
3491,2339,1.0
3491,2404,1.0
3491,2659,1.0
3491,2724,1.0
3492,36,1.0
3492,101,1.0
3492,996,1.0
3492,805,1.0
3492,3108,1.0
3492,3173,1.0
3492,4068,1.0
3492,3877,1.0
3493,421,1.0
3493,486,1.0
3493,741,1.0
3493,550,1.0
3493,3493,1.0
3493,3558,1.0
3493,3813,1.0
3493,3622,1.0
3494,1190,1.0
3494,1255,1.0
3494,1894,1.0
3494,1959,1.0
3494,2214,1.0
3494,2279,1.0
3494,2918,1.0
3494,2983,1.0
3495,1319,1.0
3495,1384,1.0
3495,1639,1.0
3495,1704,1.0
3495,2343,1.0
3495,2408,1.0
3495,2663,1.0
3495,2728,1.0
3496,40,1.0
3496,105,1.0
3496,1000,1.0
3496,809,1.0
3496,3112,1.0
3496,3177,1.0
3496,4072,1.0
3496,3881,1.0
3497,425,1.0
3497,490,1.0
3497,745,1.0
3497,554,1.0
3497,3497,1.0
3497,3562,1.0
3497,3817,1.0
3497,3626,1.0
3498,1194,1.0
3498,1259,1.0
3498,1898,1.0
3498,1963,1.0
3498,2218,1.0
3498,2283,1.0
3498,2922,1.0
3498,2987,1.0
3499,1323,1.0
3499,1388,1.0
3499,1643,1.0
3499,1708,1.0
3499,2347,1.0
3499,2412,1.0
3499,2667,1.0
3499,2732,1.0
3500,44,1.0
3500,109,1.0
3500,1004,1.0
3500,813,1.0
3500,3116,1.0
3500,3181,1.0
3500,4076,1.0
3500,3885,1.0
3501,429,1.0
3501,494,1.0
3501,749,1.0
3501,558,1.0
3501,3501,1.0
3501,3566,1.0
3501,3821,1.0
3501,3630,1.0
3502,1198,1.0
3502,1263,1.0
3502,1902,1.0
3502,1967,1.0
3502,2222,1.0
3502,2287,1.0
3502,2926,1.0
3502,2991,1.0
3503,1327,1.0
3503,1392,1.0
3503,1647,1.0
3503,1712,1.0
3503,2351,1.0
3503,2416,1.0
3503,2671,1.0
3503,2736,1.0
3504,48,1.0
3504,113,1.0
3504,1008,1.0
3504,817,1.0
3504,3120,1.0
3504,3185,1.0
3504,4080,1.0
3504,3889,1.0
3505,433,1.0
3505,498,1.0
3505,753,1.0
3505,562,1.0
3505,3505,1.0
3505,3570,1.0
3505,3825,1.0
3505,3634,1.0
3506,1202,1.0
3506,1267,1.0
3506,1906,1.0
3506,1971,1.0
3506,2226,1.0
3506,2291,1.0
3506,2930,1.0
3506,2995,1.0
3507,1331,1.0
3507,1396,1.0
3507,1651,1.0
3507,1716,1.0
3507,2355,1.0
3507,2420,1.0
3507,2675,1.0
3507,2740,1.0
3508,52,1.0
3508,117,1.0
3508,1012,1.0
3508,821,1.0
3508,3124,1.0
3508,3189,1.0
3508,4084,1.0
3508,3893,1.0
3509,437,1.0
3509,502,1.0
3509,757,1.0
3509,566,1.0
3509,3509,1.0
3509,3574,1.0
3509,3829,1.0
3509,3638,1.0
3510,1206,1.0
3510,1271,1.0
3510,1910,1.0
3510,1975,1.0
3510,2230,1.0
3510,2295,1.0
3510,2934,1.0
3510,2999,1.0
3511,1335,1.0
3511,1400,1.0
3511,1655,1.0
3511,1720,1.0
3511,2359,1.0
3511,2424,1.0
3511,2679,1.0
3511,2744,1.0
3512,56,1.0
3512,121,1.0
3512,1016,1.0
3512,825,1.0
3512,3128,1.0
3512,3193,1.0
3512,4088,1.0
3512,3897,1.0
3513,441,1.0
3513,506,1.0
3513,761,1.0
3513,570,1.0
3513,3513,1.0
3513,3578,1.0
3513,3833,1.0
3513,3642,1.0
3514,1210,1.0
3514,1275,1.0
3514,1914,1.0
3514,1979,1.0
3514,2234,1.0
3514,2299,1.0
3514,2938,1.0
3514,3003,1.0
3515,1339,1.0
3515,1404,1.0
3515,1659,1.0
3515,1724,1.0
3515,2363,1.0
3515,2428,1.0
3515,2683,1.0
3515,2748,1.0
3516,60,1.0
3516,125,1.0
3516,1020,1.0
3516,829,1.0
3516,3132,1.0
3516,3197,1.0
3516,4092,1.0
3516,3901,1.0
3517,445,1.0
3517,510,1.0
3517,765,1.0
3517,574,1.0
3517,3517,1.0
3517,3582,1.0
3517,3837,1.0
3517,3646,1.0
3518,1214,1.0
3518,1279,1.0
3518,1918,1.0
3518,1983,1.0
3518,2238,1.0
3518,2303,1.0
3518,2942,1.0
3518,3007,1.0
3519,1343,1.0
3519,1344,1.0
3519,1663,1.0
3519,1664,1.0
3519,2367,1.0
3519,2368,1.0
3519,2687,1.0
3519,2688,1.0
3520,0,1.0
3520,65,1.0
3520,960,1.0
3520,769,1.0
3520,3072,1.0
3520,3137,1.0
3520,4032,1.0
3520,3841,1.0
3521,385,1.0
3521,450,1.0
3521,705,1.0
3521,514,1.0
3521,3457,1.0
3521,3522,1.0
3521,3777,1.0
3521,3586,1.0
3522,1154,1.0
3522,1219,1.0
3522,1858,1.0
3522,1923,1.0
3522,2178,1.0
3522,2243,1.0
3522,2882,1.0
3522,2947,1.0
3523,1283,1.0
3523,1348,1.0
3523,1603,1.0
3523,1668,1.0
3523,2307,1.0
3523,2372,1.0
3523,2627,1.0
3523,2692,1.0
3524,4,1.0
3524,69,1.0
3524,964,1.0
3524,773,1.0
3524,3076,1.0
3524,3141,1.0
3524,4036,1.0
3524,3845,1.0
3525,389,1.0
3525,454,1.0
3525,709,1.0
3525,518,1.0
3525,3461,1.0
3525,3526,1.0
3525,3781,1.0
3525,3590,1.0
3526,1158,1.0
3526,1223,1.0
3526,1862,1.0
3526,1927,1.0
3526,2182,1.0
3526,2247,1.0
3526,2886,1.0
3526,2951,1.0
3527,1287,1.0
3527,1352,1.0
3527,1607,1.0
3527,1672,1.0
3527,2311,1.0
3527,2376,1.0
3527,2631,1.0
3527,2696,1.0
3528,8,1.0
3528,73,1.0
3528,968,1.0
3528,777,1.0
3528,3080,1.0
3528,3145,1.0
3528,4040,1.0
3528,3849,1.0
3529,393,1.0
3529,458,1.0
3529,713,1.0
3529,522,1.0
3529,3465,1.0
3529,3530,1.0
3529,3785,1.0
3529,3594,1.0
3530,1162,1.0
3530,1227,1.0
3530,1866,1.0
3530,1931,1.0
3530,2186,1.0
3530,2251,1.0
3530,2890,1.0
3530,2955,1.0
3531,1291,1.0
3531,1356,1.0
3531,1611,1.0
3531,1676,1.0
3531,2315,1.0
3531,2380,1.0
3531,2635,1.0
3531,2700,1.0
3532,12,1.0
3532,77,1.0
3532,972,1.0
3532,781,1.0
3532,3084,1.0
3532,3149,1.0
3532,4044,1.0
3532,3853,1.0
3533,397,1.0
3533,462,1.0
3533,717,1.0
3533,526,1.0
3533,3469,1.0
3533,3534,1.0
3533,3789,1.0
3533,3598,1.0
3534,1166,1.0
3534,1231,1.0
3534,1870,1.0
3534,1935,1.0
3534,2190,1.0
3534,2255,1.0
3534,2894,1.0
3534,2959,1.0
3535,1295,1.0
3535,1360,1.0
3535,1615,1.0
3535,1680,1.0
3535,2319,1.0
3535,2384,1.0
3535,2639,1.0
3535,2704,1.0
3536,16,1.0
3536,81,1.0
3536,976,1.0
3536,785,1.0
3536,3088,1.0
3536,3153,1.0
3536,4048,1.0
3536,3857,1.0
3537,401,1.0
3537,466,1.0
3537,721,1.0
3537,530,1.0
3537,3473,1.0
3537,3538,1.0
3537,3793,1.0
3537,3602,1.0
3538,1170,1.0
3538,1235,1.0
3538,1874,1.0
3538,1939,1.0
3538,2194,1.0
3538,2259,1.0
3538,2898,1.0
3538,2963,1.0
3539,1299,1.0
3539,1364,1.0
3539,1619,1.0
3539,1684,1.0
3539,2323,1.0
3539,2388,1.0
3539,2643,1.0
3539,2708,1.0
3540,20,1.0
3540,85,1.0
3540,980,1.0
3540,789,1.0
3540,3092,1.0
3540,3157,1.0
3540,4052,1.0
3540,3861,1.0
3541,405,1.0
3541,470,1.0
3541,725,1.0
3541,534,1.0
3541,3477,1.0
3541,3542,1.0
3541,3797,1.0
3541,3606,1.0
3542,1174,1.0
3542,1239,1.0
3542,1878,1.0
3542,1943,1.0
3542,2198,1.0
3542,2263,1.0
3542,2902,1.0
3542,2967,1.0
3543,1303,1.0
3543,1368,1.0
3543,1623,1.0
3543,1688,1.0
3543,2327,1.0
3543,2392,1.0
3543,2647,1.0
3543,2712,1.0
3544,24,1.0
3544,89,1.0
3544,984,1.0
3544,793,1.0
3544,3096,1.0
3544,3161,1.0
3544,4056,1.0
3544,3865,1.0
3545,409,1.0
3545,474,1.0
3545,729,1.0
3545,538,1.0
3545,3481,1.0
3545,3546,1.0
3545,3801,1.0
3545,3610,1.0
3546,1178,1.0
3546,1243,1.0
3546,1882,1.0
3546,1947,1.0
3546,2202,1.0
3546,2267,1.0
3546,2906,1.0
3546,2971,1.0
3547,1307,1.0
3547,1372,1.0
3547,1627,1.0
3547,1692,1.0
3547,2331,1.0
3547,2396,1.0
3547,2651,1.0
3547,2716,1.0
3548,28,1.0
3548,93,1.0
3548,988,1.0
3548,797,1.0
3548,3100,1.0
3548,3165,1.0
3548,4060,1.0
3548,3869,1.0
3549,413,1.0
3549,478,1.0
3549,733,1.0
3549,542,1.0
3549,3485,1.0
3549,3550,1.0
3549,3805,1.0
3549,3614,1.0
3550,1182,1.0
3550,1247,1.0
3550,1886,1.0
3550,1951,1.0
3550,2206,1.0
3550,2271,1.0
3550,2910,1.0
3550,2975,1.0
3551,1311,1.0
3551,1376,1.0
3551,1631,1.0
3551,1696,1.0
3551,2335,1.0
3551,2400,1.0
3551,2655,1.0
3551,2720,1.0
3552,32,1.0
3552,97,1.0
3552,992,1.0
3552,801,1.0
3552,3104,1.0
3552,3169,1.0
3552,4064,1.0
3552,3873,1.0
3553,417,1.0
3553,482,1.0
3553,737,1.0
3553,546,1.0
3553,3489,1.0
3553,3554,1.0
3553,3809,1.0
3553,3618,1.0
3554,1186,1.0
3554,1251,1.0
3554,1890,1.0
3554,1955,1.0
3554,2210,1.0
3554,2275,1.0
3554,2914,1.0
3554,2979,1.0
3555,1315,1.0
3555,1380,1.0
3555,1635,1.0
3555,1700,1.0
3555,2339,1.0
3555,2404,1.0
3555,2659,1.0
3555,2724,1.0
3556,36,1.0
3556,101,1.0
3556,996,1.0
3556,805,1.0
3556,3108,1.0
3556,3173,1.0
3556,4068,1.0
3556,3877,1.0
3557,421,1.0
3557,486,1.0
3557,741,1.0
3557,550,1.0
3557,3493,1.0
3557,3558,1.0
3557,3813,1.0
3557,3622,1.0
3558,1190,1.0
3558,1255,1.0
3558,1894,1.0
3558,1959,1.0
3558,2214,1.0
3558,2279,1.0
3558,2918,1.0
3558,2983,1.0
3559,1319,1.0
3559,1384,1.0
3559,1639,1.0
3559,1704,1.0
3559,2343,1.0
3559,2408,1.0
3559,2663,1.0
3559,2728,1.0
3560,40,1.0
3560,105,1.0
3560,1000,1.0
3560,809,1.0
3560,3112,1.0
3560,3177,1.0
3560,4072,1.0
3560,3881,1.0
3561,425,1.0
3561,490,1.0
3561,745,1.0
3561,554,1.0
3561,3497,1.0
3561,3562,1.0
3561,3817,1.0
3561,3626,1.0
3562,1194,1.0
3562,1259,1.0
3562,1898,1.0
3562,1963,1.0
3562,2218,1.0
3562,2283,1.0
3562,2922,1.0
3562,2987,1.0
3563,1323,1.0
3563,1388,1.0
3563,1643,1.0
3563,1708,1.0
3563,2347,1.0
3563,2412,1.0
3563,2667,1.0
3563,2732,1.0
3564,44,1.0
3564,109,1.0
3564,1004,1.0
3564,813,1.0
3564,3116,1.0
3564,3181,1.0
3564,4076,1.0
3564,3885,1.0
3565,429,1.0
3565,494,1.0
3565,749,1.0
3565,558,1.0
3565,3501,1.0
3565,3566,1.0
3565,3821,1.0
3565,3630,1.0
3566,1198,1.0
3566,1263,1.0
3566,1902,1.0
3566,1967,1.0
3566,2222,1.0
3566,2287,1.0
3566,2926,1.0
3566,2991,1.0
3567,1327,1.0
3567,1392,1.0
3567,1647,1.0
3567,1712,1.0
3567,2351,1.0
3567,2416,1.0
3567,2671,1.0
3567,2736,1.0
3568,48,1.0
3568,113,1.0
3568,1008,1.0
3568,817,1.0
3568,3120,1.0
3568,3185,1.0
3568,4080,1.0
3568,3889,1.0
3569,433,1.0
3569,498,1.0
3569,753,1.0
3569,562,1.0
3569,3505,1.0
3569,3570,1.0
3569,3825,1.0
3569,3634,1.0
3570,1202,1.0
3570,1267,1.0
3570,1906,1.0
3570,1971,1.0
3570,2226,1.0
3570,2291,1.0
3570,2930,1.0
3570,2995,1.0
3571,1331,1.0
3571,1396,1.0
3571,1651,1.0
3571,1716,1.0
3571,2355,1.0
3571,2420,1.0
3571,2675,1.0
3571,2740,1.0
3572,52,1.0
3572,117,1.0
3572,1012,1.0
3572,821,1.0
3572,3124,1.0
3572,3189,1.0
3572,4084,1.0
3572,3893,1.0
3573,437,1.0
3573,502,1.0
3573,757,1.0
3573,566,1.0
3573,3509,1.0
3573,3574,1.0
3573,3829,1.0
3573,3638,1.0
3574,1206,1.0
3574,1271,1.0
3574,1910,1.0
3574,1975,1.0
3574,2230,1.0
3574,2295,1.0
3574,2934,1.0
3574,2999,1.0
3575,1335,1.0
3575,1400,1.0
3575,1655,1.0
3575,1720,1.0
3575,2359,1.0
3575,2424,1.0
3575,2679,1.0
3575,2744,1.0
3576,56,1.0
3576,121,1.0
3576,1016,1.0
3576,825,1.0
3576,3128,1.0
3576,3193,1.0
3576,4088,1.0
3576,3897,1.0
3577,441,1.0
3577,506,1.0
3577,761,1.0
3577,570,1.0
3577,3513,1.0
3577,3578,1.0
3577,3833,1.0
3577,3642,1.0
3578,1210,1.0
3578,1275,1.0
3578,1914,1.0
3578,1979,1.0
3578,2234,1.0
3578,2299,1.0
3578,2938,1.0
3578,3003,1.0
3579,1339,1.0
3579,1404,1.0
3579,1659,1.0
3579,1724,1.0
3579,2363,1.0
3579,2428,1.0
3579,2683,1.0
3579,2748,1.0
3580,60,1.0
3580,125,1.0
3580,1020,1.0
3580,829,1.0
3580,3132,1.0
3580,3197,1.0
3580,4092,1.0
3580,3901,1.0
3581,445,1.0
3581,510,1.0
3581,765,1.0
3581,574,1.0
3581,3517,1.0
3581,3582,1.0
3581,3837,1.0
3581,3646,1.0
3582,1214,1.0
3582,1279,1.0
3582,1918,1.0
3582,1983,1.0
3582,2238,1.0
3582,2303,1.0
3582,2942,1.0
3582,3007,1.0
3583,1343,1.0
3583,1344,1.0
3583,1663,1.0
3583,1664,1.0
3583,2367,1.0
3583,2368,1.0
3583,2687,1.0
3583,2688,1.0
3584,0,1.0
3584,65,1.0
3584,960,1.0
3584,769,1.0
3584,3072,1.0
3584,3137,1.0
3584,4032,1.0
3584,3841,1.0
3585,385,1.0
3585,450,1.0
3585,705,1.0
3585,514,1.0
3585,3457,1.0
3585,3522,1.0
3585,3777,1.0
3585,3586,1.0
3586,1154,1.0
3586,1219,1.0
3586,1858,1.0
3586,1923,1.0
3586,2178,1.0
3586,2243,1.0
3586,2882,1.0
3586,2947,1.0
3587,1283,1.0
3587,1348,1.0
3587,1603,1.0
3587,1668,1.0
3587,2307,1.0
3587,2372,1.0
3587,2627,1.0
3587,2692,1.0
3588,4,1.0
3588,69,1.0
3588,964,1.0
3588,773,1.0
3588,3076,1.0
3588,3141,1.0
3588,4036,1.0
3588,3845,1.0
3589,389,1.0
3589,454,1.0
3589,709,1.0
3589,518,1.0
3589,3461,1.0
3589,3526,1.0
3589,3781,1.0
3589,3590,1.0
3590,1158,1.0
3590,1223,1.0
3590,1862,1.0
3590,1927,1.0
3590,2182,1.0
3590,2247,1.0
3590,2886,1.0
3590,2951,1.0
3591,1287,1.0
3591,1352,1.0
3591,1607,1.0
3591,1672,1.0
3591,2311,1.0
3591,2376,1.0
3591,2631,1.0
3591,2696,1.0
3592,8,1.0
3592,73,1.0
3592,968,1.0
3592,777,1.0
3592,3080,1.0
3592,3145,1.0
3592,4040,1.0
3592,3849,1.0
3593,393,1.0
3593,458,1.0
3593,713,1.0
3593,522,1.0
3593,3465,1.0
3593,3530,1.0
3593,3785,1.0
3593,3594,1.0
3594,1162,1.0
3594,1227,1.0
3594,1866,1.0
3594,1931,1.0
3594,2186,1.0
3594,2251,1.0
3594,2890,1.0
3594,2955,1.0
3595,1291,1.0
3595,1356,1.0
3595,1611,1.0
3595,1676,1.0
3595,2315,1.0
3595,2380,1.0
3595,2635,1.0
3595,2700,1.0
3596,12,1.0
3596,77,1.0
3596,972,1.0
3596,781,1.0
3596,3084,1.0
3596,3149,1.0
3596,4044,1.0
3596,3853,1.0
3597,397,1.0
3597,462,1.0
3597,717,1.0
3597,526,1.0
3597,3469,1.0
3597,3534,1.0
3597,3789,1.0
3597,3598,1.0
3598,1166,1.0
3598,1231,1.0
3598,1870,1.0
3598,1935,1.0
3598,2190,1.0
3598,2255,1.0
3598,2894,1.0
3598,2959,1.0
3599,1295,1.0
3599,1360,1.0
3599,1615,1.0
3599,1680,1.0
3599,2319,1.0
3599,2384,1.0
3599,2639,1.0
3599,2704,1.0
3600,16,1.0
3600,81,1.0
3600,976,1.0
3600,785,1.0
3600,3088,1.0
3600,3153,1.0
3600,4048,1.0
3600,3857,1.0
3601,401,1.0
3601,466,1.0
3601,721,1.0
3601,530,1.0
3601,3473,1.0
3601,3538,1.0
3601,3793,1.0
3601,3602,1.0
3602,1170,1.0
3602,1235,1.0
3602,1874,1.0
3602,1939,1.0
3602,2194,1.0
3602,2259,1.0
3602,2898,1.0
3602,2963,1.0
3603,1299,1.0
3603,1364,1.0
3603,1619,1.0
3603,1684,1.0
3603,2323,1.0
3603,2388,1.0
3603,2643,1.0
3603,2708,1.0
3604,20,1.0
3604,85,1.0
3604,980,1.0
3604,789,1.0
3604,3092,1.0
3604,3157,1.0
3604,4052,1.0
3604,3861,1.0
3605,405,1.0
3605,470,1.0
3605,725,1.0
3605,534,1.0
3605,3477,1.0
3605,3542,1.0
3605,3797,1.0
3605,3606,1.0
3606,1174,1.0
3606,1239,1.0
3606,1878,1.0
3606,1943,1.0
3606,2198,1.0
3606,2263,1.0
3606,2902,1.0
3606,2967,1.0
3607,1303,1.0
3607,1368,1.0
3607,1623,1.0
3607,1688,1.0
3607,2327,1.0
3607,2392,1.0
3607,2647,1.0
3607,2712,1.0
3608,24,1.0
3608,89,1.0
3608,984,1.0
3608,793,1.0
3608,3096,1.0
3608,3161,1.0
3608,4056,1.0
3608,3865,1.0
3609,409,1.0
3609,474,1.0
3609,729,1.0
3609,538,1.0
3609,3481,1.0
3609,3546,1.0
3609,3801,1.0
3609,3610,1.0
3610,1178,1.0
3610,1243,1.0
3610,1882,1.0
3610,1947,1.0
3610,2202,1.0
3610,2267,1.0
3610,2906,1.0
3610,2971,1.0
3611,1307,1.0
3611,1372,1.0
3611,1627,1.0
3611,1692,1.0
3611,2331,1.0
3611,2396,1.0
3611,2651,1.0
3611,2716,1.0
3612,28,1.0
3612,93,1.0
3612,988,1.0
3612,797,1.0
3612,3100,1.0
3612,3165,1.0
3612,4060,1.0
3612,3869,1.0
3613,413,1.0
3613,478,1.0
3613,733,1.0
3613,542,1.0
3613,3485,1.0
3613,3550,1.0
3613,3805,1.0
3613,3614,1.0
3614,1182,1.0
3614,1247,1.0
3614,1886,1.0
3614,1951,1.0
3614,2206,1.0
3614,2271,1.0
3614,2910,1.0
3614,2975,1.0
3615,1311,1.0
3615,1376,1.0
3615,1631,1.0
3615,1696,1.0
3615,2335,1.0
3615,2400,1.0
3615,2655,1.0
3615,2720,1.0
3616,32,1.0
3616,97,1.0
3616,992,1.0
3616,801,1.0
3616,3104,1.0
3616,3169,1.0
3616,4064,1.0
3616,3873,1.0
3617,417,1.0
3617,482,1.0
3617,737,1.0
3617,546,1.0
3617,3489,1.0
3617,3554,1.0
3617,3809,1.0
3617,3618,1.0
3618,1186,1.0
3618,1251,1.0
3618,1890,1.0
3618,1955,1.0
3618,2210,1.0
3618,2275,1.0
3618,2914,1.0
3618,2979,1.0
3619,1315,1.0
3619,1380,1.0
3619,1635,1.0
3619,1700,1.0
3619,2339,1.0
3619,2404,1.0
3619,2659,1.0
3619,2724,1.0
3620,36,1.0
3620,101,1.0
3620,996,1.0
3620,805,1.0
3620,3108,1.0
3620,3173,1.0
3620,4068,1.0
3620,3877,1.0
3621,421,1.0
3621,486,1.0
3621,741,1.0
3621,550,1.0
3621,3493,1.0
3621,3558,1.0
3621,3813,1.0
3621,3622,1.0
3622,1190,1.0
3622,1255,1.0
3622,1894,1.0
3622,1959,1.0
3622,2214,1.0
3622,2279,1.0
3622,2918,1.0
3622,2983,1.0
3623,1319,1.0
3623,1384,1.0
3623,1639,1.0
3623,1704,1.0
3623,2343,1.0
3623,2408,1.0
3623,2663,1.0
3623,2728,1.0
3624,40,1.0
3624,105,1.0
3624,1000,1.0
3624,809,1.0
3624,3112,1.0
3624,3177,1.0
3624,4072,1.0
3624,3881,1.0
3625,425,1.0
3625,490,1.0
3625,745,1.0
3625,554,1.0
3625,3497,1.0
3625,3562,1.0
3625,3817,1.0
3625,3626,1.0
3626,1194,1.0
3626,1259,1.0
3626,1898,1.0
3626,1963,1.0
3626,2218,1.0
3626,2283,1.0
3626,2922,1.0
3626,2987,1.0
3627,1323,1.0
3627,1388,1.0
3627,1643,1.0
3627,1708,1.0
3627,2347,1.0
3627,2412,1.0
3627,2667,1.0
3627,2732,1.0
3628,44,1.0
3628,109,1.0
3628,1004,1.0
3628,813,1.0
3628,3116,1.0
3628,3181,1.0
3628,4076,1.0
3628,3885,1.0
3629,429,1.0
3629,494,1.0
3629,749,1.0
3629,558,1.0
3629,3501,1.0
3629,3566,1.0
3629,3821,1.0
3629,3630,1.0
3630,1198,1.0
3630,1263,1.0
3630,1902,1.0
3630,1967,1.0
3630,2222,1.0
3630,2287,1.0
3630,2926,1.0
3630,2991,1.0
3631,1327,1.0
3631,1392,1.0
3631,1647,1.0
3631,1712,1.0
3631,2351,1.0
3631,2416,1.0
3631,2671,1.0
3631,2736,1.0
3632,48,1.0
3632,113,1.0
3632,1008,1.0
3632,817,1.0
3632,3120,1.0
3632,3185,1.0
3632,4080,1.0
3632,3889,1.0
3633,433,1.0
3633,498,1.0
3633,753,1.0
3633,562,1.0
3633,3505,1.0
3633,3570,1.0
3633,3825,1.0
3633,3634,1.0
3634,1202,1.0
3634,1267,1.0
3634,1906,1.0
3634,1971,1.0
3634,2226,1.0
3634,2291,1.0
3634,2930,1.0
3634,2995,1.0
3635,1331,1.0
3635,1396,1.0
3635,1651,1.0
3635,1716,1.0
3635,2355,1.0
3635,2420,1.0
3635,2675,1.0
3635,2740,1.0
3636,52,1.0
3636,117,1.0
3636,1012,1.0
3636,821,1.0
3636,3124,1.0
3636,3189,1.0
3636,4084,1.0
3636,3893,1.0
3637,437,1.0
3637,502,1.0
3637,757,1.0
3637,566,1.0
3637,3509,1.0
3637,3574,1.0
3637,3829,1.0
3637,3638,1.0
3638,1206,1.0
3638,1271,1.0
3638,1910,1.0
3638,1975,1.0
3638,2230,1.0
3638,2295,1.0
3638,2934,1.0
3638,2999,1.0
3639,1335,1.0
3639,1400,1.0
3639,1655,1.0
3639,1720,1.0
3639,2359,1.0
3639,2424,1.0
3639,2679,1.0
3639,2744,1.0
3640,56,1.0
3640,121,1.0
3640,1016,1.0
3640,825,1.0
3640,3128,1.0
3640,3193,1.0
3640,4088,1.0
3640,3897,1.0
3641,441,1.0
3641,506,1.0
3641,761,1.0
3641,570,1.0
3641,3513,1.0
3641,3578,1.0
3641,3833,1.0
3641,3642,1.0
3642,1210,1.0
3642,1275,1.0
3642,1914,1.0
3642,1979,1.0
3642,2234,1.0
3642,2299,1.0
3642,2938,1.0
3642,3003,1.0
3643,1339,1.0
3643,1404,1.0
3643,1659,1.0
3643,1724,1.0
3643,2363,1.0
3643,2428,1.0
3643,2683,1.0
3643,2748,1.0
3644,60,1.0
3644,125,1.0
3644,1020,1.0
3644,829,1.0
3644,3132,1.0
3644,3197,1.0
3644,4092,1.0
3644,3901,1.0
3645,445,1.0
3645,510,1.0
3645,765,1.0
3645,574,1.0
3645,3517,1.0
3645,3582,1.0
3645,3837,1.0
3645,3646,1.0
3646,1214,1.0
3646,1279,1.0
3646,1918,1.0
3646,1983,1.0
3646,2238,1.0
3646,2303,1.0
3646,2942,1.0
3646,3007,1.0
3647,1343,1.0
3647,1344,1.0
3647,1663,1.0
3647,1664,1.0
3647,2367,1.0
3647,2368,1.0
3647,2687,1.0
3647,2688,1.0
3648,0,1.0
3648,65,1.0
3648,960,1.0
3648,769,1.0
3648,3072,1.0
3648,3137,1.0
3648,4032,1.0
3648,3841,1.0
3649,385,1.0
3649,450,1.0
3649,705,1.0
3649,514,1.0
3649,3457,1.0
3649,3522,1.0
3649,3777,1.0
3649,3586,1.0
3650,1154,1.0
3650,1219,1.0
3650,1858,1.0
3650,1923,1.0
3650,2178,1.0
3650,2243,1.0
3650,2882,1.0
3650,2947,1.0
3651,1283,1.0
3651,1348,1.0
3651,1603,1.0
3651,1668,1.0
3651,2307,1.0
3651,2372,1.0
3651,2627,1.0
3651,2692,1.0
3652,4,1.0
3652,69,1.0
3652,964,1.0
3652,773,1.0
3652,3076,1.0
3652,3141,1.0
3652,4036,1.0
3652,3845,1.0
3653,389,1.0
3653,454,1.0
3653,709,1.0
3653,518,1.0
3653,3461,1.0
3653,3526,1.0
3653,3781,1.0
3653,3590,1.0
3654,1158,1.0
3654,1223,1.0
3654,1862,1.0
3654,1927,1.0
3654,2182,1.0
3654,2247,1.0
3654,2886,1.0
3654,2951,1.0
3655,1287,1.0
3655,1352,1.0
3655,1607,1.0
3655,1672,1.0
3655,2311,1.0
3655,2376,1.0
3655,2631,1.0
3655,2696,1.0
3656,8,1.0
3656,73,1.0
3656,968,1.0
3656,777,1.0
3656,3080,1.0
3656,3145,1.0
3656,4040,1.0
3656,3849,1.0
3657,393,1.0
3657,458,1.0
3657,713,1.0
3657,522,1.0
3657,3465,1.0
3657,3530,1.0
3657,3785,1.0
3657,3594,1.0
3658,1162,1.0
3658,1227,1.0
3658,1866,1.0
3658,1931,1.0
3658,2186,1.0
3658,2251,1.0
3658,2890,1.0
3658,2955,1.0
3659,1291,1.0
3659,1356,1.0
3659,1611,1.0
3659,1676,1.0
3659,2315,1.0
3659,2380,1.0
3659,2635,1.0
3659,2700,1.0
3660,12,1.0
3660,77,1.0
3660,972,1.0
3660,781,1.0
3660,3084,1.0
3660,3149,1.0
3660,4044,1.0
3660,3853,1.0
3661,397,1.0
3661,462,1.0
3661,717,1.0
3661,526,1.0
3661,3469,1.0
3661,3534,1.0
3661,3789,1.0
3661,3598,1.0
3662,1166,1.0
3662,1231,1.0
3662,1870,1.0
3662,1935,1.0
3662,2190,1.0
3662,2255,1.0
3662,2894,1.0
3662,2959,1.0
3663,1295,1.0
3663,1360,1.0
3663,1615,1.0
3663,1680,1.0
3663,2319,1.0
3663,2384,1.0
3663,2639,1.0
3663,2704,1.0
3664,16,1.0
3664,81,1.0
3664,976,1.0
3664,785,1.0
3664,3088,1.0
3664,3153,1.0
3664,4048,1.0
3664,3857,1.0
3665,401,1.0
3665,466,1.0
3665,721,1.0
3665,530,1.0
3665,3473,1.0
3665,3538,1.0
3665,3793,1.0
3665,3602,1.0
3666,1170,1.0
3666,1235,1.0
3666,1874,1.0
3666,1939,1.0
3666,2194,1.0
3666,2259,1.0
3666,2898,1.0
3666,2963,1.0
3667,1299,1.0
3667,1364,1.0
3667,1619,1.0
3667,1684,1.0
3667,2323,1.0
3667,2388,1.0
3667,2643,1.0
3667,2708,1.0
3668,20,1.0
3668,85,1.0
3668,980,1.0
3668,789,1.0
3668,3092,1.0
3668,3157,1.0
3668,4052,1.0
3668,3861,1.0
3669,405,1.0
3669,470,1.0
3669,725,1.0
3669,534,1.0
3669,3477,1.0
3669,3542,1.0
3669,3797,1.0
3669,3606,1.0
3670,1174,1.0
3670,1239,1.0
3670,1878,1.0
3670,1943,1.0
3670,2198,1.0
3670,2263,1.0
3670,2902,1.0
3670,2967,1.0
3671,1303,1.0
3671,1368,1.0
3671,1623,1.0
3671,1688,1.0
3671,2327,1.0
3671,2392,1.0
3671,2647,1.0
3671,2712,1.0
3672,24,1.0
3672,89,1.0
3672,984,1.0
3672,793,1.0
3672,3096,1.0
3672,3161,1.0
3672,4056,1.0
3672,3865,1.0
3673,409,1.0
3673,474,1.0
3673,729,1.0
3673,538,1.0
3673,3481,1.0
3673,3546,1.0
3673,3801,1.0
3673,3610,1.0
3674,1178,1.0
3674,1243,1.0
3674,1882,1.0
3674,1947,1.0
3674,2202,1.0
3674,2267,1.0
3674,2906,1.0
3674,2971,1.0
3675,1307,1.0
3675,1372,1.0
3675,1627,1.0
3675,1692,1.0
3675,2331,1.0
3675,2396,1.0
3675,2651,1.0
3675,2716,1.0
3676,28,1.0
3676,93,1.0
3676,988,1.0
3676,797,1.0
3676,3100,1.0
3676,3165,1.0
3676,4060,1.0
3676,3869,1.0
3677,413,1.0
3677,478,1.0
3677,733,1.0
3677,542,1.0
3677,3485,1.0
3677,3550,1.0
3677,3805,1.0
3677,3614,1.0
3678,1182,1.0
3678,1247,1.0
3678,1886,1.0
3678,1951,1.0
3678,2206,1.0
3678,2271,1.0
3678,2910,1.0
3678,2975,1.0
3679,1311,1.0
3679,1376,1.0
3679,1631,1.0
3679,1696,1.0
3679,2335,1.0
3679,2400,1.0
3679,2655,1.0
3679,2720,1.0
3680,32,1.0
3680,97,1.0
3680,992,1.0
3680,801,1.0
3680,3104,1.0
3680,3169,1.0
3680,4064,1.0
3680,3873,1.0
3681,417,1.0
3681,482,1.0
3681,737,1.0
3681,546,1.0
3681,3489,1.0
3681,3554,1.0
3681,3809,1.0
3681,3618,1.0
3682,1186,1.0
3682,1251,1.0
3682,1890,1.0
3682,1955,1.0
3682,2210,1.0
3682,2275,1.0
3682,2914,1.0
3682,2979,1.0
3683,1315,1.0
3683,1380,1.0
3683,1635,1.0
3683,1700,1.0
3683,2339,1.0
3683,2404,1.0
3683,2659,1.0
3683,2724,1.0
3684,36,1.0
3684,101,1.0
3684,996,1.0
3684,805,1.0
3684,3108,1.0
3684,3173,1.0
3684,4068,1.0
3684,3877,1.0
3685,421,1.0
3685,486,1.0
3685,741,1.0
3685,550,1.0
3685,3493,1.0
3685,3558,1.0
3685,3813,1.0
3685,3622,1.0
3686,1190,1.0
3686,1255,1.0
3686,1894,1.0
3686,1959,1.0
3686,2214,1.0
3686,2279,1.0
3686,2918,1.0
3686,2983,1.0
3687,1319,1.0
3687,1384,1.0
3687,1639,1.0
3687,1704,1.0
3687,2343,1.0
3687,2408,1.0
3687,2663,1.0
3687,2728,1.0
3688,40,1.0
3688,105,1.0
3688,1000,1.0
3688,809,1.0
3688,3112,1.0
3688,3177,1.0
3688,4072,1.0
3688,3881,1.0
3689,425,1.0
3689,490,1.0
3689,745,1.0
3689,554,1.0
3689,3497,1.0
3689,3562,1.0
3689,3817,1.0
3689,3626,1.0
3690,1194,1.0
3690,1259,1.0
3690,1898,1.0
3690,1963,1.0
3690,2218,1.0
3690,2283,1.0
3690,2922,1.0
3690,2987,1.0
3691,1323,1.0
3691,1388,1.0
3691,1643,1.0
3691,1708,1.0
3691,2347,1.0
3691,2412,1.0
3691,2667,1.0
3691,2732,1.0
3692,44,1.0
3692,109,1.0
3692,1004,1.0
3692,813,1.0
3692,3116,1.0
3692,3181,1.0
3692,4076,1.0
3692,3885,1.0
3693,429,1.0
3693,494,1.0
3693,749,1.0
3693,558,1.0
3693,3501,1.0
3693,3566,1.0
3693,3821,1.0
3693,3630,1.0
3694,1198,1.0
3694,1263,1.0
3694,1902,1.0
3694,1967,1.0
3694,2222,1.0
3694,2287,1.0
3694,2926,1.0
3694,2991,1.0
3695,1327,1.0
3695,1392,1.0
3695,1647,1.0
3695,1712,1.0
3695,2351,1.0
3695,2416,1.0
3695,2671,1.0
3695,2736,1.0
3696,48,1.0
3696,113,1.0
3696,1008,1.0
3696,817,1.0
3696,3120,1.0
3696,3185,1.0
3696,4080,1.0
3696,3889,1.0
3697,433,1.0
3697,498,1.0
3697,753,1.0
3697,562,1.0
3697,3505,1.0
3697,3570,1.0
3697,3825,1.0
3697,3634,1.0
3698,1202,1.0
3698,1267,1.0
3698,1906,1.0
3698,1971,1.0
3698,2226,1.0
3698,2291,1.0
3698,2930,1.0
3698,2995,1.0
3699,1331,1.0
3699,1396,1.0
3699,1651,1.0
3699,1716,1.0
3699,2355,1.0
3699,2420,1.0
3699,2675,1.0
3699,2740,1.0
3700,52,1.0
3700,117,1.0
3700,1012,1.0
3700,821,1.0
3700,3124,1.0
3700,3189,1.0
3700,4084,1.0
3700,3893,1.0
3701,437,1.0
3701,502,1.0
3701,757,1.0
3701,566,1.0
3701,3509,1.0
3701,3574,1.0
3701,3829,1.0
3701,3638,1.0
3702,1206,1.0
3702,1271,1.0
3702,1910,1.0
3702,1975,1.0
3702,2230,1.0
3702,2295,1.0
3702,2934,1.0
3702,2999,1.0
3703,1335,1.0
3703,1400,1.0
3703,1655,1.0
3703,1720,1.0
3703,2359,1.0
3703,2424,1.0
3703,2679,1.0
3703,2744,1.0
3704,56,1.0
3704,121,1.0
3704,1016,1.0
3704,825,1.0
3704,3128,1.0
3704,3193,1.0
3704,4088,1.0
3704,3897,1.0
3705,441,1.0
3705,506,1.0
3705,761,1.0
3705,570,1.0
3705,3513,1.0
3705,3578,1.0
3705,3833,1.0
3705,3642,1.0
3706,1210,1.0
3706,1275,1.0
3706,1914,1.0
3706,1979,1.0
3706,2234,1.0
3706,2299,1.0
3706,2938,1.0
3706,3003,1.0
3707,1339,1.0
3707,1404,1.0
3707,1659,1.0
3707,1724,1.0
3707,2363,1.0
3707,2428,1.0
3707,2683,1.0
3707,2748,1.0
3708,60,1.0
3708,125,1.0
3708,1020,1.0
3708,829,1.0
3708,3132,1.0
3708,3197,1.0
3708,4092,1.0
3708,3901,1.0
3709,445,1.0
3709,510,1.0
3709,765,1.0
3709,574,1.0
3709,3517,1.0
3709,3582,1.0
3709,3837,1.0
3709,3646,1.0
3710,1214,1.0
3710,1279,1.0
3710,1918,1.0
3710,1983,1.0
3710,2238,1.0
3710,2303,1.0
3710,2942,1.0
3710,3007,1.0
3711,1343,1.0
3711,1344,1.0
3711,1663,1.0
3711,1664,1.0
3711,2367,1.0
3711,2368,1.0
3711,2687,1.0
3711,2688,1.0
3712,0,1.0
3712,65,1.0
3712,960,1.0
3712,769,1.0
3712,3072,1.0
3712,3137,1.0
3712,4032,1.0
3712,3841,1.0
3713,385,1.0
3713,450,1.0
3713,705,1.0
3713,514,1.0
3713,3457,1.0
3713,3522,1.0
3713,3777,1.0
3713,3586,1.0
3714,1154,1.0
3714,1219,1.0
3714,1858,1.0
3714,1923,1.0
3714,2178,1.0
3714,2243,1.0
3714,2882,1.0
3714,2947,1.0
3715,1283,1.0
3715,1348,1.0
3715,1603,1.0
3715,1668,1.0
3715,2307,1.0
3715,2372,1.0
3715,2627,1.0
3715,2692,1.0
3716,4,1.0
3716,69,1.0
3716,964,1.0
3716,773,1.0
3716,3076,1.0
3716,3141,1.0
3716,4036,1.0
3716,3845,1.0
3717,389,1.0
3717,454,1.0
3717,709,1.0
3717,518,1.0
3717,3461,1.0
3717,3526,1.0
3717,3781,1.0
3717,3590,1.0
3718,1158,1.0
3718,1223,1.0
3718,1862,1.0
3718,1927,1.0
3718,2182,1.0
3718,2247,1.0
3718,2886,1.0
3718,2951,1.0
3719,1287,1.0
3719,1352,1.0
3719,1607,1.0
3719,1672,1.0
3719,2311,1.0
3719,2376,1.0
3719,2631,1.0
3719,2696,1.0
3720,8,1.0
3720,73,1.0
3720,968,1.0
3720,777,1.0
3720,3080,1.0
3720,3145,1.0
3720,4040,1.0
3720,3849,1.0
3721,393,1.0
3721,458,1.0
3721,713,1.0
3721,522,1.0
3721,3465,1.0
3721,3530,1.0
3721,3785,1.0
3721,3594,1.0
3722,1162,1.0
3722,1227,1.0
3722,1866,1.0
3722,1931,1.0
3722,2186,1.0
3722,2251,1.0
3722,2890,1.0
3722,2955,1.0
3723,1291,1.0
3723,1356,1.0
3723,1611,1.0
3723,1676,1.0
3723,2315,1.0
3723,2380,1.0
3723,2635,1.0
3723,2700,1.0
3724,12,1.0
3724,77,1.0
3724,972,1.0
3724,781,1.0
3724,3084,1.0
3724,3149,1.0
3724,4044,1.0
3724,3853,1.0
3725,397,1.0
3725,462,1.0
3725,717,1.0
3725,526,1.0
3725,3469,1.0
3725,3534,1.0
3725,3789,1.0
3725,3598,1.0
3726,1166,1.0
3726,1231,1.0
3726,1870,1.0
3726,1935,1.0
3726,2190,1.0
3726,2255,1.0
3726,2894,1.0
3726,2959,1.0
3727,1295,1.0
3727,1360,1.0
3727,1615,1.0
3727,1680,1.0
3727,2319,1.0
3727,2384,1.0
3727,2639,1.0
3727,2704,1.0
3728,16,1.0
3728,81,1.0
3728,976,1.0
3728,785,1.0
3728,3088,1.0
3728,3153,1.0
3728,4048,1.0
3728,3857,1.0
3729,401,1.0
3729,466,1.0
3729,721,1.0
3729,530,1.0
3729,3473,1.0
3729,3538,1.0
3729,3793,1.0
3729,3602,1.0
3730,1170,1.0
3730,1235,1.0
3730,1874,1.0
3730,1939,1.0
3730,2194,1.0
3730,2259,1.0
3730,2898,1.0
3730,2963,1.0
3731,1299,1.0
3731,1364,1.0
3731,1619,1.0
3731,1684,1.0
3731,2323,1.0
3731,2388,1.0
3731,2643,1.0
3731,2708,1.0
3732,20,1.0
3732,85,1.0
3732,980,1.0
3732,789,1.0
3732,3092,1.0
3732,3157,1.0
3732,4052,1.0
3732,3861,1.0
3733,405,1.0
3733,470,1.0
3733,725,1.0
3733,534,1.0
3733,3477,1.0
3733,3542,1.0
3733,3797,1.0
3733,3606,1.0
3734,1174,1.0
3734,1239,1.0
3734,1878,1.0
3734,1943,1.0
3734,2198,1.0
3734,2263,1.0
3734,2902,1.0
3734,2967,1.0
3735,1303,1.0
3735,1368,1.0
3735,1623,1.0
3735,1688,1.0
3735,2327,1.0
3735,2392,1.0
3735,2647,1.0
3735,2712,1.0
3736,24,1.0
3736,89,1.0
3736,984,1.0
3736,793,1.0
3736,3096,1.0
3736,3161,1.0
3736,4056,1.0
3736,3865,1.0
3737,409,1.0
3737,474,1.0
3737,729,1.0
3737,538,1.0
3737,3481,1.0
3737,3546,1.0
3737,3801,1.0
3737,3610,1.0
3738,1178,1.0
3738,1243,1.0
3738,1882,1.0
3738,1947,1.0
3738,2202,1.0
3738,2267,1.0
3738,2906,1.0
3738,2971,1.0
3739,1307,1.0
3739,1372,1.0
3739,1627,1.0
3739,1692,1.0
3739,2331,1.0
3739,2396,1.0
3739,2651,1.0
3739,2716,1.0
3740,28,1.0
3740,93,1.0
3740,988,1.0
3740,797,1.0
3740,3100,1.0
3740,3165,1.0
3740,4060,1.0
3740,3869,1.0
3741,413,1.0
3741,478,1.0
3741,733,1.0
3741,542,1.0
3741,3485,1.0
3741,3550,1.0
3741,3805,1.0
3741,3614,1.0
3742,1182,1.0
3742,1247,1.0
3742,1886,1.0
3742,1951,1.0
3742,2206,1.0
3742,2271,1.0
3742,2910,1.0
3742,2975,1.0
3743,1311,1.0
3743,1376,1.0
3743,1631,1.0
3743,1696,1.0
3743,2335,1.0
3743,2400,1.0
3743,2655,1.0
3743,2720,1.0
3744,32,1.0
3744,97,1.0
3744,992,1.0
3744,801,1.0
3744,3104,1.0
3744,3169,1.0
3744,4064,1.0
3744,3873,1.0
3745,417,1.0
3745,482,1.0
3745,737,1.0
3745,546,1.0
3745,3489,1.0
3745,3554,1.0
3745,3809,1.0
3745,3618,1.0
3746,1186,1.0
3746,1251,1.0
3746,1890,1.0
3746,1955,1.0
3746,2210,1.0
3746,2275,1.0
3746,2914,1.0
3746,2979,1.0
3747,1315,1.0
3747,1380,1.0
3747,1635,1.0
3747,1700,1.0
3747,2339,1.0
3747,2404,1.0
3747,2659,1.0
3747,2724,1.0
3748,36,1.0
3748,101,1.0
3748,996,1.0
3748,805,1.0
3748,3108,1.0
3748,3173,1.0
3748,4068,1.0
3748,3877,1.0
3749,421,1.0
3749,486,1.0
3749,741,1.0
3749,550,1.0
3749,3493,1.0
3749,3558,1.0
3749,3813,1.0
3749,3622,1.0
3750,1190,1.0
3750,1255,1.0
3750,1894,1.0
3750,1959,1.0
3750,2214,1.0
3750,2279,1.0
3750,2918,1.0
3750,2983,1.0
3751,1319,1.0
3751,1384,1.0
3751,1639,1.0
3751,1704,1.0
3751,2343,1.0
3751,2408,1.0
3751,2663,1.0
3751,2728,1.0
3752,40,1.0
3752,105,1.0
3752,1000,1.0
3752,809,1.0
3752,3112,1.0
3752,3177,1.0
3752,4072,1.0
3752,3881,1.0
3753,425,1.0
3753,490,1.0
3753,745,1.0
3753,554,1.0
3753,3497,1.0
3753,3562,1.0
3753,3817,1.0
3753,3626,1.0
3754,1194,1.0
3754,1259,1.0
3754,1898,1.0
3754,1963,1.0
3754,2218,1.0
3754,2283,1.0
3754,2922,1.0
3754,2987,1.0
3755,1323,1.0
3755,1388,1.0
3755,1643,1.0
3755,1708,1.0
3755,2347,1.0
3755,2412,1.0
3755,2667,1.0
3755,2732,1.0
3756,44,1.0
3756,109,1.0
3756,1004,1.0
3756,813,1.0
3756,3116,1.0
3756,3181,1.0
3756,4076,1.0
3756,3885,1.0
3757,429,1.0
3757,494,1.0
3757,749,1.0
3757,558,1.0
3757,3501,1.0
3757,3566,1.0
3757,3821,1.0
3757,3630,1.0
3758,1198,1.0
3758,1263,1.0
3758,1902,1.0
3758,1967,1.0
3758,2222,1.0
3758,2287,1.0
3758,2926,1.0
3758,2991,1.0
3759,1327,1.0
3759,1392,1.0
3759,1647,1.0
3759,1712,1.0
3759,2351,1.0
3759,2416,1.0
3759,2671,1.0
3759,2736,1.0
3760,48,1.0
3760,113,1.0
3760,1008,1.0
3760,817,1.0
3760,3120,1.0
3760,3185,1.0
3760,4080,1.0
3760,3889,1.0
3761,433,1.0
3761,498,1.0
3761,753,1.0
3761,562,1.0
3761,3505,1.0
3761,3570,1.0
3761,3825,1.0
3761,3634,1.0
3762,1202,1.0
3762,1267,1.0
3762,1906,1.0
3762,1971,1.0
3762,2226,1.0
3762,2291,1.0
3762,2930,1.0
3762,2995,1.0
3763,1331,1.0
3763,1396,1.0
3763,1651,1.0
3763,1716,1.0
3763,2355,1.0
3763,2420,1.0
3763,2675,1.0
3763,2740,1.0
3764,52,1.0
3764,117,1.0
3764,1012,1.0
3764,821,1.0
3764,3124,1.0
3764,3189,1.0
3764,4084,1.0
3764,3893,1.0
3765,437,1.0
3765,502,1.0
3765,757,1.0
3765,566,1.0
3765,3509,1.0
3765,3574,1.0
3765,3829,1.0
3765,3638,1.0
3766,1206,1.0
3766,1271,1.0
3766,1910,1.0
3766,1975,1.0
3766,2230,1.0
3766,2295,1.0
3766,2934,1.0
3766,2999,1.0
3767,1335,1.0
3767,1400,1.0
3767,1655,1.0
3767,1720,1.0
3767,2359,1.0
3767,2424,1.0
3767,2679,1.0
3767,2744,1.0
3768,56,1.0
3768,121,1.0
3768,1016,1.0
3768,825,1.0
3768,3128,1.0
3768,3193,1.0
3768,4088,1.0
3768,3897,1.0
3769,441,1.0
3769,506,1.0
3769,761,1.0
3769,570,1.0
3769,3513,1.0
3769,3578,1.0
3769,3833,1.0
3769,3642,1.0
3770,1210,1.0
3770,1275,1.0
3770,1914,1.0
3770,1979,1.0
3770,2234,1.0
3770,2299,1.0
3770,2938,1.0
3770,3003,1.0
3771,1339,1.0
3771,1404,1.0
3771,1659,1.0
3771,1724,1.0
3771,2363,1.0
3771,2428,1.0
3771,2683,1.0
3771,2748,1.0
3772,60,1.0
3772,125,1.0
3772,1020,1.0
3772,829,1.0
3772,3132,1.0
3772,3197,1.0
3772,4092,1.0
3772,3901,1.0
3773,445,1.0
3773,510,1.0
3773,765,1.0
3773,574,1.0
3773,3517,1.0
3773,3582,1.0
3773,3837,1.0
3773,3646,1.0
3774,1214,1.0
3774,1279,1.0
3774,1918,1.0
3774,1983,1.0
3774,2238,1.0
3774,2303,1.0
3774,2942,1.0
3774,3007,1.0
3775,1343,1.0
3775,1344,1.0
3775,1663,1.0
3775,1664,1.0
3775,2367,1.0
3775,2368,1.0
3775,2687,1.0
3775,2688,1.0
3776,0,1.0
3776,65,1.0
3776,960,1.0
3776,769,1.0
3776,3072,1.0
3776,3137,1.0
3776,4032,1.0
3776,3841,1.0
3777,385,1.0
3777,450,1.0
3777,705,1.0
3777,514,1.0
3777,3457,1.0
3777,3522,1.0
3777,3777,1.0
3777,3586,1.0
3778,1154,1.0
3778,1219,1.0
3778,1858,1.0
3778,1923,1.0
3778,2178,1.0
3778,2243,1.0
3778,2882,1.0
3778,2947,1.0
3779,1283,1.0
3779,1348,1.0
3779,1603,1.0
3779,1668,1.0
3779,2307,1.0
3779,2372,1.0
3779,2627,1.0
3779,2692,1.0
3780,4,1.0
3780,69,1.0
3780,964,1.0
3780,773,1.0
3780,3076,1.0
3780,3141,1.0
3780,4036,1.0
3780,3845,1.0
3781,389,1.0
3781,454,1.0
3781,709,1.0
3781,518,1.0
3781,3461,1.0
3781,3526,1.0
3781,3781,1.0
3781,3590,1.0
3782,1158,1.0
3782,1223,1.0
3782,1862,1.0
3782,1927,1.0
3782,2182,1.0
3782,2247,1.0
3782,2886,1.0
3782,2951,1.0
3783,1287,1.0
3783,1352,1.0
3783,1607,1.0
3783,1672,1.0
3783,2311,1.0
3783,2376,1.0
3783,2631,1.0
3783,2696,1.0
3784,8,1.0
3784,73,1.0
3784,968,1.0
3784,777,1.0
3784,3080,1.0
3784,3145,1.0
3784,4040,1.0
3784,3849,1.0
3785,393,1.0
3785,458,1.0
3785,713,1.0
3785,522,1.0
3785,3465,1.0
3785,3530,1.0
3785,3785,1.0
3785,3594,1.0
3786,1162,1.0
3786,1227,1.0
3786,1866,1.0
3786,1931,1.0
3786,2186,1.0
3786,2251,1.0
3786,2890,1.0
3786,2955,1.0
3787,1291,1.0
3787,1356,1.0
3787,1611,1.0
3787,1676,1.0
3787,2315,1.0
3787,2380,1.0
3787,2635,1.0
3787,2700,1.0
3788,12,1.0
3788,77,1.0
3788,972,1.0
3788,781,1.0
3788,3084,1.0
3788,3149,1.0
3788,4044,1.0
3788,3853,1.0
3789,397,1.0
3789,462,1.0
3789,717,1.0
3789,526,1.0
3789,3469,1.0
3789,3534,1.0
3789,3789,1.0
3789,3598,1.0
3790,1166,1.0
3790,1231,1.0
3790,1870,1.0
3790,1935,1.0
3790,2190,1.0
3790,2255,1.0
3790,2894,1.0
3790,2959,1.0
3791,1295,1.0
3791,1360,1.0
3791,1615,1.0
3791,1680,1.0
3791,2319,1.0
3791,2384,1.0
3791,2639,1.0
3791,2704,1.0
3792,16,1.0
3792,81,1.0
3792,976,1.0
3792,785,1.0
3792,3088,1.0
3792,3153,1.0
3792,4048,1.0
3792,3857,1.0
3793,401,1.0
3793,466,1.0
3793,721,1.0
3793,530,1.0
3793,3473,1.0
3793,3538,1.0
3793,3793,1.0
3793,3602,1.0
3794,1170,1.0
3794,1235,1.0
3794,1874,1.0
3794,1939,1.0
3794,2194,1.0
3794,2259,1.0
3794,2898,1.0
3794,2963,1.0
3795,1299,1.0
3795,1364,1.0
3795,1619,1.0
3795,1684,1.0
3795,2323,1.0
3795,2388,1.0
3795,2643,1.0
3795,2708,1.0
3796,20,1.0
3796,85,1.0
3796,980,1.0
3796,789,1.0
3796,3092,1.0
3796,3157,1.0
3796,4052,1.0
3796,3861,1.0
3797,405,1.0
3797,470,1.0
3797,725,1.0
3797,534,1.0
3797,3477,1.0
3797,3542,1.0
3797,3797,1.0
3797,3606,1.0
3798,1174,1.0
3798,1239,1.0
3798,1878,1.0
3798,1943,1.0
3798,2198,1.0
3798,2263,1.0
3798,2902,1.0
3798,2967,1.0
3799,1303,1.0
3799,1368,1.0
3799,1623,1.0
3799,1688,1.0
3799,2327,1.0
3799,2392,1.0
3799,2647,1.0
3799,2712,1.0
3800,24,1.0
3800,89,1.0
3800,984,1.0
3800,793,1.0
3800,3096,1.0
3800,3161,1.0
3800,4056,1.0
3800,3865,1.0
3801,409,1.0
3801,474,1.0
3801,729,1.0
3801,538,1.0
3801,3481,1.0
3801,3546,1.0
3801,3801,1.0
3801,3610,1.0
3802,1178,1.0
3802,1243,1.0
3802,1882,1.0
3802,1947,1.0
3802,2202,1.0
3802,2267,1.0
3802,2906,1.0
3802,2971,1.0
3803,1307,1.0
3803,1372,1.0
3803,1627,1.0
3803,1692,1.0
3803,2331,1.0
3803,2396,1.0
3803,2651,1.0
3803,2716,1.0
3804,28,1.0
3804,93,1.0
3804,988,1.0
3804,797,1.0
3804,3100,1.0
3804,3165,1.0
3804,4060,1.0
3804,3869,1.0
3805,413,1.0
3805,478,1.0
3805,733,1.0
3805,542,1.0
3805,3485,1.0
3805,3550,1.0
3805,3805,1.0
3805,3614,1.0
3806,1182,1.0
3806,1247,1.0
3806,1886,1.0
3806,1951,1.0
3806,2206,1.0
3806,2271,1.0
3806,2910,1.0
3806,2975,1.0
3807,1311,1.0
3807,1376,1.0
3807,1631,1.0
3807,1696,1.0
3807,2335,1.0
3807,2400,1.0
3807,2655,1.0
3807,2720,1.0
3808,32,1.0
3808,97,1.0
3808,992,1.0
3808,801,1.0
3808,3104,1.0
3808,3169,1.0
3808,4064,1.0
3808,3873,1.0
3809,417,1.0
3809,482,1.0
3809,737,1.0
3809,546,1.0
3809,3489,1.0
3809,3554,1.0
3809,3809,1.0
3809,3618,1.0
3810,1186,1.0
3810,1251,1.0
3810,1890,1.0
3810,1955,1.0
3810,2210,1.0
3810,2275,1.0
3810,2914,1.0
3810,2979,1.0
3811,1315,1.0
3811,1380,1.0
3811,1635,1.0
3811,1700,1.0
3811,2339,1.0
3811,2404,1.0
3811,2659,1.0
3811,2724,1.0
3812,36,1.0
3812,101,1.0
3812,996,1.0
3812,805,1.0
3812,3108,1.0
3812,3173,1.0
3812,4068,1.0
3812,3877,1.0
3813,421,1.0
3813,486,1.0
3813,741,1.0
3813,550,1.0
3813,3493,1.0
3813,3558,1.0
3813,3813,1.0
3813,3622,1.0
3814,1190,1.0
3814,1255,1.0
3814,1894,1.0
3814,1959,1.0
3814,2214,1.0
3814,2279,1.0
3814,2918,1.0
3814,2983,1.0
3815,1319,1.0
3815,1384,1.0
3815,1639,1.0
3815,1704,1.0
3815,2343,1.0
3815,2408,1.0
3815,2663,1.0
3815,2728,1.0
3816,40,1.0
3816,105,1.0
3816,1000,1.0
3816,809,1.0
3816,3112,1.0
3816,3177,1.0
3816,4072,1.0
3816,3881,1.0
3817,425,1.0
3817,490,1.0
3817,745,1.0
3817,554,1.0
3817,3497,1.0
3817,3562,1.0
3817,3817,1.0
3817,3626,1.0
3818,1194,1.0
3818,1259,1.0
3818,1898,1.0
3818,1963,1.0
3818,2218,1.0
3818,2283,1.0
3818,2922,1.0
3818,2987,1.0
3819,1323,1.0
3819,1388,1.0
3819,1643,1.0
3819,1708,1.0
3819,2347,1.0
3819,2412,1.0
3819,2667,1.0
3819,2732,1.0
3820,44,1.0
3820,109,1.0
3820,1004,1.0
3820,813,1.0
3820,3116,1.0
3820,3181,1.0
3820,4076,1.0
3820,3885,1.0
3821,429,1.0
3821,494,1.0
3821,749,1.0
3821,558,1.0
3821,3501,1.0
3821,3566,1.0
3821,3821,1.0
3821,3630,1.0
3822,1198,1.0
3822,1263,1.0
3822,1902,1.0
3822,1967,1.0
3822,2222,1.0
3822,2287,1.0
3822,2926,1.0
3822,2991,1.0
3823,1327,1.0
3823,1392,1.0
3823,1647,1.0
3823,1712,1.0
3823,2351,1.0
3823,2416,1.0
3823,2671,1.0
3823,2736,1.0
3824,48,1.0
3824,113,1.0
3824,1008,1.0
3824,817,1.0
3824,3120,1.0
3824,3185,1.0
3824,4080,1.0
3824,3889,1.0
3825,433,1.0
3825,498,1.0
3825,753,1.0
3825,562,1.0
3825,3505,1.0
3825,3570,1.0
3825,3825,1.0
3825,3634,1.0
3826,1202,1.0
3826,1267,1.0
3826,1906,1.0
3826,1971,1.0
3826,2226,1.0
3826,2291,1.0
3826,2930,1.0
3826,2995,1.0
3827,1331,1.0
3827,1396,1.0
3827,1651,1.0
3827,1716,1.0
3827,2355,1.0
3827,2420,1.0
3827,2675,1.0
3827,2740,1.0
3828,52,1.0
3828,117,1.0
3828,1012,1.0
3828,821,1.0
3828,3124,1.0
3828,3189,1.0
3828,4084,1.0
3828,3893,1.0
3829,437,1.0
3829,502,1.0
3829,757,1.0
3829,566,1.0
3829,3509,1.0
3829,3574,1.0
3829,3829,1.0
3829,3638,1.0
3830,1206,1.0
3830,1271,1.0
3830,1910,1.0
3830,1975,1.0
3830,2230,1.0
3830,2295,1.0
3830,2934,1.0
3830,2999,1.0
3831,1335,1.0
3831,1400,1.0
3831,1655,1.0
3831,1720,1.0
3831,2359,1.0
3831,2424,1.0
3831,2679,1.0
3831,2744,1.0
3832,56,1.0
3832,121,1.0
3832,1016,1.0
3832,825,1.0
3832,3128,1.0
3832,3193,1.0
3832,4088,1.0
3832,3897,1.0
3833,441,1.0
3833,506,1.0
3833,761,1.0
3833,570,1.0
3833,3513,1.0
3833,3578,1.0
3833,3833,1.0
3833,3642,1.0
3834,1210,1.0
3834,1275,1.0
3834,1914,1.0
3834,1979,1.0
3834,2234,1.0
3834,2299,1.0
3834,2938,1.0
3834,3003,1.0
3835,1339,1.0
3835,1404,1.0
3835,1659,1.0
3835,1724,1.0
3835,2363,1.0
3835,2428,1.0
3835,2683,1.0
3835,2748,1.0
3836,60,1.0
3836,125,1.0
3836,1020,1.0
3836,829,1.0
3836,3132,1.0
3836,3197,1.0
3836,4092,1.0
3836,3901,1.0
3837,445,1.0
3837,510,1.0
3837,765,1.0
3837,574,1.0
3837,3517,1.0
3837,3582,1.0
3837,3837,1.0
3837,3646,1.0
3838,1214,1.0
3838,1279,1.0
3838,1918,1.0
3838,1983,1.0
3838,2238,1.0
3838,2303,1.0
3838,2942,1.0
3838,3007,1.0
3839,1343,1.0
3839,1344,1.0
3839,1663,1.0
3839,1664,1.0
3839,2367,1.0
3839,2368,1.0
3839,2687,1.0
3839,2688,1.0
3840,0,1.0
3840,65,1.0
3840,960,1.0
3840,769,1.0
3840,3072,1.0
3840,3137,1.0
3840,4032,1.0
3840,3841,1.0
3841,385,1.0
3841,450,1.0
3841,705,1.0
3841,514,1.0
3841,3457,1.0
3841,3522,1.0
3841,3777,1.0
3841,3586,1.0
3842,1154,1.0
3842,1219,1.0
3842,1858,1.0
3842,1923,1.0
3842,2178,1.0
3842,2243,1.0
3842,2882,1.0
3842,2947,1.0
3843,1283,1.0
3843,1348,1.0
3843,1603,1.0
3843,1668,1.0
3843,2307,1.0
3843,2372,1.0
3843,2627,1.0
3843,2692,1.0
3844,4,1.0
3844,69,1.0
3844,964,1.0
3844,773,1.0
3844,3076,1.0
3844,3141,1.0
3844,4036,1.0
3844,3845,1.0
3845,389,1.0
3845,454,1.0
3845,709,1.0
3845,518,1.0
3845,3461,1.0
3845,3526,1.0
3845,3781,1.0
3845,3590,1.0
3846,1158,1.0
3846,1223,1.0
3846,1862,1.0
3846,1927,1.0
3846,2182,1.0
3846,2247,1.0
3846,2886,1.0
3846,2951,1.0
3847,1287,1.0
3847,1352,1.0
3847,1607,1.0
3847,1672,1.0
3847,2311,1.0
3847,2376,1.0
3847,2631,1.0
3847,2696,1.0
3848,8,1.0
3848,73,1.0
3848,968,1.0
3848,777,1.0
3848,3080,1.0
3848,3145,1.0
3848,4040,1.0
3848,3849,1.0
3849,393,1.0
3849,458,1.0
3849,713,1.0
3849,522,1.0
3849,3465,1.0
3849,3530,1.0
3849,3785,1.0
3849,3594,1.0
3850,1162,1.0
3850,1227,1.0
3850,1866,1.0
3850,1931,1.0
3850,2186,1.0
3850,2251,1.0
3850,2890,1.0
3850,2955,1.0
3851,1291,1.0
3851,1356,1.0
3851,1611,1.0
3851,1676,1.0
3851,2315,1.0
3851,2380,1.0
3851,2635,1.0
3851,2700,1.0
3852,12,1.0
3852,77,1.0
3852,972,1.0
3852,781,1.0
3852,3084,1.0
3852,3149,1.0
3852,4044,1.0
3852,3853,1.0
3853,397,1.0
3853,462,1.0
3853,717,1.0
3853,526,1.0
3853,3469,1.0
3853,3534,1.0
3853,3789,1.0
3853,3598,1.0
3854,1166,1.0
3854,1231,1.0
3854,1870,1.0
3854,1935,1.0
3854,2190,1.0
3854,2255,1.0
3854,2894,1.0
3854,2959,1.0
3855,1295,1.0
3855,1360,1.0
3855,1615,1.0
3855,1680,1.0
3855,2319,1.0
3855,2384,1.0
3855,2639,1.0
3855,2704,1.0
3856,16,1.0
3856,81,1.0
3856,976,1.0
3856,785,1.0
3856,3088,1.0
3856,3153,1.0
3856,4048,1.0
3856,3857,1.0
3857,401,1.0
3857,466,1.0
3857,721,1.0
3857,530,1.0
3857,3473,1.0
3857,3538,1.0
3857,3793,1.0
3857,3602,1.0
3858,1170,1.0
3858,1235,1.0
3858,1874,1.0
3858,1939,1.0
3858,2194,1.0
3858,2259,1.0
3858,2898,1.0
3858,2963,1.0
3859,1299,1.0
3859,1364,1.0
3859,1619,1.0
3859,1684,1.0
3859,2323,1.0
3859,2388,1.0
3859,2643,1.0
3859,2708,1.0
3860,20,1.0
3860,85,1.0
3860,980,1.0
3860,789,1.0
3860,3092,1.0
3860,3157,1.0
3860,4052,1.0
3860,3861,1.0
3861,405,1.0
3861,470,1.0
3861,725,1.0
3861,534,1.0
3861,3477,1.0
3861,3542,1.0
3861,3797,1.0
3861,3606,1.0
3862,1174,1.0
3862,1239,1.0
3862,1878,1.0
3862,1943,1.0
3862,2198,1.0
3862,2263,1.0
3862,2902,1.0
3862,2967,1.0
3863,1303,1.0
3863,1368,1.0
3863,1623,1.0
3863,1688,1.0
3863,2327,1.0
3863,2392,1.0
3863,2647,1.0
3863,2712,1.0
3864,24,1.0
3864,89,1.0
3864,984,1.0
3864,793,1.0
3864,3096,1.0
3864,3161,1.0
3864,4056,1.0
3864,3865,1.0
3865,409,1.0
3865,474,1.0
3865,729,1.0
3865,538,1.0
3865,3481,1.0
3865,3546,1.0
3865,3801,1.0
3865,3610,1.0
3866,1178,1.0
3866,1243,1.0
3866,1882,1.0
3866,1947,1.0
3866,2202,1.0
3866,2267,1.0
3866,2906,1.0
3866,2971,1.0
3867,1307,1.0
3867,1372,1.0
3867,1627,1.0
3867,1692,1.0
3867,2331,1.0
3867,2396,1.0
3867,2651,1.0
3867,2716,1.0
3868,28,1.0
3868,93,1.0
3868,988,1.0
3868,797,1.0
3868,3100,1.0
3868,3165,1.0
3868,4060,1.0
3868,3869,1.0
3869,413,1.0
3869,478,1.0
3869,733,1.0
3869,542,1.0
3869,3485,1.0
3869,3550,1.0
3869,3805,1.0
3869,3614,1.0
3870,1182,1.0
3870,1247,1.0
3870,1886,1.0
3870,1951,1.0
3870,2206,1.0
3870,2271,1.0
3870,2910,1.0
3870,2975,1.0
3871,1311,1.0
3871,1376,1.0
3871,1631,1.0
3871,1696,1.0
3871,2335,1.0
3871,2400,1.0
3871,2655,1.0
3871,2720,1.0
3872,32,1.0
3872,97,1.0
3872,992,1.0
3872,801,1.0
3872,3104,1.0
3872,3169,1.0
3872,4064,1.0
3872,3873,1.0
3873,417,1.0
3873,482,1.0
3873,737,1.0
3873,546,1.0
3873,3489,1.0
3873,3554,1.0
3873,3809,1.0
3873,3618,1.0
3874,1186,1.0
3874,1251,1.0
3874,1890,1.0
3874,1955,1.0
3874,2210,1.0
3874,2275,1.0
3874,2914,1.0
3874,2979,1.0
3875,1315,1.0
3875,1380,1.0
3875,1635,1.0
3875,1700,1.0
3875,2339,1.0
3875,2404,1.0
3875,2659,1.0
3875,2724,1.0
3876,36,1.0
3876,101,1.0
3876,996,1.0
3876,805,1.0
3876,3108,1.0
3876,3173,1.0
3876,4068,1.0
3876,3877,1.0
3877,421,1.0
3877,486,1.0
3877,741,1.0
3877,550,1.0
3877,3493,1.0
3877,3558,1.0
3877,3813,1.0
3877,3622,1.0
3878,1190,1.0
3878,1255,1.0
3878,1894,1.0
3878,1959,1.0
3878,2214,1.0
3878,2279,1.0
3878,2918,1.0
3878,2983,1.0
3879,1319,1.0
3879,1384,1.0
3879,1639,1.0
3879,1704,1.0
3879,2343,1.0
3879,2408,1.0
3879,2663,1.0
3879,2728,1.0
3880,40,1.0
3880,105,1.0
3880,1000,1.0
3880,809,1.0
3880,3112,1.0
3880,3177,1.0
3880,4072,1.0
3880,3881,1.0
3881,425,1.0
3881,490,1.0
3881,745,1.0
3881,554,1.0
3881,3497,1.0
3881,3562,1.0
3881,3817,1.0
3881,3626,1.0
3882,1194,1.0
3882,1259,1.0
3882,1898,1.0
3882,1963,1.0
3882,2218,1.0
3882,2283,1.0
3882,2922,1.0
3882,2987,1.0
3883,1323,1.0
3883,1388,1.0
3883,1643,1.0
3883,1708,1.0
3883,2347,1.0
3883,2412,1.0
3883,2667,1.0
3883,2732,1.0
3884,44,1.0
3884,109,1.0
3884,1004,1.0
3884,813,1.0
3884,3116,1.0
3884,3181,1.0
3884,4076,1.0
3884,3885,1.0
3885,429,1.0
3885,494,1.0
3885,749,1.0
3885,558,1.0
3885,3501,1.0
3885,3566,1.0
3885,3821,1.0
3885,3630,1.0
3886,1198,1.0
3886,1263,1.0
3886,1902,1.0
3886,1967,1.0
3886,2222,1.0
3886,2287,1.0
3886,2926,1.0
3886,2991,1.0
3887,1327,1.0
3887,1392,1.0
3887,1647,1.0
3887,1712,1.0
3887,2351,1.0
3887,2416,1.0
3887,2671,1.0
3887,2736,1.0
3888,48,1.0
3888,113,1.0
3888,1008,1.0
3888,817,1.0
3888,3120,1.0
3888,3185,1.0
3888,4080,1.0
3888,3889,1.0
3889,433,1.0
3889,498,1.0
3889,753,1.0
3889,562,1.0
3889,3505,1.0
3889,3570,1.0
3889,3825,1.0
3889,3634,1.0
3890,1202,1.0
3890,1267,1.0
3890,1906,1.0
3890,1971,1.0
3890,2226,1.0
3890,2291,1.0
3890,2930,1.0
3890,2995,1.0
3891,1331,1.0
3891,1396,1.0
3891,1651,1.0
3891,1716,1.0
3891,2355,1.0
3891,2420,1.0
3891,2675,1.0
3891,2740,1.0
3892,52,1.0
3892,117,1.0
3892,1012,1.0
3892,821,1.0
3892,3124,1.0
3892,3189,1.0
3892,4084,1.0
3892,3893,1.0
3893,437,1.0
3893,502,1.0
3893,757,1.0
3893,566,1.0
3893,3509,1.0
3893,3574,1.0
3893,3829,1.0
3893,3638,1.0
3894,1206,1.0
3894,1271,1.0
3894,1910,1.0
3894,1975,1.0
3894,2230,1.0
3894,2295,1.0
3894,2934,1.0
3894,2999,1.0
3895,1335,1.0
3895,1400,1.0
3895,1655,1.0
3895,1720,1.0
3895,2359,1.0
3895,2424,1.0
3895,2679,1.0
3895,2744,1.0
3896,56,1.0
3896,121,1.0
3896,1016,1.0
3896,825,1.0
3896,3128,1.0
3896,3193,1.0
3896,4088,1.0
3896,3897,1.0
3897,441,1.0
3897,506,1.0
3897,761,1.0
3897,570,1.0
3897,3513,1.0
3897,3578,1.0
3897,3833,1.0
3897,3642,1.0
3898,1210,1.0
3898,1275,1.0
3898,1914,1.0
3898,1979,1.0
3898,2234,1.0
3898,2299,1.0
3898,2938,1.0
3898,3003,1.0
3899,1339,1.0
3899,1404,1.0
3899,1659,1.0
3899,1724,1.0
3899,2363,1.0
3899,2428,1.0
3899,2683,1.0
3899,2748,1.0
3900,60,1.0
3900,125,1.0
3900,1020,1.0
3900,829,1.0
3900,3132,1.0
3900,3197,1.0
3900,4092,1.0
3900,3901,1.0
3901,445,1.0
3901,510,1.0
3901,765,1.0
3901,574,1.0
3901,3517,1.0
3901,3582,1.0
3901,3837,1.0
3901,3646,1.0
3902,1214,1.0
3902,1279,1.0
3902,1918,1.0
3902,1983,1.0
3902,2238,1.0
3902,2303,1.0
3902,2942,1.0
3902,3007,1.0
3903,1343,1.0
3903,1344,1.0
3903,1663,1.0
3903,1664,1.0
3903,2367,1.0
3903,2368,1.0
3903,2687,1.0
3903,2688,1.0
3904,0,1.0
3904,65,1.0
3904,960,1.0
3904,769,1.0
3904,3072,1.0
3904,3137,1.0
3904,4032,1.0
3904,3841,1.0
3905,385,1.0
3905,450,1.0
3905,705,1.0
3905,514,1.0
3905,3457,1.0
3905,3522,1.0
3905,3777,1.0
3905,3586,1.0
3906,1154,1.0
3906,1219,1.0
3906,1858,1.0
3906,1923,1.0
3906,2178,1.0
3906,2243,1.0
3906,2882,1.0
3906,2947,1.0
3907,1283,1.0
3907,1348,1.0
3907,1603,1.0
3907,1668,1.0
3907,2307,1.0
3907,2372,1.0
3907,2627,1.0
3907,2692,1.0
3908,4,1.0
3908,69,1.0
3908,964,1.0
3908,773,1.0
3908,3076,1.0
3908,3141,1.0
3908,4036,1.0
3908,3845,1.0
3909,389,1.0
3909,454,1.0
3909,709,1.0
3909,518,1.0
3909,3461,1.0
3909,3526,1.0
3909,3781,1.0
3909,3590,1.0
3910,1158,1.0
3910,1223,1.0
3910,1862,1.0
3910,1927,1.0
3910,2182,1.0
3910,2247,1.0
3910,2886,1.0
3910,2951,1.0
3911,1287,1.0
3911,1352,1.0
3911,1607,1.0
3911,1672,1.0
3911,2311,1.0
3911,2376,1.0
3911,2631,1.0
3911,2696,1.0
3912,8,1.0
3912,73,1.0
3912,968,1.0
3912,777,1.0
3912,3080,1.0
3912,3145,1.0
3912,4040,1.0
3912,3849,1.0
3913,393,1.0
3913,458,1.0
3913,713,1.0
3913,522,1.0
3913,3465,1.0
3913,3530,1.0
3913,3785,1.0
3913,3594,1.0
3914,1162,1.0
3914,1227,1.0
3914,1866,1.0
3914,1931,1.0
3914,2186,1.0
3914,2251,1.0
3914,2890,1.0
3914,2955,1.0
3915,1291,1.0
3915,1356,1.0
3915,1611,1.0
3915,1676,1.0
3915,2315,1.0
3915,2380,1.0
3915,2635,1.0
3915,2700,1.0
3916,12,1.0
3916,77,1.0
3916,972,1.0
3916,781,1.0
3916,3084,1.0
3916,3149,1.0
3916,4044,1.0
3916,3853,1.0
3917,397,1.0
3917,462,1.0
3917,717,1.0
3917,526,1.0
3917,3469,1.0
3917,3534,1.0
3917,3789,1.0
3917,3598,1.0
3918,1166,1.0
3918,1231,1.0
3918,1870,1.0
3918,1935,1.0
3918,2190,1.0
3918,2255,1.0
3918,2894,1.0
3918,2959,1.0
3919,1295,1.0
3919,1360,1.0
3919,1615,1.0
3919,1680,1.0
3919,2319,1.0
3919,2384,1.0
3919,2639,1.0
3919,2704,1.0
3920,16,1.0
3920,81,1.0
3920,976,1.0
3920,785,1.0
3920,3088,1.0
3920,3153,1.0
3920,4048,1.0
3920,3857,1.0
3921,401,1.0
3921,466,1.0
3921,721,1.0
3921,530,1.0
3921,3473,1.0
3921,3538,1.0
3921,3793,1.0
3921,3602,1.0
3922,1170,1.0
3922,1235,1.0
3922,1874,1.0
3922,1939,1.0
3922,2194,1.0
3922,2259,1.0
3922,2898,1.0
3922,2963,1.0
3923,1299,1.0
3923,1364,1.0
3923,1619,1.0
3923,1684,1.0
3923,2323,1.0
3923,2388,1.0
3923,2643,1.0
3923,2708,1.0
3924,20,1.0
3924,85,1.0
3924,980,1.0
3924,789,1.0
3924,3092,1.0
3924,3157,1.0
3924,4052,1.0
3924,3861,1.0
3925,405,1.0
3925,470,1.0
3925,725,1.0
3925,534,1.0
3925,3477,1.0
3925,3542,1.0
3925,3797,1.0
3925,3606,1.0
3926,1174,1.0
3926,1239,1.0
3926,1878,1.0
3926,1943,1.0
3926,2198,1.0
3926,2263,1.0
3926,2902,1.0
3926,2967,1.0
3927,1303,1.0
3927,1368,1.0
3927,1623,1.0
3927,1688,1.0
3927,2327,1.0
3927,2392,1.0
3927,2647,1.0
3927,2712,1.0
3928,24,1.0
3928,89,1.0
3928,984,1.0
3928,793,1.0
3928,3096,1.0
3928,3161,1.0
3928,4056,1.0
3928,3865,1.0
3929,409,1.0
3929,474,1.0
3929,729,1.0
3929,538,1.0
3929,3481,1.0
3929,3546,1.0
3929,3801,1.0
3929,3610,1.0
3930,1178,1.0
3930,1243,1.0
3930,1882,1.0
3930,1947,1.0
3930,2202,1.0
3930,2267,1.0
3930,2906,1.0
3930,2971,1.0
3931,1307,1.0
3931,1372,1.0
3931,1627,1.0
3931,1692,1.0
3931,2331,1.0
3931,2396,1.0
3931,2651,1.0
3931,2716,1.0
3932,28,1.0
3932,93,1.0
3932,988,1.0
3932,797,1.0
3932,3100,1.0
3932,3165,1.0
3932,4060,1.0
3932,3869,1.0
3933,413,1.0
3933,478,1.0
3933,733,1.0
3933,542,1.0
3933,3485,1.0
3933,3550,1.0
3933,3805,1.0
3933,3614,1.0
3934,1182,1.0
3934,1247,1.0
3934,1886,1.0
3934,1951,1.0
3934,2206,1.0
3934,2271,1.0
3934,2910,1.0
3934,2975,1.0
3935,1311,1.0
3935,1376,1.0
3935,1631,1.0
3935,1696,1.0
3935,2335,1.0
3935,2400,1.0
3935,2655,1.0
3935,2720,1.0
3936,32,1.0
3936,97,1.0
3936,992,1.0
3936,801,1.0
3936,3104,1.0
3936,3169,1.0
3936,4064,1.0
3936,3873,1.0
3937,417,1.0
3937,482,1.0
3937,737,1.0
3937,546,1.0
3937,3489,1.0
3937,3554,1.0
3937,3809,1.0
3937,3618,1.0
3938,1186,1.0
3938,1251,1.0
3938,1890,1.0
3938,1955,1.0
3938,2210,1.0
3938,2275,1.0
3938,2914,1.0
3938,2979,1.0
3939,1315,1.0
3939,1380,1.0
3939,1635,1.0
3939,1700,1.0
3939,2339,1.0
3939,2404,1.0
3939,2659,1.0
3939,2724,1.0
3940,36,1.0
3940,101,1.0
3940,996,1.0
3940,805,1.0
3940,3108,1.0
3940,3173,1.0
3940,4068,1.0
3940,3877,1.0
3941,421,1.0
3941,486,1.0
3941,741,1.0
3941,550,1.0
3941,3493,1.0
3941,3558,1.0
3941,3813,1.0
3941,3622,1.0
3942,1190,1.0
3942,1255,1.0
3942,1894,1.0
3942,1959,1.0
3942,2214,1.0
3942,2279,1.0
3942,2918,1.0
3942,2983,1.0
3943,1319,1.0
3943,1384,1.0
3943,1639,1.0
3943,1704,1.0
3943,2343,1.0
3943,2408,1.0
3943,2663,1.0
3943,2728,1.0
3944,40,1.0
3944,105,1.0
3944,1000,1.0
3944,809,1.0
3944,3112,1.0
3944,3177,1.0
3944,4072,1.0
3944,3881,1.0
3945,425,1.0
3945,490,1.0
3945,745,1.0
3945,554,1.0
3945,3497,1.0
3945,3562,1.0
3945,3817,1.0
3945,3626,1.0
3946,1194,1.0
3946,1259,1.0
3946,1898,1.0
3946,1963,1.0
3946,2218,1.0
3946,2283,1.0
3946,2922,1.0
3946,2987,1.0
3947,1323,1.0
3947,1388,1.0
3947,1643,1.0
3947,1708,1.0
3947,2347,1.0
3947,2412,1.0
3947,2667,1.0
3947,2732,1.0
3948,44,1.0
3948,109,1.0
3948,1004,1.0
3948,813,1.0
3948,3116,1.0
3948,3181,1.0
3948,4076,1.0
3948,3885,1.0
3949,429,1.0
3949,494,1.0
3949,749,1.0
3949,558,1.0
3949,3501,1.0
3949,3566,1.0
3949,3821,1.0
3949,3630,1.0
3950,1198,1.0
3950,1263,1.0
3950,1902,1.0
3950,1967,1.0
3950,2222,1.0
3950,2287,1.0
3950,2926,1.0
3950,2991,1.0
3951,1327,1.0
3951,1392,1.0
3951,1647,1.0
3951,1712,1.0
3951,2351,1.0
3951,2416,1.0
3951,2671,1.0
3951,2736,1.0
3952,48,1.0
3952,113,1.0
3952,1008,1.0
3952,817,1.0
3952,3120,1.0
3952,3185,1.0
3952,4080,1.0
3952,3889,1.0
3953,433,1.0
3953,498,1.0
3953,753,1.0
3953,562,1.0
3953,3505,1.0
3953,3570,1.0
3953,3825,1.0
3953,3634,1.0
3954,1202,1.0
3954,1267,1.0
3954,1906,1.0
3954,1971,1.0
3954,2226,1.0
3954,2291,1.0
3954,2930,1.0
3954,2995,1.0
3955,1331,1.0
3955,1396,1.0
3955,1651,1.0
3955,1716,1.0
3955,2355,1.0
3955,2420,1.0
3955,2675,1.0
3955,2740,1.0
3956,52,1.0
3956,117,1.0
3956,1012,1.0
3956,821,1.0
3956,3124,1.0
3956,3189,1.0
3956,4084,1.0
3956,3893,1.0
3957,437,1.0
3957,502,1.0
3957,757,1.0
3957,566,1.0
3957,3509,1.0
3957,3574,1.0
3957,3829,1.0
3957,3638,1.0
3958,1206,1.0
3958,1271,1.0
3958,1910,1.0
3958,1975,1.0
3958,2230,1.0
3958,2295,1.0
3958,2934,1.0
3958,2999,1.0
3959,1335,1.0
3959,1400,1.0
3959,1655,1.0
3959,1720,1.0
3959,2359,1.0
3959,2424,1.0
3959,2679,1.0
3959,2744,1.0
3960,56,1.0
3960,121,1.0
3960,1016,1.0
3960,825,1.0
3960,3128,1.0
3960,3193,1.0
3960,4088,1.0
3960,3897,1.0
3961,441,1.0
3961,506,1.0
3961,761,1.0
3961,570,1.0
3961,3513,1.0
3961,3578,1.0
3961,3833,1.0
3961,3642,1.0
3962,1210,1.0
3962,1275,1.0
3962,1914,1.0
3962,1979,1.0
3962,2234,1.0
3962,2299,1.0
3962,2938,1.0
3962,3003,1.0
3963,1339,1.0
3963,1404,1.0
3963,1659,1.0
3963,1724,1.0
3963,2363,1.0
3963,2428,1.0
3963,2683,1.0
3963,2748,1.0
3964,60,1.0
3964,125,1.0
3964,1020,1.0
3964,829,1.0
3964,3132,1.0
3964,3197,1.0
3964,4092,1.0
3964,3901,1.0
3965,445,1.0
3965,510,1.0
3965,765,1.0
3965,574,1.0
3965,3517,1.0
3965,3582,1.0
3965,3837,1.0
3965,3646,1.0
3966,1214,1.0
3966,1279,1.0
3966,1918,1.0
3966,1983,1.0
3966,2238,1.0
3966,2303,1.0
3966,2942,1.0
3966,3007,1.0
3967,1343,1.0
3967,1344,1.0
3967,1663,1.0
3967,1664,1.0
3967,2367,1.0
3967,2368,1.0
3967,2687,1.0
3967,2688,1.0
3968,0,1.0
3968,65,1.0
3968,960,1.0
3968,769,1.0
3968,3072,1.0
3968,3137,1.0
3968,4032,1.0
3968,3841,1.0
3969,385,1.0
3969,450,1.0
3969,705,1.0
3969,514,1.0
3969,3457,1.0
3969,3522,1.0
3969,3777,1.0
3969,3586,1.0
3970,1154,1.0
3970,1219,1.0
3970,1858,1.0
3970,1923,1.0
3970,2178,1.0
3970,2243,1.0
3970,2882,1.0
3970,2947,1.0
3971,1283,1.0
3971,1348,1.0
3971,1603,1.0
3971,1668,1.0
3971,2307,1.0
3971,2372,1.0
3971,2627,1.0
3971,2692,1.0
3972,4,1.0
3972,69,1.0
3972,964,1.0
3972,773,1.0
3972,3076,1.0
3972,3141,1.0
3972,4036,1.0
3972,3845,1.0
3973,389,1.0
3973,454,1.0
3973,709,1.0
3973,518,1.0
3973,3461,1.0
3973,3526,1.0
3973,3781,1.0
3973,3590,1.0
3974,1158,1.0
3974,1223,1.0
3974,1862,1.0
3974,1927,1.0
3974,2182,1.0
3974,2247,1.0
3974,2886,1.0
3974,2951,1.0
3975,1287,1.0
3975,1352,1.0
3975,1607,1.0
3975,1672,1.0
3975,2311,1.0
3975,2376,1.0
3975,2631,1.0
3975,2696,1.0
3976,8,1.0
3976,73,1.0
3976,968,1.0
3976,777,1.0
3976,3080,1.0
3976,3145,1.0
3976,4040,1.0
3976,3849,1.0
3977,393,1.0
3977,458,1.0
3977,713,1.0
3977,522,1.0
3977,3465,1.0
3977,3530,1.0
3977,3785,1.0
3977,3594,1.0
3978,1162,1.0
3978,1227,1.0
3978,1866,1.0
3978,1931,1.0
3978,2186,1.0
3978,2251,1.0
3978,2890,1.0
3978,2955,1.0
3979,1291,1.0
3979,1356,1.0
3979,1611,1.0
3979,1676,1.0
3979,2315,1.0
3979,2380,1.0
3979,2635,1.0
3979,2700,1.0
3980,12,1.0
3980,77,1.0
3980,972,1.0
3980,781,1.0
3980,3084,1.0
3980,3149,1.0
3980,4044,1.0
3980,3853,1.0
3981,397,1.0
3981,462,1.0
3981,717,1.0
3981,526,1.0
3981,3469,1.0
3981,3534,1.0
3981,3789,1.0
3981,3598,1.0
3982,1166,1.0
3982,1231,1.0
3982,1870,1.0
3982,1935,1.0
3982,2190,1.0
3982,2255,1.0
3982,2894,1.0
3982,2959,1.0
3983,1295,1.0
3983,1360,1.0
3983,1615,1.0
3983,1680,1.0
3983,2319,1.0
3983,2384,1.0
3983,2639,1.0
3983,2704,1.0
3984,16,1.0
3984,81,1.0
3984,976,1.0
3984,785,1.0
3984,3088,1.0
3984,3153,1.0
3984,4048,1.0
3984,3857,1.0
3985,401,1.0
3985,466,1.0
3985,721,1.0
3985,530,1.0
3985,3473,1.0
3985,3538,1.0
3985,3793,1.0
3985,3602,1.0
3986,1170,1.0
3986,1235,1.0
3986,1874,1.0
3986,1939,1.0
3986,2194,1.0
3986,2259,1.0
3986,2898,1.0
3986,2963,1.0
3987,1299,1.0
3987,1364,1.0
3987,1619,1.0
3987,1684,1.0
3987,2323,1.0
3987,2388,1.0
3987,2643,1.0
3987,2708,1.0
3988,20,1.0
3988,85,1.0
3988,980,1.0
3988,789,1.0
3988,3092,1.0
3988,3157,1.0
3988,4052,1.0
3988,3861,1.0
3989,405,1.0
3989,470,1.0
3989,725,1.0
3989,534,1.0
3989,3477,1.0
3989,3542,1.0
3989,3797,1.0
3989,3606,1.0
3990,1174,1.0
3990,1239,1.0
3990,1878,1.0
3990,1943,1.0
3990,2198,1.0
3990,2263,1.0
3990,2902,1.0
3990,2967,1.0
3991,1303,1.0
3991,1368,1.0
3991,1623,1.0
3991,1688,1.0
3991,2327,1.0
3991,2392,1.0
3991,2647,1.0
3991,2712,1.0
3992,24,1.0
3992,89,1.0
3992,984,1.0
3992,793,1.0
3992,3096,1.0
3992,3161,1.0
3992,4056,1.0
3992,3865,1.0
3993,409,1.0
3993,474,1.0
3993,729,1.0
3993,538,1.0
3993,3481,1.0
3993,3546,1.0
3993,3801,1.0
3993,3610,1.0
3994,1178,1.0
3994,1243,1.0
3994,1882,1.0
3994,1947,1.0
3994,2202,1.0
3994,2267,1.0
3994,2906,1.0
3994,2971,1.0
3995,1307,1.0
3995,1372,1.0
3995,1627,1.0
3995,1692,1.0
3995,2331,1.0
3995,2396,1.0
3995,2651,1.0
3995,2716,1.0
3996,28,1.0
3996,93,1.0
3996,988,1.0
3996,797,1.0
3996,3100,1.0
3996,3165,1.0
3996,4060,1.0
3996,3869,1.0
3997,413,1.0
3997,478,1.0
3997,733,1.0
3997,542,1.0
3997,3485,1.0
3997,3550,1.0
3997,3805,1.0
3997,3614,1.0
3998,1182,1.0
3998,1247,1.0
3998,1886,1.0
3998,1951,1.0
3998,2206,1.0
3998,2271,1.0
3998,2910,1.0
3998,2975,1.0
3999,1311,1.0
3999,1376,1.0
3999,1631,1.0
3999,1696,1.0
3999,2335,1.0
3999,2400,1.0
3999,2655,1.0
3999,2720,1.0
4000,32,1.0
4000,97,1.0
4000,992,1.0
4000,801,1.0
4000,3104,1.0
4000,3169,1.0
4000,4064,1.0
4000,3873,1.0
4001,417,1.0
4001,482,1.0
4001,737,1.0
4001,546,1.0
4001,3489,1.0
4001,3554,1.0
4001,3809,1.0
4001,3618,1.0
4002,1186,1.0
4002,1251,1.0
4002,1890,1.0
4002,1955,1.0
4002,2210,1.0
4002,2275,1.0
4002,2914,1.0
4002,2979,1.0
4003,1315,1.0
4003,1380,1.0
4003,1635,1.0
4003,1700,1.0
4003,2339,1.0
4003,2404,1.0
4003,2659,1.0
4003,2724,1.0
4004,36,1.0
4004,101,1.0
4004,996,1.0
4004,805,1.0
4004,3108,1.0
4004,3173,1.0
4004,4068,1.0
4004,3877,1.0
4005,421,1.0
4005,486,1.0
4005,741,1.0
4005,550,1.0
4005,3493,1.0
4005,3558,1.0
4005,3813,1.0
4005,3622,1.0
4006,1190,1.0
4006,1255,1.0
4006,1894,1.0
4006,1959,1.0
4006,2214,1.0
4006,2279,1.0
4006,2918,1.0
4006,2983,1.0
4007,1319,1.0
4007,1384,1.0
4007,1639,1.0
4007,1704,1.0
4007,2343,1.0
4007,2408,1.0
4007,2663,1.0
4007,2728,1.0
4008,40,1.0
4008,105,1.0
4008,1000,1.0
4008,809,1.0
4008,3112,1.0
4008,3177,1.0
4008,4072,1.0
4008,3881,1.0
4009,425,1.0
4009,490,1.0
4009,745,1.0
4009,554,1.0
4009,3497,1.0
4009,3562,1.0
4009,3817,1.0
4009,3626,1.0
4010,1194,1.0
4010,1259,1.0
4010,1898,1.0
4010,1963,1.0
4010,2218,1.0
4010,2283,1.0
4010,2922,1.0
4010,2987,1.0
4011,1323,1.0
4011,1388,1.0
4011,1643,1.0
4011,1708,1.0
4011,2347,1.0
4011,2412,1.0
4011,2667,1.0
4011,2732,1.0
4012,44,1.0
4012,109,1.0
4012,1004,1.0
4012,813,1.0
4012,3116,1.0
4012,3181,1.0
4012,4076,1.0
4012,3885,1.0
4013,429,1.0
4013,494,1.0
4013,749,1.0
4013,558,1.0
4013,3501,1.0
4013,3566,1.0
4013,3821,1.0
4013,3630,1.0
4014,1198,1.0
4014,1263,1.0
4014,1902,1.0
4014,1967,1.0
4014,2222,1.0
4014,2287,1.0
4014,2926,1.0
4014,2991,1.0
4015,1327,1.0
4015,1392,1.0
4015,1647,1.0
4015,1712,1.0
4015,2351,1.0
4015,2416,1.0
4015,2671,1.0
4015,2736,1.0
4016,48,1.0
4016,113,1.0
4016,1008,1.0
4016,817,1.0
4016,3120,1.0
4016,3185,1.0
4016,4080,1.0
4016,3889,1.0
4017,433,1.0
4017,498,1.0
4017,753,1.0
4017,562,1.0
4017,3505,1.0
4017,3570,1.0
4017,3825,1.0
4017,3634,1.0
4018,1202,1.0
4018,1267,1.0
4018,1906,1.0
4018,1971,1.0
4018,2226,1.0
4018,2291,1.0
4018,2930,1.0
4018,2995,1.0
4019,1331,1.0
4019,1396,1.0
4019,1651,1.0
4019,1716,1.0
4019,2355,1.0
4019,2420,1.0
4019,2675,1.0
4019,2740,1.0
4020,52,1.0
4020,117,1.0
4020,1012,1.0
4020,821,1.0
4020,3124,1.0
4020,3189,1.0
4020,4084,1.0
4020,3893,1.0
4021,437,1.0
4021,502,1.0
4021,757,1.0
4021,566,1.0
4021,3509,1.0
4021,3574,1.0
4021,3829,1.0
4021,3638,1.0
4022,1206,1.0
4022,1271,1.0
4022,1910,1.0
4022,1975,1.0
4022,2230,1.0
4022,2295,1.0
4022,2934,1.0
4022,2999,1.0
4023,1335,1.0
4023,1400,1.0
4023,1655,1.0
4023,1720,1.0
4023,2359,1.0
4023,2424,1.0
4023,2679,1.0
4023,2744,1.0
4024,56,1.0
4024,121,1.0
4024,1016,1.0
4024,825,1.0
4024,3128,1.0
4024,3193,1.0
4024,4088,1.0
4024,3897,1.0
4025,441,1.0
4025,506,1.0
4025,761,1.0
4025,570,1.0
4025,3513,1.0
4025,3578,1.0
4025,3833,1.0
4025,3642,1.0
4026,1210,1.0
4026,1275,1.0
4026,1914,1.0
4026,1979,1.0
4026,2234,1.0
4026,2299,1.0
4026,2938,1.0
4026,3003,1.0
4027,1339,1.0
4027,1404,1.0
4027,1659,1.0
4027,1724,1.0
4027,2363,1.0
4027,2428,1.0
4027,2683,1.0
4027,2748,1.0
4028,60,1.0
4028,125,1.0
4028,1020,1.0
4028,829,1.0
4028,3132,1.0
4028,3197,1.0
4028,4092,1.0
4028,3901,1.0
4029,445,1.0
4029,510,1.0
4029,765,1.0
4029,574,1.0
4029,3517,1.0
4029,3582,1.0
4029,3837,1.0
4029,3646,1.0
4030,1214,1.0
4030,1279,1.0
4030,1918,1.0
4030,1983,1.0
4030,2238,1.0
4030,2303,1.0
4030,2942,1.0
4030,3007,1.0
4031,1343,1.0
4031,1344,1.0
4031,1663,1.0
4031,1664,1.0
4031,2367,1.0
4031,2368,1.0
4031,2687,1.0
4031,2688,1.0
4032,0,1.0
4032,65,1.0
4032,960,1.0
4032,769,1.0
4032,3072,1.0
4032,3137,1.0
4032,4032,1.0
4032,3841,1.0
4033,385,1.0
4033,450,1.0
4033,705,1.0
4033,514,1.0
4033,3457,1.0
4033,3522,1.0
4033,3777,1.0
4033,3586,1.0
4034,1154,1.0
4034,1219,1.0
4034,1858,1.0
4034,1923,1.0
4034,2178,1.0
4034,2243,1.0
4034,2882,1.0
4034,2947,1.0
4035,1283,1.0
4035,1348,1.0
4035,1603,1.0
4035,1668,1.0
4035,2307,1.0
4035,2372,1.0
4035,2627,1.0
4035,2692,1.0
4036,4,1.0
4036,69,1.0
4036,964,1.0
4036,773,1.0
4036,3076,1.0
4036,3141,1.0
4036,4036,1.0
4036,3845,1.0
4037,389,1.0
4037,454,1.0
4037,709,1.0
4037,518,1.0
4037,3461,1.0
4037,3526,1.0
4037,3781,1.0
4037,3590,1.0
4038,1158,1.0
4038,1223,1.0
4038,1862,1.0
4038,1927,1.0
4038,2182,1.0
4038,2247,1.0
4038,2886,1.0
4038,2951,1.0
4039,1287,1.0
4039,1352,1.0
4039,1607,1.0
4039,1672,1.0
4039,2311,1.0
4039,2376,1.0
4039,2631,1.0
4039,2696,1.0
4040,8,1.0
4040,73,1.0
4040,968,1.0
4040,777,1.0
4040,3080,1.0
4040,3145,1.0
4040,4040,1.0
4040,3849,1.0
4041,393,1.0
4041,458,1.0
4041,713,1.0
4041,522,1.0
4041,3465,1.0
4041,3530,1.0
4041,3785,1.0
4041,3594,1.0
4042,1162,1.0
4042,1227,1.0
4042,1866,1.0
4042,1931,1.0
4042,2186,1.0
4042,2251,1.0
4042,2890,1.0
4042,2955,1.0
4043,1291,1.0
4043,1356,1.0
4043,1611,1.0
4043,1676,1.0
4043,2315,1.0
4043,2380,1.0
4043,2635,1.0
4043,2700,1.0
4044,12,1.0
4044,77,1.0
4044,972,1.0
4044,781,1.0
4044,3084,1.0
4044,3149,1.0
4044,4044,1.0
4044,3853,1.0
4045,397,1.0
4045,462,1.0
4045,717,1.0
4045,526,1.0
4045,3469,1.0
4045,3534,1.0
4045,3789,1.0
4045,3598,1.0
4046,1166,1.0
4046,1231,1.0
4046,1870,1.0
4046,1935,1.0
4046,2190,1.0
4046,2255,1.0
4046,2894,1.0
4046,2959,1.0
4047,1295,1.0
4047,1360,1.0
4047,1615,1.0
4047,1680,1.0
4047,2319,1.0
4047,2384,1.0
4047,2639,1.0
4047,2704,1.0
4048,16,1.0
4048,81,1.0
4048,976,1.0
4048,785,1.0
4048,3088,1.0
4048,3153,1.0
4048,4048,1.0
4048,3857,1.0
4049,401,1.0
4049,466,1.0
4049,721,1.0
4049,530,1.0
4049,3473,1.0
4049,3538,1.0
4049,3793,1.0
4049,3602,1.0
4050,1170,1.0
4050,1235,1.0
4050,1874,1.0
4050,1939,1.0
4050,2194,1.0
4050,2259,1.0
4050,2898,1.0
4050,2963,1.0
4051,1299,1.0
4051,1364,1.0
4051,1619,1.0
4051,1684,1.0
4051,2323,1.0
4051,2388,1.0
4051,2643,1.0
4051,2708,1.0
4052,20,1.0
4052,85,1.0
4052,980,1.0
4052,789,1.0
4052,3092,1.0
4052,3157,1.0
4052,4052,1.0
4052,3861,1.0
4053,405,1.0
4053,470,1.0
4053,725,1.0
4053,534,1.0
4053,3477,1.0
4053,3542,1.0
4053,3797,1.0
4053,3606,1.0
4054,1174,1.0
4054,1239,1.0
4054,1878,1.0
4054,1943,1.0
4054,2198,1.0
4054,2263,1.0
4054,2902,1.0
4054,2967,1.0
4055,1303,1.0
4055,1368,1.0
4055,1623,1.0
4055,1688,1.0
4055,2327,1.0
4055,2392,1.0
4055,2647,1.0
4055,2712,1.0
4056,24,1.0
4056,89,1.0
4056,984,1.0
4056,793,1.0
4056,3096,1.0
4056,3161,1.0
4056,4056,1.0
4056,3865,1.0
4057,409,1.0
4057,474,1.0
4057,729,1.0
4057,538,1.0
4057,3481,1.0
4057,3546,1.0
4057,3801,1.0
4057,3610,1.0
4058,1178,1.0
4058,1243,1.0
4058,1882,1.0
4058,1947,1.0
4058,2202,1.0
4058,2267,1.0
4058,2906,1.0
4058,2971,1.0
4059,1307,1.0
4059,1372,1.0
4059,1627,1.0
4059,1692,1.0
4059,2331,1.0
4059,2396,1.0
4059,2651,1.0
4059,2716,1.0
4060,28,1.0
4060,93,1.0
4060,988,1.0
4060,797,1.0
4060,3100,1.0
4060,3165,1.0
4060,4060,1.0
4060,3869,1.0
4061,413,1.0
4061,478,1.0
4061,733,1.0
4061,542,1.0
4061,3485,1.0
4061,3550,1.0
4061,3805,1.0
4061,3614,1.0
4062,1182,1.0
4062,1247,1.0
4062,1886,1.0
4062,1951,1.0
4062,2206,1.0
4062,2271,1.0
4062,2910,1.0
4062,2975,1.0
4063,1311,1.0
4063,1376,1.0
4063,1631,1.0
4063,1696,1.0
4063,2335,1.0
4063,2400,1.0
4063,2655,1.0
4063,2720,1.0
4064,32,1.0
4064,97,1.0
4064,992,1.0
4064,801,1.0
4064,3104,1.0
4064,3169,1.0
4064,4064,1.0
4064,3873,1.0
4065,417,1.0
4065,482,1.0
4065,737,1.0
4065,546,1.0
4065,3489,1.0
4065,3554,1.0
4065,3809,1.0
4065,3618,1.0
4066,1186,1.0
4066,1251,1.0
4066,1890,1.0
4066,1955,1.0
4066,2210,1.0
4066,2275,1.0
4066,2914,1.0
4066,2979,1.0
4067,1315,1.0
4067,1380,1.0
4067,1635,1.0
4067,1700,1.0
4067,2339,1.0
4067,2404,1.0
4067,2659,1.0
4067,2724,1.0
4068,36,1.0
4068,101,1.0
4068,996,1.0
4068,805,1.0
4068,3108,1.0
4068,3173,1.0
4068,4068,1.0
4068,3877,1.0
4069,421,1.0
4069,486,1.0
4069,741,1.0
4069,550,1.0
4069,3493,1.0
4069,3558,1.0
4069,3813,1.0
4069,3622,1.0
4070,1190,1.0
4070,1255,1.0
4070,1894,1.0
4070,1959,1.0
4070,2214,1.0
4070,2279,1.0
4070,2918,1.0
4070,2983,1.0
4071,1319,1.0
4071,1384,1.0
4071,1639,1.0
4071,1704,1.0
4071,2343,1.0
4071,2408,1.0
4071,2663,1.0
4071,2728,1.0
4072,40,1.0
4072,105,1.0
4072,1000,1.0
4072,809,1.0
4072,3112,1.0
4072,3177,1.0
4072,4072,1.0
4072,3881,1.0
4073,425,1.0
4073,490,1.0
4073,745,1.0
4073,554,1.0
4073,3497,1.0
4073,3562,1.0
4073,3817,1.0
4073,3626,1.0
4074,1194,1.0
4074,1259,1.0
4074,1898,1.0
4074,1963,1.0
4074,2218,1.0
4074,2283,1.0
4074,2922,1.0
4074,2987,1.0
4075,1323,1.0
4075,1388,1.0
4075,1643,1.0
4075,1708,1.0
4075,2347,1.0
4075,2412,1.0
4075,2667,1.0
4075,2732,1.0
4076,44,1.0
4076,109,1.0
4076,1004,1.0
4076,813,1.0
4076,3116,1.0
4076,3181,1.0
4076,4076,1.0
4076,3885,1.0
4077,429,1.0
4077,494,1.0
4077,749,1.0
4077,558,1.0
4077,3501,1.0
4077,3566,1.0
4077,3821,1.0
4077,3630,1.0
4078,1198,1.0
4078,1263,1.0
4078,1902,1.0
4078,1967,1.0
4078,2222,1.0
4078,2287,1.0
4078,2926,1.0
4078,2991,1.0
4079,1327,1.0
4079,1392,1.0
4079,1647,1.0
4079,1712,1.0
4079,2351,1.0
4079,2416,1.0
4079,2671,1.0
4079,2736,1.0
4080,48,1.0
4080,113,1.0
4080,1008,1.0
4080,817,1.0
4080,3120,1.0
4080,3185,1.0
4080,4080,1.0
4080,3889,1.0
4081,433,1.0
4081,498,1.0
4081,753,1.0
4081,562,1.0
4081,3505,1.0
4081,3570,1.0
4081,3825,1.0
4081,3634,1.0
4082,1202,1.0
4082,1267,1.0
4082,1906,1.0
4082,1971,1.0
4082,2226,1.0
4082,2291,1.0
4082,2930,1.0
4082,2995,1.0
4083,1331,1.0
4083,1396,1.0
4083,1651,1.0
4083,1716,1.0
4083,2355,1.0
4083,2420,1.0
4083,2675,1.0
4083,2740,1.0
4084,52,1.0
4084,117,1.0
4084,1012,1.0
4084,821,1.0
4084,3124,1.0
4084,3189,1.0
4084,4084,1.0
4084,3893,1.0
4085,437,1.0
4085,502,1.0
4085,757,1.0
4085,566,1.0
4085,3509,1.0
4085,3574,1.0
4085,3829,1.0
4085,3638,1.0
4086,1206,1.0
4086,1271,1.0
4086,1910,1.0
4086,1975,1.0
4086,2230,1.0
4086,2295,1.0
4086,2934,1.0
4086,2999,1.0
4087,1335,1.0
4087,1400,1.0
4087,1655,1.0
4087,1720,1.0
4087,2359,1.0
4087,2424,1.0
4087,2679,1.0
4087,2744,1.0
4088,56,1.0
4088,121,1.0
4088,1016,1.0
4088,825,1.0
4088,3128,1.0
4088,3193,1.0
4088,4088,1.0
4088,3897,1.0
4089,441,1.0
4089,506,1.0
4089,761,1.0
4089,570,1.0
4089,3513,1.0
4089,3578,1.0
4089,3833,1.0
4089,3642,1.0
4090,1210,1.0
4090,1275,1.0
4090,1914,1.0
4090,1979,1.0
4090,2234,1.0
4090,2299,1.0
4090,2938,1.0
4090,3003,1.0
4091,1339,1.0
4091,1404,1.0
4091,1659,1.0
4091,1724,1.0
4091,2363,1.0
4091,2428,1.0
4091,2683,1.0
4091,2748,1.0
4092,60,1.0
4092,125,1.0
4092,1020,1.0
4092,829,1.0
4092,3132,1.0
4092,3197,1.0
4092,4092,1.0
4092,3901,1.0
4093,445,1.0
4093,510,1.0
4093,765,1.0
4093,574,1.0
4093,3517,1.0
4093,3582,1.0
4093,3837,1.0
4093,3646,1.0
4094,1214,1.0
4094,1279,1.0
4094,1918,1.0
4094,1983,1.0
4094,2238,1.0
4094,2303,1.0
4094,2942,1.0
4094,3007,1.0
4095,1343,1.0
4095,1344,1.0
4095,1663,1.0
4095,1664,1.0
4095,2367,1.0
4095,2368,1.0
4095,2687,1.0
4095,2688,1.0
