src,dst,w
0,0,1.0
0,385,1.0
0,1154,1.0
0,1283,1.0
0,960,1.0
0,1729,1.0
0,1858,1.0
0,579,1.0
0,3072,1.0
0,3457,1.0
0,2178,1.0
0,2307,1.0
0,4032,1.0
0,2753,1.0
0,2882,1.0
0,3651,1.0
1,385,1.0
1,1154,1.0
1,1283,1.0
1,4,1.0
1,705,1.0
1,834,1.0
1,1603,1.0
1,1988,1.0
1,3457,1.0
1,2178,1.0
1,2307,1.0
1,3076,1.0
1,3777,1.0
1,3906,1.0
1,2627,1.0
1,3012,1.0
2,1154,1.0
2,1283,1.0
2,4,1.0
2,389,1.0
2,1858,1.0
2,579,1.0
2,964,1.0
2,1733,1.0
2,2178,1.0
2,2307,1.0
2,3076,1.0
2,3461,1.0
2,2882,1.0
2,3651,1.0
2,4036,1.0
2,2757,1.0
3,1283,1.0
3,4,1.0
3,389,1.0
3,1158,1.0
3,1603,1.0
3,1988,1.0
3,709,1.0
3,838,1.0
3,2307,1.0
3,3076,1.0
3,3461,1.0
3,2182,1.0
3,2627,1.0
3,3012,1.0
3,3781,1.0
3,3910,1.0
4,4,1.0
4,389,1.0
4,1158,1.0
4,1287,1.0
4,964,1.0
4,1733,1.0
4,1862,1.0
4,583,1.0
4,3076,1.0
4,3461,1.0
4,2182,1.0
4,2311,1.0
4,4036,1.0
4,2757,1.0
4,2886,1.0
4,3655,1.0
5,389,1.0
5,1158,1.0
5,1287,1.0
5,8,1.0
5,709,1.0
5,838,1.0
5,1607,1.0
5,1992,1.0
5,3461,1.0
5,2182,1.0
5,2311,1.0
5,3080,1.0
5,3781,1.0
5,3910,1.0
5,2631,1.0
5,3016,1.0
6,1158,1.0
6,1287,1.0
6,8,1.0
6,393,1.0
6,1862,1.0
6,583,1.0
6,968,1.0
6,1737,1.0
6,2182,1.0
6,2311,1.0
6,3080,1.0
6,3465,1.0
6,2886,1.0
6,3655,1.0
6,4040,1.0
6,2761,1.0
7,1287,1.0
7,8,1.0
7,393,1.0
7,1162,1.0
7,1607,1.0
7,1992,1.0
7,713,1.0
7,842,1.0
7,2311,1.0
7,3080,1.0
7,3465,1.0
7,2186,1.0
7,2631,1.0
7,3016,1.0
7,3785,1.0
7,3914,1.0
8,8,1.0
8,393,1.0
8,1162,1.0
8,1291,1.0
8,968,1.0
8,1737,1.0
8,1866,1.0
8,587,1.0
8,3080,1.0
8,3465,1.0
8,2186,1.0
8,2315,1.0
8,4040,1.0
8,2761,1.0
8,2890,1.0
8,3659,1.0
9,393,1.0
9,1162,1.0
9,1291,1.0
9,12,1.0
9,713,1.0
9,842,1.0
9,1611,1.0
9,1996,1.0
9,3465,1.0
9,2186,1.0
9,2315,1.0
9,3084,1.0
9,3785,1.0
9,3914,1.0
9,2635,1.0
9,3020,1.0
10,1162,1.0
10,1291,1.0
10,12,1.0
10,397,1.0
10,1866,1.0
10,587,1.0
10,972,1.0
10,1741,1.0
10,2186,1.0
10,2315,1.0
10,3084,1.0
10,3469,1.0
10,2890,1.0
10,3659,1.0
10,4044,1.0
10,2765,1.0
11,1291,1.0
11,12,1.0
11,397,1.0
11,1166,1.0
11,1611,1.0
11,1996,1.0
11,717,1.0
11,846,1.0
11,2315,1.0
11,3084,1.0
11,3469,1.0
11,2190,1.0
11,2635,1.0
11,3020,1.0
11,3789,1.0
11,3918,1.0
12,12,1.0
12,397,1.0
12,1166,1.0
12,1295,1.0
12,972,1.0
12,1741,1.0
12,1870,1.0
12,591,1.0
12,3084,1.0
12,3469,1.0
12,2190,1.0
12,2319,1.0
12,4044,1.0
12,2765,1.0
12,2894,1.0
12,3663,1.0
13,397,1.0
13,1166,1.0
13,1295,1.0
13,16,1.0
13,717,1.0
13,846,1.0
13,1615,1.0
13,2000,1.0
13,3469,1.0
13,2190,1.0
13,2319,1.0
13,3088,1.0
13,3789,1.0
13,3918,1.0
13,2639,1.0
13,3024,1.0
14,1166,1.0
14,1295,1.0
14,16,1.0
14,401,1.0
14,1870,1.0
14,591,1.0
14,976,1.0
14,1745,1.0
14,2190,1.0
14,2319,1.0
14,3088,1.0
14,3473,1.0
14,2894,1.0
14,3663,1.0
14,4048,1.0
14,2769,1.0
15,1295,1.0
15,16,1.0
15,401,1.0
15,1170,1.0
15,1615,1.0
15,2000,1.0
15,721,1.0
15,850,1.0
15,2319,1.0
15,3088,1.0
15,3473,1.0
15,2194,1.0
15,2639,1.0
15,3024,1.0
15,3793,1.0
15,3922,1.0
16,16,1.0
16,401,1.0
16,1170,1.0
16,1299,1.0
16,976,1.0
16,1745,1.0
16,1874,1.0
16,595,1.0
16,3088,1.0
16,3473,1.0
16,2194,1.0
16,2323,1.0
16,4048,1.0
16,2769,1.0
16,2898,1.0
16,3667,1.0
17,401,1.0
17,1170,1.0
17,1299,1.0
17,20,1.0
17,721,1.0
17,850,1.0
17,1619,1.0
17,2004,1.0
17,3473,1.0
17,2194,1.0
17,2323,1.0
17,3092,1.0
17,3793,1.0
17,3922,1.0
17,2643,1.0
17,3028,1.0
18,1170,1.0
18,1299,1.0
18,20,1.0
18,405,1.0
18,1874,1.0
18,595,1.0
18,980,1.0
18,1749,1.0
18,2194,1.0
18,2323,1.0
18,3092,1.0
18,3477,1.0
18,2898,1.0
18,3667,1.0
18,4052,1.0
18,2773,1.0
19,1299,1.0
19,20,1.0
19,405,1.0
19,1174,1.0
19,1619,1.0
19,2004,1.0
19,725,1.0
19,854,1.0
19,2323,1.0
19,3092,1.0
19,3477,1.0
19,2198,1.0
19,2643,1.0
19,3028,1.0
19,3797,1.0
19,3926,1.0
20,20,1.0
20,405,1.0
20,1174,1.0
20,1303,1.0
20,980,1.0
20,1749,1.0
20,1878,1.0
20,599,1.0
20,3092,1.0
20,3477,1.0
20,2198,1.0
20,2327,1.0
20,4052,1.0
20,2773,1.0
20,2902,1.0
20,3671,1.0
21,405,1.0
21,1174,1.0
21,1303,1.0
21,24,1.0
21,725,1.0
21,854,1.0
21,1623,1.0
21,2008,1.0
21,3477,1.0
21,2198,1.0
21,2327,1.0
21,3096,1.0
21,3797,1.0
21,3926,1.0
21,2647,1.0
21,3032,1.0
22,1174,1.0
22,1303,1.0
22,24,1.0
22,409,1.0
22,1878,1.0
22,599,1.0
22,984,1.0
22,1753,1.0
22,2198,1.0
22,2327,1.0
22,3096,1.0
22,3481,1.0
22,2902,1.0
22,3671,1.0
22,4056,1.0
22,2777,1.0
23,1303,1.0
23,24,1.0
23,409,1.0
23,1178,1.0
23,1623,1.0
23,2008,1.0
23,729,1.0
23,858,1.0
23,2327,1.0
23,3096,1.0
23,3481,1.0
23,2202,1.0
23,2647,1.0
23,3032,1.0
23,3801,1.0
23,3930,1.0
24,24,1.0
24,409,1.0
24,1178,1.0
24,1307,1.0
24,984,1.0
24,1753,1.0
24,1882,1.0
24,603,1.0
24,3096,1.0
24,3481,1.0
24,2202,1.0
24,2331,1.0
24,4056,1.0
24,2777,1.0
24,2906,1.0
24,3675,1.0
25,409,1.0
25,1178,1.0
25,1307,1.0
25,28,1.0
25,729,1.0
25,858,1.0
25,1627,1.0
25,2012,1.0
25,3481,1.0
25,2202,1.0
25,2331,1.0
25,3100,1.0
25,3801,1.0
25,3930,1.0
25,2651,1.0
25,3036,1.0
26,1178,1.0
26,1307,1.0
26,28,1.0
26,413,1.0
26,1882,1.0
26,603,1.0
26,988,1.0
26,1757,1.0
26,2202,1.0
26,2331,1.0
26,3100,1.0
26,3485,1.0
26,2906,1.0
26,3675,1.0
26,4060,1.0
26,2781,1.0
27,1307,1.0
27,28,1.0
27,413,1.0
27,1182,1.0
27,1627,1.0
27,2012,1.0
27,733,1.0
27,862,1.0
27,2331,1.0
27,3100,1.0
27,3485,1.0
27,2206,1.0
27,2651,1.0
27,3036,1.0
27,3805,1.0
27,3934,1.0
28,28,1.0
28,413,1.0
28,1182,1.0
28,1311,1.0
28,988,1.0
28,1757,1.0
28,1886,1.0
28,607,1.0
28,3100,1.0
28,3485,1.0
28,2206,1.0
28,2335,1.0
28,4060,1.0
28,2781,1.0
28,2910,1.0
28,3679,1.0
29,413,1.0
29,1182,1.0
29,1311,1.0
29,32,1.0
29,733,1.0
29,862,1.0
29,1631,1.0
29,2016,1.0
29,3485,1.0
29,2206,1.0
29,2335,1.0
29,3104,1.0
29,3805,1.0
29,3934,1.0
29,2655,1.0
29,3040,1.0
30,1182,1.0
30,1311,1.0
30,32,1.0
30,417,1.0
30,1886,1.0
30,607,1.0
30,992,1.0
30,1761,1.0
30,2206,1.0
30,2335,1.0
30,3104,1.0
30,3489,1.0
30,2910,1.0
30,3679,1.0
30,4064,1.0
30,2785,1.0
31,1311,1.0
31,32,1.0
31,417,1.0
31,1186,1.0
31,1631,1.0
31,2016,1.0
31,737,1.0
31,866,1.0
31,2335,1.0
31,3104,1.0
31,3489,1.0
31,2210,1.0
31,2655,1.0
31,3040,1.0
31,3809,1.0
31,3938,1.0
32,32,1.0
32,417,1.0
32,1186,1.0
32,1315,1.0
32,992,1.0
32,1761,1.0
32,1890,1.0
32,611,1.0
32,3104,1.0
32,3489,1.0
32,2210,1.0
32,2339,1.0
32,4064,1.0
32,2785,1.0
32,2914,1.0
32,3683,1.0
33,417,1.0
33,1186,1.0
33,1315,1.0
33,36,1.0
33,737,1.0
33,866,1.0
33,1635,1.0
33,2020,1.0
33,3489,1.0
33,2210,1.0
33,2339,1.0
33,3108,1.0
33,3809,1.0
33,3938,1.0
33,2659,1.0
33,3044,1.0
34,1186,1.0
34,1315,1.0
34,36,1.0
34,421,1.0
34,1890,1.0
34,611,1.0
34,996,1.0
34,1765,1.0
34,2210,1.0
34,2339,1.0
34,3108,1.0
34,3493,1.0
34,2914,1.0
34,3683,1.0
34,4068,1.0
34,2789,1.0
35,1315,1.0
35,36,1.0
35,421,1.0
35,1190,1.0
35,1635,1.0
35,2020,1.0
35,741,1.0
35,870,1.0
35,2339,1.0
35,3108,1.0
35,3493,1.0
35,2214,1.0
35,2659,1.0
35,3044,1.0
35,3813,1.0
35,3942,1.0
36,36,1.0
36,421,1.0
36,1190,1.0
36,1319,1.0
36,996,1.0
36,1765,1.0
36,1894,1.0
36,615,1.0
36,3108,1.0
36,3493,1.0
36,2214,1.0
36,2343,1.0
36,4068,1.0
36,2789,1.0
36,2918,1.0
36,3687,1.0
37,421,1.0
37,1190,1.0
37,1319,1.0
37,40,1.0
37,741,1.0
37,870,1.0
37,1639,1.0
37,2024,1.0
37,3493,1.0
37,2214,1.0
37,2343,1.0
37,3112,1.0
37,3813,1.0
37,3942,1.0
37,2663,1.0
37,3048,1.0
38,1190,1.0
38,1319,1.0
38,40,1.0
38,425,1.0
38,1894,1.0
38,615,1.0
38,1000,1.0
38,1769,1.0
38,2214,1.0
38,2343,1.0
38,3112,1.0
38,3497,1.0
38,2918,1.0
38,3687,1.0
38,4072,1.0
38,2793,1.0
39,1319,1.0
39,40,1.0
39,425,1.0
39,1194,1.0
39,1639,1.0
39,2024,1.0
39,745,1.0
39,874,1.0
39,2343,1.0
39,3112,1.0
39,3497,1.0
39,2218,1.0
39,2663,1.0
39,3048,1.0
39,3817,1.0
39,3946,1.0
40,40,1.0
40,425,1.0
40,1194,1.0
40,1323,1.0
40,1000,1.0
40,1769,1.0
40,1898,1.0
40,619,1.0
40,3112,1.0
40,3497,1.0
40,2218,1.0
40,2347,1.0
40,4072,1.0
40,2793,1.0
40,2922,1.0
40,3691,1.0
41,425,1.0
41,1194,1.0
41,1323,1.0
41,44,1.0
41,745,1.0
41,874,1.0
41,1643,1.0
41,2028,1.0
41,3497,1.0
41,2218,1.0
41,2347,1.0
41,3116,1.0
41,3817,1.0
41,3946,1.0
41,2667,1.0
41,3052,1.0
42,1194,1.0
42,1323,1.0
42,44,1.0
42,429,1.0
42,1898,1.0
42,619,1.0
42,1004,1.0
42,1773,1.0
42,2218,1.0
42,2347,1.0
42,3116,1.0
42,3501,1.0
42,2922,1.0
42,3691,1.0
42,4076,1.0
42,2797,1.0
43,1323,1.0
43,44,1.0
43,429,1.0
43,1198,1.0
43,1643,1.0
43,2028,1.0
43,749,1.0
43,878,1.0
43,2347,1.0
43,3116,1.0
43,3501,1.0
43,2222,1.0
43,2667,1.0
43,3052,1.0
43,3821,1.0
43,3950,1.0
44,44,1.0
44,429,1.0
44,1198,1.0
44,1327,1.0
44,1004,1.0
44,1773,1.0
44,1902,1.0
44,623,1.0
44,3116,1.0
44,3501,1.0
44,2222,1.0
44,2351,1.0
44,4076,1.0
44,2797,1.0
44,2926,1.0
44,3695,1.0
45,429,1.0
45,1198,1.0
45,1327,1.0
45,48,1.0
45,749,1.0
45,878,1.0
45,1647,1.0
45,2032,1.0
45,3501,1.0
45,2222,1.0
45,2351,1.0
45,3120,1.0
45,3821,1.0
45,3950,1.0
45,2671,1.0
45,3056,1.0
46,1198,1.0
46,1327,1.0
46,48,1.0
46,433,1.0
46,1902,1.0
46,623,1.0
46,1008,1.0
46,1777,1.0
46,2222,1.0
46,2351,1.0
46,3120,1.0
46,3505,1.0
46,2926,1.0
46,3695,1.0
46,4080,1.0
46,2801,1.0
47,1327,1.0
47,48,1.0
47,433,1.0
47,1202,1.0
47,1647,1.0
47,2032,1.0
47,753,1.0
47,882,1.0
47,2351,1.0
47,3120,1.0
47,3505,1.0
47,2226,1.0
47,2671,1.0
47,3056,1.0
47,3825,1.0
47,3954,1.0
48,48,1.0
48,433,1.0
48,1202,1.0
48,1331,1.0
48,1008,1.0
48,1777,1.0
48,1906,1.0
48,627,1.0
48,3120,1.0
48,3505,1.0
48,2226,1.0
48,2355,1.0
48,4080,1.0
48,2801,1.0
48,2930,1.0
48,3699,1.0
49,433,1.0
49,1202,1.0
49,1331,1.0
49,52,1.0
49,753,1.0
49,882,1.0
49,1651,1.0
49,2036,1.0
49,3505,1.0
49,2226,1.0
49,2355,1.0
49,3124,1.0
49,3825,1.0
49,3954,1.0
49,2675,1.0
49,3060,1.0
50,1202,1.0
50,1331,1.0
50,52,1.0
50,437,1.0
50,1906,1.0
50,627,1.0
50,1012,1.0
50,1781,1.0
50,2226,1.0
50,2355,1.0
50,3124,1.0
50,3509,1.0
50,2930,1.0
50,3699,1.0
50,4084,1.0
50,2805,1.0
51,1331,1.0
51,52,1.0
51,437,1.0
51,1206,1.0
51,1651,1.0
51,2036,1.0
51,757,1.0
51,886,1.0
51,2355,1.0
51,3124,1.0
51,3509,1.0
51,2230,1.0
51,2675,1.0
51,3060,1.0
51,3829,1.0
51,3958,1.0
52,52,1.0
52,437,1.0
52,1206,1.0
52,1335,1.0
52,1012,1.0
52,1781,1.0
52,1910,1.0
52,631,1.0
52,3124,1.0
52,3509,1.0
52,2230,1.0
52,2359,1.0
52,4084,1.0
52,2805,1.0
52,2934,1.0
52,3703,1.0
53,437,1.0
53,1206,1.0
53,1335,1.0
53,56,1.0
53,757,1.0
53,886,1.0
53,1655,1.0
53,2040,1.0
53,3509,1.0
53,2230,1.0
53,2359,1.0
53,3128,1.0
53,3829,1.0
53,3958,1.0
53,2679,1.0
53,3064,1.0
54,1206,1.0
54,1335,1.0
54,56,1.0
54,441,1.0
54,1910,1.0
54,631,1.0
54,1016,1.0
54,1785,1.0
54,2230,1.0
54,2359,1.0
54,3128,1.0
54,3513,1.0
54,2934,1.0
54,3703,1.0
54,4088,1.0
54,2809,1.0
55,1335,1.0
55,56,1.0
55,441,1.0
55,1210,1.0
55,1655,1.0
55,2040,1.0
55,761,1.0
55,890,1.0
55,2359,1.0
55,3128,1.0
55,3513,1.0
55,2234,1.0
55,2679,1.0
55,3064,1.0
55,3833,1.0
55,3962,1.0
56,56,1.0
56,441,1.0
56,1210,1.0
56,1339,1.0
56,1016,1.0
56,1785,1.0
56,1914,1.0
56,635,1.0
56,3128,1.0
56,3513,1.0
56,2234,1.0
56,2363,1.0
56,4088,1.0
56,2809,1.0
56,2938,1.0
56,3707,1.0
57,441,1.0
57,1210,1.0
57,1339,1.0
57,60,1.0
57,761,1.0
57,890,1.0
57,1659,1.0
57,2044,1.0
57,3513,1.0
57,2234,1.0
57,2363,1.0
57,3132,1.0
57,3833,1.0
57,3962,1.0
57,2683,1.0
57,3068,1.0
58,1210,1.0
58,1339,1.0
58,60,1.0
58,445,1.0
58,1914,1.0
58,635,1.0
58,1020,1.0
58,1789,1.0
58,2234,1.0
58,2363,1.0
58,3132,1.0
58,3517,1.0
58,2938,1.0
58,3707,1.0
58,4092,1.0
58,2813,1.0
59,1339,1.0
59,60,1.0
59,445,1.0
59,1214,1.0
59,1659,1.0
59,2044,1.0
59,765,1.0
59,894,1.0
59,2363,1.0
59,3132,1.0
59,3517,1.0
59,2238,1.0
59,2683,1.0
59,3068,1.0
59,3837,1.0
59,3966,1.0
60,60,1.0
60,445,1.0
60,1214,1.0
60,1343,1.0
60,1020,1.0
60,1789,1.0
60,1918,1.0
60,639,1.0
60,3132,1.0
60,3517,1.0
60,2238,1.0
60,2367,1.0
60,4092,1.0
60,2813,1.0
60,2942,1.0
60,3711,1.0
61,445,1.0
61,1214,1.0
61,1343,1.0
61,0,1.0
61,765,1.0
61,894,1.0
61,1663,1.0
61,1984,1.0
61,3517,1.0
61,2238,1.0
61,2367,1.0
61,3072,1.0
61,3837,1.0
61,3966,1.0
61,2687,1.0
61,3008,1.0
62,1214,1.0
62,1343,1.0
62,0,1.0
62,385,1.0
62,1918,1.0
62,639,1.0
62,960,1.0
62,1729,1.0
62,2238,1.0
62,2367,1.0
62,3072,1.0
62,3457,1.0
62,2942,1.0
62,3711,1.0
62,4032,1.0
62,2753,1.0
63,1343,1.0
63,0,1.0
63,385,1.0
63,1154,1.0
63,1663,1.0
63,1984,1.0
63,705,1.0
63,834,1.0
63,2367,1.0
63,3072,1.0
63,3457,1.0
63,2178,1.0
63,2687,1.0
63,3008,1.0
63,3777,1.0
63,3906,1.0
64,0,1.0
64,385,1.0
64,1154,1.0
64,1283,1.0
64,960,1.0
64,1729,1.0
64,1858,1.0
64,579,1.0
64,3072,1.0
64,3457,1.0
64,2178,1.0
64,2307,1.0
64,4032,1.0
64,2753,1.0
64,2882,1.0
64,3651,1.0
65,385,1.0
65,1154,1.0
65,1283,1.0
65,4,1.0
65,705,1.0
65,834,1.0
65,1603,1.0
65,1988,1.0
65,3457,1.0
65,2178,1.0
65,2307,1.0
65,3076,1.0
65,3777,1.0
65,3906,1.0
65,2627,1.0
65,3012,1.0
66,1154,1.0
66,1283,1.0
66,4,1.0
66,389,1.0
66,1858,1.0
66,579,1.0
66,964,1.0
66,1733,1.0
66,2178,1.0
66,2307,1.0
66,3076,1.0
66,3461,1.0
66,2882,1.0
66,3651,1.0
66,4036,1.0
66,2757,1.0
67,1283,1.0
67,4,1.0
67,389,1.0
67,1158,1.0
67,1603,1.0
67,1988,1.0
67,709,1.0
67,838,1.0
67,2307,1.0
67,3076,1.0
67,3461,1.0
67,2182,1.0
67,2627,1.0
67,3012,1.0
67,3781,1.0
67,3910,1.0
68,4,1.0
68,389,1.0
68,1158,1.0
68,1287,1.0
68,964,1.0
68,1733,1.0
68,1862,1.0
68,583,1.0
68,3076,1.0
68,3461,1.0
68,2182,1.0
68,2311,1.0
68,4036,1.0
68,2757,1.0
68,2886,1.0
68,3655,1.0
69,389,1.0
69,1158,1.0
69,1287,1.0
69,8,1.0
69,709,1.0
69,838,1.0
69,1607,1.0
69,1992,1.0
69,3461,1.0
69,2182,1.0
69,2311,1.0
69,3080,1.0
69,3781,1.0
69,3910,1.0
69,2631,1.0
69,3016,1.0
70,1158,1.0
70,1287,1.0
70,8,1.0
70,393,1.0
70,1862,1.0
70,583,1.0
70,968,1.0
70,1737,1.0
70,2182,1.0
70,2311,1.0
70,3080,1.0
70,3465,1.0
70,2886,1.0
70,3655,1.0
70,4040,1.0
70,2761,1.0
71,1287,1.0
71,8,1.0
71,393,1.0
71,1162,1.0
71,1607,1.0
71,1992,1.0
71,713,1.0
71,842,1.0
71,2311,1.0
71,3080,1.0
71,3465,1.0
71,2186,1.0
71,2631,1.0
71,3016,1.0
71,3785,1.0
71,3914,1.0
72,8,1.0
72,393,1.0
72,1162,1.0
72,1291,1.0
72,968,1.0
72,1737,1.0
72,1866,1.0
72,587,1.0
72,3080,1.0
72,3465,1.0
72,2186,1.0
72,2315,1.0
72,4040,1.0
72,2761,1.0
72,2890,1.0
72,3659,1.0
73,393,1.0
73,1162,1.0
73,1291,1.0
73,12,1.0
73,713,1.0
73,842,1.0
73,1611,1.0
73,1996,1.0
73,3465,1.0
73,2186,1.0
73,2315,1.0
73,3084,1.0
73,3785,1.0
73,3914,1.0
73,2635,1.0
73,3020,1.0
74,1162,1.0
74,1291,1.0
74,12,1.0
74,397,1.0
74,1866,1.0
74,587,1.0
74,972,1.0
74,1741,1.0
74,2186,1.0
74,2315,1.0
74,3084,1.0
74,3469,1.0
74,2890,1.0
74,3659,1.0
74,4044,1.0
74,2765,1.0
75,1291,1.0
75,12,1.0
75,397,1.0
75,1166,1.0
75,1611,1.0
75,1996,1.0
75,717,1.0
75,846,1.0
75,2315,1.0
75,3084,1.0
75,3469,1.0
75,2190,1.0
75,2635,1.0
75,3020,1.0
75,3789,1.0
75,3918,1.0
76,12,1.0
76,397,1.0
76,1166,1.0
76,1295,1.0
76,972,1.0
76,1741,1.0
76,1870,1.0
76,591,1.0
76,3084,1.0
76,3469,1.0
76,2190,1.0
76,2319,1.0
76,4044,1.0
76,2765,1.0
76,2894,1.0
76,3663,1.0
77,397,1.0
77,1166,1.0
77,1295,1.0
77,16,1.0
77,717,1.0
77,846,1.0
77,1615,1.0
77,2000,1.0
77,3469,1.0
77,2190,1.0
77,2319,1.0
77,3088,1.0
77,3789,1.0
77,3918,1.0
77,2639,1.0
77,3024,1.0
78,1166,1.0
78,1295,1.0
78,16,1.0
78,401,1.0
78,1870,1.0
78,591,1.0
78,976,1.0
78,1745,1.0
78,2190,1.0
78,2319,1.0
78,3088,1.0
78,3473,1.0
78,2894,1.0
78,3663,1.0
78,4048,1.0
78,2769,1.0
79,1295,1.0
79,16,1.0
79,401,1.0
79,1170,1.0
79,1615,1.0
79,2000,1.0
79,721,1.0
79,850,1.0
79,2319,1.0
79,3088,1.0
79,3473,1.0
79,2194,1.0
79,2639,1.0
79,3024,1.0
79,3793,1.0
79,3922,1.0
80,16,1.0
80,401,1.0
80,1170,1.0
80,1299,1.0
80,976,1.0
80,1745,1.0
80,1874,1.0
80,595,1.0
80,3088,1.0
80,3473,1.0
80,2194,1.0
80,2323,1.0
80,4048,1.0
80,2769,1.0
80,2898,1.0
80,3667,1.0
81,401,1.0
81,1170,1.0
81,1299,1.0
81,20,1.0
81,721,1.0
81,850,1.0
81,1619,1.0
81,2004,1.0
81,3473,1.0
81,2194,1.0
81,2323,1.0
81,3092,1.0
81,3793,1.0
81,3922,1.0
81,2643,1.0
81,3028,1.0
82,1170,1.0
82,1299,1.0
82,20,1.0
82,405,1.0
82,1874,1.0
82,595,1.0
82,980,1.0
82,1749,1.0
82,2194,1.0
82,2323,1.0
82,3092,1.0
82,3477,1.0
82,2898,1.0
82,3667,1.0
82,4052,1.0
82,2773,1.0
83,1299,1.0
83,20,1.0
83,405,1.0
83,1174,1.0
83,1619,1.0
83,2004,1.0
83,725,1.0
83,854,1.0
83,2323,1.0
83,3092,1.0
83,3477,1.0
83,2198,1.0
83,2643,1.0
83,3028,1.0
83,3797,1.0
83,3926,1.0
84,20,1.0
84,405,1.0
84,1174,1.0
84,1303,1.0
84,980,1.0
84,1749,1.0
84,1878,1.0
84,599,1.0
84,3092,1.0
84,3477,1.0
84,2198,1.0
84,2327,1.0
84,4052,1.0
84,2773,1.0
84,2902,1.0
84,3671,1.0
85,405,1.0
85,1174,1.0
85,1303,1.0
85,24,1.0
85,725,1.0
85,854,1.0
85,1623,1.0
85,2008,1.0
85,3477,1.0
85,2198,1.0
85,2327,1.0
85,3096,1.0
85,3797,1.0
85,3926,1.0
85,2647,1.0
85,3032,1.0
86,1174,1.0
86,1303,1.0
86,24,1.0
86,409,1.0
86,1878,1.0
86,599,1.0
86,984,1.0
86,1753,1.0
86,2198,1.0
86,2327,1.0
86,3096,1.0
86,3481,1.0
86,2902,1.0
86,3671,1.0
86,4056,1.0
86,2777,1.0
87,1303,1.0
87,24,1.0
87,409,1.0
87,1178,1.0
87,1623,1.0
87,2008,1.0
87,729,1.0
87,858,1.0
87,2327,1.0
87,3096,1.0
87,3481,1.0
87,2202,1.0
87,2647,1.0
87,3032,1.0
87,3801,1.0
87,3930,1.0
88,24,1.0
88,409,1.0
88,1178,1.0
88,1307,1.0
88,984,1.0
88,1753,1.0
88,1882,1.0
88,603,1.0
88,3096,1.0
88,3481,1.0
88,2202,1.0
88,2331,1.0
88,4056,1.0
88,2777,1.0
88,2906,1.0
88,3675,1.0
89,409,1.0
89,1178,1.0
89,1307,1.0
89,28,1.0
89,729,1.0
89,858,1.0
89,1627,1.0
89,2012,1.0
89,3481,1.0
89,2202,1.0
89,2331,1.0
89,3100,1.0
89,3801,1.0
89,3930,1.0
89,2651,1.0
89,3036,1.0
90,1178,1.0
90,1307,1.0
90,28,1.0
90,413,1.0
90,1882,1.0
90,603,1.0
90,988,1.0
90,1757,1.0
90,2202,1.0
90,2331,1.0
90,3100,1.0
90,3485,1.0
90,2906,1.0
90,3675,1.0
90,4060,1.0
90,2781,1.0
91,1307,1.0
91,28,1.0
91,413,1.0
91,1182,1.0
91,1627,1.0
91,2012,1.0
91,733,1.0
91,862,1.0
91,2331,1.0
91,3100,1.0
91,3485,1.0
91,2206,1.0
91,2651,1.0
91,3036,1.0
91,3805,1.0
91,3934,1.0
92,28,1.0
92,413,1.0
92,1182,1.0
92,1311,1.0
92,988,1.0
92,1757,1.0
92,1886,1.0
92,607,1.0
92,3100,1.0
92,3485,1.0
92,2206,1.0
92,2335,1.0
92,4060,1.0
92,2781,1.0
92,2910,1.0
92,3679,1.0
93,413,1.0
93,1182,1.0
93,1311,1.0
93,32,1.0
93,733,1.0
93,862,1.0
93,1631,1.0
93,2016,1.0
93,3485,1.0
93,2206,1.0
93,2335,1.0
93,3104,1.0
93,3805,1.0
93,3934,1.0
93,2655,1.0
93,3040,1.0
94,1182,1.0
94,1311,1.0
94,32,1.0
94,417,1.0
94,1886,1.0
94,607,1.0
94,992,1.0
94,1761,1.0
94,2206,1.0
94,2335,1.0
94,3104,1.0
94,3489,1.0
94,2910,1.0
94,3679,1.0
94,4064,1.0
94,2785,1.0
95,1311,1.0
95,32,1.0
95,417,1.0
95,1186,1.0
95,1631,1.0
95,2016,1.0
95,737,1.0
95,866,1.0
95,2335,1.0
95,3104,1.0
95,3489,1.0
95,2210,1.0
95,2655,1.0
95,3040,1.0
95,3809,1.0
95,3938,1.0
96,32,1.0
96,417,1.0
96,1186,1.0
96,1315,1.0
96,992,1.0
96,1761,1.0
96,1890,1.0
96,611,1.0
96,3104,1.0
96,3489,1.0
96,2210,1.0
96,2339,1.0
96,4064,1.0
96,2785,1.0
96,2914,1.0
96,3683,1.0
97,417,1.0
97,1186,1.0
97,1315,1.0
97,36,1.0
97,737,1.0
97,866,1.0
97,1635,1.0
97,2020,1.0
97,3489,1.0
97,2210,1.0
97,2339,1.0
97,3108,1.0
97,3809,1.0
97,3938,1.0
97,2659,1.0
97,3044,1.0
98,1186,1.0
98,1315,1.0
98,36,1.0
98,421,1.0
98,1890,1.0
98,611,1.0
98,996,1.0
98,1765,1.0
98,2210,1.0
98,2339,1.0
98,3108,1.0
98,3493,1.0
98,2914,1.0
98,3683,1.0
98,4068,1.0
98,2789,1.0
99,1315,1.0
99,36,1.0
99,421,1.0
99,1190,1.0
99,1635,1.0
99,2020,1.0
99,741,1.0
99,870,1.0
99,2339,1.0
99,3108,1.0
99,3493,1.0
99,2214,1.0
99,2659,1.0
99,3044,1.0
99,3813,1.0
99,3942,1.0
100,36,1.0
100,421,1.0
100,1190,1.0
100,1319,1.0
100,996,1.0
100,1765,1.0
100,1894,1.0
100,615,1.0
100,3108,1.0
100,3493,1.0
100,2214,1.0
100,2343,1.0
100,4068,1.0
100,2789,1.0
100,2918,1.0
100,3687,1.0
101,421,1.0
101,1190,1.0
101,1319,1.0
101,40,1.0
101,741,1.0
101,870,1.0
101,1639,1.0
101,2024,1.0
101,3493,1.0
101,2214,1.0
101,2343,1.0
101,3112,1.0
101,3813,1.0
101,3942,1.0
101,2663,1.0
101,3048,1.0
102,1190,1.0
102,1319,1.0
102,40,1.0
102,425,1.0
102,1894,1.0
102,615,1.0
102,1000,1.0
102,1769,1.0
102,2214,1.0
102,2343,1.0
102,3112,1.0
102,3497,1.0
102,2918,1.0
102,3687,1.0
102,4072,1.0
102,2793,1.0
103,1319,1.0
103,40,1.0
103,425,1.0
103,1194,1.0
103,1639,1.0
103,2024,1.0
103,745,1.0
103,874,1.0
103,2343,1.0
103,3112,1.0
103,3497,1.0
103,2218,1.0
103,2663,1.0
103,3048,1.0
103,3817,1.0
103,3946,1.0
104,40,1.0
104,425,1.0
104,1194,1.0
104,1323,1.0
104,1000,1.0
104,1769,1.0
104,1898,1.0
104,619,1.0
104,3112,1.0
104,3497,1.0
104,2218,1.0
104,2347,1.0
104,4072,1.0
104,2793,1.0
104,2922,1.0
104,3691,1.0
105,425,1.0
105,1194,1.0
105,1323,1.0
105,44,1.0
105,745,1.0
105,874,1.0
105,1643,1.0
105,2028,1.0
105,3497,1.0
105,2218,1.0
105,2347,1.0
105,3116,1.0
105,3817,1.0
105,3946,1.0
105,2667,1.0
105,3052,1.0
106,1194,1.0
106,1323,1.0
106,44,1.0
106,429,1.0
106,1898,1.0
106,619,1.0
106,1004,1.0
106,1773,1.0
106,2218,1.0
106,2347,1.0
106,3116,1.0
106,3501,1.0
106,2922,1.0
106,3691,1.0
106,4076,1.0
106,2797,1.0
107,1323,1.0
107,44,1.0
107,429,1.0
107,1198,1.0
107,1643,1.0
107,2028,1.0
107,749,1.0
107,878,1.0
107,2347,1.0
107,3116,1.0
107,3501,1.0
107,2222,1.0
107,2667,1.0
107,3052,1.0
107,3821,1.0
107,3950,1.0
108,44,1.0
108,429,1.0
108,1198,1.0
108,1327,1.0
108,1004,1.0
108,1773,1.0
108,1902,1.0
108,623,1.0
108,3116,1.0
108,3501,1.0
108,2222,1.0
108,2351,1.0
108,4076,1.0
108,2797,1.0
108,2926,1.0
108,3695,1.0
109,429,1.0
109,1198,1.0
109,1327,1.0
109,48,1.0
109,749,1.0
109,878,1.0
109,1647,1.0
109,2032,1.0
109,3501,1.0
109,2222,1.0
109,2351,1.0
109,3120,1.0
109,3821,1.0
109,3950,1.0
109,2671,1.0
109,3056,1.0
110,1198,1.0
110,1327,1.0
110,48,1.0
110,433,1.0
110,1902,1.0
110,623,1.0
110,1008,1.0
110,1777,1.0
110,2222,1.0
110,2351,1.0
110,3120,1.0
110,3505,1.0
110,2926,1.0
110,3695,1.0
110,4080,1.0
110,2801,1.0
111,1327,1.0
111,48,1.0
111,433,1.0
111,1202,1.0
111,1647,1.0
111,2032,1.0
111,753,1.0
111,882,1.0
111,2351,1.0
111,3120,1.0
111,3505,1.0
111,2226,1.0
111,2671,1.0
111,3056,1.0
111,3825,1.0
111,3954,1.0
112,48,1.0
112,433,1.0
112,1202,1.0
112,1331,1.0
112,1008,1.0
112,1777,1.0
112,1906,1.0
112,627,1.0
112,3120,1.0
112,3505,1.0
112,2226,1.0
112,2355,1.0
112,4080,1.0
112,2801,1.0
112,2930,1.0
112,3699,1.0
113,433,1.0
113,1202,1.0
113,1331,1.0
113,52,1.0
113,753,1.0
113,882,1.0
113,1651,1.0
113,2036,1.0
113,3505,1.0
113,2226,1.0
113,2355,1.0
113,3124,1.0
113,3825,1.0
113,3954,1.0
113,2675,1.0
113,3060,1.0
114,1202,1.0
114,1331,1.0
114,52,1.0
114,437,1.0
114,1906,1.0
114,627,1.0
114,1012,1.0
114,1781,1.0
114,2226,1.0
114,2355,1.0
114,3124,1.0
114,3509,1.0
114,2930,1.0
114,3699,1.0
114,4084,1.0
114,2805,1.0
115,1331,1.0
115,52,1.0
115,437,1.0
115,1206,1.0
115,1651,1.0
115,2036,1.0
115,757,1.0
115,886,1.0
115,2355,1.0
115,3124,1.0
115,3509,1.0
115,2230,1.0
115,2675,1.0
115,3060,1.0
115,3829,1.0
115,3958,1.0
116,52,1.0
116,437,1.0
116,1206,1.0
116,1335,1.0
116,1012,1.0
116,1781,1.0
116,1910,1.0
116,631,1.0
116,3124,1.0
116,3509,1.0
116,2230,1.0
116,2359,1.0
116,4084,1.0
116,2805,1.0
116,2934,1.0
116,3703,1.0
117,437,1.0
117,1206,1.0
117,1335,1.0
117,56,1.0
117,757,1.0
117,886,1.0
117,1655,1.0
117,2040,1.0
117,3509,1.0
117,2230,1.0
117,2359,1.0
117,3128,1.0
117,3829,1.0
117,3958,1.0
117,2679,1.0
117,3064,1.0
118,1206,1.0
118,1335,1.0
118,56,1.0
118,441,1.0
118,1910,1.0
118,631,1.0
118,1016,1.0
118,1785,1.0
118,2230,1.0
118,2359,1.0
118,3128,1.0
118,3513,1.0
118,2934,1.0
118,3703,1.0
118,4088,1.0
118,2809,1.0
119,1335,1.0
119,56,1.0
119,441,1.0
119,1210,1.0
119,1655,1.0
119,2040,1.0
119,761,1.0
119,890,1.0
119,2359,1.0
119,3128,1.0
119,3513,1.0
119,2234,1.0
119,2679,1.0
119,3064,1.0
119,3833,1.0
119,3962,1.0
120,56,1.0
120,441,1.0
120,1210,1.0
120,1339,1.0
120,1016,1.0
120,1785,1.0
120,1914,1.0
120,635,1.0
120,3128,1.0
120,3513,1.0
120,2234,1.0
120,2363,1.0
120,4088,1.0
120,2809,1.0
120,2938,1.0
120,3707,1.0
121,441,1.0
121,1210,1.0
121,1339,1.0
121,60,1.0
121,761,1.0
121,890,1.0
121,1659,1.0
121,2044,1.0
121,3513,1.0
121,2234,1.0
121,2363,1.0
121,3132,1.0
121,3833,1.0
121,3962,1.0
121,2683,1.0
121,3068,1.0
122,1210,1.0
122,1339,1.0
122,60,1.0
122,445,1.0
122,1914,1.0
122,635,1.0
122,1020,1.0
122,1789,1.0
122,2234,1.0
122,2363,1.0
122,3132,1.0
122,3517,1.0
122,2938,1.0
122,3707,1.0
122,4092,1.0
122,2813,1.0
123,1339,1.0
123,60,1.0
123,445,1.0
123,1214,1.0
123,1659,1.0
123,2044,1.0
123,765,1.0
123,894,1.0
123,2363,1.0
123,3132,1.0
123,3517,1.0
123,2238,1.0
123,2683,1.0
123,3068,1.0
123,3837,1.0
123,3966,1.0
124,60,1.0
124,445,1.0
124,1214,1.0
124,1343,1.0
124,1020,1.0
124,1789,1.0
124,1918,1.0
124,639,1.0
124,3132,1.0
124,3517,1.0
124,2238,1.0
124,2367,1.0
124,4092,1.0
124,2813,1.0
124,2942,1.0
124,3711,1.0
125,445,1.0
125,1214,1.0
125,1343,1.0
125,0,1.0
125,765,1.0
125,894,1.0
125,1663,1.0
125,1984,1.0
125,3517,1.0
125,2238,1.0
125,2367,1.0
125,3072,1.0
125,3837,1.0
125,3966,1.0
125,2687,1.0
125,3008,1.0
126,1214,1.0
126,1343,1.0
126,0,1.0
126,385,1.0
126,1918,1.0
126,639,1.0
126,960,1.0
126,1729,1.0
126,2238,1.0
126,2367,1.0
126,3072,1.0
126,3457,1.0
126,2942,1.0
126,3711,1.0
126,4032,1.0
126,2753,1.0
127,1343,1.0
127,0,1.0
127,385,1.0
127,1154,1.0
127,1663,1.0
127,1984,1.0
127,705,1.0
127,834,1.0
127,2367,1.0
127,3072,1.0
127,3457,1.0
127,2178,1.0
127,2687,1.0
127,3008,1.0
127,3777,1.0
127,3906,1.0
128,0,1.0
128,385,1.0
128,1154,1.0
128,1283,1.0
128,960,1.0
128,1729,1.0
128,1858,1.0
128,579,1.0
128,3072,1.0
128,3457,1.0
128,2178,1.0
128,2307,1.0
128,4032,1.0
128,2753,1.0
128,2882,1.0
128,3651,1.0
129,385,1.0
129,1154,1.0
129,1283,1.0
129,4,1.0
129,705,1.0
129,834,1.0
129,1603,1.0
129,1988,1.0
129,3457,1.0
129,2178,1.0
129,2307,1.0
129,3076,1.0
129,3777,1.0
129,3906,1.0
129,2627,1.0
129,3012,1.0
130,1154,1.0
130,1283,1.0
130,4,1.0
130,389,1.0
130,1858,1.0
130,579,1.0
130,964,1.0
130,1733,1.0
130,2178,1.0
130,2307,1.0
130,3076,1.0
130,3461,1.0
130,2882,1.0
130,3651,1.0
130,4036,1.0
130,2757,1.0
131,1283,1.0
131,4,1.0
131,389,1.0
131,1158,1.0
131,1603,1.0
131,1988,1.0
131,709,1.0
131,838,1.0
131,2307,1.0
131,3076,1.0
131,3461,1.0
131,2182,1.0
131,2627,1.0
131,3012,1.0
131,3781,1.0
131,3910,1.0
132,4,1.0
132,389,1.0
132,1158,1.0
132,1287,1.0
132,964,1.0
132,1733,1.0
132,1862,1.0
132,583,1.0
132,3076,1.0
132,3461,1.0
132,2182,1.0
132,2311,1.0
132,4036,1.0
132,2757,1.0
132,2886,1.0
132,3655,1.0
133,389,1.0
133,1158,1.0
133,1287,1.0
133,8,1.0
133,709,1.0
133,838,1.0
133,1607,1.0
133,1992,1.0
133,3461,1.0
133,2182,1.0
133,2311,1.0
133,3080,1.0
133,3781,1.0
133,3910,1.0
133,2631,1.0
133,3016,1.0
134,1158,1.0
134,1287,1.0
134,8,1.0
134,393,1.0
134,1862,1.0
134,583,1.0
134,968,1.0
134,1737,1.0
134,2182,1.0
134,2311,1.0
134,3080,1.0
134,3465,1.0
134,2886,1.0
134,3655,1.0
134,4040,1.0
134,2761,1.0
135,1287,1.0
135,8,1.0
135,393,1.0
135,1162,1.0
135,1607,1.0
135,1992,1.0
135,713,1.0
135,842,1.0
135,2311,1.0
135,3080,1.0
135,3465,1.0
135,2186,1.0
135,2631,1.0
135,3016,1.0
135,3785,1.0
135,3914,1.0
136,8,1.0
136,393,1.0
136,1162,1.0
136,1291,1.0
136,968,1.0
136,1737,1.0
136,1866,1.0
136,587,1.0
136,3080,1.0
136,3465,1.0
136,2186,1.0
136,2315,1.0
136,4040,1.0
136,2761,1.0
136,2890,1.0
136,3659,1.0
137,393,1.0
137,1162,1.0
137,1291,1.0
137,12,1.0
137,713,1.0
137,842,1.0
137,1611,1.0
137,1996,1.0
137,3465,1.0
137,2186,1.0
137,2315,1.0
137,3084,1.0
137,3785,1.0
137,3914,1.0
137,2635,1.0
137,3020,1.0
138,1162,1.0
138,1291,1.0
138,12,1.0
138,397,1.0
138,1866,1.0
138,587,1.0
138,972,1.0
138,1741,1.0
138,2186,1.0
138,2315,1.0
138,3084,1.0
138,3469,1.0
138,2890,1.0
138,3659,1.0
138,4044,1.0
138,2765,1.0
139,1291,1.0
139,12,1.0
139,397,1.0
139,1166,1.0
139,1611,1.0
139,1996,1.0
139,717,1.0
139,846,1.0
139,2315,1.0
139,3084,1.0
139,3469,1.0
139,2190,1.0
139,2635,1.0
139,3020,1.0
139,3789,1.0
139,3918,1.0
140,12,1.0
140,397,1.0
140,1166,1.0
140,1295,1.0
140,972,1.0
140,1741,1.0
140,1870,1.0
140,591,1.0
140,3084,1.0
140,3469,1.0
140,2190,1.0
140,2319,1.0
140,4044,1.0
140,2765,1.0
140,2894,1.0
140,3663,1.0
141,397,1.0
141,1166,1.0
141,1295,1.0
141,16,1.0
141,717,1.0
141,846,1.0
141,1615,1.0
141,2000,1.0
141,3469,1.0
141,2190,1.0
141,2319,1.0
141,3088,1.0
141,3789,1.0
141,3918,1.0
141,2639,1.0
141,3024,1.0
142,1166,1.0
142,1295,1.0
142,16,1.0
142,401,1.0
142,1870,1.0
142,591,1.0
142,976,1.0
142,1745,1.0
142,2190,1.0
142,2319,1.0
142,3088,1.0
142,3473,1.0
142,2894,1.0
142,3663,1.0
142,4048,1.0
142,2769,1.0
143,1295,1.0
143,16,1.0
143,401,1.0
143,1170,1.0
143,1615,1.0
143,2000,1.0
143,721,1.0
143,850,1.0
143,2319,1.0
143,3088,1.0
143,3473,1.0
143,2194,1.0
143,2639,1.0
143,3024,1.0
143,3793,1.0
143,3922,1.0
144,16,1.0
144,401,1.0
144,1170,1.0
144,1299,1.0
144,976,1.0
144,1745,1.0
144,1874,1.0
144,595,1.0
144,3088,1.0
144,3473,1.0
144,2194,1.0
144,2323,1.0
144,4048,1.0
144,2769,1.0
144,2898,1.0
144,3667,1.0
145,401,1.0
145,1170,1.0
145,1299,1.0
145,20,1.0
145,721,1.0
145,850,1.0
145,1619,1.0
145,2004,1.0
145,3473,1.0
145,2194,1.0
145,2323,1.0
145,3092,1.0
145,3793,1.0
145,3922,1.0
145,2643,1.0
145,3028,1.0
146,1170,1.0
146,1299,1.0
146,20,1.0
146,405,1.0
146,1874,1.0
146,595,1.0
146,980,1.0
146,1749,1.0
146,2194,1.0
146,2323,1.0
146,3092,1.0
146,3477,1.0
146,2898,1.0
146,3667,1.0
146,4052,1.0
146,2773,1.0
147,1299,1.0
147,20,1.0
147,405,1.0
147,1174,1.0
147,1619,1.0
147,2004,1.0
147,725,1.0
147,854,1.0
147,2323,1.0
147,3092,1.0
147,3477,1.0
147,2198,1.0
147,2643,1.0
147,3028,1.0
147,3797,1.0
147,3926,1.0
148,20,1.0
148,405,1.0
148,1174,1.0
148,1303,1.0
148,980,1.0
148,1749,1.0
148,1878,1.0
148,599,1.0
148,3092,1.0
148,3477,1.0
148,2198,1.0
148,2327,1.0
148,4052,1.0
148,2773,1.0
148,2902,1.0
148,3671,1.0
149,405,1.0
149,1174,1.0
149,1303,1.0
149,24,1.0
149,725,1.0
149,854,1.0
149,1623,1.0
149,2008,1.0
149,3477,1.0
149,2198,1.0
149,2327,1.0
149,3096,1.0
149,3797,1.0
149,3926,1.0
149,2647,1.0
149,3032,1.0
150,1174,1.0
150,1303,1.0
150,24,1.0
150,409,1.0
150,1878,1.0
150,599,1.0
150,984,1.0
150,1753,1.0
150,2198,1.0
150,2327,1.0
150,3096,1.0
150,3481,1.0
150,2902,1.0
150,3671,1.0
150,4056,1.0
150,2777,1.0
151,1303,1.0
151,24,1.0
151,409,1.0
151,1178,1.0
151,1623,1.0
151,2008,1.0
151,729,1.0
151,858,1.0
151,2327,1.0
151,3096,1.0
151,3481,1.0
151,2202,1.0
151,2647,1.0
151,3032,1.0
151,3801,1.0
151,3930,1.0
152,24,1.0
152,409,1.0
152,1178,1.0
152,1307,1.0
152,984,1.0
152,1753,1.0
152,1882,1.0
152,603,1.0
152,3096,1.0
152,3481,1.0
152,2202,1.0
152,2331,1.0
152,4056,1.0
152,2777,1.0
152,2906,1.0
152,3675,1.0
153,409,1.0
153,1178,1.0
153,1307,1.0
153,28,1.0
153,729,1.0
153,858,1.0
153,1627,1.0
153,2012,1.0
153,3481,1.0
153,2202,1.0
153,2331,1.0
153,3100,1.0
153,3801,1.0
153,3930,1.0
153,2651,1.0
153,3036,1.0
154,1178,1.0
154,1307,1.0
154,28,1.0
154,413,1.0
154,1882,1.0
154,603,1.0
154,988,1.0
154,1757,1.0
154,2202,1.0
154,2331,1.0
154,3100,1.0
154,3485,1.0
154,2906,1.0
154,3675,1.0
154,4060,1.0
154,2781,1.0
155,1307,1.0
155,28,1.0
155,413,1.0
155,1182,1.0
155,1627,1.0
155,2012,1.0
155,733,1.0
155,862,1.0
155,2331,1.0
155,3100,1.0
155,3485,1.0
155,2206,1.0
155,2651,1.0
155,3036,1.0
155,3805,1.0
155,3934,1.0
156,28,1.0
156,413,1.0
156,1182,1.0
156,1311,1.0
156,988,1.0
156,1757,1.0
156,1886,1.0
156,607,1.0
156,3100,1.0
156,3485,1.0
156,2206,1.0
156,2335,1.0
156,4060,1.0
156,2781,1.0
156,2910,1.0
156,3679,1.0
157,413,1.0
157,1182,1.0
157,1311,1.0
157,32,1.0
157,733,1.0
157,862,1.0
157,1631,1.0
157,2016,1.0
157,3485,1.0
157,2206,1.0
157,2335,1.0
157,3104,1.0
157,3805,1.0
157,3934,1.0
157,2655,1.0
157,3040,1.0
158,1182,1.0
158,1311,1.0
158,32,1.0
158,417,1.0
158,1886,1.0
158,607,1.0
158,992,1.0
158,1761,1.0
158,2206,1.0
158,2335,1.0
158,3104,1.0
158,3489,1.0
158,2910,1.0
158,3679,1.0
158,4064,1.0
158,2785,1.0
159,1311,1.0
159,32,1.0
159,417,1.0
159,1186,1.0
159,1631,1.0
159,2016,1.0
159,737,1.0
159,866,1.0
159,2335,1.0
159,3104,1.0
159,3489,1.0
159,2210,1.0
159,2655,1.0
159,3040,1.0
159,3809,1.0
159,3938,1.0
160,32,1.0
160,417,1.0
160,1186,1.0
160,1315,1.0
160,992,1.0
160,1761,1.0
160,1890,1.0
160,611,1.0
160,3104,1.0
160,3489,1.0
160,2210,1.0
160,2339,1.0
160,4064,1.0
160,2785,1.0
160,2914,1.0
160,3683,1.0
161,417,1.0
161,1186,1.0
161,1315,1.0
161,36,1.0
161,737,1.0
161,866,1.0
161,1635,1.0
161,2020,1.0
161,3489,1.0
161,2210,1.0
161,2339,1.0
161,3108,1.0
161,3809,1.0
161,3938,1.0
161,2659,1.0
161,3044,1.0
162,1186,1.0
162,1315,1.0
162,36,1.0
162,421,1.0
162,1890,1.0
162,611,1.0
162,996,1.0
162,1765,1.0
162,2210,1.0
162,2339,1.0
162,3108,1.0
162,3493,1.0
162,2914,1.0
162,3683,1.0
162,4068,1.0
162,2789,1.0
163,1315,1.0
163,36,1.0
163,421,1.0
163,1190,1.0
163,1635,1.0
163,2020,1.0
163,741,1.0
163,870,1.0
163,2339,1.0
163,3108,1.0
163,3493,1.0
163,2214,1.0
163,2659,1.0
163,3044,1.0
163,3813,1.0
163,3942,1.0
164,36,1.0
164,421,1.0
164,1190,1.0
164,1319,1.0
164,996,1.0
164,1765,1.0
164,1894,1.0
164,615,1.0
164,3108,1.0
164,3493,1.0
164,2214,1.0
164,2343,1.0
164,4068,1.0
164,2789,1.0
164,2918,1.0
164,3687,1.0
165,421,1.0
165,1190,1.0
165,1319,1.0
165,40,1.0
165,741,1.0
165,870,1.0
165,1639,1.0
165,2024,1.0
165,3493,1.0
165,2214,1.0
165,2343,1.0
165,3112,1.0
165,3813,1.0
165,3942,1.0
165,2663,1.0
165,3048,1.0
166,1190,1.0
166,1319,1.0
166,40,1.0
166,425,1.0
166,1894,1.0
166,615,1.0
166,1000,1.0
166,1769,1.0
166,2214,1.0
166,2343,1.0
166,3112,1.0
166,3497,1.0
166,2918,1.0
166,3687,1.0
166,4072,1.0
166,2793,1.0
167,1319,1.0
167,40,1.0
167,425,1.0
167,1194,1.0
167,1639,1.0
167,2024,1.0
167,745,1.0
167,874,1.0
167,2343,1.0
167,3112,1.0
167,3497,1.0
167,2218,1.0
167,2663,1.0
167,3048,1.0
167,3817,1.0
167,3946,1.0
168,40,1.0
168,425,1.0
168,1194,1.0
168,1323,1.0
168,1000,1.0
168,1769,1.0
168,1898,1.0
168,619,1.0
168,3112,1.0
168,3497,1.0
168,2218,1.0
168,2347,1.0
168,4072,1.0
168,2793,1.0
168,2922,1.0
168,3691,1.0
169,425,1.0
169,1194,1.0
169,1323,1.0
169,44,1.0
169,745,1.0
169,874,1.0
169,1643,1.0
169,2028,1.0
169,3497,1.0
169,2218,1.0
169,2347,1.0
169,3116,1.0
169,3817,1.0
169,3946,1.0
169,2667,1.0
169,3052,1.0
170,1194,1.0
170,1323,1.0
170,44,1.0
170,429,1.0
170,1898,1.0
170,619,1.0
170,1004,1.0
170,1773,1.0
170,2218,1.0
170,2347,1.0
170,3116,1.0
170,3501,1.0
170,2922,1.0
170,3691,1.0
170,4076,1.0
170,2797,1.0
171,1323,1.0
171,44,1.0
171,429,1.0
171,1198,1.0
171,1643,1.0
171,2028,1.0
171,749,1.0
171,878,1.0
171,2347,1.0
171,3116,1.0
171,3501,1.0
171,2222,1.0
171,2667,1.0
171,3052,1.0
171,3821,1.0
171,3950,1.0
172,44,1.0
172,429,1.0
172,1198,1.0
172,1327,1.0
172,1004,1.0
172,1773,1.0
172,1902,1.0
172,623,1.0
172,3116,1.0
172,3501,1.0
172,2222,1.0
172,2351,1.0
172,4076,1.0
172,2797,1.0
172,2926,1.0
172,3695,1.0
173,429,1.0
173,1198,1.0
173,1327,1.0
173,48,1.0
173,749,1.0
173,878,1.0
173,1647,1.0
173,2032,1.0
173,3501,1.0
173,2222,1.0
173,2351,1.0
173,3120,1.0
173,3821,1.0
173,3950,1.0
173,2671,1.0
173,3056,1.0
174,1198,1.0
174,1327,1.0
174,48,1.0
174,433,1.0
174,1902,1.0
174,623,1.0
174,1008,1.0
174,1777,1.0
174,2222,1.0
174,2351,1.0
174,3120,1.0
174,3505,1.0
174,2926,1.0
174,3695,1.0
174,4080,1.0
174,2801,1.0
175,1327,1.0
175,48,1.0
175,433,1.0
175,1202,1.0
175,1647,1.0
175,2032,1.0
175,753,1.0
175,882,1.0
175,2351,1.0
175,3120,1.0
175,3505,1.0
175,2226,1.0
175,2671,1.0
175,3056,1.0
175,3825,1.0
175,3954,1.0
176,48,1.0
176,433,1.0
176,1202,1.0
176,1331,1.0
176,1008,1.0
176,1777,1.0
176,1906,1.0
176,627,1.0
176,3120,1.0
176,3505,1.0
176,2226,1.0
176,2355,1.0
176,4080,1.0
176,2801,1.0
176,2930,1.0
176,3699,1.0
177,433,1.0
177,1202,1.0
177,1331,1.0
177,52,1.0
177,753,1.0
177,882,1.0
177,1651,1.0
177,2036,1.0
177,3505,1.0
177,2226,1.0
177,2355,1.0
177,3124,1.0
177,3825,1.0
177,3954,1.0
177,2675,1.0
177,3060,1.0
178,1202,1.0
178,1331,1.0
178,52,1.0
178,437,1.0
178,1906,1.0
178,627,1.0
178,1012,1.0
178,1781,1.0
178,2226,1.0
178,2355,1.0
178,3124,1.0
178,3509,1.0
178,2930,1.0
178,3699,1.0
178,4084,1.0
178,2805,1.0
179,1331,1.0
179,52,1.0
179,437,1.0
179,1206,1.0
179,1651,1.0
179,2036,1.0
179,757,1.0
179,886,1.0
179,2355,1.0
179,3124,1.0
179,3509,1.0
179,2230,1.0
179,2675,1.0
179,3060,1.0
179,3829,1.0
179,3958,1.0
180,52,1.0
180,437,1.0
180,1206,1.0
180,1335,1.0
180,1012,1.0
180,1781,1.0
180,1910,1.0
180,631,1.0
180,3124,1.0
180,3509,1.0
180,2230,1.0
180,2359,1.0
180,4084,1.0
180,2805,1.0
180,2934,1.0
180,3703,1.0
181,437,1.0
181,1206,1.0
181,1335,1.0
181,56,1.0
181,757,1.0
181,886,1.0
181,1655,1.0
181,2040,1.0
181,3509,1.0
181,2230,1.0
181,2359,1.0
181,3128,1.0
181,3829,1.0
181,3958,1.0
181,2679,1.0
181,3064,1.0
182,1206,1.0
182,1335,1.0
182,56,1.0
182,441,1.0
182,1910,1.0
182,631,1.0
182,1016,1.0
182,1785,1.0
182,2230,1.0
182,2359,1.0
182,3128,1.0
182,3513,1.0
182,2934,1.0
182,3703,1.0
182,4088,1.0
182,2809,1.0
183,1335,1.0
183,56,1.0
183,441,1.0
183,1210,1.0
183,1655,1.0
183,2040,1.0
183,761,1.0
183,890,1.0
183,2359,1.0
183,3128,1.0
183,3513,1.0
183,2234,1.0
183,2679,1.0
183,3064,1.0
183,3833,1.0
183,3962,1.0
184,56,1.0
184,441,1.0
184,1210,1.0
184,1339,1.0
184,1016,1.0
184,1785,1.0
184,1914,1.0
184,635,1.0
184,3128,1.0
184,3513,1.0
184,2234,1.0
184,2363,1.0
184,4088,1.0
184,2809,1.0
184,2938,1.0
184,3707,1.0
185,441,1.0
185,1210,1.0
185,1339,1.0
185,60,1.0
185,761,1.0
185,890,1.0
185,1659,1.0
185,2044,1.0
185,3513,1.0
185,2234,1.0
185,2363,1.0
185,3132,1.0
185,3833,1.0
185,3962,1.0
185,2683,1.0
185,3068,1.0
186,1210,1.0
186,1339,1.0
186,60,1.0
186,445,1.0
186,1914,1.0
186,635,1.0
186,1020,1.0
186,1789,1.0
186,2234,1.0
186,2363,1.0
186,3132,1.0
186,3517,1.0
186,2938,1.0
186,3707,1.0
186,4092,1.0
186,2813,1.0
187,1339,1.0
187,60,1.0
187,445,1.0
187,1214,1.0
187,1659,1.0
187,2044,1.0
187,765,1.0
187,894,1.0
187,2363,1.0
187,3132,1.0
187,3517,1.0
187,2238,1.0
187,2683,1.0
187,3068,1.0
187,3837,1.0
187,3966,1.0
188,60,1.0
188,445,1.0
188,1214,1.0
188,1343,1.0
188,1020,1.0
188,1789,1.0
188,1918,1.0
188,639,1.0
188,3132,1.0
188,3517,1.0
188,2238,1.0
188,2367,1.0
188,4092,1.0
188,2813,1.0
188,2942,1.0
188,3711,1.0
189,445,1.0
189,1214,1.0
189,1343,1.0
189,0,1.0
189,765,1.0
189,894,1.0
189,1663,1.0
189,1984,1.0
189,3517,1.0
189,2238,1.0
189,2367,1.0
189,3072,1.0
189,3837,1.0
189,3966,1.0
189,2687,1.0
189,3008,1.0
190,1214,1.0
190,1343,1.0
190,0,1.0
190,385,1.0
190,1918,1.0
190,639,1.0
190,960,1.0
190,1729,1.0
190,2238,1.0
190,2367,1.0
190,3072,1.0
190,3457,1.0
190,2942,1.0
190,3711,1.0
190,4032,1.0
190,2753,1.0
191,1343,1.0
191,0,1.0
191,385,1.0
191,1154,1.0
191,1663,1.0
191,1984,1.0
191,705,1.0
191,834,1.0
191,2367,1.0
191,3072,1.0
191,3457,1.0
191,2178,1.0
191,2687,1.0
191,3008,1.0
191,3777,1.0
191,3906,1.0
192,0,1.0
192,385,1.0
192,1154,1.0
192,1283,1.0
192,960,1.0
192,1729,1.0
192,1858,1.0
192,579,1.0
192,3072,1.0
192,3457,1.0
192,2178,1.0
192,2307,1.0
192,4032,1.0
192,2753,1.0
192,2882,1.0
192,3651,1.0
193,385,1.0
193,1154,1.0
193,1283,1.0
193,4,1.0
193,705,1.0
193,834,1.0
193,1603,1.0
193,1988,1.0
193,3457,1.0
193,2178,1.0
193,2307,1.0
193,3076,1.0
193,3777,1.0
193,3906,1.0
193,2627,1.0
193,3012,1.0
194,1154,1.0
194,1283,1.0
194,4,1.0
194,389,1.0
194,1858,1.0
194,579,1.0
194,964,1.0
194,1733,1.0
194,2178,1.0
194,2307,1.0
194,3076,1.0
194,3461,1.0
194,2882,1.0
194,3651,1.0
194,4036,1.0
194,2757,1.0
195,1283,1.0
195,4,1.0
195,389,1.0
195,1158,1.0
195,1603,1.0
195,1988,1.0
195,709,1.0
195,838,1.0
195,2307,1.0
195,3076,1.0
195,3461,1.0
195,2182,1.0
195,2627,1.0
195,3012,1.0
195,3781,1.0
195,3910,1.0
196,4,1.0
196,389,1.0
196,1158,1.0
196,1287,1.0
196,964,1.0
196,1733,1.0
196,1862,1.0
196,583,1.0
196,3076,1.0
196,3461,1.0
196,2182,1.0
196,2311,1.0
196,4036,1.0
196,2757,1.0
196,2886,1.0
196,3655,1.0
197,389,1.0
197,1158,1.0
197,1287,1.0
197,8,1.0
197,709,1.0
197,838,1.0
197,1607,1.0
197,1992,1.0
197,3461,1.0
197,2182,1.0
197,2311,1.0
197,3080,1.0
197,3781,1.0
197,3910,1.0
197,2631,1.0
197,3016,1.0
198,1158,1.0
198,1287,1.0
198,8,1.0
198,393,1.0
198,1862,1.0
198,583,1.0
198,968,1.0
198,1737,1.0
198,2182,1.0
198,2311,1.0
198,3080,1.0
198,3465,1.0
198,2886,1.0
198,3655,1.0
198,4040,1.0
198,2761,1.0
199,1287,1.0
199,8,1.0
199,393,1.0
199,1162,1.0
199,1607,1.0
199,1992,1.0
199,713,1.0
199,842,1.0
199,2311,1.0
199,3080,1.0
199,3465,1.0
199,2186,1.0
199,2631,1.0
199,3016,1.0
199,3785,1.0
199,3914,1.0
200,8,1.0
200,393,1.0
200,1162,1.0
200,1291,1.0
200,968,1.0
200,1737,1.0
200,1866,1.0
200,587,1.0
200,3080,1.0
200,3465,1.0
200,2186,1.0
200,2315,1.0
200,4040,1.0
200,2761,1.0
200,2890,1.0
200,3659,1.0
201,393,1.0
201,1162,1.0
201,1291,1.0
201,12,1.0
201,713,1.0
201,842,1.0
201,1611,1.0
201,1996,1.0
201,3465,1.0
201,2186,1.0
201,2315,1.0
201,3084,1.0
201,3785,1.0
201,3914,1.0
201,2635,1.0
201,3020,1.0
202,1162,1.0
202,1291,1.0
202,12,1.0
202,397,1.0
202,1866,1.0
202,587,1.0
202,972,1.0
202,1741,1.0
202,2186,1.0
202,2315,1.0
202,3084,1.0
202,3469,1.0
202,2890,1.0
202,3659,1.0
202,4044,1.0
202,2765,1.0
203,1291,1.0
203,12,1.0
203,397,1.0
203,1166,1.0
203,1611,1.0
203,1996,1.0
203,717,1.0
203,846,1.0
203,2315,1.0
203,3084,1.0
203,3469,1.0
203,2190,1.0
203,2635,1.0
203,3020,1.0
203,3789,1.0
203,3918,1.0
204,12,1.0
204,397,1.0
204,1166,1.0
204,1295,1.0
204,972,1.0
204,1741,1.0
204,1870,1.0
204,591,1.0
204,3084,1.0
204,3469,1.0
204,2190,1.0
204,2319,1.0
204,4044,1.0
204,2765,1.0
204,2894,1.0
204,3663,1.0
205,397,1.0
205,1166,1.0
205,1295,1.0
205,16,1.0
205,717,1.0
205,846,1.0
205,1615,1.0
205,2000,1.0
205,3469,1.0
205,2190,1.0
205,2319,1.0
205,3088,1.0
205,3789,1.0
205,3918,1.0
205,2639,1.0
205,3024,1.0
206,1166,1.0
206,1295,1.0
206,16,1.0
206,401,1.0
206,1870,1.0
206,591,1.0
206,976,1.0
206,1745,1.0
206,2190,1.0
206,2319,1.0
206,3088,1.0
206,3473,1.0
206,2894,1.0
206,3663,1.0
206,4048,1.0
206,2769,1.0
207,1295,1.0
207,16,1.0
207,401,1.0
207,1170,1.0
207,1615,1.0
207,2000,1.0
207,721,1.0
207,850,1.0
207,2319,1.0
207,3088,1.0
207,3473,1.0
207,2194,1.0
207,2639,1.0
207,3024,1.0
207,3793,1.0
207,3922,1.0
208,16,1.0
208,401,1.0
208,1170,1.0
208,1299,1.0
208,976,1.0
208,1745,1.0
208,1874,1.0
208,595,1.0
208,3088,1.0
208,3473,1.0
208,2194,1.0
208,2323,1.0
208,4048,1.0
208,2769,1.0
208,2898,1.0
208,3667,1.0
209,401,1.0
209,1170,1.0
209,1299,1.0
209,20,1.0
209,721,1.0
209,850,1.0
209,1619,1.0
209,2004,1.0
209,3473,1.0
209,2194,1.0
209,2323,1.0
209,3092,1.0
209,3793,1.0
209,3922,1.0
209,2643,1.0
209,3028,1.0
210,1170,1.0
210,1299,1.0
210,20,1.0
210,405,1.0
210,1874,1.0
210,595,1.0
210,980,1.0
210,1749,1.0
210,2194,1.0
210,2323,1.0
210,3092,1.0
210,3477,1.0
210,2898,1.0
210,3667,1.0
210,4052,1.0
210,2773,1.0
211,1299,1.0
211,20,1.0
211,405,1.0
211,1174,1.0
211,1619,1.0
211,2004,1.0
211,725,1.0
211,854,1.0
211,2323,1.0
211,3092,1.0
211,3477,1.0
211,2198,1.0
211,2643,1.0
211,3028,1.0
211,3797,1.0
211,3926,1.0
212,20,1.0
212,405,1.0
212,1174,1.0
212,1303,1.0
212,980,1.0
212,1749,1.0
212,1878,1.0
212,599,1.0
212,3092,1.0
212,3477,1.0
212,2198,1.0
212,2327,1.0
212,4052,1.0
212,2773,1.0
212,2902,1.0
212,3671,1.0
213,405,1.0
213,1174,1.0
213,1303,1.0
213,24,1.0
213,725,1.0
213,854,1.0
213,1623,1.0
213,2008,1.0
213,3477,1.0
213,2198,1.0
213,2327,1.0
213,3096,1.0
213,3797,1.0
213,3926,1.0
213,2647,1.0
213,3032,1.0
214,1174,1.0
214,1303,1.0
214,24,1.0
214,409,1.0
214,1878,1.0
214,599,1.0
214,984,1.0
214,1753,1.0
214,2198,1.0
214,2327,1.0
214,3096,1.0
214,3481,1.0
214,2902,1.0
214,3671,1.0
214,4056,1.0
214,2777,1.0
215,1303,1.0
215,24,1.0
215,409,1.0
215,1178,1.0
215,1623,1.0
215,2008,1.0
215,729,1.0
215,858,1.0
215,2327,1.0
215,3096,1.0
215,3481,1.0
215,2202,1.0
215,2647,1.0
215,3032,1.0
215,3801,1.0
215,3930,1.0
216,24,1.0
216,409,1.0
216,1178,1.0
216,1307,1.0
216,984,1.0
216,1753,1.0
216,1882,1.0
216,603,1.0
216,3096,1.0
216,3481,1.0
216,2202,1.0
216,2331,1.0
216,4056,1.0
216,2777,1.0
216,2906,1.0
216,3675,1.0
217,409,1.0
217,1178,1.0
217,1307,1.0
217,28,1.0
217,729,1.0
217,858,1.0
217,1627,1.0
217,2012,1.0
217,3481,1.0
217,2202,1.0
217,2331,1.0
217,3100,1.0
217,3801,1.0
217,3930,1.0
217,2651,1.0
217,3036,1.0
218,1178,1.0
218,1307,1.0
218,28,1.0
218,413,1.0
218,1882,1.0
218,603,1.0
218,988,1.0
218,1757,1.0
218,2202,1.0
218,2331,1.0
218,3100,1.0
218,3485,1.0
218,2906,1.0
218,3675,1.0
218,4060,1.0
218,2781,1.0
219,1307,1.0
219,28,1.0
219,413,1.0
219,1182,1.0
219,1627,1.0
219,2012,1.0
219,733,1.0
219,862,1.0
219,2331,1.0
219,3100,1.0
219,3485,1.0
219,2206,1.0
219,2651,1.0
219,3036,1.0
219,3805,1.0
219,3934,1.0
220,28,1.0
220,413,1.0
220,1182,1.0
220,1311,1.0
220,988,1.0
220,1757,1.0
220,1886,1.0
220,607,1.0
220,3100,1.0
220,3485,1.0
220,2206,1.0
220,2335,1.0
220,4060,1.0
220,2781,1.0
220,2910,1.0
220,3679,1.0
221,413,1.0
221,1182,1.0
221,1311,1.0
221,32,1.0
221,733,1.0
221,862,1.0
221,1631,1.0
221,2016,1.0
221,3485,1.0
221,2206,1.0
221,2335,1.0
221,3104,1.0
221,3805,1.0
221,3934,1.0
221,2655,1.0
221,3040,1.0
222,1182,1.0
222,1311,1.0
222,32,1.0
222,417,1.0
222,1886,1.0
222,607,1.0
222,992,1.0
222,1761,1.0
222,2206,1.0
222,2335,1.0
222,3104,1.0
222,3489,1.0
222,2910,1.0
222,3679,1.0
222,4064,1.0
222,2785,1.0
223,1311,1.0
223,32,1.0
223,417,1.0
223,1186,1.0
223,1631,1.0
223,2016,1.0
223,737,1.0
223,866,1.0
223,2335,1.0
223,3104,1.0
223,3489,1.0
223,2210,1.0
223,2655,1.0
223,3040,1.0
223,3809,1.0
223,3938,1.0
224,32,1.0
224,417,1.0
224,1186,1.0
224,1315,1.0
224,992,1.0
224,1761,1.0
224,1890,1.0
224,611,1.0
224,3104,1.0
224,3489,1.0
224,2210,1.0
224,2339,1.0
224,4064,1.0
224,2785,1.0
224,2914,1.0
224,3683,1.0
225,417,1.0
225,1186,1.0
225,1315,1.0
225,36,1.0
225,737,1.0
225,866,1.0
225,1635,1.0
225,2020,1.0
225,3489,1.0
225,2210,1.0
225,2339,1.0
225,3108,1.0
225,3809,1.0
225,3938,1.0
225,2659,1.0
225,3044,1.0
226,1186,1.0
226,1315,1.0
226,36,1.0
226,421,1.0
226,1890,1.0
226,611,1.0
226,996,1.0
226,1765,1.0
226,2210,1.0
226,2339,1.0
226,3108,1.0
226,3493,1.0
226,2914,1.0
226,3683,1.0
226,4068,1.0
226,2789,1.0
227,1315,1.0
227,36,1.0
227,421,1.0
227,1190,1.0
227,1635,1.0
227,2020,1.0
227,741,1.0
227,870,1.0
227,2339,1.0
227,3108,1.0
227,3493,1.0
227,2214,1.0
227,2659,1.0
227,3044,1.0
227,3813,1.0
227,3942,1.0
228,36,1.0
228,421,1.0
228,1190,1.0
228,1319,1.0
228,996,1.0
228,1765,1.0
228,1894,1.0
228,615,1.0
228,3108,1.0
228,3493,1.0
228,2214,1.0
228,2343,1.0
228,4068,1.0
228,2789,1.0
228,2918,1.0
228,3687,1.0
229,421,1.0
229,1190,1.0
229,1319,1.0
229,40,1.0
229,741,1.0
229,870,1.0
229,1639,1.0
229,2024,1.0
229,3493,1.0
229,2214,1.0
229,2343,1.0
229,3112,1.0
229,3813,1.0
229,3942,1.0
229,2663,1.0
229,3048,1.0
230,1190,1.0
230,1319,1.0
230,40,1.0
230,425,1.0
230,1894,1.0
230,615,1.0
230,1000,1.0
230,1769,1.0
230,2214,1.0
230,2343,1.0
230,3112,1.0
230,3497,1.0
230,2918,1.0
230,3687,1.0
230,4072,1.0
230,2793,1.0
231,1319,1.0
231,40,1.0
231,425,1.0
231,1194,1.0
231,1639,1.0
231,2024,1.0
231,745,1.0
231,874,1.0
231,2343,1.0
231,3112,1.0
231,3497,1.0
231,2218,1.0
231,2663,1.0
231,3048,1.0
231,3817,1.0
231,3946,1.0
232,40,1.0
232,425,1.0
232,1194,1.0
232,1323,1.0
232,1000,1.0
232,1769,1.0
232,1898,1.0
232,619,1.0
232,3112,1.0
232,3497,1.0
232,2218,1.0
232,2347,1.0
232,4072,1.0
232,2793,1.0
232,2922,1.0
232,3691,1.0
233,425,1.0
233,1194,1.0
233,1323,1.0
233,44,1.0
233,745,1.0
233,874,1.0
233,1643,1.0
233,2028,1.0
233,3497,1.0
233,2218,1.0
233,2347,1.0
233,3116,1.0
233,3817,1.0
233,3946,1.0
233,2667,1.0
233,3052,1.0
234,1194,1.0
234,1323,1.0
234,44,1.0
234,429,1.0
234,1898,1.0
234,619,1.0
234,1004,1.0
234,1773,1.0
234,2218,1.0
234,2347,1.0
234,3116,1.0
234,3501,1.0
234,2922,1.0
234,3691,1.0
234,4076,1.0
234,2797,1.0
235,1323,1.0
235,44,1.0
235,429,1.0
235,1198,1.0
235,1643,1.0
235,2028,1.0
235,749,1.0
235,878,1.0
235,2347,1.0
235,3116,1.0
235,3501,1.0
235,2222,1.0
235,2667,1.0
235,3052,1.0
235,3821,1.0
235,3950,1.0
236,44,1.0
236,429,1.0
236,1198,1.0
236,1327,1.0
236,1004,1.0
236,1773,1.0
236,1902,1.0
236,623,1.0
236,3116,1.0
236,3501,1.0
236,2222,1.0
236,2351,1.0
236,4076,1.0
236,2797,1.0
236,2926,1.0
236,3695,1.0
237,429,1.0
237,1198,1.0
237,1327,1.0
237,48,1.0
237,749,1.0
237,878,1.0
237,1647,1.0
237,2032,1.0
237,3501,1.0
237,2222,1.0
237,2351,1.0
237,3120,1.0
237,3821,1.0
237,3950,1.0
237,2671,1.0
237,3056,1.0
238,1198,1.0
238,1327,1.0
238,48,1.0
238,433,1.0
238,1902,1.0
238,623,1.0
238,1008,1.0
238,1777,1.0
238,2222,1.0
238,2351,1.0
238,3120,1.0
238,3505,1.0
238,2926,1.0
238,3695,1.0
238,4080,1.0
238,2801,1.0
239,1327,1.0
239,48,1.0
239,433,1.0
239,1202,1.0
239,1647,1.0
239,2032,1.0
239,753,1.0
239,882,1.0
239,2351,1.0
239,3120,1.0
239,3505,1.0
239,2226,1.0
239,2671,1.0
239,3056,1.0
239,3825,1.0
239,3954,1.0
240,48,1.0
240,433,1.0
240,1202,1.0
240,1331,1.0
240,1008,1.0
240,1777,1.0
240,1906,1.0
240,627,1.0
240,3120,1.0
240,3505,1.0
240,2226,1.0
240,2355,1.0
240,4080,1.0
240,2801,1.0
240,2930,1.0
240,3699,1.0
241,433,1.0
241,1202,1.0
241,1331,1.0
241,52,1.0
241,753,1.0
241,882,1.0
241,1651,1.0
241,2036,1.0
241,3505,1.0
241,2226,1.0
241,2355,1.0
241,3124,1.0
241,3825,1.0
241,3954,1.0
241,2675,1.0
241,3060,1.0
242,1202,1.0
242,1331,1.0
242,52,1.0
242,437,1.0
242,1906,1.0
242,627,1.0
242,1012,1.0
242,1781,1.0
242,2226,1.0
242,2355,1.0
242,3124,1.0
242,3509,1.0
242,2930,1.0
242,3699,1.0
242,4084,1.0
242,2805,1.0
243,1331,1.0
243,52,1.0
243,437,1.0
243,1206,1.0
243,1651,1.0
243,2036,1.0
243,757,1.0
243,886,1.0
243,2355,1.0
243,3124,1.0
243,3509,1.0
243,2230,1.0
243,2675,1.0
243,3060,1.0
243,3829,1.0
243,3958,1.0
244,52,1.0
244,437,1.0
244,1206,1.0
244,1335,1.0
244,1012,1.0
244,1781,1.0
244,1910,1.0
244,631,1.0
244,3124,1.0
244,3509,1.0
244,2230,1.0
244,2359,1.0
244,4084,1.0
244,2805,1.0
244,2934,1.0
244,3703,1.0
245,437,1.0
245,1206,1.0
245,1335,1.0
245,56,1.0
245,757,1.0
245,886,1.0
245,1655,1.0
245,2040,1.0
245,3509,1.0
245,2230,1.0
245,2359,1.0
245,3128,1.0
245,3829,1.0
245,3958,1.0
245,2679,1.0
245,3064,1.0
246,1206,1.0
246,1335,1.0
246,56,1.0
246,441,1.0
246,1910,1.0
246,631,1.0
246,1016,1.0
246,1785,1.0
246,2230,1.0
246,2359,1.0
246,3128,1.0
246,3513,1.0
246,2934,1.0
246,3703,1.0
246,4088,1.0
246,2809,1.0
247,1335,1.0
247,56,1.0
247,441,1.0
247,1210,1.0
247,1655,1.0
247,2040,1.0
247,761,1.0
247,890,1.0
247,2359,1.0
247,3128,1.0
247,3513,1.0
247,2234,1.0
247,2679,1.0
247,3064,1.0
247,3833,1.0
247,3962,1.0
248,56,1.0
248,441,1.0
248,1210,1.0
248,1339,1.0
248,1016,1.0
248,1785,1.0
248,1914,1.0
248,635,1.0
248,3128,1.0
248,3513,1.0
248,2234,1.0
248,2363,1.0
248,4088,1.0
248,2809,1.0
248,2938,1.0
248,3707,1.0
249,441,1.0
249,1210,1.0
249,1339,1.0
249,60,1.0
249,761,1.0
249,890,1.0
249,1659,1.0
249,2044,1.0
249,3513,1.0
249,2234,1.0
249,2363,1.0
249,3132,1.0
249,3833,1.0
249,3962,1.0
249,2683,1.0
249,3068,1.0
250,1210,1.0
250,1339,1.0
250,60,1.0
250,445,1.0
250,1914,1.0
250,635,1.0
250,1020,1.0
250,1789,1.0
250,2234,1.0
250,2363,1.0
250,3132,1.0
250,3517,1.0
250,2938,1.0
250,3707,1.0
250,4092,1.0
250,2813,1.0
251,1339,1.0
251,60,1.0
251,445,1.0
251,1214,1.0
251,1659,1.0
251,2044,1.0
251,765,1.0
251,894,1.0
251,2363,1.0
251,3132,1.0
251,3517,1.0
251,2238,1.0
251,2683,1.0
251,3068,1.0
251,3837,1.0
251,3966,1.0
252,60,1.0
252,445,1.0
252,1214,1.0
252,1343,1.0
252,1020,1.0
252,1789,1.0
252,1918,1.0
252,639,1.0
252,3132,1.0
252,3517,1.0
252,2238,1.0
252,2367,1.0
252,4092,1.0
252,2813,1.0
252,2942,1.0
252,3711,1.0
253,445,1.0
253,1214,1.0
253,1343,1.0
253,0,1.0
253,765,1.0
253,894,1.0
253,1663,1.0
253,1984,1.0
253,3517,1.0
253,2238,1.0
253,2367,1.0
253,3072,1.0
253,3837,1.0
253,3966,1.0
253,2687,1.0
253,3008,1.0
254,1214,1.0
254,1343,1.0
254,0,1.0
254,385,1.0
254,1918,1.0
254,639,1.0
254,960,1.0
254,1729,1.0
254,2238,1.0
254,2367,1.0
254,3072,1.0
254,3457,1.0
254,2942,1.0
254,3711,1.0
254,4032,1.0
254,2753,1.0
255,1343,1.0
255,0,1.0
255,385,1.0
255,1154,1.0
255,1663,1.0
255,1984,1.0
255,705,1.0
255,834,1.0
255,2367,1.0
255,3072,1.0
255,3457,1.0
255,2178,1.0
255,2687,1.0
255,3008,1.0
255,3777,1.0
255,3906,1.0
256,0,1.0
256,385,1.0
256,1154,1.0
256,1283,1.0
256,960,1.0
256,1729,1.0
256,1858,1.0
256,579,1.0
256,3072,1.0
256,3457,1.0
256,2178,1.0
256,2307,1.0
256,4032,1.0
256,2753,1.0
256,2882,1.0
256,3651,1.0
257,385,1.0
257,1154,1.0
257,1283,1.0
257,4,1.0
257,705,1.0
257,834,1.0
257,1603,1.0
257,1988,1.0
257,3457,1.0
257,2178,1.0
257,2307,1.0
257,3076,1.0
257,3777,1.0
257,3906,1.0
257,2627,1.0
257,3012,1.0
258,1154,1.0
258,1283,1.0
258,4,1.0
258,389,1.0
258,1858,1.0
258,579,1.0
258,964,1.0
258,1733,1.0
258,2178,1.0
258,2307,1.0
258,3076,1.0
258,3461,1.0
258,2882,1.0
258,3651,1.0
258,4036,1.0
258,2757,1.0
259,1283,1.0
259,4,1.0
259,389,1.0
259,1158,1.0
259,1603,1.0
259,1988,1.0
259,709,1.0
259,838,1.0
259,2307,1.0
259,3076,1.0
259,3461,1.0
259,2182,1.0
259,2627,1.0
259,3012,1.0
259,3781,1.0
259,3910,1.0
260,4,1.0
260,389,1.0
260,1158,1.0
260,1287,1.0
260,964,1.0
260,1733,1.0
260,1862,1.0
260,583,1.0
260,3076,1.0
260,3461,1.0
260,2182,1.0
260,2311,1.0
260,4036,1.0
260,2757,1.0
260,2886,1.0
260,3655,1.0
261,389,1.0
261,1158,1.0
261,1287,1.0
261,8,1.0
261,709,1.0
261,838,1.0
261,1607,1.0
261,1992,1.0
261,3461,1.0
261,2182,1.0
261,2311,1.0
261,3080,1.0
261,3781,1.0
261,3910,1.0
261,2631,1.0
261,3016,1.0
262,1158,1.0
262,1287,1.0
262,8,1.0
262,393,1.0
262,1862,1.0
262,583,1.0
262,968,1.0
262,1737,1.0
262,2182,1.0
262,2311,1.0
262,3080,1.0
262,3465,1.0
262,2886,1.0
262,3655,1.0
262,4040,1.0
262,2761,1.0
263,1287,1.0
263,8,1.0
263,393,1.0
263,1162,1.0
263,1607,1.0
263,1992,1.0
263,713,1.0
263,842,1.0
263,2311,1.0
263,3080,1.0
263,3465,1.0
263,2186,1.0
263,2631,1.0
263,3016,1.0
263,3785,1.0
263,3914,1.0
264,8,1.0
264,393,1.0
264,1162,1.0
264,1291,1.0
264,968,1.0
264,1737,1.0
264,1866,1.0
264,587,1.0
264,3080,1.0
264,3465,1.0
264,2186,1.0
264,2315,1.0
264,4040,1.0
264,2761,1.0
264,2890,1.0
264,3659,1.0
265,393,1.0
265,1162,1.0
265,1291,1.0
265,12,1.0
265,713,1.0
265,842,1.0
265,1611,1.0
265,1996,1.0
265,3465,1.0
265,2186,1.0
265,2315,1.0
265,3084,1.0
265,3785,1.0
265,3914,1.0
265,2635,1.0
265,3020,1.0
266,1162,1.0
266,1291,1.0
266,12,1.0
266,397,1.0
266,1866,1.0
266,587,1.0
266,972,1.0
266,1741,1.0
266,2186,1.0
266,2315,1.0
266,3084,1.0
266,3469,1.0
266,2890,1.0
266,3659,1.0
266,4044,1.0
266,2765,1.0
267,1291,1.0
267,12,1.0
267,397,1.0
267,1166,1.0
267,1611,1.0
267,1996,1.0
267,717,1.0
267,846,1.0
267,2315,1.0
267,3084,1.0
267,3469,1.0
267,2190,1.0
267,2635,1.0
267,3020,1.0
267,3789,1.0
267,3918,1.0
268,12,1.0
268,397,1.0
268,1166,1.0
268,1295,1.0
268,972,1.0
268,1741,1.0
268,1870,1.0
268,591,1.0
268,3084,1.0
268,3469,1.0
268,2190,1.0
268,2319,1.0
268,4044,1.0
268,2765,1.0
268,2894,1.0
268,3663,1.0
269,397,1.0
269,1166,1.0
269,1295,1.0
269,16,1.0
269,717,1.0
269,846,1.0
269,1615,1.0
269,2000,1.0
269,3469,1.0
269,2190,1.0
269,2319,1.0
269,3088,1.0
269,3789,1.0
269,3918,1.0
269,2639,1.0
269,3024,1.0
270,1166,1.0
270,1295,1.0
270,16,1.0
270,401,1.0
270,1870,1.0
270,591,1.0
270,976,1.0
270,1745,1.0
270,2190,1.0
270,2319,1.0
270,3088,1.0
270,3473,1.0
270,2894,1.0
270,3663,1.0
270,4048,1.0
270,2769,1.0
271,1295,1.0
271,16,1.0
271,401,1.0
271,1170,1.0
271,1615,1.0
271,2000,1.0
271,721,1.0
271,850,1.0
271,2319,1.0
271,3088,1.0
271,3473,1.0
271,2194,1.0
271,2639,1.0
271,3024,1.0
271,3793,1.0
271,3922,1.0
272,16,1.0
272,401,1.0
272,1170,1.0
272,1299,1.0
272,976,1.0
272,1745,1.0
272,1874,1.0
272,595,1.0
272,3088,1.0
272,3473,1.0
272,2194,1.0
272,2323,1.0
272,4048,1.0
272,2769,1.0
272,2898,1.0
272,3667,1.0
273,401,1.0
273,1170,1.0
273,1299,1.0
273,20,1.0
273,721,1.0
273,850,1.0
273,1619,1.0
273,2004,1.0
273,3473,1.0
273,2194,1.0
273,2323,1.0
273,3092,1.0
273,3793,1.0
273,3922,1.0
273,2643,1.0
273,3028,1.0
274,1170,1.0
274,1299,1.0
274,20,1.0
274,405,1.0
274,1874,1.0
274,595,1.0
274,980,1.0
274,1749,1.0
274,2194,1.0
274,2323,1.0
274,3092,1.0
274,3477,1.0
274,2898,1.0
274,3667,1.0
274,4052,1.0
274,2773,1.0
275,1299,1.0
275,20,1.0
275,405,1.0
275,1174,1.0
275,1619,1.0
275,2004,1.0
275,725,1.0
275,854,1.0
275,2323,1.0
275,3092,1.0
275,3477,1.0
275,2198,1.0
275,2643,1.0
275,3028,1.0
275,3797,1.0
275,3926,1.0
276,20,1.0
276,405,1.0
276,1174,1.0
276,1303,1.0
276,980,1.0
276,1749,1.0
276,1878,1.0
276,599,1.0
276,3092,1.0
276,3477,1.0
276,2198,1.0
276,2327,1.0
276,4052,1.0
276,2773,1.0
276,2902,1.0
276,3671,1.0
277,405,1.0
277,1174,1.0
277,1303,1.0
277,24,1.0
277,725,1.0
277,854,1.0
277,1623,1.0
277,2008,1.0
277,3477,1.0
277,2198,1.0
277,2327,1.0
277,3096,1.0
277,3797,1.0
277,3926,1.0
277,2647,1.0
277,3032,1.0
278,1174,1.0
278,1303,1.0
278,24,1.0
278,409,1.0
278,1878,1.0
278,599,1.0
278,984,1.0
278,1753,1.0
278,2198,1.0
278,2327,1.0
278,3096,1.0
278,3481,1.0
278,2902,1.0
278,3671,1.0
278,4056,1.0
278,2777,1.0
279,1303,1.0
279,24,1.0
279,409,1.0
279,1178,1.0
279,1623,1.0
279,2008,1.0
279,729,1.0
279,858,1.0
279,2327,1.0
279,3096,1.0
279,3481,1.0
279,2202,1.0
279,2647,1.0
279,3032,1.0
279,3801,1.0
279,3930,1.0
280,24,1.0
280,409,1.0
280,1178,1.0
280,1307,1.0
280,984,1.0
280,1753,1.0
280,1882,1.0
280,603,1.0
280,3096,1.0
280,3481,1.0
280,2202,1.0
280,2331,1.0
280,4056,1.0
280,2777,1.0
280,2906,1.0
280,3675,1.0
281,409,1.0
281,1178,1.0
281,1307,1.0
281,28,1.0
281,729,1.0
281,858,1.0
281,1627,1.0
281,2012,1.0
281,3481,1.0
281,2202,1.0
281,2331,1.0
281,3100,1.0
281,3801,1.0
281,3930,1.0
281,2651,1.0
281,3036,1.0
282,1178,1.0
282,1307,1.0
282,28,1.0
282,413,1.0
282,1882,1.0
282,603,1.0
282,988,1.0
282,1757,1.0
282,2202,1.0
282,2331,1.0
282,3100,1.0
282,3485,1.0
282,2906,1.0
282,3675,1.0
282,4060,1.0
282,2781,1.0
283,1307,1.0
283,28,1.0
283,413,1.0
283,1182,1.0
283,1627,1.0
283,2012,1.0
283,733,1.0
283,862,1.0
283,2331,1.0
283,3100,1.0
283,3485,1.0
283,2206,1.0
283,2651,1.0
283,3036,1.0
283,3805,1.0
283,3934,1.0
284,28,1.0
284,413,1.0
284,1182,1.0
284,1311,1.0
284,988,1.0
284,1757,1.0
284,1886,1.0
284,607,1.0
284,3100,1.0
284,3485,1.0
284,2206,1.0
284,2335,1.0
284,4060,1.0
284,2781,1.0
284,2910,1.0
284,3679,1.0
285,413,1.0
285,1182,1.0
285,1311,1.0
285,32,1.0
285,733,1.0
285,862,1.0
285,1631,1.0
285,2016,1.0
285,3485,1.0
285,2206,1.0
285,2335,1.0
285,3104,1.0
285,3805,1.0
285,3934,1.0
285,2655,1.0
285,3040,1.0
286,1182,1.0
286,1311,1.0
286,32,1.0
286,417,1.0
286,1886,1.0
286,607,1.0
286,992,1.0
286,1761,1.0
286,2206,1.0
286,2335,1.0
286,3104,1.0
286,3489,1.0
286,2910,1.0
286,3679,1.0
286,4064,1.0
286,2785,1.0
287,1311,1.0
287,32,1.0
287,417,1.0
287,1186,1.0
287,1631,1.0
287,2016,1.0
287,737,1.0
287,866,1.0
287,2335,1.0
287,3104,1.0
287,3489,1.0
287,2210,1.0
287,2655,1.0
287,3040,1.0
287,3809,1.0
287,3938,1.0
288,32,1.0
288,417,1.0
288,1186,1.0
288,1315,1.0
288,992,1.0
288,1761,1.0
288,1890,1.0
288,611,1.0
288,3104,1.0
288,3489,1.0
288,2210,1.0
288,2339,1.0
288,4064,1.0
288,2785,1.0
288,2914,1.0
288,3683,1.0
289,417,1.0
289,1186,1.0
289,1315,1.0
289,36,1.0
289,737,1.0
289,866,1.0
289,1635,1.0
289,2020,1.0
289,3489,1.0
289,2210,1.0
289,2339,1.0
289,3108,1.0
289,3809,1.0
289,3938,1.0
289,2659,1.0
289,3044,1.0
290,1186,1.0
290,1315,1.0
290,36,1.0
290,421,1.0
290,1890,1.0
290,611,1.0
290,996,1.0
290,1765,1.0
290,2210,1.0
290,2339,1.0
290,3108,1.0
290,3493,1.0
290,2914,1.0
290,3683,1.0
290,4068,1.0
290,2789,1.0
291,1315,1.0
291,36,1.0
291,421,1.0
291,1190,1.0
291,1635,1.0
291,2020,1.0
291,741,1.0
291,870,1.0
291,2339,1.0
291,3108,1.0
291,3493,1.0
291,2214,1.0
291,2659,1.0
291,3044,1.0
291,3813,1.0
291,3942,1.0
292,36,1.0
292,421,1.0
292,1190,1.0
292,1319,1.0
292,996,1.0
292,1765,1.0
292,1894,1.0
292,615,1.0
292,3108,1.0
292,3493,1.0
292,2214,1.0
292,2343,1.0
292,4068,1.0
292,2789,1.0
292,2918,1.0
292,3687,1.0
293,421,1.0
293,1190,1.0
293,1319,1.0
293,40,1.0
293,741,1.0
293,870,1.0
293,1639,1.0
293,2024,1.0
293,3493,1.0
293,2214,1.0
293,2343,1.0
293,3112,1.0
293,3813,1.0
293,3942,1.0
293,2663,1.0
293,3048,1.0
294,1190,1.0
294,1319,1.0
294,40,1.0
294,425,1.0
294,1894,1.0
294,615,1.0
294,1000,1.0
294,1769,1.0
294,2214,1.0
294,2343,1.0
294,3112,1.0
294,3497,1.0
294,2918,1.0
294,3687,1.0
294,4072,1.0
294,2793,1.0
295,1319,1.0
295,40,1.0
295,425,1.0
295,1194,1.0
295,1639,1.0
295,2024,1.0
295,745,1.0
295,874,1.0
295,2343,1.0
295,3112,1.0
295,3497,1.0
295,2218,1.0
295,2663,1.0
295,3048,1.0
295,3817,1.0
295,3946,1.0
296,40,1.0
296,425,1.0
296,1194,1.0
296,1323,1.0
296,1000,1.0
296,1769,1.0
296,1898,1.0
296,619,1.0
296,3112,1.0
296,3497,1.0
296,2218,1.0
296,2347,1.0
296,4072,1.0
296,2793,1.0
296,2922,1.0
296,3691,1.0
297,425,1.0
297,1194,1.0
297,1323,1.0
297,44,1.0
297,745,1.0
297,874,1.0
297,1643,1.0
297,2028,1.0
297,3497,1.0
297,2218,1.0
297,2347,1.0
297,3116,1.0
297,3817,1.0
297,3946,1.0
297,2667,1.0
297,3052,1.0
298,1194,1.0
298,1323,1.0
298,44,1.0
298,429,1.0
298,1898,1.0
298,619,1.0
298,1004,1.0
298,1773,1.0
298,2218,1.0
298,2347,1.0
298,3116,1.0
298,3501,1.0
298,2922,1.0
298,3691,1.0
298,4076,1.0
298,2797,1.0
299,1323,1.0
299,44,1.0
299,429,1.0
299,1198,1.0
299,1643,1.0
299,2028,1.0
299,749,1.0
299,878,1.0
299,2347,1.0
299,3116,1.0
299,3501,1.0
299,2222,1.0
299,2667,1.0
299,3052,1.0
299,3821,1.0
299,3950,1.0
300,44,1.0
300,429,1.0
300,1198,1.0
300,1327,1.0
300,1004,1.0
300,1773,1.0
300,1902,1.0
300,623,1.0
300,3116,1.0
300,3501,1.0
300,2222,1.0
300,2351,1.0
300,4076,1.0
300,2797,1.0
300,2926,1.0
300,3695,1.0
301,429,1.0
301,1198,1.0
301,1327,1.0
301,48,1.0
301,749,1.0
301,878,1.0
301,1647,1.0
301,2032,1.0
301,3501,1.0
301,2222,1.0
301,2351,1.0
301,3120,1.0
301,3821,1.0
301,3950,1.0
301,2671,1.0
301,3056,1.0
302,1198,1.0
302,1327,1.0
302,48,1.0
302,433,1.0
302,1902,1.0
302,623,1.0
302,1008,1.0
302,1777,1.0
302,2222,1.0
302,2351,1.0
302,3120,1.0
302,3505,1.0
302,2926,1.0
302,3695,1.0
302,4080,1.0
302,2801,1.0
303,1327,1.0
303,48,1.0
303,433,1.0
303,1202,1.0
303,1647,1.0
303,2032,1.0
303,753,1.0
303,882,1.0
303,2351,1.0
303,3120,1.0
303,3505,1.0
303,2226,1.0
303,2671,1.0
303,3056,1.0
303,3825,1.0
303,3954,1.0
304,48,1.0
304,433,1.0
304,1202,1.0
304,1331,1.0
304,1008,1.0
304,1777,1.0
304,1906,1.0
304,627,1.0
304,3120,1.0
304,3505,1.0
304,2226,1.0
304,2355,1.0
304,4080,1.0
304,2801,1.0
304,2930,1.0
304,3699,1.0
305,433,1.0
305,1202,1.0
305,1331,1.0
305,52,1.0
305,753,1.0
305,882,1.0
305,1651,1.0
305,2036,1.0
305,3505,1.0
305,2226,1.0
305,2355,1.0
305,3124,1.0
305,3825,1.0
305,3954,1.0
305,2675,1.0
305,3060,1.0
306,1202,1.0
306,1331,1.0
306,52,1.0
306,437,1.0
306,1906,1.0
306,627,1.0
306,1012,1.0
306,1781,1.0
306,2226,1.0
306,2355,1.0
306,3124,1.0
306,3509,1.0
306,2930,1.0
306,3699,1.0
306,4084,1.0
306,2805,1.0
307,1331,1.0
307,52,1.0
307,437,1.0
307,1206,1.0
307,1651,1.0
307,2036,1.0
307,757,1.0
307,886,1.0
307,2355,1.0
307,3124,1.0
307,3509,1.0
307,2230,1.0
307,2675,1.0
307,3060,1.0
307,3829,1.0
307,3958,1.0
308,52,1.0
308,437,1.0
308,1206,1.0
308,1335,1.0
308,1012,1.0
308,1781,1.0
308,1910,1.0
308,631,1.0
308,3124,1.0
308,3509,1.0
308,2230,1.0
308,2359,1.0
308,4084,1.0
308,2805,1.0
308,2934,1.0
308,3703,1.0
309,437,1.0
309,1206,1.0
309,1335,1.0
309,56,1.0
309,757,1.0
309,886,1.0
309,1655,1.0
309,2040,1.0
309,3509,1.0
309,2230,1.0
309,2359,1.0
309,3128,1.0
309,3829,1.0
309,3958,1.0
309,2679,1.0
309,3064,1.0
310,1206,1.0
310,1335,1.0
310,56,1.0
310,441,1.0
310,1910,1.0
310,631,1.0
310,1016,1.0
310,1785,1.0
310,2230,1.0
310,2359,1.0
310,3128,1.0
310,3513,1.0
310,2934,1.0
310,3703,1.0
310,4088,1.0
310,2809,1.0
311,1335,1.0
311,56,1.0
311,441,1.0
311,1210,1.0
311,1655,1.0
311,2040,1.0
311,761,1.0
311,890,1.0
311,2359,1.0
311,3128,1.0
311,3513,1.0
311,2234,1.0
311,2679,1.0
311,3064,1.0
311,3833,1.0
311,3962,1.0
312,56,1.0
312,441,1.0
312,1210,1.0
312,1339,1.0
312,1016,1.0
312,1785,1.0
312,1914,1.0
312,635,1.0
312,3128,1.0
312,3513,1.0
312,2234,1.0
312,2363,1.0
312,4088,1.0
312,2809,1.0
312,2938,1.0
312,3707,1.0
313,441,1.0
313,1210,1.0
313,1339,1.0
313,60,1.0
313,761,1.0
313,890,1.0
313,1659,1.0
313,2044,1.0
313,3513,1.0
313,2234,1.0
313,2363,1.0
313,3132,1.0
313,3833,1.0
313,3962,1.0
313,2683,1.0
313,3068,1.0
314,1210,1.0
314,1339,1.0
314,60,1.0
314,445,1.0
314,1914,1.0
314,635,1.0
314,1020,1.0
314,1789,1.0
314,2234,1.0
314,2363,1.0
314,3132,1.0
314,3517,1.0
314,2938,1.0
314,3707,1.0
314,4092,1.0
314,2813,1.0
315,1339,1.0
315,60,1.0
315,445,1.0
315,1214,1.0
315,1659,1.0
315,2044,1.0
315,765,1.0
315,894,1.0
315,2363,1.0
315,3132,1.0
315,3517,1.0
315,2238,1.0
315,2683,1.0
315,3068,1.0
315,3837,1.0
315,3966,1.0
316,60,1.0
316,445,1.0
316,1214,1.0
316,1343,1.0
316,1020,1.0
316,1789,1.0
316,1918,1.0
316,639,1.0
316,3132,1.0
316,3517,1.0
316,2238,1.0
316,2367,1.0
316,4092,1.0
316,2813,1.0
316,2942,1.0
316,3711,1.0
317,445,1.0
317,1214,1.0
317,1343,1.0
317,0,1.0
317,765,1.0
317,894,1.0
317,1663,1.0
317,1984,1.0
317,3517,1.0
317,2238,1.0
317,2367,1.0
317,3072,1.0
317,3837,1.0
317,3966,1.0
317,2687,1.0
317,3008,1.0
318,1214,1.0
318,1343,1.0
318,0,1.0
318,385,1.0
318,1918,1.0
318,639,1.0
318,960,1.0
318,1729,1.0
318,2238,1.0
318,2367,1.0
318,3072,1.0
318,3457,1.0
318,2942,1.0
318,3711,1.0
318,4032,1.0
318,2753,1.0
319,1343,1.0
319,0,1.0
319,385,1.0
319,1154,1.0
319,1663,1.0
319,1984,1.0
319,705,1.0
319,834,1.0
319,2367,1.0
319,3072,1.0
319,3457,1.0
319,2178,1.0
319,2687,1.0
319,3008,1.0
319,3777,1.0
319,3906,1.0
320,0,1.0
320,385,1.0
320,1154,1.0
320,1283,1.0
320,960,1.0
320,1729,1.0
320,1858,1.0
320,579,1.0
320,3072,1.0
320,3457,1.0
320,2178,1.0
320,2307,1.0
320,4032,1.0
320,2753,1.0
320,2882,1.0
320,3651,1.0
321,385,1.0
321,1154,1.0
321,1283,1.0
321,4,1.0
321,705,1.0
321,834,1.0
321,1603,1.0
321,1988,1.0
321,3457,1.0
321,2178,1.0
321,2307,1.0
321,3076,1.0
321,3777,1.0
321,3906,1.0
321,2627,1.0
321,3012,1.0
322,1154,1.0
322,1283,1.0
322,4,1.0
322,389,1.0
322,1858,1.0
322,579,1.0
322,964,1.0
322,1733,1.0
322,2178,1.0
322,2307,1.0
322,3076,1.0
322,3461,1.0
322,2882,1.0
322,3651,1.0
322,4036,1.0
322,2757,1.0
323,1283,1.0
323,4,1.0
323,389,1.0
323,1158,1.0
323,1603,1.0
323,1988,1.0
323,709,1.0
323,838,1.0
323,2307,1.0
323,3076,1.0
323,3461,1.0
323,2182,1.0
323,2627,1.0
323,3012,1.0
323,3781,1.0
323,3910,1.0
324,4,1.0
324,389,1.0
324,1158,1.0
324,1287,1.0
324,964,1.0
324,1733,1.0
324,1862,1.0
324,583,1.0
324,3076,1.0
324,3461,1.0
324,2182,1.0
324,2311,1.0
324,4036,1.0
324,2757,1.0
324,2886,1.0
324,3655,1.0
325,389,1.0
325,1158,1.0
325,1287,1.0
325,8,1.0
325,709,1.0
325,838,1.0
325,1607,1.0
325,1992,1.0
325,3461,1.0
325,2182,1.0
325,2311,1.0
325,3080,1.0
325,3781,1.0
325,3910,1.0
325,2631,1.0
325,3016,1.0
326,1158,1.0
326,1287,1.0
326,8,1.0
326,393,1.0
326,1862,1.0
326,583,1.0
326,968,1.0
326,1737,1.0
326,2182,1.0
326,2311,1.0
326,3080,1.0
326,3465,1.0
326,2886,1.0
326,3655,1.0
326,4040,1.0
326,2761,1.0
327,1287,1.0
327,8,1.0
327,393,1.0
327,1162,1.0
327,1607,1.0
327,1992,1.0
327,713,1.0
327,842,1.0
327,2311,1.0
327,3080,1.0
327,3465,1.0
327,2186,1.0
327,2631,1.0
327,3016,1.0
327,3785,1.0
327,3914,1.0
328,8,1.0
328,393,1.0
328,1162,1.0
328,1291,1.0
328,968,1.0
328,1737,1.0
328,1866,1.0
328,587,1.0
328,3080,1.0
328,3465,1.0
328,2186,1.0
328,2315,1.0
328,4040,1.0
328,2761,1.0
328,2890,1.0
328,3659,1.0
329,393,1.0
329,1162,1.0
329,1291,1.0
329,12,1.0
329,713,1.0
329,842,1.0
329,1611,1.0
329,1996,1.0
329,3465,1.0
329,2186,1.0
329,2315,1.0
329,3084,1.0
329,3785,1.0
329,3914,1.0
329,2635,1.0
329,3020,1.0
330,1162,1.0
330,1291,1.0
330,12,1.0
330,397,1.0
330,1866,1.0
330,587,1.0
330,972,1.0
330,1741,1.0
330,2186,1.0
330,2315,1.0
330,3084,1.0
330,3469,1.0
330,2890,1.0
330,3659,1.0
330,4044,1.0
330,2765,1.0
331,1291,1.0
331,12,1.0
331,397,1.0
331,1166,1.0
331,1611,1.0
331,1996,1.0
331,717,1.0
331,846,1.0
331,2315,1.0
331,3084,1.0
331,3469,1.0
331,2190,1.0
331,2635,1.0
331,3020,1.0
331,3789,1.0
331,3918,1.0
332,12,1.0
332,397,1.0
332,1166,1.0
332,1295,1.0
332,972,1.0
332,1741,1.0
332,1870,1.0
332,591,1.0
332,3084,1.0
332,3469,1.0
332,2190,1.0
332,2319,1.0
332,4044,1.0
332,2765,1.0
332,2894,1.0
332,3663,1.0
333,397,1.0
333,1166,1.0
333,1295,1.0
333,16,1.0
333,717,1.0
333,846,1.0
333,1615,1.0
333,2000,1.0
333,3469,1.0
333,2190,1.0
333,2319,1.0
333,3088,1.0
333,3789,1.0
333,3918,1.0
333,2639,1.0
333,3024,1.0
334,1166,1.0
334,1295,1.0
334,16,1.0
334,401,1.0
334,1870,1.0
334,591,1.0
334,976,1.0
334,1745,1.0
334,2190,1.0
334,2319,1.0
334,3088,1.0
334,3473,1.0
334,2894,1.0
334,3663,1.0
334,4048,1.0
334,2769,1.0
335,1295,1.0
335,16,1.0
335,401,1.0
335,1170,1.0
335,1615,1.0
335,2000,1.0
335,721,1.0
335,850,1.0
335,2319,1.0
335,3088,1.0
335,3473,1.0
335,2194,1.0
335,2639,1.0
335,3024,1.0
335,3793,1.0
335,3922,1.0
336,16,1.0
336,401,1.0
336,1170,1.0
336,1299,1.0
336,976,1.0
336,1745,1.0
336,1874,1.0
336,595,1.0
336,3088,1.0
336,3473,1.0
336,2194,1.0
336,2323,1.0
336,4048,1.0
336,2769,1.0
336,2898,1.0
336,3667,1.0
337,401,1.0
337,1170,1.0
337,1299,1.0
337,20,1.0
337,721,1.0
337,850,1.0
337,1619,1.0
337,2004,1.0
337,3473,1.0
337,2194,1.0
337,2323,1.0
337,3092,1.0
337,3793,1.0
337,3922,1.0
337,2643,1.0
337,3028,1.0
338,1170,1.0
338,1299,1.0
338,20,1.0
338,405,1.0
338,1874,1.0
338,595,1.0
338,980,1.0
338,1749,1.0
338,2194,1.0
338,2323,1.0
338,3092,1.0
338,3477,1.0
338,2898,1.0
338,3667,1.0
338,4052,1.0
338,2773,1.0
339,1299,1.0
339,20,1.0
339,405,1.0
339,1174,1.0
339,1619,1.0
339,2004,1.0
339,725,1.0
339,854,1.0
339,2323,1.0
339,3092,1.0
339,3477,1.0
339,2198,1.0
339,2643,1.0
339,3028,1.0
339,3797,1.0
339,3926,1.0
340,20,1.0
340,405,1.0
340,1174,1.0
340,1303,1.0
340,980,1.0
340,1749,1.0
340,1878,1.0
340,599,1.0
340,3092,1.0
340,3477,1.0
340,2198,1.0
340,2327,1.0
340,4052,1.0
340,2773,1.0
340,2902,1.0
340,3671,1.0
341,405,1.0
341,1174,1.0
341,1303,1.0
341,24,1.0
341,725,1.0
341,854,1.0
341,1623,1.0
341,2008,1.0
341,3477,1.0
341,2198,1.0
341,2327,1.0
341,3096,1.0
341,3797,1.0
341,3926,1.0
341,2647,1.0
341,3032,1.0
342,1174,1.0
342,1303,1.0
342,24,1.0
342,409,1.0
342,1878,1.0
342,599,1.0
342,984,1.0
342,1753,1.0
342,2198,1.0
342,2327,1.0
342,3096,1.0
342,3481,1.0
342,2902,1.0
342,3671,1.0
342,4056,1.0
342,2777,1.0
343,1303,1.0
343,24,1.0
343,409,1.0
343,1178,1.0
343,1623,1.0
343,2008,1.0
343,729,1.0
343,858,1.0
343,2327,1.0
343,3096,1.0
343,3481,1.0
343,2202,1.0
343,2647,1.0
343,3032,1.0
343,3801,1.0
343,3930,1.0
344,24,1.0
344,409,1.0
344,1178,1.0
344,1307,1.0
344,984,1.0
344,1753,1.0
344,1882,1.0
344,603,1.0
344,3096,1.0
344,3481,1.0
344,2202,1.0
344,2331,1.0
344,4056,1.0
344,2777,1.0
344,2906,1.0
344,3675,1.0
345,409,1.0
345,1178,1.0
345,1307,1.0
345,28,1.0
345,729,1.0
345,858,1.0
345,1627,1.0
345,2012,1.0
345,3481,1.0
345,2202,1.0
345,2331,1.0
345,3100,1.0
345,3801,1.0
345,3930,1.0
345,2651,1.0
345,3036,1.0
346,1178,1.0
346,1307,1.0
346,28,1.0
346,413,1.0
346,1882,1.0
346,603,1.0
346,988,1.0
346,1757,1.0
346,2202,1.0
346,2331,1.0
346,3100,1.0
346,3485,1.0
346,2906,1.0
346,3675,1.0
346,4060,1.0
346,2781,1.0
347,1307,1.0
347,28,1.0
347,413,1.0
347,1182,1.0
347,1627,1.0
347,2012,1.0
347,733,1.0
347,862,1.0
347,2331,1.0
347,3100,1.0
347,3485,1.0
347,2206,1.0
347,2651,1.0
347,3036,1.0
347,3805,1.0
347,3934,1.0
348,28,1.0
348,413,1.0
348,1182,1.0
348,1311,1.0
348,988,1.0
348,1757,1.0
348,1886,1.0
348,607,1.0
348,3100,1.0
348,3485,1.0
348,2206,1.0
348,2335,1.0
348,4060,1.0
348,2781,1.0
348,2910,1.0
348,3679,1.0
349,413,1.0
349,1182,1.0
349,1311,1.0
349,32,1.0
349,733,1.0
349,862,1.0
349,1631,1.0
349,2016,1.0
349,3485,1.0
349,2206,1.0
349,2335,1.0
349,3104,1.0
349,3805,1.0
349,3934,1.0
349,2655,1.0
349,3040,1.0
350,1182,1.0
350,1311,1.0
350,32,1.0
350,417,1.0
350,1886,1.0
350,607,1.0
350,992,1.0
350,1761,1.0
350,2206,1.0
350,2335,1.0
350,3104,1.0
350,3489,1.0
350,2910,1.0
350,3679,1.0
350,4064,1.0
350,2785,1.0
351,1311,1.0
351,32,1.0
351,417,1.0
351,1186,1.0
351,1631,1.0
351,2016,1.0
351,737,1.0
351,866,1.0
351,2335,1.0
351,3104,1.0
351,3489,1.0
351,2210,1.0
351,2655,1.0
351,3040,1.0
351,3809,1.0
351,3938,1.0
352,32,1.0
352,417,1.0
352,1186,1.0
352,1315,1.0
352,992,1.0
352,1761,1.0
352,1890,1.0
352,611,1.0
352,3104,1.0
352,3489,1.0
352,2210,1.0
352,2339,1.0
352,4064,1.0
352,2785,1.0
352,2914,1.0
352,3683,1.0
353,417,1.0
353,1186,1.0
353,1315,1.0
353,36,1.0
353,737,1.0
353,866,1.0
353,1635,1.0
353,2020,1.0
353,3489,1.0
353,2210,1.0
353,2339,1.0
353,3108,1.0
353,3809,1.0
353,3938,1.0
353,2659,1.0
353,3044,1.0
354,1186,1.0
354,1315,1.0
354,36,1.0
354,421,1.0
354,1890,1.0
354,611,1.0
354,996,1.0
354,1765,1.0
354,2210,1.0
354,2339,1.0
354,3108,1.0
354,3493,1.0
354,2914,1.0
354,3683,1.0
354,4068,1.0
354,2789,1.0
355,1315,1.0
355,36,1.0
355,421,1.0
355,1190,1.0
355,1635,1.0
355,2020,1.0
355,741,1.0
355,870,1.0
355,2339,1.0
355,3108,1.0
355,3493,1.0
355,2214,1.0
355,2659,1.0
355,3044,1.0
355,3813,1.0
355,3942,1.0
356,36,1.0
356,421,1.0
356,1190,1.0
356,1319,1.0
356,996,1.0
356,1765,1.0
356,1894,1.0
356,615,1.0
356,3108,1.0
356,3493,1.0
356,2214,1.0
356,2343,1.0
356,4068,1.0
356,2789,1.0
356,2918,1.0
356,3687,1.0
357,421,1.0
357,1190,1.0
357,1319,1.0
357,40,1.0
357,741,1.0
357,870,1.0
357,1639,1.0
357,2024,1.0
357,3493,1.0
357,2214,1.0
357,2343,1.0
357,3112,1.0
357,3813,1.0
357,3942,1.0
357,2663,1.0
357,3048,1.0
358,1190,1.0
358,1319,1.0
358,40,1.0
358,425,1.0
358,1894,1.0
358,615,1.0
358,1000,1.0
358,1769,1.0
358,2214,1.0
358,2343,1.0
358,3112,1.0
358,3497,1.0
358,2918,1.0
358,3687,1.0
358,4072,1.0
358,2793,1.0
359,1319,1.0
359,40,1.0
359,425,1.0
359,1194,1.0
359,1639,1.0
359,2024,1.0
359,745,1.0
359,874,1.0
359,2343,1.0
359,3112,1.0
359,3497,1.0
359,2218,1.0
359,2663,1.0
359,3048,1.0
359,3817,1.0
359,3946,1.0
360,40,1.0
360,425,1.0
360,1194,1.0
360,1323,1.0
360,1000,1.0
360,1769,1.0
360,1898,1.0
360,619,1.0
360,3112,1.0
360,3497,1.0
360,2218,1.0
360,2347,1.0
360,4072,1.0
360,2793,1.0
360,2922,1.0
360,3691,1.0
361,425,1.0
361,1194,1.0
361,1323,1.0
361,44,1.0
361,745,1.0
361,874,1.0
361,1643,1.0
361,2028,1.0
361,3497,1.0
361,2218,1.0
361,2347,1.0
361,3116,1.0
361,3817,1.0
361,3946,1.0
361,2667,1.0
361,3052,1.0
362,1194,1.0
362,1323,1.0
362,44,1.0
362,429,1.0
362,1898,1.0
362,619,1.0
362,1004,1.0
362,1773,1.0
362,2218,1.0
362,2347,1.0
362,3116,1.0
362,3501,1.0
362,2922,1.0
362,3691,1.0
362,4076,1.0
362,2797,1.0
363,1323,1.0
363,44,1.0
363,429,1.0
363,1198,1.0
363,1643,1.0
363,2028,1.0
363,749,1.0
363,878,1.0
363,2347,1.0
363,3116,1.0
363,3501,1.0
363,2222,1.0
363,2667,1.0
363,3052,1.0
363,3821,1.0
363,3950,1.0
364,44,1.0
364,429,1.0
364,1198,1.0
364,1327,1.0
364,1004,1.0
364,1773,1.0
364,1902,1.0
364,623,1.0
364,3116,1.0
364,3501,1.0
364,2222,1.0
364,2351,1.0
364,4076,1.0
364,2797,1.0
364,2926,1.0
364,3695,1.0
365,429,1.0
365,1198,1.0
365,1327,1.0
365,48,1.0
365,749,1.0
365,878,1.0
365,1647,1.0
365,2032,1.0
365,3501,1.0
365,2222,1.0
365,2351,1.0
365,3120,1.0
365,3821,1.0
365,3950,1.0
365,2671,1.0
365,3056,1.0
366,1198,1.0
366,1327,1.0
366,48,1.0
366,433,1.0
366,1902,1.0
366,623,1.0
366,1008,1.0
366,1777,1.0
366,2222,1.0
366,2351,1.0
366,3120,1.0
366,3505,1.0
366,2926,1.0
366,3695,1.0
366,4080,1.0
366,2801,1.0
367,1327,1.0
367,48,1.0
367,433,1.0
367,1202,1.0
367,1647,1.0
367,2032,1.0
367,753,1.0
367,882,1.0
367,2351,1.0
367,3120,1.0
367,3505,1.0
367,2226,1.0
367,2671,1.0
367,3056,1.0
367,3825,1.0
367,3954,1.0
368,48,1.0
368,433,1.0
368,1202,1.0
368,1331,1.0
368,1008,1.0
368,1777,1.0
368,1906,1.0
368,627,1.0
368,3120,1.0
368,3505,1.0
368,2226,1.0
368,2355,1.0
368,4080,1.0
368,2801,1.0
368,2930,1.0
368,3699,1.0
369,433,1.0
369,1202,1.0
369,1331,1.0
369,52,1.0
369,753,1.0
369,882,1.0
369,1651,1.0
369,2036,1.0
369,3505,1.0
369,2226,1.0
369,2355,1.0
369,3124,1.0
369,3825,1.0
369,3954,1.0
369,2675,1.0
369,3060,1.0
370,1202,1.0
370,1331,1.0
370,52,1.0
370,437,1.0
370,1906,1.0
370,627,1.0
370,1012,1.0
370,1781,1.0
370,2226,1.0
370,2355,1.0
370,3124,1.0
370,3509,1.0
370,2930,1.0
370,3699,1.0
370,4084,1.0
370,2805,1.0
371,1331,1.0
371,52,1.0
371,437,1.0
371,1206,1.0
371,1651,1.0
371,2036,1.0
371,757,1.0
371,886,1.0
371,2355,1.0
371,3124,1.0
371,3509,1.0
371,2230,1.0
371,2675,1.0
371,3060,1.0
371,3829,1.0
371,3958,1.0
372,52,1.0
372,437,1.0
372,1206,1.0
372,1335,1.0
372,1012,1.0
372,1781,1.0
372,1910,1.0
372,631,1.0
372,3124,1.0
372,3509,1.0
372,2230,1.0
372,2359,1.0
372,4084,1.0
372,2805,1.0
372,2934,1.0
372,3703,1.0
373,437,1.0
373,1206,1.0
373,1335,1.0
373,56,1.0
373,757,1.0
373,886,1.0
373,1655,1.0
373,2040,1.0
373,3509,1.0
373,2230,1.0
373,2359,1.0
373,3128,1.0
373,3829,1.0
373,3958,1.0
373,2679,1.0
373,3064,1.0
374,1206,1.0
374,1335,1.0
374,56,1.0
374,441,1.0
374,1910,1.0
374,631,1.0
374,1016,1.0
374,1785,1.0
374,2230,1.0
374,2359,1.0
374,3128,1.0
374,3513,1.0
374,2934,1.0
374,3703,1.0
374,4088,1.0
374,2809,1.0
375,1335,1.0
375,56,1.0
375,441,1.0
375,1210,1.0
375,1655,1.0
375,2040,1.0
375,761,1.0
375,890,1.0
375,2359,1.0
375,3128,1.0
375,3513,1.0
375,2234,1.0
375,2679,1.0
375,3064,1.0
375,3833,1.0
375,3962,1.0
376,56,1.0
376,441,1.0
376,1210,1.0
376,1339,1.0
376,1016,1.0
376,1785,1.0
376,1914,1.0
376,635,1.0
376,3128,1.0
376,3513,1.0
376,2234,1.0
376,2363,1.0
376,4088,1.0
376,2809,1.0
376,2938,1.0
376,3707,1.0
377,441,1.0
377,1210,1.0
377,1339,1.0
377,60,1.0
377,761,1.0
377,890,1.0
377,1659,1.0
377,2044,1.0
377,3513,1.0
377,2234,1.0
377,2363,1.0
377,3132,1.0
377,3833,1.0
377,3962,1.0
377,2683,1.0
377,3068,1.0
378,1210,1.0
378,1339,1.0
378,60,1.0
378,445,1.0
378,1914,1.0
378,635,1.0
378,1020,1.0
378,1789,1.0
378,2234,1.0
378,2363,1.0
378,3132,1.0
378,3517,1.0
378,2938,1.0
378,3707,1.0
378,4092,1.0
378,2813,1.0
379,1339,1.0
379,60,1.0
379,445,1.0
379,1214,1.0
379,1659,1.0
379,2044,1.0
379,765,1.0
379,894,1.0
379,2363,1.0
379,3132,1.0
379,3517,1.0
379,2238,1.0
379,2683,1.0
379,3068,1.0
379,3837,1.0
379,3966,1.0
380,60,1.0
380,445,1.0
380,1214,1.0
380,1343,1.0
380,1020,1.0
380,1789,1.0
380,1918,1.0
380,639,1.0
380,3132,1.0
380,3517,1.0
380,2238,1.0
380,2367,1.0
380,4092,1.0
380,2813,1.0
380,2942,1.0
380,3711,1.0
381,445,1.0
381,1214,1.0
381,1343,1.0
381,0,1.0
381,765,1.0
381,894,1.0
381,1663,1.0
381,1984,1.0
381,3517,1.0
381,2238,1.0
381,2367,1.0
381,3072,1.0
381,3837,1.0
381,3966,1.0
381,2687,1.0
381,3008,1.0
382,1214,1.0
382,1343,1.0
382,0,1.0
382,385,1.0
382,1918,1.0
382,639,1.0
382,960,1.0
382,1729,1.0
382,2238,1.0
382,2367,1.0
382,3072,1.0
382,3457,1.0
382,2942,1.0
382,3711,1.0
382,4032,1.0
382,2753,1.0
383,1343,1.0
383,0,1.0
383,385,1.0
383,1154,1.0
383,1663,1.0
383,1984,1.0
383,705,1.0
383,834,1.0
383,2367,1.0
383,3072,1.0
383,3457,1.0
383,2178,1.0
383,2687,1.0
383,3008,1.0
383,3777,1.0
383,3906,1.0
384,0,1.0
384,385,1.0
384,1154,1.0
384,1283,1.0
384,960,1.0
384,1729,1.0
384,1858,1.0
384,579,1.0
384,3072,1.0
384,3457,1.0
384,2178,1.0
384,2307,1.0
384,4032,1.0
384,2753,1.0
384,2882,1.0
384,3651,1.0
385,385,1.0
385,1154,1.0
385,1283,1.0
385,4,1.0
385,705,1.0
385,834,1.0
385,1603,1.0
385,1988,1.0
385,3457,1.0
385,2178,1.0
385,2307,1.0
385,3076,1.0
385,3777,1.0
385,3906,1.0
385,2627,1.0
385,3012,1.0
386,1154,1.0
386,1283,1.0
386,4,1.0
386,389,1.0
386,1858,1.0
386,579,1.0
386,964,1.0
386,1733,1.0
386,2178,1.0
386,2307,1.0
386,3076,1.0
386,3461,1.0
386,2882,1.0
386,3651,1.0
386,4036,1.0
386,2757,1.0
387,1283,1.0
387,4,1.0
387,389,1.0
387,1158,1.0
387,1603,1.0
387,1988,1.0
387,709,1.0
387,838,1.0
387,2307,1.0
387,3076,1.0
387,3461,1.0
387,2182,1.0
387,2627,1.0
387,3012,1.0
387,3781,1.0
387,3910,1.0
388,4,1.0
388,389,1.0
388,1158,1.0
388,1287,1.0
388,964,1.0
388,1733,1.0
388,1862,1.0
388,583,1.0
388,3076,1.0
388,3461,1.0
388,2182,1.0
388,2311,1.0
388,4036,1.0
388,2757,1.0
388,2886,1.0
388,3655,1.0
389,389,1.0
389,1158,1.0
389,1287,1.0
389,8,1.0
389,709,1.0
389,838,1.0
389,1607,1.0
389,1992,1.0
389,3461,1.0
389,2182,1.0
389,2311,1.0
389,3080,1.0
389,3781,1.0
389,3910,1.0
389,2631,1.0
389,3016,1.0
390,1158,1.0
390,1287,1.0
390,8,1.0
390,393,1.0
390,1862,1.0
390,583,1.0
390,968,1.0
390,1737,1.0
390,2182,1.0
390,2311,1.0
390,3080,1.0
390,3465,1.0
390,2886,1.0
390,3655,1.0
390,4040,1.0
390,2761,1.0
391,1287,1.0
391,8,1.0
391,393,1.0
391,1162,1.0
391,1607,1.0
391,1992,1.0
391,713,1.0
391,842,1.0
391,2311,1.0
391,3080,1.0
391,3465,1.0
391,2186,1.0
391,2631,1.0
391,3016,1.0
391,3785,1.0
391,3914,1.0
392,8,1.0
392,393,1.0
392,1162,1.0
392,1291,1.0
392,968,1.0
392,1737,1.0
392,1866,1.0
392,587,1.0
392,3080,1.0
392,3465,1.0
392,2186,1.0
392,2315,1.0
392,4040,1.0
392,2761,1.0
392,2890,1.0
392,3659,1.0
393,393,1.0
393,1162,1.0
393,1291,1.0
393,12,1.0
393,713,1.0
393,842,1.0
393,1611,1.0
393,1996,1.0
393,3465,1.0
393,2186,1.0
393,2315,1.0
393,3084,1.0
393,3785,1.0
393,3914,1.0
393,2635,1.0
393,3020,1.0
394,1162,1.0
394,1291,1.0
394,12,1.0
394,397,1.0
394,1866,1.0
394,587,1.0
394,972,1.0
394,1741,1.0
394,2186,1.0
394,2315,1.0
394,3084,1.0
394,3469,1.0
394,2890,1.0
394,3659,1.0
394,4044,1.0
394,2765,1.0
395,1291,1.0
395,12,1.0
395,397,1.0
395,1166,1.0
395,1611,1.0
395,1996,1.0
395,717,1.0
395,846,1.0
395,2315,1.0
395,3084,1.0
395,3469,1.0
395,2190,1.0
395,2635,1.0
395,3020,1.0
395,3789,1.0
395,3918,1.0
396,12,1.0
396,397,1.0
396,1166,1.0
396,1295,1.0
396,972,1.0
396,1741,1.0
396,1870,1.0
396,591,1.0
396,3084,1.0
396,3469,1.0
396,2190,1.0
396,2319,1.0
396,4044,1.0
396,2765,1.0
396,2894,1.0
396,3663,1.0
397,397,1.0
397,1166,1.0
397,1295,1.0
397,16,1.0
397,717,1.0
397,846,1.0
397,1615,1.0
397,2000,1.0
397,3469,1.0
397,2190,1.0
397,2319,1.0
397,3088,1.0
397,3789,1.0
397,3918,1.0
397,2639,1.0
397,3024,1.0
398,1166,1.0
398,1295,1.0
398,16,1.0
398,401,1.0
398,1870,1.0
398,591,1.0
398,976,1.0
398,1745,1.0
398,2190,1.0
398,2319,1.0
398,3088,1.0
398,3473,1.0
398,2894,1.0
398,3663,1.0
398,4048,1.0
398,2769,1.0
399,1295,1.0
399,16,1.0
399,401,1.0
399,1170,1.0
399,1615,1.0
399,2000,1.0
399,721,1.0
399,850,1.0
399,2319,1.0
399,3088,1.0
399,3473,1.0
399,2194,1.0
399,2639,1.0
399,3024,1.0
399,3793,1.0
399,3922,1.0
400,16,1.0
400,401,1.0
400,1170,1.0
400,1299,1.0
400,976,1.0
400,1745,1.0
400,1874,1.0
400,595,1.0
400,3088,1.0
400,3473,1.0
400,2194,1.0
400,2323,1.0
400,4048,1.0
400,2769,1.0
400,2898,1.0
400,3667,1.0
401,401,1.0
401,1170,1.0
401,1299,1.0
401,20,1.0
401,721,1.0
401,850,1.0
401,1619,1.0
401,2004,1.0
401,3473,1.0
401,2194,1.0
401,2323,1.0
401,3092,1.0
401,3793,1.0
401,3922,1.0
401,2643,1.0
401,3028,1.0
402,1170,1.0
402,1299,1.0
402,20,1.0
402,405,1.0
402,1874,1.0
402,595,1.0
402,980,1.0
402,1749,1.0
402,2194,1.0
402,2323,1.0
402,3092,1.0
402,3477,1.0
402,2898,1.0
402,3667,1.0
402,4052,1.0
402,2773,1.0
403,1299,1.0
403,20,1.0
403,405,1.0
403,1174,1.0
403,1619,1.0
403,2004,1.0
403,725,1.0
403,854,1.0
403,2323,1.0
403,3092,1.0
403,3477,1.0
403,2198,1.0
403,2643,1.0
403,3028,1.0
403,3797,1.0
403,3926,1.0
404,20,1.0
404,405,1.0
404,1174,1.0
404,1303,1.0
404,980,1.0
404,1749,1.0
404,1878,1.0
404,599,1.0
404,3092,1.0
404,3477,1.0
404,2198,1.0
404,2327,1.0
404,4052,1.0
404,2773,1.0
404,2902,1.0
404,3671,1.0
405,405,1.0
405,1174,1.0
405,1303,1.0
405,24,1.0
405,725,1.0
405,854,1.0
405,1623,1.0
405,2008,1.0
405,3477,1.0
405,2198,1.0
405,2327,1.0
405,3096,1.0
405,3797,1.0
405,3926,1.0
405,2647,1.0
405,3032,1.0
406,1174,1.0
406,1303,1.0
406,24,1.0
406,409,1.0
406,1878,1.0
406,599,1.0
406,984,1.0
406,1753,1.0
406,2198,1.0
406,2327,1.0
406,3096,1.0
406,3481,1.0
406,2902,1.0
406,3671,1.0
406,4056,1.0
406,2777,1.0
407,1303,1.0
407,24,1.0
407,409,1.0
407,1178,1.0
407,1623,1.0
407,2008,1.0
407,729,1.0
407,858,1.0
407,2327,1.0
407,3096,1.0
407,3481,1.0
407,2202,1.0
407,2647,1.0
407,3032,1.0
407,3801,1.0
407,3930,1.0
408,24,1.0
408,409,1.0
408,1178,1.0
408,1307,1.0
408,984,1.0
408,1753,1.0
408,1882,1.0
408,603,1.0
408,3096,1.0
408,3481,1.0
408,2202,1.0
408,2331,1.0
408,4056,1.0
408,2777,1.0
408,2906,1.0
408,3675,1.0
409,409,1.0
409,1178,1.0
409,1307,1.0
409,28,1.0
409,729,1.0
409,858,1.0
409,1627,1.0
409,2012,1.0
409,3481,1.0
409,2202,1.0
409,2331,1.0
409,3100,1.0
409,3801,1.0
409,3930,1.0
409,2651,1.0
409,3036,1.0
410,1178,1.0
410,1307,1.0
410,28,1.0
410,413,1.0
410,1882,1.0
410,603,1.0
410,988,1.0
410,1757,1.0
410,2202,1.0
410,2331,1.0
410,3100,1.0
410,3485,1.0
410,2906,1.0
410,3675,1.0
410,4060,1.0
410,2781,1.0
411,1307,1.0
411,28,1.0
411,413,1.0
411,1182,1.0
411,1627,1.0
411,2012,1.0
411,733,1.0
411,862,1.0
411,2331,1.0
411,3100,1.0
411,3485,1.0
411,2206,1.0
411,2651,1.0
411,3036,1.0
411,3805,1.0
411,3934,1.0
412,28,1.0
412,413,1.0
412,1182,1.0
412,1311,1.0
412,988,1.0
412,1757,1.0
412,1886,1.0
412,607,1.0
412,3100,1.0
412,3485,1.0
412,2206,1.0
412,2335,1.0
412,4060,1.0
412,2781,1.0
412,2910,1.0
412,3679,1.0
413,413,1.0
413,1182,1.0
413,1311,1.0
413,32,1.0
413,733,1.0
413,862,1.0
413,1631,1.0
413,2016,1.0
413,3485,1.0
413,2206,1.0
413,2335,1.0
413,3104,1.0
413,3805,1.0
413,3934,1.0
413,2655,1.0
413,3040,1.0
414,1182,1.0
414,1311,1.0
414,32,1.0
414,417,1.0
414,1886,1.0
414,607,1.0
414,992,1.0
414,1761,1.0
414,2206,1.0
414,2335,1.0
414,3104,1.0
414,3489,1.0
414,2910,1.0
414,3679,1.0
414,4064,1.0
414,2785,1.0
415,1311,1.0
415,32,1.0
415,417,1.0
415,1186,1.0
415,1631,1.0
415,2016,1.0
415,737,1.0
415,866,1.0
415,2335,1.0
415,3104,1.0
415,3489,1.0
415,2210,1.0
415,2655,1.0
415,3040,1.0
415,3809,1.0
415,3938,1.0
416,32,1.0
416,417,1.0
416,1186,1.0
416,1315,1.0
416,992,1.0
416,1761,1.0
416,1890,1.0
416,611,1.0
416,3104,1.0
416,3489,1.0
416,2210,1.0
416,2339,1.0
416,4064,1.0
416,2785,1.0
416,2914,1.0
416,3683,1.0
417,417,1.0
417,1186,1.0
417,1315,1.0
417,36,1.0
417,737,1.0
417,866,1.0
417,1635,1.0
417,2020,1.0
417,3489,1.0
417,2210,1.0
417,2339,1.0
417,3108,1.0
417,3809,1.0
417,3938,1.0
417,2659,1.0
417,3044,1.0
418,1186,1.0
418,1315,1.0
418,36,1.0
418,421,1.0
418,1890,1.0
418,611,1.0
418,996,1.0
418,1765,1.0
418,2210,1.0
418,2339,1.0
418,3108,1.0
418,3493,1.0
418,2914,1.0
418,3683,1.0
418,4068,1.0
418,2789,1.0
419,1315,1.0
419,36,1.0
419,421,1.0
419,1190,1.0
419,1635,1.0
419,2020,1.0
419,741,1.0
419,870,1.0
419,2339,1.0
419,3108,1.0
419,3493,1.0
419,2214,1.0
419,2659,1.0
419,3044,1.0
419,3813,1.0
419,3942,1.0
420,36,1.0
420,421,1.0
420,1190,1.0
420,1319,1.0
420,996,1.0
420,1765,1.0
420,1894,1.0
420,615,1.0
420,3108,1.0
420,3493,1.0
420,2214,1.0
420,2343,1.0
420,4068,1.0
420,2789,1.0
420,2918,1.0
420,3687,1.0
421,421,1.0
421,1190,1.0
421,1319,1.0
421,40,1.0
421,741,1.0
421,870,1.0
421,1639,1.0
421,2024,1.0
421,3493,1.0
421,2214,1.0
421,2343,1.0
421,3112,1.0
421,3813,1.0
421,3942,1.0
421,2663,1.0
421,3048,1.0
422,1190,1.0
422,1319,1.0
422,40,1.0
422,425,1.0
422,1894,1.0
422,615,1.0
422,1000,1.0
422,1769,1.0
422,2214,1.0
422,2343,1.0
422,3112,1.0
422,3497,1.0
422,2918,1.0
422,3687,1.0
422,4072,1.0
422,2793,1.0
423,1319,1.0
423,40,1.0
423,425,1.0
423,1194,1.0
423,1639,1.0
423,2024,1.0
423,745,1.0
423,874,1.0
423,2343,1.0
423,3112,1.0
423,3497,1.0
423,2218,1.0
423,2663,1.0
423,3048,1.0
423,3817,1.0
423,3946,1.0
424,40,1.0
424,425,1.0
424,1194,1.0
424,1323,1.0
424,1000,1.0
424,1769,1.0
424,1898,1.0
424,619,1.0
424,3112,1.0
424,3497,1.0
424,2218,1.0
424,2347,1.0
424,4072,1.0
424,2793,1.0
424,2922,1.0
424,3691,1.0
425,425,1.0
425,1194,1.0
425,1323,1.0
425,44,1.0
425,745,1.0
425,874,1.0
425,1643,1.0
425,2028,1.0
425,3497,1.0
425,2218,1.0
425,2347,1.0
425,3116,1.0
425,3817,1.0
425,3946,1.0
425,2667,1.0
425,3052,1.0
426,1194,1.0
426,1323,1.0
426,44,1.0
426,429,1.0
426,1898,1.0
426,619,1.0
426,1004,1.0
426,1773,1.0
426,2218,1.0
426,2347,1.0
426,3116,1.0
426,3501,1.0
426,2922,1.0
426,3691,1.0
426,4076,1.0
426,2797,1.0
427,1323,1.0
427,44,1.0
427,429,1.0
427,1198,1.0
427,1643,1.0
427,2028,1.0
427,749,1.0
427,878,1.0
427,2347,1.0
427,3116,1.0
427,3501,1.0
427,2222,1.0
427,2667,1.0
427,3052,1.0
427,3821,1.0
427,3950,1.0
428,44,1.0
428,429,1.0
428,1198,1.0
428,1327,1.0
428,1004,1.0
428,1773,1.0
428,1902,1.0
428,623,1.0
428,3116,1.0
428,3501,1.0
428,2222,1.0
428,2351,1.0
428,4076,1.0
428,2797,1.0
428,2926,1.0
428,3695,1.0
429,429,1.0
429,1198,1.0
429,1327,1.0
429,48,1.0
429,749,1.0
429,878,1.0
429,1647,1.0
429,2032,1.0
429,3501,1.0
429,2222,1.0
429,2351,1.0
429,3120,1.0
429,3821,1.0
429,3950,1.0
429,2671,1.0
429,3056,1.0
430,1198,1.0
430,1327,1.0
430,48,1.0
430,433,1.0
430,1902,1.0
430,623,1.0
430,1008,1.0
430,1777,1.0
430,2222,1.0
430,2351,1.0
430,3120,1.0
430,3505,1.0
430,2926,1.0
430,3695,1.0
430,4080,1.0
430,2801,1.0
431,1327,1.0
431,48,1.0
431,433,1.0
431,1202,1.0
431,1647,1.0
431,2032,1.0
431,753,1.0
431,882,1.0
431,2351,1.0
431,3120,1.0
431,3505,1.0
431,2226,1.0
431,2671,1.0
431,3056,1.0
431,3825,1.0
431,3954,1.0
432,48,1.0
432,433,1.0
432,1202,1.0
432,1331,1.0
432,1008,1.0
432,1777,1.0
432,1906,1.0
432,627,1.0
432,3120,1.0
432,3505,1.0
432,2226,1.0
432,2355,1.0
432,4080,1.0
432,2801,1.0
432,2930,1.0
432,3699,1.0
433,433,1.0
433,1202,1.0
433,1331,1.0
433,52,1.0
433,753,1.0
433,882,1.0
433,1651,1.0
433,2036,1.0
433,3505,1.0
433,2226,1.0
433,2355,1.0
433,3124,1.0
433,3825,1.0
433,3954,1.0
433,2675,1.0
433,3060,1.0
434,1202,1.0
434,1331,1.0
434,52,1.0
434,437,1.0
434,1906,1.0
434,627,1.0
434,1012,1.0
434,1781,1.0
434,2226,1.0
434,2355,1.0
434,3124,1.0
434,3509,1.0
434,2930,1.0
434,3699,1.0
434,4084,1.0
434,2805,1.0
435,1331,1.0
435,52,1.0
435,437,1.0
435,1206,1.0
435,1651,1.0
435,2036,1.0
435,757,1.0
435,886,1.0
435,2355,1.0
435,3124,1.0
435,3509,1.0
435,2230,1.0
435,2675,1.0
435,3060,1.0
435,3829,1.0
435,3958,1.0
436,52,1.0
436,437,1.0
436,1206,1.0
436,1335,1.0
436,1012,1.0
436,1781,1.0
436,1910,1.0
436,631,1.0
436,3124,1.0
436,3509,1.0
436,2230,1.0
436,2359,1.0
436,4084,1.0
436,2805,1.0
436,2934,1.0
436,3703,1.0
437,437,1.0
437,1206,1.0
437,1335,1.0
437,56,1.0
437,757,1.0
437,886,1.0
437,1655,1.0
437,2040,1.0
437,3509,1.0
437,2230,1.0
437,2359,1.0
437,3128,1.0
437,3829,1.0
437,3958,1.0
437,2679,1.0
437,3064,1.0
438,1206,1.0
438,1335,1.0
438,56,1.0
438,441,1.0
438,1910,1.0
438,631,1.0
438,1016,1.0
438,1785,1.0
438,2230,1.0
438,2359,1.0
438,3128,1.0
438,3513,1.0
438,2934,1.0
438,3703,1.0
438,4088,1.0
438,2809,1.0
439,1335,1.0
439,56,1.0
439,441,1.0
439,1210,1.0
439,1655,1.0
439,2040,1.0
439,761,1.0
439,890,1.0
439,2359,1.0
439,3128,1.0
439,3513,1.0
439,2234,1.0
439,2679,1.0
439,3064,1.0
439,3833,1.0
439,3962,1.0
440,56,1.0
440,441,1.0
440,1210,1.0
440,1339,1.0
440,1016,1.0
440,1785,1.0
440,1914,1.0
440,635,1.0
440,3128,1.0
440,3513,1.0
440,2234,1.0
440,2363,1.0
440,4088,1.0
440,2809,1.0
440,2938,1.0
440,3707,1.0
441,441,1.0
441,1210,1.0
441,1339,1.0
441,60,1.0
441,761,1.0
441,890,1.0
441,1659,1.0
441,2044,1.0
441,3513,1.0
441,2234,1.0
441,2363,1.0
441,3132,1.0
441,3833,1.0
441,3962,1.0
441,2683,1.0
441,3068,1.0
442,1210,1.0
442,1339,1.0
442,60,1.0
442,445,1.0
442,1914,1.0
442,635,1.0
442,1020,1.0
442,1789,1.0
442,2234,1.0
442,2363,1.0
442,3132,1.0
442,3517,1.0
442,2938,1.0
442,3707,1.0
442,4092,1.0
442,2813,1.0
443,1339,1.0
443,60,1.0
443,445,1.0
443,1214,1.0
443,1659,1.0
443,2044,1.0
443,765,1.0
443,894,1.0
443,2363,1.0
443,3132,1.0
443,3517,1.0
443,2238,1.0
443,2683,1.0
443,3068,1.0
443,3837,1.0
443,3966,1.0
444,60,1.0
444,445,1.0
444,1214,1.0
444,1343,1.0
444,1020,1.0
444,1789,1.0
444,1918,1.0
444,639,1.0
444,3132,1.0
444,3517,1.0
444,2238,1.0
444,2367,1.0
444,4092,1.0
444,2813,1.0
444,2942,1.0
444,3711,1.0
445,445,1.0
445,1214,1.0
445,1343,1.0
445,0,1.0
445,765,1.0
445,894,1.0
445,1663,1.0
445,1984,1.0
445,3517,1.0
445,2238,1.0
445,2367,1.0
445,3072,1.0
445,3837,1.0
445,3966,1.0
445,2687,1.0
445,3008,1.0
446,1214,1.0
446,1343,1.0
446,0,1.0
446,385,1.0
446,1918,1.0
446,639,1.0
446,960,1.0
446,1729,1.0
446,2238,1.0
446,2367,1.0
446,3072,1.0
446,3457,1.0
446,2942,1.0
446,3711,1.0
446,4032,1.0
446,2753,1.0
447,1343,1.0
447,0,1.0
447,385,1.0
447,1154,1.0
447,1663,1.0
447,1984,1.0
447,705,1.0
447,834,1.0
447,2367,1.0
447,3072,1.0
447,3457,1.0
447,2178,1.0
447,2687,1.0
447,3008,1.0
447,3777,1.0
447,3906,1.0
448,0,1.0
448,385,1.0
448,1154,1.0
448,1283,1.0
448,960,1.0
448,1729,1.0
448,1858,1.0
448,579,1.0
448,3072,1.0
448,3457,1.0
448,2178,1.0
448,2307,1.0
448,4032,1.0
448,2753,1.0
448,2882,1.0
448,3651,1.0
449,385,1.0
449,1154,1.0
449,1283,1.0
449,4,1.0
449,705,1.0
449,834,1.0
449,1603,1.0
449,1988,1.0
449,3457,1.0
449,2178,1.0
449,2307,1.0
449,3076,1.0
449,3777,1.0
449,3906,1.0
449,2627,1.0
449,3012,1.0
450,1154,1.0
450,1283,1.0
450,4,1.0
450,389,1.0
450,1858,1.0
450,579,1.0
450,964,1.0
450,1733,1.0
450,2178,1.0
450,2307,1.0
450,3076,1.0
450,3461,1.0
450,2882,1.0
450,3651,1.0
450,4036,1.0
450,2757,1.0
451,1283,1.0
451,4,1.0
451,389,1.0
451,1158,1.0
451,1603,1.0
451,1988,1.0
451,709,1.0
451,838,1.0
451,2307,1.0
451,3076,1.0
451,3461,1.0
451,2182,1.0
451,2627,1.0
451,3012,1.0
451,3781,1.0
451,3910,1.0
452,4,1.0
452,389,1.0
452,1158,1.0
452,1287,1.0
452,964,1.0
452,1733,1.0
452,1862,1.0
452,583,1.0
452,3076,1.0
452,3461,1.0
452,2182,1.0
452,2311,1.0
452,4036,1.0
452,2757,1.0
452,2886,1.0
452,3655,1.0
453,389,1.0
453,1158,1.0
453,1287,1.0
453,8,1.0
453,709,1.0
453,838,1.0
453,1607,1.0
453,1992,1.0
453,3461,1.0
453,2182,1.0
453,2311,1.0
453,3080,1.0
453,3781,1.0
453,3910,1.0
453,2631,1.0
453,3016,1.0
454,1158,1.0
454,1287,1.0
454,8,1.0
454,393,1.0
454,1862,1.0
454,583,1.0
454,968,1.0
454,1737,1.0
454,2182,1.0
454,2311,1.0
454,3080,1.0
454,3465,1.0
454,2886,1.0
454,3655,1.0
454,4040,1.0
454,2761,1.0
455,1287,1.0
455,8,1.0
455,393,1.0
455,1162,1.0
455,1607,1.0
455,1992,1.0
455,713,1.0
455,842,1.0
455,2311,1.0
455,3080,1.0
455,3465,1.0
455,2186,1.0
455,2631,1.0
455,3016,1.0
455,3785,1.0
455,3914,1.0
456,8,1.0
456,393,1.0
456,1162,1.0
456,1291,1.0
456,968,1.0
456,1737,1.0
456,1866,1.0
456,587,1.0
456,3080,1.0
456,3465,1.0
456,2186,1.0
456,2315,1.0
456,4040,1.0
456,2761,1.0
456,2890,1.0
456,3659,1.0
457,393,1.0
457,1162,1.0
457,1291,1.0
457,12,1.0
457,713,1.0
457,842,1.0
457,1611,1.0
457,1996,1.0
457,3465,1.0
457,2186,1.0
457,2315,1.0
457,3084,1.0
457,3785,1.0
457,3914,1.0
457,2635,1.0
457,3020,1.0
458,1162,1.0
458,1291,1.0
458,12,1.0
458,397,1.0
458,1866,1.0
458,587,1.0
458,972,1.0
458,1741,1.0
458,2186,1.0
458,2315,1.0
458,3084,1.0
458,3469,1.0
458,2890,1.0
458,3659,1.0
458,4044,1.0
458,2765,1.0
459,1291,1.0
459,12,1.0
459,397,1.0
459,1166,1.0
459,1611,1.0
459,1996,1.0
459,717,1.0
459,846,1.0
459,2315,1.0
459,3084,1.0
459,3469,1.0
459,2190,1.0
459,2635,1.0
459,3020,1.0
459,3789,1.0
459,3918,1.0
460,12,1.0
460,397,1.0
460,1166,1.0
460,1295,1.0
460,972,1.0
460,1741,1.0
460,1870,1.0
460,591,1.0
460,3084,1.0
460,3469,1.0
460,2190,1.0
460,2319,1.0
460,4044,1.0
460,2765,1.0
460,2894,1.0
460,3663,1.0
461,397,1.0
461,1166,1.0
461,1295,1.0
461,16,1.0
461,717,1.0
461,846,1.0
461,1615,1.0
461,2000,1.0
461,3469,1.0
461,2190,1.0
461,2319,1.0
461,3088,1.0
461,3789,1.0
461,3918,1.0
461,2639,1.0
461,3024,1.0
462,1166,1.0
462,1295,1.0
462,16,1.0
462,401,1.0
462,1870,1.0
462,591,1.0
462,976,1.0
462,1745,1.0
462,2190,1.0
462,2319,1.0
462,3088,1.0
462,3473,1.0
462,2894,1.0
462,3663,1.0
462,4048,1.0
462,2769,1.0
463,1295,1.0
463,16,1.0
463,401,1.0
463,1170,1.0
463,1615,1.0
463,2000,1.0
463,721,1.0
463,850,1.0
463,2319,1.0
463,3088,1.0
463,3473,1.0
463,2194,1.0
463,2639,1.0
463,3024,1.0
463,3793,1.0
463,3922,1.0
464,16,1.0
464,401,1.0
464,1170,1.0
464,1299,1.0
464,976,1.0
464,1745,1.0
464,1874,1.0
464,595,1.0
464,3088,1.0
464,3473,1.0
464,2194,1.0
464,2323,1.0
464,4048,1.0
464,2769,1.0
464,2898,1.0
464,3667,1.0
465,401,1.0
465,1170,1.0
465,1299,1.0
465,20,1.0
465,721,1.0
465,850,1.0
465,1619,1.0
465,2004,1.0
465,3473,1.0
465,2194,1.0
465,2323,1.0
465,3092,1.0
465,3793,1.0
465,3922,1.0
465,2643,1.0
465,3028,1.0
466,1170,1.0
466,1299,1.0
466,20,1.0
466,405,1.0
466,1874,1.0
466,595,1.0
466,980,1.0
466,1749,1.0
466,2194,1.0
466,2323,1.0
466,3092,1.0
466,3477,1.0
466,2898,1.0
466,3667,1.0
466,4052,1.0
466,2773,1.0
467,1299,1.0
467,20,1.0
467,405,1.0
467,1174,1.0
467,1619,1.0
467,2004,1.0
467,725,1.0
467,854,1.0
467,2323,1.0
467,3092,1.0
467,3477,1.0
467,2198,1.0
467,2643,1.0
467,3028,1.0
467,3797,1.0
467,3926,1.0
468,20,1.0
468,405,1.0
468,1174,1.0
468,1303,1.0
468,980,1.0
468,1749,1.0
468,1878,1.0
468,599,1.0
468,3092,1.0
468,3477,1.0
468,2198,1.0
468,2327,1.0
468,4052,1.0
468,2773,1.0
468,2902,1.0
468,3671,1.0
469,405,1.0
469,1174,1.0
469,1303,1.0
469,24,1.0
469,725,1.0
469,854,1.0
469,1623,1.0
469,2008,1.0
469,3477,1.0
469,2198,1.0
469,2327,1.0
469,3096,1.0
469,3797,1.0
469,3926,1.0
469,2647,1.0
469,3032,1.0
470,1174,1.0
470,1303,1.0
470,24,1.0
470,409,1.0
470,1878,1.0
470,599,1.0
470,984,1.0
470,1753,1.0
470,2198,1.0
470,2327,1.0
470,3096,1.0
470,3481,1.0
470,2902,1.0
470,3671,1.0
470,4056,1.0
470,2777,1.0
471,1303,1.0
471,24,1.0
471,409,1.0
471,1178,1.0
471,1623,1.0
471,2008,1.0
471,729,1.0
471,858,1.0
471,2327,1.0
471,3096,1.0
471,3481,1.0
471,2202,1.0
471,2647,1.0
471,3032,1.0
471,3801,1.0
471,3930,1.0
472,24,1.0
472,409,1.0
472,1178,1.0
472,1307,1.0
472,984,1.0
472,1753,1.0
472,1882,1.0
472,603,1.0
472,3096,1.0
472,3481,1.0
472,2202,1.0
472,2331,1.0
472,4056,1.0
472,2777,1.0
472,2906,1.0
472,3675,1.0
473,409,1.0
473,1178,1.0
473,1307,1.0
473,28,1.0
473,729,1.0
473,858,1.0
473,1627,1.0
473,2012,1.0
473,3481,1.0
473,2202,1.0
473,2331,1.0
473,3100,1.0
473,3801,1.0
473,3930,1.0
473,2651,1.0
473,3036,1.0
474,1178,1.0
474,1307,1.0
474,28,1.0
474,413,1.0
474,1882,1.0
474,603,1.0
474,988,1.0
474,1757,1.0
474,2202,1.0
474,2331,1.0
474,3100,1.0
474,3485,1.0
474,2906,1.0
474,3675,1.0
474,4060,1.0
474,2781,1.0
475,1307,1.0
475,28,1.0
475,413,1.0
475,1182,1.0
475,1627,1.0
475,2012,1.0
475,733,1.0
475,862,1.0
475,2331,1.0
475,3100,1.0
475,3485,1.0
475,2206,1.0
475,2651,1.0
475,3036,1.0
475,3805,1.0
475,3934,1.0
476,28,1.0
476,413,1.0
476,1182,1.0
476,1311,1.0
476,988,1.0
476,1757,1.0
476,1886,1.0
476,607,1.0
476,3100,1.0
476,3485,1.0
476,2206,1.0
476,2335,1.0
476,4060,1.0
476,2781,1.0
476,2910,1.0
476,3679,1.0
477,413,1.0
477,1182,1.0
477,1311,1.0
477,32,1.0
477,733,1.0
477,862,1.0
477,1631,1.0
477,2016,1.0
477,3485,1.0
477,2206,1.0
477,2335,1.0
477,3104,1.0
477,3805,1.0
477,3934,1.0
477,2655,1.0
477,3040,1.0
478,1182,1.0
478,1311,1.0
478,32,1.0
478,417,1.0
478,1886,1.0
478,607,1.0
478,992,1.0
478,1761,1.0
478,2206,1.0
478,2335,1.0
478,3104,1.0
478,3489,1.0
478,2910,1.0
478,3679,1.0
478,4064,1.0
478,2785,1.0
479,1311,1.0
479,32,1.0
479,417,1.0
479,1186,1.0
479,1631,1.0
479,2016,1.0
479,737,1.0
479,866,1.0
479,2335,1.0
479,3104,1.0
479,3489,1.0
479,2210,1.0
479,2655,1.0
479,3040,1.0
479,3809,1.0
479,3938,1.0
480,32,1.0
480,417,1.0
480,1186,1.0
480,1315,1.0
480,992,1.0
480,1761,1.0
480,1890,1.0
480,611,1.0
480,3104,1.0
480,3489,1.0
480,2210,1.0
480,2339,1.0
480,4064,1.0
480,2785,1.0
480,2914,1.0
480,3683,1.0
481,417,1.0
481,1186,1.0
481,1315,1.0
481,36,1.0
481,737,1.0
481,866,1.0
481,1635,1.0
481,2020,1.0
481,3489,1.0
481,2210,1.0
481,2339,1.0
481,3108,1.0
481,3809,1.0
481,3938,1.0
481,2659,1.0
481,3044,1.0
482,1186,1.0
482,1315,1.0
482,36,1.0
482,421,1.0
482,1890,1.0
482,611,1.0
482,996,1.0
482,1765,1.0
482,2210,1.0
482,2339,1.0
482,3108,1.0
482,3493,1.0
482,2914,1.0
482,3683,1.0
482,4068,1.0
482,2789,1.0
483,1315,1.0
483,36,1.0
483,421,1.0
483,1190,1.0
483,1635,1.0
483,2020,1.0
483,741,1.0
483,870,1.0
483,2339,1.0
483,3108,1.0
483,3493,1.0
483,2214,1.0
483,2659,1.0
483,3044,1.0
483,3813,1.0
483,3942,1.0
484,36,1.0
484,421,1.0
484,1190,1.0
484,1319,1.0
484,996,1.0
484,1765,1.0
484,1894,1.0
484,615,1.0
484,3108,1.0
484,3493,1.0
484,2214,1.0
484,2343,1.0
484,4068,1.0
484,2789,1.0
484,2918,1.0
484,3687,1.0
485,421,1.0
485,1190,1.0
485,1319,1.0
485,40,1.0
485,741,1.0
485,870,1.0
485,1639,1.0
485,2024,1.0
485,3493,1.0
485,2214,1.0
485,2343,1.0
485,3112,1.0
485,3813,1.0
485,3942,1.0
485,2663,1.0
485,3048,1.0
486,1190,1.0
486,1319,1.0
486,40,1.0
486,425,1.0
486,1894,1.0
486,615,1.0
486,1000,1.0
486,1769,1.0
486,2214,1.0
486,2343,1.0
486,3112,1.0
486,3497,1.0
486,2918,1.0
486,3687,1.0
486,4072,1.0
486,2793,1.0
487,1319,1.0
487,40,1.0
487,425,1.0
487,1194,1.0
487,1639,1.0
487,2024,1.0
487,745,1.0
487,874,1.0
487,2343,1.0
487,3112,1.0
487,3497,1.0
487,2218,1.0
487,2663,1.0
487,3048,1.0
487,3817,1.0
487,3946,1.0
488,40,1.0
488,425,1.0
488,1194,1.0
488,1323,1.0
488,1000,1.0
488,1769,1.0
488,1898,1.0
488,619,1.0
488,3112,1.0
488,3497,1.0
488,2218,1.0
488,2347,1.0
488,4072,1.0
488,2793,1.0
488,2922,1.0
488,3691,1.0
489,425,1.0
489,1194,1.0
489,1323,1.0
489,44,1.0
489,745,1.0
489,874,1.0
489,1643,1.0
489,2028,1.0
489,3497,1.0
489,2218,1.0
489,2347,1.0
489,3116,1.0
489,3817,1.0
489,3946,1.0
489,2667,1.0
489,3052,1.0
490,1194,1.0
490,1323,1.0
490,44,1.0
490,429,1.0
490,1898,1.0
490,619,1.0
490,1004,1.0
490,1773,1.0
490,2218,1.0
490,2347,1.0
490,3116,1.0
490,3501,1.0
490,2922,1.0
490,3691,1.0
490,4076,1.0
490,2797,1.0
491,1323,1.0
491,44,1.0
491,429,1.0
491,1198,1.0
491,1643,1.0
491,2028,1.0
491,749,1.0
491,878,1.0
491,2347,1.0
491,3116,1.0
491,3501,1.0
491,2222,1.0
491,2667,1.0
491,3052,1.0
491,3821,1.0
491,3950,1.0
492,44,1.0
492,429,1.0
492,1198,1.0
492,1327,1.0
492,1004,1.0
492,1773,1.0
492,1902,1.0
492,623,1.0
492,3116,1.0
492,3501,1.0
492,2222,1.0
492,2351,1.0
492,4076,1.0
492,2797,1.0
492,2926,1.0
492,3695,1.0
493,429,1.0
493,1198,1.0
493,1327,1.0
493,48,1.0
493,749,1.0
493,878,1.0
493,1647,1.0
493,2032,1.0
493,3501,1.0
493,2222,1.0
493,2351,1.0
493,3120,1.0
493,3821,1.0
493,3950,1.0
493,2671,1.0
493,3056,1.0
494,1198,1.0
494,1327,1.0
494,48,1.0
494,433,1.0
494,1902,1.0
494,623,1.0
494,1008,1.0
494,1777,1.0
494,2222,1.0
494,2351,1.0
494,3120,1.0
494,3505,1.0
494,2926,1.0
494,3695,1.0
494,4080,1.0
494,2801,1.0
495,1327,1.0
495,48,1.0
495,433,1.0
495,1202,1.0
495,1647,1.0
495,2032,1.0
495,753,1.0
495,882,1.0
495,2351,1.0
495,3120,1.0
495,3505,1.0
495,2226,1.0
495,2671,1.0
495,3056,1.0
495,3825,1.0
495,3954,1.0
496,48,1.0
496,433,1.0
496,1202,1.0
496,1331,1.0
496,1008,1.0
496,1777,1.0
496,1906,1.0
496,627,1.0
496,3120,1.0
496,3505,1.0
496,2226,1.0
496,2355,1.0
496,4080,1.0
496,2801,1.0
496,2930,1.0
496,3699,1.0
497,433,1.0
497,1202,1.0
497,1331,1.0
497,52,1.0
497,753,1.0
497,882,1.0
497,1651,1.0
497,2036,1.0
497,3505,1.0
497,2226,1.0
497,2355,1.0
497,3124,1.0
497,3825,1.0
497,3954,1.0
497,2675,1.0
497,3060,1.0
498,1202,1.0
498,1331,1.0
498,52,1.0
498,437,1.0
498,1906,1.0
498,627,1.0
498,1012,1.0
498,1781,1.0
498,2226,1.0
498,2355,1.0
498,3124,1.0
498,3509,1.0
498,2930,1.0
498,3699,1.0
498,4084,1.0
498,2805,1.0
499,1331,1.0
499,52,1.0
499,437,1.0
499,1206,1.0
499,1651,1.0
499,2036,1.0
499,757,1.0
499,886,1.0
499,2355,1.0
499,3124,1.0
499,3509,1.0
499,2230,1.0
499,2675,1.0
499,3060,1.0
499,3829,1.0
499,3958,1.0
500,52,1.0
500,437,1.0
500,1206,1.0
500,1335,1.0
500,1012,1.0
500,1781,1.0
500,1910,1.0
500,631,1.0
500,3124,1.0
500,3509,1.0
500,2230,1.0
500,2359,1.0
500,4084,1.0
500,2805,1.0
500,2934,1.0
500,3703,1.0
501,437,1.0
501,1206,1.0
501,1335,1.0
501,56,1.0
501,757,1.0
501,886,1.0
501,1655,1.0
501,2040,1.0
501,3509,1.0
501,2230,1.0
501,2359,1.0
501,3128,1.0
501,3829,1.0
501,3958,1.0
501,2679,1.0
501,3064,1.0
502,1206,1.0
502,1335,1.0
502,56,1.0
502,441,1.0
502,1910,1.0
502,631,1.0
502,1016,1.0
502,1785,1.0
502,2230,1.0
502,2359,1.0
502,3128,1.0
502,3513,1.0
502,2934,1.0
502,3703,1.0
502,4088,1.0
502,2809,1.0
503,1335,1.0
503,56,1.0
503,441,1.0
503,1210,1.0
503,1655,1.0
503,2040,1.0
503,761,1.0
503,890,1.0
503,2359,1.0
503,3128,1.0
503,3513,1.0
503,2234,1.0
503,2679,1.0
503,3064,1.0
503,3833,1.0
503,3962,1.0
504,56,1.0
504,441,1.0
504,1210,1.0
504,1339,1.0
504,1016,1.0
504,1785,1.0
504,1914,1.0
504,635,1.0
504,3128,1.0
504,3513,1.0
504,2234,1.0
504,2363,1.0
504,4088,1.0
504,2809,1.0
504,2938,1.0
504,3707,1.0
505,441,1.0
505,1210,1.0
505,1339,1.0
505,60,1.0
505,761,1.0
505,890,1.0
505,1659,1.0
505,2044,1.0
505,3513,1.0
505,2234,1.0
505,2363,1.0
505,3132,1.0
505,3833,1.0
505,3962,1.0
505,2683,1.0
505,3068,1.0
506,1210,1.0
506,1339,1.0
506,60,1.0
506,445,1.0
506,1914,1.0
506,635,1.0
506,1020,1.0
506,1789,1.0
506,2234,1.0
506,2363,1.0
506,3132,1.0
506,3517,1.0
506,2938,1.0
506,3707,1.0
506,4092,1.0
506,2813,1.0
507,1339,1.0
507,60,1.0
507,445,1.0
507,1214,1.0
507,1659,1.0
507,2044,1.0
507,765,1.0
507,894,1.0
507,2363,1.0
507,3132,1.0
507,3517,1.0
507,2238,1.0
507,2683,1.0
507,3068,1.0
507,3837,1.0
507,3966,1.0
508,60,1.0
508,445,1.0
508,1214,1.0
508,1343,1.0
508,1020,1.0
508,1789,1.0
508,1918,1.0
508,639,1.0
508,3132,1.0
508,3517,1.0
508,2238,1.0
508,2367,1.0
508,4092,1.0
508,2813,1.0
508,2942,1.0
508,3711,1.0
509,445,1.0
509,1214,1.0
509,1343,1.0
509,0,1.0
509,765,1.0
509,894,1.0
509,1663,1.0
509,1984,1.0
509,3517,1.0
509,2238,1.0
509,2367,1.0
509,3072,1.0
509,3837,1.0
509,3966,1.0
509,2687,1.0
509,3008,1.0
510,1214,1.0
510,1343,1.0
510,0,1.0
510,385,1.0
510,1918,1.0
510,639,1.0
510,960,1.0
510,1729,1.0
510,2238,1.0
510,2367,1.0
510,3072,1.0
510,3457,1.0
510,2942,1.0
510,3711,1.0
510,4032,1.0
510,2753,1.0
511,1343,1.0
511,0,1.0
511,385,1.0
511,1154,1.0
511,1663,1.0
511,1984,1.0
511,705,1.0
511,834,1.0
511,2367,1.0
511,3072,1.0
511,3457,1.0
511,2178,1.0
511,2687,1.0
511,3008,1.0
511,3777,1.0
511,3906,1.0
512,0,1.0
512,385,1.0
512,1154,1.0
512,1283,1.0
512,960,1.0
512,1729,1.0
512,1858,1.0
512,579,1.0
512,3072,1.0
512,3457,1.0
512,2178,1.0
512,2307,1.0
512,4032,1.0
512,2753,1.0
512,2882,1.0
512,3651,1.0
513,385,1.0
513,1154,1.0
513,1283,1.0
513,4,1.0
513,705,1.0
513,834,1.0
513,1603,1.0
513,1988,1.0
513,3457,1.0
513,2178,1.0
513,2307,1.0
513,3076,1.0
513,3777,1.0
513,3906,1.0
513,2627,1.0
513,3012,1.0
514,1154,1.0
514,1283,1.0
514,4,1.0
514,389,1.0
514,1858,1.0
514,579,1.0
514,964,1.0
514,1733,1.0
514,2178,1.0
514,2307,1.0
514,3076,1.0
514,3461,1.0
514,2882,1.0
514,3651,1.0
514,4036,1.0
514,2757,1.0
515,1283,1.0
515,4,1.0
515,389,1.0
515,1158,1.0
515,1603,1.0
515,1988,1.0
515,709,1.0
515,838,1.0
515,2307,1.0
515,3076,1.0
515,3461,1.0
515,2182,1.0
515,2627,1.0
515,3012,1.0
515,3781,1.0
515,3910,1.0
516,4,1.0
516,389,1.0
516,1158,1.0
516,1287,1.0
516,964,1.0
516,1733,1.0
516,1862,1.0
516,583,1.0
516,3076,1.0
516,3461,1.0
516,2182,1.0
516,2311,1.0
516,4036,1.0
516,2757,1.0
516,2886,1.0
516,3655,1.0
517,389,1.0
517,1158,1.0
517,1287,1.0
517,8,1.0
517,709,1.0
517,838,1.0
517,1607,1.0
517,1992,1.0
517,3461,1.0
517,2182,1.0
517,2311,1.0
517,3080,1.0
517,3781,1.0
517,3910,1.0
517,2631,1.0
517,3016,1.0
518,1158,1.0
518,1287,1.0
518,8,1.0
518,393,1.0
518,1862,1.0
518,583,1.0
518,968,1.0
518,1737,1.0
518,2182,1.0
518,2311,1.0
518,3080,1.0
518,3465,1.0
518,2886,1.0
518,3655,1.0
518,4040,1.0
518,2761,1.0
519,1287,1.0
519,8,1.0
519,393,1.0
519,1162,1.0
519,1607,1.0
519,1992,1.0
519,713,1.0
519,842,1.0
519,2311,1.0
519,3080,1.0
519,3465,1.0
519,2186,1.0
519,2631,1.0
519,3016,1.0
519,3785,1.0
519,3914,1.0
520,8,1.0
520,393,1.0
520,1162,1.0
520,1291,1.0
520,968,1.0
520,1737,1.0
520,1866,1.0
520,587,1.0
520,3080,1.0
520,3465,1.0
520,2186,1.0
520,2315,1.0
520,4040,1.0
520,2761,1.0
520,2890,1.0
520,3659,1.0
521,393,1.0
521,1162,1.0
521,1291,1.0
521,12,1.0
521,713,1.0
521,842,1.0
521,1611,1.0
521,1996,1.0
521,3465,1.0
521,2186,1.0
521,2315,1.0
521,3084,1.0
521,3785,1.0
521,3914,1.0
521,2635,1.0
521,3020,1.0
522,1162,1.0
522,1291,1.0
522,12,1.0
522,397,1.0
522,1866,1.0
522,587,1.0
522,972,1.0
522,1741,1.0
522,2186,1.0
522,2315,1.0
522,3084,1.0
522,3469,1.0
522,2890,1.0
522,3659,1.0
522,4044,1.0
522,2765,1.0
523,1291,1.0
523,12,1.0
523,397,1.0
523,1166,1.0
523,1611,1.0
523,1996,1.0
523,717,1.0
523,846,1.0
523,2315,1.0
523,3084,1.0
523,3469,1.0
523,2190,1.0
523,2635,1.0
523,3020,1.0
523,3789,1.0
523,3918,1.0
524,12,1.0
524,397,1.0
524,1166,1.0
524,1295,1.0
524,972,1.0
524,1741,1.0
524,1870,1.0
524,591,1.0
524,3084,1.0
524,3469,1.0
524,2190,1.0
524,2319,1.0
524,4044,1.0
524,2765,1.0
524,2894,1.0
524,3663,1.0
525,397,1.0
525,1166,1.0
525,1295,1.0
525,16,1.0
525,717,1.0
525,846,1.0
525,1615,1.0
525,2000,1.0
525,3469,1.0
525,2190,1.0
525,2319,1.0
525,3088,1.0
525,3789,1.0
525,3918,1.0
525,2639,1.0
525,3024,1.0
526,1166,1.0
526,1295,1.0
526,16,1.0
526,401,1.0
526,1870,1.0
526,591,1.0
526,976,1.0
526,1745,1.0
526,2190,1.0
526,2319,1.0
526,3088,1.0
526,3473,1.0
526,2894,1.0
526,3663,1.0
526,4048,1.0
526,2769,1.0
527,1295,1.0
527,16,1.0
527,401,1.0
527,1170,1.0
527,1615,1.0
527,2000,1.0
527,721,1.0
527,850,1.0
527,2319,1.0
527,3088,1.0
527,3473,1.0
527,2194,1.0
527,2639,1.0
527,3024,1.0
527,3793,1.0
527,3922,1.0
528,16,1.0
528,401,1.0
528,1170,1.0
528,1299,1.0
528,976,1.0
528,1745,1.0
528,1874,1.0
528,595,1.0
528,3088,1.0
528,3473,1.0
528,2194,1.0
528,2323,1.0
528,4048,1.0
528,2769,1.0
528,2898,1.0
528,3667,1.0
529,401,1.0
529,1170,1.0
529,1299,1.0
529,20,1.0
529,721,1.0
529,850,1.0
529,1619,1.0
529,2004,1.0
529,3473,1.0
529,2194,1.0
529,2323,1.0
529,3092,1.0
529,3793,1.0
529,3922,1.0
529,2643,1.0
529,3028,1.0
530,1170,1.0
530,1299,1.0
530,20,1.0
530,405,1.0
530,1874,1.0
530,595,1.0
530,980,1.0
530,1749,1.0
530,2194,1.0
530,2323,1.0
530,3092,1.0
530,3477,1.0
530,2898,1.0
530,3667,1.0
530,4052,1.0
530,2773,1.0
531,1299,1.0
531,20,1.0
531,405,1.0
531,1174,1.0
531,1619,1.0
531,2004,1.0
531,725,1.0
531,854,1.0
531,2323,1.0
531,3092,1.0
531,3477,1.0
531,2198,1.0
531,2643,1.0
531,3028,1.0
531,3797,1.0
531,3926,1.0
532,20,1.0
532,405,1.0
532,1174,1.0
532,1303,1.0
532,980,1.0
532,1749,1.0
532,1878,1.0
532,599,1.0
532,3092,1.0
532,3477,1.0
532,2198,1.0
532,2327,1.0
532,4052,1.0
532,2773,1.0
532,2902,1.0
532,3671,1.0
533,405,1.0
533,1174,1.0
533,1303,1.0
533,24,1.0
533,725,1.0
533,854,1.0
533,1623,1.0
533,2008,1.0
533,3477,1.0
533,2198,1.0
533,2327,1.0
533,3096,1.0
533,3797,1.0
533,3926,1.0
533,2647,1.0
533,3032,1.0
534,1174,1.0
534,1303,1.0
534,24,1.0
534,409,1.0
534,1878,1.0
534,599,1.0
534,984,1.0
534,1753,1.0
534,2198,1.0
534,2327,1.0
534,3096,1.0
534,3481,1.0
534,2902,1.0
534,3671,1.0
534,4056,1.0
534,2777,1.0
535,1303,1.0
535,24,1.0
535,409,1.0
535,1178,1.0
535,1623,1.0
535,2008,1.0
535,729,1.0
535,858,1.0
535,2327,1.0
535,3096,1.0
535,3481,1.0
535,2202,1.0
535,2647,1.0
535,3032,1.0
535,3801,1.0
535,3930,1.0
536,24,1.0
536,409,1.0
536,1178,1.0
536,1307,1.0
536,984,1.0
536,1753,1.0
536,1882,1.0
536,603,1.0
536,3096,1.0
536,3481,1.0
536,2202,1.0
536,2331,1.0
536,4056,1.0
536,2777,1.0
536,2906,1.0
536,3675,1.0
537,409,1.0
537,1178,1.0
537,1307,1.0
537,28,1.0
537,729,1.0
537,858,1.0
537,1627,1.0
537,2012,1.0
537,3481,1.0
537,2202,1.0
537,2331,1.0
537,3100,1.0
537,3801,1.0
537,3930,1.0
537,2651,1.0
537,3036,1.0
538,1178,1.0
538,1307,1.0
538,28,1.0
538,413,1.0
538,1882,1.0
538,603,1.0
538,988,1.0
538,1757,1.0
538,2202,1.0
538,2331,1.0
538,3100,1.0
538,3485,1.0
538,2906,1.0
538,3675,1.0
538,4060,1.0
538,2781,1.0
539,1307,1.0
539,28,1.0
539,413,1.0
539,1182,1.0
539,1627,1.0
539,2012,1.0
539,733,1.0
539,862,1.0
539,2331,1.0
539,3100,1.0
539,3485,1.0
539,2206,1.0
539,2651,1.0
539,3036,1.0
539,3805,1.0
539,3934,1.0
540,28,1.0
540,413,1.0
540,1182,1.0
540,1311,1.0
540,988,1.0
540,1757,1.0
540,1886,1.0
540,607,1.0
540,3100,1.0
540,3485,1.0
540,2206,1.0
540,2335,1.0
540,4060,1.0
540,2781,1.0
540,2910,1.0
540,3679,1.0
541,413,1.0
541,1182,1.0
541,1311,1.0
541,32,1.0
541,733,1.0
541,862,1.0
541,1631,1.0
541,2016,1.0
541,3485,1.0
541,2206,1.0
541,2335,1.0
541,3104,1.0
541,3805,1.0
541,3934,1.0
541,2655,1.0
541,3040,1.0
542,1182,1.0
542,1311,1.0
542,32,1.0
542,417,1.0
542,1886,1.0
542,607,1.0
542,992,1.0
542,1761,1.0
542,2206,1.0
542,2335,1.0
542,3104,1.0
542,3489,1.0
542,2910,1.0
542,3679,1.0
542,4064,1.0
542,2785,1.0
543,1311,1.0
543,32,1.0
543,417,1.0
543,1186,1.0
543,1631,1.0
543,2016,1.0
543,737,1.0
543,866,1.0
543,2335,1.0
543,3104,1.0
543,3489,1.0
543,2210,1.0
543,2655,1.0
543,3040,1.0
543,3809,1.0
543,3938,1.0
544,32,1.0
544,417,1.0
544,1186,1.0
544,1315,1.0
544,992,1.0
544,1761,1.0
544,1890,1.0
544,611,1.0
544,3104,1.0
544,3489,1.0
544,2210,1.0
544,2339,1.0
544,4064,1.0
544,2785,1.0
544,2914,1.0
544,3683,1.0
545,417,1.0
545,1186,1.0
545,1315,1.0
545,36,1.0
545,737,1.0
545,866,1.0
545,1635,1.0
545,2020,1.0
545,3489,1.0
545,2210,1.0
545,2339,1.0
545,3108,1.0
545,3809,1.0
545,3938,1.0
545,2659,1.0
545,3044,1.0
546,1186,1.0
546,1315,1.0
546,36,1.0
546,421,1.0
546,1890,1.0
546,611,1.0
546,996,1.0
546,1765,1.0
546,2210,1.0
546,2339,1.0
546,3108,1.0
546,3493,1.0
546,2914,1.0
546,3683,1.0
546,4068,1.0
546,2789,1.0
547,1315,1.0
547,36,1.0
547,421,1.0
547,1190,1.0
547,1635,1.0
547,2020,1.0
547,741,1.0
547,870,1.0
547,2339,1.0
547,3108,1.0
547,3493,1.0
547,2214,1.0
547,2659,1.0
547,3044,1.0
547,3813,1.0
547,3942,1.0
548,36,1.0
548,421,1.0
548,1190,1.0
548,1319,1.0
548,996,1.0
548,1765,1.0
548,1894,1.0
548,615,1.0
548,3108,1.0
548,3493,1.0
548,2214,1.0
548,2343,1.0
548,4068,1.0
548,2789,1.0
548,2918,1.0
548,3687,1.0
549,421,1.0
549,1190,1.0
549,1319,1.0
549,40,1.0
549,741,1.0
549,870,1.0
549,1639,1.0
549,2024,1.0
549,3493,1.0
549,2214,1.0
549,2343,1.0
549,3112,1.0
549,3813,1.0
549,3942,1.0
549,2663,1.0
549,3048,1.0
550,1190,1.0
550,1319,1.0
550,40,1.0
550,425,1.0
550,1894,1.0
550,615,1.0
550,1000,1.0
550,1769,1.0
550,2214,1.0
550,2343,1.0
550,3112,1.0
550,3497,1.0
550,2918,1.0
550,3687,1.0
550,4072,1.0
550,2793,1.0
551,1319,1.0
551,40,1.0
551,425,1.0
551,1194,1.0
551,1639,1.0
551,2024,1.0
551,745,1.0
551,874,1.0
551,2343,1.0
551,3112,1.0
551,3497,1.0
551,2218,1.0
551,2663,1.0
551,3048,1.0
551,3817,1.0
551,3946,1.0
552,40,1.0
552,425,1.0
552,1194,1.0
552,1323,1.0
552,1000,1.0
552,1769,1.0
552,1898,1.0
552,619,1.0
552,3112,1.0
552,3497,1.0
552,2218,1.0
552,2347,1.0
552,4072,1.0
552,2793,1.0
552,2922,1.0
552,3691,1.0
553,425,1.0
553,1194,1.0
553,1323,1.0
553,44,1.0
553,745,1.0
553,874,1.0
553,1643,1.0
553,2028,1.0
553,3497,1.0
553,2218,1.0
553,2347,1.0
553,3116,1.0
553,3817,1.0
553,3946,1.0
553,2667,1.0
553,3052,1.0
554,1194,1.0
554,1323,1.0
554,44,1.0
554,429,1.0
554,1898,1.0
554,619,1.0
554,1004,1.0
554,1773,1.0
554,2218,1.0
554,2347,1.0
554,3116,1.0
554,3501,1.0
554,2922,1.0
554,3691,1.0
554,4076,1.0
554,2797,1.0
555,1323,1.0
555,44,1.0
555,429,1.0
555,1198,1.0
555,1643,1.0
555,2028,1.0
555,749,1.0
555,878,1.0
555,2347,1.0
555,3116,1.0
555,3501,1.0
555,2222,1.0
555,2667,1.0
555,3052,1.0
555,3821,1.0
555,3950,1.0
556,44,1.0
556,429,1.0
556,1198,1.0
556,1327,1.0
556,1004,1.0
556,1773,1.0
556,1902,1.0
556,623,1.0
556,3116,1.0
556,3501,1.0
556,2222,1.0
556,2351,1.0
556,4076,1.0
556,2797,1.0
556,2926,1.0
556,3695,1.0
557,429,1.0
557,1198,1.0
557,1327,1.0
557,48,1.0
557,749,1.0
557,878,1.0
557,1647,1.0
557,2032,1.0
557,3501,1.0
557,2222,1.0
557,2351,1.0
557,3120,1.0
557,3821,1.0
557,3950,1.0
557,2671,1.0
557,3056,1.0
558,1198,1.0
558,1327,1.0
558,48,1.0
558,433,1.0
558,1902,1.0
558,623,1.0
558,1008,1.0
558,1777,1.0
558,2222,1.0
558,2351,1.0
558,3120,1.0
558,3505,1.0
558,2926,1.0
558,3695,1.0
558,4080,1.0
558,2801,1.0
559,1327,1.0
559,48,1.0
559,433,1.0
559,1202,1.0
559,1647,1.0
559,2032,1.0
559,753,1.0
559,882,1.0
559,2351,1.0
559,3120,1.0
559,3505,1.0
559,2226,1.0
559,2671,1.0
559,3056,1.0
559,3825,1.0
559,3954,1.0
560,48,1.0
560,433,1.0
560,1202,1.0
560,1331,1.0
560,1008,1.0
560,1777,1.0
560,1906,1.0
560,627,1.0
560,3120,1.0
560,3505,1.0
560,2226,1.0
560,2355,1.0
560,4080,1.0
560,2801,1.0
560,2930,1.0
560,3699,1.0
561,433,1.0
561,1202,1.0
561,1331,1.0
561,52,1.0
561,753,1.0
561,882,1.0
561,1651,1.0
561,2036,1.0
561,3505,1.0
561,2226,1.0
561,2355,1.0
561,3124,1.0
561,3825,1.0
561,3954,1.0
561,2675,1.0
561,3060,1.0
562,1202,1.0
562,1331,1.0
562,52,1.0
562,437,1.0
562,1906,1.0
562,627,1.0
562,1012,1.0
562,1781,1.0
562,2226,1.0
562,2355,1.0
562,3124,1.0
562,3509,1.0
562,2930,1.0
562,3699,1.0
562,4084,1.0
562,2805,1.0
563,1331,1.0
563,52,1.0
563,437,1.0
563,1206,1.0
563,1651,1.0
563,2036,1.0
563,757,1.0
563,886,1.0
563,2355,1.0
563,3124,1.0
563,3509,1.0
563,2230,1.0
563,2675,1.0
563,3060,1.0
563,3829,1.0
563,3958,1.0
564,52,1.0
564,437,1.0
564,1206,1.0
564,1335,1.0
564,1012,1.0
564,1781,1.0
564,1910,1.0
564,631,1.0
564,3124,1.0
564,3509,1.0
564,2230,1.0
564,2359,1.0
564,4084,1.0
564,2805,1.0
564,2934,1.0
564,3703,1.0
565,437,1.0
565,1206,1.0
565,1335,1.0
565,56,1.0
565,757,1.0
565,886,1.0
565,1655,1.0
565,2040,1.0
565,3509,1.0
565,2230,1.0
565,2359,1.0
565,3128,1.0
565,3829,1.0
565,3958,1.0
565,2679,1.0
565,3064,1.0
566,1206,1.0
566,1335,1.0
566,56,1.0
566,441,1.0
566,1910,1.0
566,631,1.0
566,1016,1.0
566,1785,1.0
566,2230,1.0
566,2359,1.0
566,3128,1.0
566,3513,1.0
566,2934,1.0
566,3703,1.0
566,4088,1.0
566,2809,1.0
567,1335,1.0
567,56,1.0
567,441,1.0
567,1210,1.0
567,1655,1.0
567,2040,1.0
567,761,1.0
567,890,1.0
567,2359,1.0
567,3128,1.0
567,3513,1.0
567,2234,1.0
567,2679,1.0
567,3064,1.0
567,3833,1.0
567,3962,1.0
568,56,1.0
568,441,1.0
568,1210,1.0
568,1339,1.0
568,1016,1.0
568,1785,1.0
568,1914,1.0
568,635,1.0
568,3128,1.0
568,3513,1.0
568,2234,1.0
568,2363,1.0
568,4088,1.0
568,2809,1.0
568,2938,1.0
568,3707,1.0
569,441,1.0
569,1210,1.0
569,1339,1.0
569,60,1.0
569,761,1.0
569,890,1.0
569,1659,1.0
569,2044,1.0
569,3513,1.0
569,2234,1.0
569,2363,1.0
569,3132,1.0
569,3833,1.0
569,3962,1.0
569,2683,1.0
569,3068,1.0
570,1210,1.0
570,1339,1.0
570,60,1.0
570,445,1.0
570,1914,1.0
570,635,1.0
570,1020,1.0
570,1789,1.0
570,2234,1.0
570,2363,1.0
570,3132,1.0
570,3517,1.0
570,2938,1.0
570,3707,1.0
570,4092,1.0
570,2813,1.0
571,1339,1.0
571,60,1.0
571,445,1.0
571,1214,1.0
571,1659,1.0
571,2044,1.0
571,765,1.0
571,894,1.0
571,2363,1.0
571,3132,1.0
571,3517,1.0
571,2238,1.0
571,2683,1.0
571,3068,1.0
571,3837,1.0
571,3966,1.0
572,60,1.0
572,445,1.0
572,1214,1.0
572,1343,1.0
572,1020,1.0
572,1789,1.0
572,1918,1.0
572,639,1.0
572,3132,1.0
572,3517,1.0
572,2238,1.0
572,2367,1.0
572,4092,1.0
572,2813,1.0
572,2942,1.0
572,3711,1.0
573,445,1.0
573,1214,1.0
573,1343,1.0
573,0,1.0
573,765,1.0
573,894,1.0
573,1663,1.0
573,1984,1.0
573,3517,1.0
573,2238,1.0
573,2367,1.0
573,3072,1.0
573,3837,1.0
573,3966,1.0
573,2687,1.0
573,3008,1.0
574,1214,1.0
574,1343,1.0
574,0,1.0
574,385,1.0
574,1918,1.0
574,639,1.0
574,960,1.0
574,1729,1.0
574,2238,1.0
574,2367,1.0
574,3072,1.0
574,3457,1.0
574,2942,1.0
574,3711,1.0
574,4032,1.0
574,2753,1.0
575,1343,1.0
575,0,1.0
575,385,1.0
575,1154,1.0
575,1663,1.0
575,1984,1.0
575,705,1.0
575,834,1.0
575,2367,1.0
575,3072,1.0
575,3457,1.0
575,2178,1.0
575,2687,1.0
575,3008,1.0
575,3777,1.0
575,3906,1.0
576,0,1.0
576,385,1.0
576,1154,1.0
576,1283,1.0
576,960,1.0
576,1729,1.0
576,1858,1.0
576,579,1.0
576,3072,1.0
576,3457,1.0
576,2178,1.0
576,2307,1.0
576,4032,1.0
576,2753,1.0
576,2882,1.0
576,3651,1.0
577,385,1.0
577,1154,1.0
577,1283,1.0
577,4,1.0
577,705,1.0
577,834,1.0
577,1603,1.0
577,1988,1.0
577,3457,1.0
577,2178,1.0
577,2307,1.0
577,3076,1.0
577,3777,1.0
577,3906,1.0
577,2627,1.0
577,3012,1.0
578,1154,1.0
578,1283,1.0
578,4,1.0
578,389,1.0
578,1858,1.0
578,579,1.0
578,964,1.0
578,1733,1.0
578,2178,1.0
578,2307,1.0
578,3076,1.0
578,3461,1.0
578,2882,1.0
578,3651,1.0
578,4036,1.0
578,2757,1.0
579,1283,1.0
579,4,1.0
579,389,1.0
579,1158,1.0
579,1603,1.0
579,1988,1.0
579,709,1.0
579,838,1.0
579,2307,1.0
579,3076,1.0
579,3461,1.0
579,2182,1.0
579,2627,1.0
579,3012,1.0
579,3781,1.0
579,3910,1.0
580,4,1.0
580,389,1.0
580,1158,1.0
580,1287,1.0
580,964,1.0
580,1733,1.0
580,1862,1.0
580,583,1.0
580,3076,1.0
580,3461,1.0
580,2182,1.0
580,2311,1.0
580,4036,1.0
580,2757,1.0
580,2886,1.0
580,3655,1.0
581,389,1.0
581,1158,1.0
581,1287,1.0
581,8,1.0
581,709,1.0
581,838,1.0
581,1607,1.0
581,1992,1.0
581,3461,1.0
581,2182,1.0
581,2311,1.0
581,3080,1.0
581,3781,1.0
581,3910,1.0
581,2631,1.0
581,3016,1.0
582,1158,1.0
582,1287,1.0
582,8,1.0
582,393,1.0
582,1862,1.0
582,583,1.0
582,968,1.0
582,1737,1.0
582,2182,1.0
582,2311,1.0
582,3080,1.0
582,3465,1.0
582,2886,1.0
582,3655,1.0
582,4040,1.0
582,2761,1.0
583,1287,1.0
583,8,1.0
583,393,1.0
583,1162,1.0
583,1607,1.0
583,1992,1.0
583,713,1.0
583,842,1.0
583,2311,1.0
583,3080,1.0
583,3465,1.0
583,2186,1.0
583,2631,1.0
583,3016,1.0
583,3785,1.0
583,3914,1.0
584,8,1.0
584,393,1.0
584,1162,1.0
584,1291,1.0
584,968,1.0
584,1737,1.0
584,1866,1.0
584,587,1.0
584,3080,1.0
584,3465,1.0
584,2186,1.0
584,2315,1.0
584,4040,1.0
584,2761,1.0
584,2890,1.0
584,3659,1.0
585,393,1.0
585,1162,1.0
585,1291,1.0
585,12,1.0
585,713,1.0
585,842,1.0
585,1611,1.0
585,1996,1.0
585,3465,1.0
585,2186,1.0
585,2315,1.0
585,3084,1.0
585,3785,1.0
585,3914,1.0
585,2635,1.0
585,3020,1.0
586,1162,1.0
586,1291,1.0
586,12,1.0
586,397,1.0
586,1866,1.0
586,587,1.0
586,972,1.0
586,1741,1.0
586,2186,1.0
586,2315,1.0
586,3084,1.0
586,3469,1.0
586,2890,1.0
586,3659,1.0
586,4044,1.0
586,2765,1.0
587,1291,1.0
587,12,1.0
587,397,1.0
587,1166,1.0
587,1611,1.0
587,1996,1.0
587,717,1.0
587,846,1.0
587,2315,1.0
587,3084,1.0
587,3469,1.0
587,2190,1.0
587,2635,1.0
587,3020,1.0
587,3789,1.0
587,3918,1.0
588,12,1.0
588,397,1.0
588,1166,1.0
588,1295,1.0
588,972,1.0
588,1741,1.0
588,1870,1.0
588,591,1.0
588,3084,1.0
588,3469,1.0
588,2190,1.0
588,2319,1.0
588,4044,1.0
588,2765,1.0
588,2894,1.0
588,3663,1.0
589,397,1.0
589,1166,1.0
589,1295,1.0
589,16,1.0
589,717,1.0
589,846,1.0
589,1615,1.0
589,2000,1.0
589,3469,1.0
589,2190,1.0
589,2319,1.0
589,3088,1.0
589,3789,1.0
589,3918,1.0
589,2639,1.0
589,3024,1.0
590,1166,1.0
590,1295,1.0
590,16,1.0
590,401,1.0
590,1870,1.0
590,591,1.0
590,976,1.0
590,1745,1.0
590,2190,1.0
590,2319,1.0
590,3088,1.0
590,3473,1.0
590,2894,1.0
590,3663,1.0
590,4048,1.0
590,2769,1.0
591,1295,1.0
591,16,1.0
591,401,1.0
591,1170,1.0
591,1615,1.0
591,2000,1.0
591,721,1.0
591,850,1.0
591,2319,1.0
591,3088,1.0
591,3473,1.0
591,2194,1.0
591,2639,1.0
591,3024,1.0
591,3793,1.0
591,3922,1.0
592,16,1.0
592,401,1.0
592,1170,1.0
592,1299,1.0
592,976,1.0
592,1745,1.0
592,1874,1.0
592,595,1.0
592,3088,1.0
592,3473,1.0
592,2194,1.0
592,2323,1.0
592,4048,1.0
592,2769,1.0
592,2898,1.0
592,3667,1.0
593,401,1.0
593,1170,1.0
593,1299,1.0
593,20,1.0
593,721,1.0
593,850,1.0
593,1619,1.0
593,2004,1.0
593,3473,1.0
593,2194,1.0
593,2323,1.0
593,3092,1.0
593,3793,1.0
593,3922,1.0
593,2643,1.0
593,3028,1.0
594,1170,1.0
594,1299,1.0
594,20,1.0
594,405,1.0
594,1874,1.0
594,595,1.0
594,980,1.0
594,1749,1.0
594,2194,1.0
594,2323,1.0
594,3092,1.0
594,3477,1.0
594,2898,1.0
594,3667,1.0
594,4052,1.0
594,2773,1.0
595,1299,1.0
595,20,1.0
595,405,1.0
595,1174,1.0
595,1619,1.0
595,2004,1.0
595,725,1.0
595,854,1.0
595,2323,1.0
595,3092,1.0
595,3477,1.0
595,2198,1.0
595,2643,1.0
595,3028,1.0
595,3797,1.0
595,3926,1.0
596,20,1.0
596,405,1.0
596,1174,1.0
596,1303,1.0
596,980,1.0
596,1749,1.0
596,1878,1.0
596,599,1.0
596,3092,1.0
596,3477,1.0
596,2198,1.0
596,2327,1.0
596,4052,1.0
596,2773,1.0
596,2902,1.0
596,3671,1.0
597,405,1.0
597,1174,1.0
597,1303,1.0
597,24,1.0
597,725,1.0
597,854,1.0
597,1623,1.0
597,2008,1.0
597,3477,1.0
597,2198,1.0
597,2327,1.0
597,3096,1.0
597,3797,1.0
597,3926,1.0
597,2647,1.0
597,3032,1.0
598,1174,1.0
598,1303,1.0
598,24,1.0
598,409,1.0
598,1878,1.0
598,599,1.0
598,984,1.0
598,1753,1.0
598,2198,1.0
598,2327,1.0
598,3096,1.0
598,3481,1.0
598,2902,1.0
598,3671,1.0
598,4056,1.0
598,2777,1.0
599,1303,1.0
599,24,1.0
599,409,1.0
599,1178,1.0
599,1623,1.0
599,2008,1.0
599,729,1.0
599,858,1.0
599,2327,1.0
599,3096,1.0
599,3481,1.0
599,2202,1.0
599,2647,1.0
599,3032,1.0
599,3801,1.0
599,3930,1.0
600,24,1.0
600,409,1.0
600,1178,1.0
600,1307,1.0
600,984,1.0
600,1753,1.0
600,1882,1.0
600,603,1.0
600,3096,1.0
600,3481,1.0
600,2202,1.0
600,2331,1.0
600,4056,1.0
600,2777,1.0
600,2906,1.0
600,3675,1.0
601,409,1.0
601,1178,1.0
601,1307,1.0
601,28,1.0
601,729,1.0
601,858,1.0
601,1627,1.0
601,2012,1.0
601,3481,1.0
601,2202,1.0
601,2331,1.0
601,3100,1.0
601,3801,1.0
601,3930,1.0
601,2651,1.0
601,3036,1.0
602,1178,1.0
602,1307,1.0
602,28,1.0
602,413,1.0
602,1882,1.0
602,603,1.0
602,988,1.0
602,1757,1.0
602,2202,1.0
602,2331,1.0
602,3100,1.0
602,3485,1.0
602,2906,1.0
602,3675,1.0
602,4060,1.0
602,2781,1.0
603,1307,1.0
603,28,1.0
603,413,1.0
603,1182,1.0
603,1627,1.0
603,2012,1.0
603,733,1.0
603,862,1.0
603,2331,1.0
603,3100,1.0
603,3485,1.0
603,2206,1.0
603,2651,1.0
603,3036,1.0
603,3805,1.0
603,3934,1.0
604,28,1.0
604,413,1.0
604,1182,1.0
604,1311,1.0
604,988,1.0
604,1757,1.0
604,1886,1.0
604,607,1.0
604,3100,1.0
604,3485,1.0
604,2206,1.0
604,2335,1.0
604,4060,1.0
604,2781,1.0
604,2910,1.0
604,3679,1.0
605,413,1.0
605,1182,1.0
605,1311,1.0
605,32,1.0
605,733,1.0
605,862,1.0
605,1631,1.0
605,2016,1.0
605,3485,1.0
605,2206,1.0
605,2335,1.0
605,3104,1.0
605,3805,1.0
605,3934,1.0
605,2655,1.0
605,3040,1.0
606,1182,1.0
606,1311,1.0
606,32,1.0
606,417,1.0
606,1886,1.0
606,607,1.0
606,992,1.0
606,1761,1.0
606,2206,1.0
606,2335,1.0
606,3104,1.0
606,3489,1.0
606,2910,1.0
606,3679,1.0
606,4064,1.0
606,2785,1.0
607,1311,1.0
607,32,1.0
607,417,1.0
607,1186,1.0
607,1631,1.0
607,2016,1.0
607,737,1.0
607,866,1.0
607,2335,1.0
607,3104,1.0
607,3489,1.0
607,2210,1.0
607,2655,1.0
607,3040,1.0
607,3809,1.0
607,3938,1.0
608,32,1.0
608,417,1.0
608,1186,1.0
608,1315,1.0
608,992,1.0
608,1761,1.0
608,1890,1.0
608,611,1.0
608,3104,1.0
608,3489,1.0
608,2210,1.0
608,2339,1.0
608,4064,1.0
608,2785,1.0
608,2914,1.0
608,3683,1.0
609,417,1.0
609,1186,1.0
609,1315,1.0
609,36,1.0
609,737,1.0
609,866,1.0
609,1635,1.0
609,2020,1.0
609,3489,1.0
609,2210,1.0
609,2339,1.0
609,3108,1.0
609,3809,1.0
609,3938,1.0
609,2659,1.0
609,3044,1.0
610,1186,1.0
610,1315,1.0
610,36,1.0
610,421,1.0
610,1890,1.0
610,611,1.0
610,996,1.0
610,1765,1.0
610,2210,1.0
610,2339,1.0
610,3108,1.0
610,3493,1.0
610,2914,1.0
610,3683,1.0
610,4068,1.0
610,2789,1.0
611,1315,1.0
611,36,1.0
611,421,1.0
611,1190,1.0
611,1635,1.0
611,2020,1.0
611,741,1.0
611,870,1.0
611,2339,1.0
611,3108,1.0
611,3493,1.0
611,2214,1.0
611,2659,1.0
611,3044,1.0
611,3813,1.0
611,3942,1.0
612,36,1.0
612,421,1.0
612,1190,1.0
612,1319,1.0
612,996,1.0
612,1765,1.0
612,1894,1.0
612,615,1.0
612,3108,1.0
612,3493,1.0
612,2214,1.0
612,2343,1.0
612,4068,1.0
612,2789,1.0
612,2918,1.0
612,3687,1.0
613,421,1.0
613,1190,1.0
613,1319,1.0
613,40,1.0
613,741,1.0
613,870,1.0
613,1639,1.0
613,2024,1.0
613,3493,1.0
613,2214,1.0
613,2343,1.0
613,3112,1.0
613,3813,1.0
613,3942,1.0
613,2663,1.0
613,3048,1.0
614,1190,1.0
614,1319,1.0
614,40,1.0
614,425,1.0
614,1894,1.0
614,615,1.0
614,1000,1.0
614,1769,1.0
614,2214,1.0
614,2343,1.0
614,3112,1.0
614,3497,1.0
614,2918,1.0
614,3687,1.0
614,4072,1.0
614,2793,1.0
615,1319,1.0
615,40,1.0
615,425,1.0
615,1194,1.0
615,1639,1.0
615,2024,1.0
615,745,1.0
615,874,1.0
615,2343,1.0
615,3112,1.0
615,3497,1.0
615,2218,1.0
615,2663,1.0
615,3048,1.0
615,3817,1.0
615,3946,1.0
616,40,1.0
616,425,1.0
616,1194,1.0
616,1323,1.0
616,1000,1.0
616,1769,1.0
616,1898,1.0
616,619,1.0
616,3112,1.0
616,3497,1.0
616,2218,1.0
616,2347,1.0
616,4072,1.0
616,2793,1.0
616,2922,1.0
616,3691,1.0
617,425,1.0
617,1194,1.0
617,1323,1.0
617,44,1.0
617,745,1.0
617,874,1.0
617,1643,1.0
617,2028,1.0
617,3497,1.0
617,2218,1.0
617,2347,1.0
617,3116,1.0
617,3817,1.0
617,3946,1.0
617,2667,1.0
617,3052,1.0
618,1194,1.0
618,1323,1.0
618,44,1.0
618,429,1.0
618,1898,1.0
618,619,1.0
618,1004,1.0
618,1773,1.0
618,2218,1.0
618,2347,1.0
618,3116,1.0
618,3501,1.0
618,2922,1.0
618,3691,1.0
618,4076,1.0
618,2797,1.0
619,1323,1.0
619,44,1.0
619,429,1.0
619,1198,1.0
619,1643,1.0
619,2028,1.0
619,749,1.0
619,878,1.0
619,2347,1.0
619,3116,1.0
619,3501,1.0
619,2222,1.0
619,2667,1.0
619,3052,1.0
619,3821,1.0
619,3950,1.0
620,44,1.0
620,429,1.0
620,1198,1.0
620,1327,1.0
620,1004,1.0
620,1773,1.0
620,1902,1.0
620,623,1.0
620,3116,1.0
620,3501,1.0
620,2222,1.0
620,2351,1.0
620,4076,1.0
620,2797,1.0
620,2926,1.0
620,3695,1.0
621,429,1.0
621,1198,1.0
621,1327,1.0
621,48,1.0
621,749,1.0
621,878,1.0
621,1647,1.0
621,2032,1.0
621,3501,1.0
621,2222,1.0
621,2351,1.0
621,3120,1.0
621,3821,1.0
621,3950,1.0
621,2671,1.0
621,3056,1.0
622,1198,1.0
622,1327,1.0
622,48,1.0
622,433,1.0
622,1902,1.0
622,623,1.0
622,1008,1.0
622,1777,1.0
622,2222,1.0
622,2351,1.0
622,3120,1.0
622,3505,1.0
622,2926,1.0
622,3695,1.0
622,4080,1.0
622,2801,1.0
623,1327,1.0
623,48,1.0
623,433,1.0
623,1202,1.0
623,1647,1.0
623,2032,1.0
623,753,1.0
623,882,1.0
623,2351,1.0
623,3120,1.0
623,3505,1.0
623,2226,1.0
623,2671,1.0
623,3056,1.0
623,3825,1.0
623,3954,1.0
624,48,1.0
624,433,1.0
624,1202,1.0
624,1331,1.0
624,1008,1.0
624,1777,1.0
624,1906,1.0
624,627,1.0
624,3120,1.0
624,3505,1.0
624,2226,1.0
624,2355,1.0
624,4080,1.0
624,2801,1.0
624,2930,1.0
624,3699,1.0
625,433,1.0
625,1202,1.0
625,1331,1.0
625,52,1.0
625,753,1.0
625,882,1.0
625,1651,1.0
625,2036,1.0
625,3505,1.0
625,2226,1.0
625,2355,1.0
625,3124,1.0
625,3825,1.0
625,3954,1.0
625,2675,1.0
625,3060,1.0
626,1202,1.0
626,1331,1.0
626,52,1.0
626,437,1.0
626,1906,1.0
626,627,1.0
626,1012,1.0
626,1781,1.0
626,2226,1.0
626,2355,1.0
626,3124,1.0
626,3509,1.0
626,2930,1.0
626,3699,1.0
626,4084,1.0
626,2805,1.0
627,1331,1.0
627,52,1.0
627,437,1.0
627,1206,1.0
627,1651,1.0
627,2036,1.0
627,757,1.0
627,886,1.0
627,2355,1.0
627,3124,1.0
627,3509,1.0
627,2230,1.0
627,2675,1.0
627,3060,1.0
627,3829,1.0
627,3958,1.0
628,52,1.0
628,437,1.0
628,1206,1.0
628,1335,1.0
628,1012,1.0
628,1781,1.0
628,1910,1.0
628,631,1.0
628,3124,1.0
628,3509,1.0
628,2230,1.0
628,2359,1.0
628,4084,1.0
628,2805,1.0
628,2934,1.0
628,3703,1.0
629,437,1.0
629,1206,1.0
629,1335,1.0
629,56,1.0
629,757,1.0
629,886,1.0
629,1655,1.0
629,2040,1.0
629,3509,1.0
629,2230,1.0
629,2359,1.0
629,3128,1.0
629,3829,1.0
629,3958,1.0
629,2679,1.0
629,3064,1.0
630,1206,1.0
630,1335,1.0
630,56,1.0
630,441,1.0
630,1910,1.0
630,631,1.0
630,1016,1.0
630,1785,1.0
630,2230,1.0
630,2359,1.0
630,3128,1.0
630,3513,1.0
630,2934,1.0
630,3703,1.0
630,4088,1.0
630,2809,1.0
631,1335,1.0
631,56,1.0
631,441,1.0
631,1210,1.0
631,1655,1.0
631,2040,1.0
631,761,1.0
631,890,1.0
631,2359,1.0
631,3128,1.0
631,3513,1.0
631,2234,1.0
631,2679,1.0
631,3064,1.0
631,3833,1.0
631,3962,1.0
632,56,1.0
632,441,1.0
632,1210,1.0
632,1339,1.0
632,1016,1.0
632,1785,1.0
632,1914,1.0
632,635,1.0
632,3128,1.0
632,3513,1.0
632,2234,1.0
632,2363,1.0
632,4088,1.0
632,2809,1.0
632,2938,1.0
632,3707,1.0
633,441,1.0
633,1210,1.0
633,1339,1.0
633,60,1.0
633,761,1.0
633,890,1.0
633,1659,1.0
633,2044,1.0
633,3513,1.0
633,2234,1.0
633,2363,1.0
633,3132,1.0
633,3833,1.0
633,3962,1.0
633,2683,1.0
633,3068,1.0
634,1210,1.0
634,1339,1.0
634,60,1.0
634,445,1.0
634,1914,1.0
634,635,1.0
634,1020,1.0
634,1789,1.0
634,2234,1.0
634,2363,1.0
634,3132,1.0
634,3517,1.0
634,2938,1.0
634,3707,1.0
634,4092,1.0
634,2813,1.0
635,1339,1.0
635,60,1.0
635,445,1.0
635,1214,1.0
635,1659,1.0
635,2044,1.0
635,765,1.0
635,894,1.0
635,2363,1.0
635,3132,1.0
635,3517,1.0
635,2238,1.0
635,2683,1.0
635,3068,1.0
635,3837,1.0
635,3966,1.0
636,60,1.0
636,445,1.0
636,1214,1.0
636,1343,1.0
636,1020,1.0
636,1789,1.0
636,1918,1.0
636,639,1.0
636,3132,1.0
636,3517,1.0
636,2238,1.0
636,2367,1.0
636,4092,1.0
636,2813,1.0
636,2942,1.0
636,3711,1.0
637,445,1.0
637,1214,1.0
637,1343,1.0
637,0,1.0
637,765,1.0
637,894,1.0
637,1663,1.0
637,1984,1.0
637,3517,1.0
637,2238,1.0
637,2367,1.0
637,3072,1.0
637,3837,1.0
637,3966,1.0
637,2687,1.0
637,3008,1.0
638,1214,1.0
638,1343,1.0
638,0,1.0
638,385,1.0
638,1918,1.0
638,639,1.0
638,960,1.0
638,1729,1.0
638,2238,1.0
638,2367,1.0
638,3072,1.0
638,3457,1.0
638,2942,1.0
638,3711,1.0
638,4032,1.0
638,2753,1.0
639,1343,1.0
639,0,1.0
639,385,1.0
639,1154,1.0
639,1663,1.0
639,1984,1.0
639,705,1.0
639,834,1.0
639,2367,1.0
639,3072,1.0
639,3457,1.0
639,2178,1.0
639,2687,1.0
639,3008,1.0
639,3777,1.0
639,3906,1.0
640,0,1.0
640,385,1.0
640,1154,1.0
640,1283,1.0
640,960,1.0
640,1729,1.0
640,1858,1.0
640,579,1.0
640,3072,1.0
640,3457,1.0
640,2178,1.0
640,2307,1.0
640,4032,1.0
640,2753,1.0
640,2882,1.0
640,3651,1.0
641,385,1.0
641,1154,1.0
641,1283,1.0
641,4,1.0
641,705,1.0
641,834,1.0
641,1603,1.0
641,1988,1.0
641,3457,1.0
641,2178,1.0
641,2307,1.0
641,3076,1.0
641,3777,1.0
641,3906,1.0
641,2627,1.0
641,3012,1.0
642,1154,1.0
642,1283,1.0
642,4,1.0
642,389,1.0
642,1858,1.0
642,579,1.0
642,964,1.0
642,1733,1.0
642,2178,1.0
642,2307,1.0
642,3076,1.0
642,3461,1.0
642,2882,1.0
642,3651,1.0
642,4036,1.0
642,2757,1.0
643,1283,1.0
643,4,1.0
643,389,1.0
643,1158,1.0
643,1603,1.0
643,1988,1.0
643,709,1.0
643,838,1.0
643,2307,1.0
643,3076,1.0
643,3461,1.0
643,2182,1.0
643,2627,1.0
643,3012,1.0
643,3781,1.0
643,3910,1.0
644,4,1.0
644,389,1.0
644,1158,1.0
644,1287,1.0
644,964,1.0
644,1733,1.0
644,1862,1.0
644,583,1.0
644,3076,1.0
644,3461,1.0
644,2182,1.0
644,2311,1.0
644,4036,1.0
644,2757,1.0
644,2886,1.0
644,3655,1.0
645,389,1.0
645,1158,1.0
645,1287,1.0
645,8,1.0
645,709,1.0
645,838,1.0
645,1607,1.0
645,1992,1.0
645,3461,1.0
645,2182,1.0
645,2311,1.0
645,3080,1.0
645,3781,1.0
645,3910,1.0
645,2631,1.0
645,3016,1.0
646,1158,1.0
646,1287,1.0
646,8,1.0
646,393,1.0
646,1862,1.0
646,583,1.0
646,968,1.0
646,1737,1.0
646,2182,1.0
646,2311,1.0
646,3080,1.0
646,3465,1.0
646,2886,1.0
646,3655,1.0
646,4040,1.0
646,2761,1.0
647,1287,1.0
647,8,1.0
647,393,1.0
647,1162,1.0
647,1607,1.0
647,1992,1.0
647,713,1.0
647,842,1.0
647,2311,1.0
647,3080,1.0
647,3465,1.0
647,2186,1.0
647,2631,1.0
647,3016,1.0
647,3785,1.0
647,3914,1.0
648,8,1.0
648,393,1.0
648,1162,1.0
648,1291,1.0
648,968,1.0
648,1737,1.0
648,1866,1.0
648,587,1.0
648,3080,1.0
648,3465,1.0
648,2186,1.0
648,2315,1.0
648,4040,1.0
648,2761,1.0
648,2890,1.0
648,3659,1.0
649,393,1.0
649,1162,1.0
649,1291,1.0
649,12,1.0
649,713,1.0
649,842,1.0
649,1611,1.0
649,1996,1.0
649,3465,1.0
649,2186,1.0
649,2315,1.0
649,3084,1.0
649,3785,1.0
649,3914,1.0
649,2635,1.0
649,3020,1.0
650,1162,1.0
650,1291,1.0
650,12,1.0
650,397,1.0
650,1866,1.0
650,587,1.0
650,972,1.0
650,1741,1.0
650,2186,1.0
650,2315,1.0
650,3084,1.0
650,3469,1.0
650,2890,1.0
650,3659,1.0
650,4044,1.0
650,2765,1.0
651,1291,1.0
651,12,1.0
651,397,1.0
651,1166,1.0
651,1611,1.0
651,1996,1.0
651,717,1.0
651,846,1.0
651,2315,1.0
651,3084,1.0
651,3469,1.0
651,2190,1.0
651,2635,1.0
651,3020,1.0
651,3789,1.0
651,3918,1.0
652,12,1.0
652,397,1.0
652,1166,1.0
652,1295,1.0
652,972,1.0
652,1741,1.0
652,1870,1.0
652,591,1.0
652,3084,1.0
652,3469,1.0
652,2190,1.0
652,2319,1.0
652,4044,1.0
652,2765,1.0
652,2894,1.0
652,3663,1.0
653,397,1.0
653,1166,1.0
653,1295,1.0
653,16,1.0
653,717,1.0
653,846,1.0
653,1615,1.0
653,2000,1.0
653,3469,1.0
653,2190,1.0
653,2319,1.0
653,3088,1.0
653,3789,1.0
653,3918,1.0
653,2639,1.0
653,3024,1.0
654,1166,1.0
654,1295,1.0
654,16,1.0
654,401,1.0
654,1870,1.0
654,591,1.0
654,976,1.0
654,1745,1.0
654,2190,1.0
654,2319,1.0
654,3088,1.0
654,3473,1.0
654,2894,1.0
654,3663,1.0
654,4048,1.0
654,2769,1.0
655,1295,1.0
655,16,1.0
655,401,1.0
655,1170,1.0
655,1615,1.0
655,2000,1.0
655,721,1.0
655,850,1.0
655,2319,1.0
655,3088,1.0
655,3473,1.0
655,2194,1.0
655,2639,1.0
655,3024,1.0
655,3793,1.0
655,3922,1.0
656,16,1.0
656,401,1.0
656,1170,1.0
656,1299,1.0
656,976,1.0
656,1745,1.0
656,1874,1.0
656,595,1.0
656,3088,1.0
656,3473,1.0
656,2194,1.0
656,2323,1.0
656,4048,1.0
656,2769,1.0
656,2898,1.0
656,3667,1.0
657,401,1.0
657,1170,1.0
657,1299,1.0
657,20,1.0
657,721,1.0
657,850,1.0
657,1619,1.0
657,2004,1.0
657,3473,1.0
657,2194,1.0
657,2323,1.0
657,3092,1.0
657,3793,1.0
657,3922,1.0
657,2643,1.0
657,3028,1.0
658,1170,1.0
658,1299,1.0
658,20,1.0
658,405,1.0
658,1874,1.0
658,595,1.0
658,980,1.0
658,1749,1.0
658,2194,1.0
658,2323,1.0
658,3092,1.0
658,3477,1.0
658,2898,1.0
658,3667,1.0
658,4052,1.0
658,2773,1.0
659,1299,1.0
659,20,1.0
659,405,1.0
659,1174,1.0
659,1619,1.0
659,2004,1.0
659,725,1.0
659,854,1.0
659,2323,1.0
659,3092,1.0
659,3477,1.0
659,2198,1.0
659,2643,1.0
659,3028,1.0
659,3797,1.0
659,3926,1.0
660,20,1.0
660,405,1.0
660,1174,1.0
660,1303,1.0
660,980,1.0
660,1749,1.0
660,1878,1.0
660,599,1.0
660,3092,1.0
660,3477,1.0
660,2198,1.0
660,2327,1.0
660,4052,1.0
660,2773,1.0
660,2902,1.0
660,3671,1.0
661,405,1.0
661,1174,1.0
661,1303,1.0
661,24,1.0
661,725,1.0
661,854,1.0
661,1623,1.0
661,2008,1.0
661,3477,1.0
661,2198,1.0
661,2327,1.0
661,3096,1.0
661,3797,1.0
661,3926,1.0
661,2647,1.0
661,3032,1.0
662,1174,1.0
662,1303,1.0
662,24,1.0
662,409,1.0
662,1878,1.0
662,599,1.0
662,984,1.0
662,1753,1.0
662,2198,1.0
662,2327,1.0
662,3096,1.0
662,3481,1.0
662,2902,1.0
662,3671,1.0
662,4056,1.0
662,2777,1.0
663,1303,1.0
663,24,1.0
663,409,1.0
663,1178,1.0
663,1623,1.0
663,2008,1.0
663,729,1.0
663,858,1.0
663,2327,1.0
663,3096,1.0
663,3481,1.0
663,2202,1.0
663,2647,1.0
663,3032,1.0
663,3801,1.0
663,3930,1.0
664,24,1.0
664,409,1.0
664,1178,1.0
664,1307,1.0
664,984,1.0
664,1753,1.0
664,1882,1.0
664,603,1.0
664,3096,1.0
664,3481,1.0
664,2202,1.0
664,2331,1.0
664,4056,1.0
664,2777,1.0
664,2906,1.0
664,3675,1.0
665,409,1.0
665,1178,1.0
665,1307,1.0
665,28,1.0
665,729,1.0
665,858,1.0
665,1627,1.0
665,2012,1.0
665,3481,1.0
665,2202,1.0
665,2331,1.0
665,3100,1.0
665,3801,1.0
665,3930,1.0
665,2651,1.0
665,3036,1.0
666,1178,1.0
666,1307,1.0
666,28,1.0
666,413,1.0
666,1882,1.0
666,603,1.0
666,988,1.0
666,1757,1.0
666,2202,1.0
666,2331,1.0
666,3100,1.0
666,3485,1.0
666,2906,1.0
666,3675,1.0
666,4060,1.0
666,2781,1.0
667,1307,1.0
667,28,1.0
667,413,1.0
667,1182,1.0
667,1627,1.0
667,2012,1.0
667,733,1.0
667,862,1.0
667,2331,1.0
667,3100,1.0
667,3485,1.0
667,2206,1.0
667,2651,1.0
667,3036,1.0
667,3805,1.0
667,3934,1.0
668,28,1.0
668,413,1.0
668,1182,1.0
668,1311,1.0
668,988,1.0
668,1757,1.0
668,1886,1.0
668,607,1.0
668,3100,1.0
668,3485,1.0
668,2206,1.0
668,2335,1.0
668,4060,1.0
668,2781,1.0
668,2910,1.0
668,3679,1.0
669,413,1.0
669,1182,1.0
669,1311,1.0
669,32,1.0
669,733,1.0
669,862,1.0
669,1631,1.0
669,2016,1.0
669,3485,1.0
669,2206,1.0
669,2335,1.0
669,3104,1.0
669,3805,1.0
669,3934,1.0
669,2655,1.0
669,3040,1.0
670,1182,1.0
670,1311,1.0
670,32,1.0
670,417,1.0
670,1886,1.0
670,607,1.0
670,992,1.0
670,1761,1.0
670,2206,1.0
670,2335,1.0
670,3104,1.0
670,3489,1.0
670,2910,1.0
670,3679,1.0
670,4064,1.0
670,2785,1.0
671,1311,1.0
671,32,1.0
671,417,1.0
671,1186,1.0
671,1631,1.0
671,2016,1.0
671,737,1.0
671,866,1.0
671,2335,1.0
671,3104,1.0
671,3489,1.0
671,2210,1.0
671,2655,1.0
671,3040,1.0
671,3809,1.0
671,3938,1.0
672,32,1.0
672,417,1.0
672,1186,1.0
672,1315,1.0
672,992,1.0
672,1761,1.0
672,1890,1.0
672,611,1.0
672,3104,1.0
672,3489,1.0
672,2210,1.0
672,2339,1.0
672,4064,1.0
672,2785,1.0
672,2914,1.0
672,3683,1.0
673,417,1.0
673,1186,1.0
673,1315,1.0
673,36,1.0
673,737,1.0
673,866,1.0
673,1635,1.0
673,2020,1.0
673,3489,1.0
673,2210,1.0
673,2339,1.0
673,3108,1.0
673,3809,1.0
673,3938,1.0
673,2659,1.0
673,3044,1.0
674,1186,1.0
674,1315,1.0
674,36,1.0
674,421,1.0
674,1890,1.0
674,611,1.0
674,996,1.0
674,1765,1.0
674,2210,1.0
674,2339,1.0
674,3108,1.0
674,3493,1.0
674,2914,1.0
674,3683,1.0
674,4068,1.0
674,2789,1.0
675,1315,1.0
675,36,1.0
675,421,1.0
675,1190,1.0
675,1635,1.0
675,2020,1.0
675,741,1.0
675,870,1.0
675,2339,1.0
675,3108,1.0
675,3493,1.0
675,2214,1.0
675,2659,1.0
675,3044,1.0
675,3813,1.0
675,3942,1.0
676,36,1.0
676,421,1.0
676,1190,1.0
676,1319,1.0
676,996,1.0
676,1765,1.0
676,1894,1.0
676,615,1.0
676,3108,1.0
676,3493,1.0
676,2214,1.0
676,2343,1.0
676,4068,1.0
676,2789,1.0
676,2918,1.0
676,3687,1.0
677,421,1.0
677,1190,1.0
677,1319,1.0
677,40,1.0
677,741,1.0
677,870,1.0
677,1639,1.0
677,2024,1.0
677,3493,1.0
677,2214,1.0
677,2343,1.0
677,3112,1.0
677,3813,1.0
677,3942,1.0
677,2663,1.0
677,3048,1.0
678,1190,1.0
678,1319,1.0
678,40,1.0
678,425,1.0
678,1894,1.0
678,615,1.0
678,1000,1.0
678,1769,1.0
678,2214,1.0
678,2343,1.0
678,3112,1.0
678,3497,1.0
678,2918,1.0
678,3687,1.0
678,4072,1.0
678,2793,1.0
679,1319,1.0
679,40,1.0
679,425,1.0
679,1194,1.0
679,1639,1.0
679,2024,1.0
679,745,1.0
679,874,1.0
679,2343,1.0
679,3112,1.0
679,3497,1.0
679,2218,1.0
679,2663,1.0
679,3048,1.0
679,3817,1.0
679,3946,1.0
680,40,1.0
680,425,1.0
680,1194,1.0
680,1323,1.0
680,1000,1.0
680,1769,1.0
680,1898,1.0
680,619,1.0
680,3112,1.0
680,3497,1.0
680,2218,1.0
680,2347,1.0
680,4072,1.0
680,2793,1.0
680,2922,1.0
680,3691,1.0
681,425,1.0
681,1194,1.0
681,1323,1.0
681,44,1.0
681,745,1.0
681,874,1.0
681,1643,1.0
681,2028,1.0
681,3497,1.0
681,2218,1.0
681,2347,1.0
681,3116,1.0
681,3817,1.0
681,3946,1.0
681,2667,1.0
681,3052,1.0
682,1194,1.0
682,1323,1.0
682,44,1.0
682,429,1.0
682,1898,1.0
682,619,1.0
682,1004,1.0
682,1773,1.0
682,2218,1.0
682,2347,1.0
682,3116,1.0
682,3501,1.0
682,2922,1.0
682,3691,1.0
682,4076,1.0
682,2797,1.0
683,1323,1.0
683,44,1.0
683,429,1.0
683,1198,1.0
683,1643,1.0
683,2028,1.0
683,749,1.0
683,878,1.0
683,2347,1.0
683,3116,1.0
683,3501,1.0
683,2222,1.0
683,2667,1.0
683,3052,1.0
683,3821,1.0
683,3950,1.0
684,44,1.0
684,429,1.0
684,1198,1.0
684,1327,1.0
684,1004,1.0
684,1773,1.0
684,1902,1.0
684,623,1.0
684,3116,1.0
684,3501,1.0
684,2222,1.0
684,2351,1.0
684,4076,1.0
684,2797,1.0
684,2926,1.0
684,3695,1.0
685,429,1.0
685,1198,1.0
685,1327,1.0
685,48,1.0
685,749,1.0
685,878,1.0
685,1647,1.0
685,2032,1.0
685,3501,1.0
685,2222,1.0
685,2351,1.0
685,3120,1.0
685,3821,1.0
685,3950,1.0
685,2671,1.0
685,3056,1.0
686,1198,1.0
686,1327,1.0
686,48,1.0
686,433,1.0
686,1902,1.0
686,623,1.0
686,1008,1.0
686,1777,1.0
686,2222,1.0
686,2351,1.0
686,3120,1.0
686,3505,1.0
686,2926,1.0
686,3695,1.0
686,4080,1.0
686,2801,1.0
687,1327,1.0
687,48,1.0
687,433,1.0
687,1202,1.0
687,1647,1.0
687,2032,1.0
687,753,1.0
687,882,1.0
687,2351,1.0
687,3120,1.0
687,3505,1.0
687,2226,1.0
687,2671,1.0
687,3056,1.0
687,3825,1.0
687,3954,1.0
688,48,1.0
688,433,1.0
688,1202,1.0
688,1331,1.0
688,1008,1.0
688,1777,1.0
688,1906,1.0
688,627,1.0
688,3120,1.0
688,3505,1.0
688,2226,1.0
688,2355,1.0
688,4080,1.0
688,2801,1.0
688,2930,1.0
688,3699,1.0
689,433,1.0
689,1202,1.0
689,1331,1.0
689,52,1.0
689,753,1.0
689,882,1.0
689,1651,1.0
689,2036,1.0
689,3505,1.0
689,2226,1.0
689,2355,1.0
689,3124,1.0
689,3825,1.0
689,3954,1.0
689,2675,1.0
689,3060,1.0
690,1202,1.0
690,1331,1.0
690,52,1.0
690,437,1.0
690,1906,1.0
690,627,1.0
690,1012,1.0
690,1781,1.0
690,2226,1.0
690,2355,1.0
690,3124,1.0
690,3509,1.0
690,2930,1.0
690,3699,1.0
690,4084,1.0
690,2805,1.0
691,1331,1.0
691,52,1.0
691,437,1.0
691,1206,1.0
691,1651,1.0
691,2036,1.0
691,757,1.0
691,886,1.0
691,2355,1.0
691,3124,1.0
691,3509,1.0
691,2230,1.0
691,2675,1.0
691,3060,1.0
691,3829,1.0
691,3958,1.0
692,52,1.0
692,437,1.0
692,1206,1.0
692,1335,1.0
692,1012,1.0
692,1781,1.0
692,1910,1.0
692,631,1.0
692,3124,1.0
692,3509,1.0
692,2230,1.0
692,2359,1.0
692,4084,1.0
692,2805,1.0
692,2934,1.0
692,3703,1.0
693,437,1.0
693,1206,1.0
693,1335,1.0
693,56,1.0
693,757,1.0
693,886,1.0
693,1655,1.0
693,2040,1.0
693,3509,1.0
693,2230,1.0
693,2359,1.0
693,3128,1.0
693,3829,1.0
693,3958,1.0
693,2679,1.0
693,3064,1.0
694,1206,1.0
694,1335,1.0
694,56,1.0
694,441,1.0
694,1910,1.0
694,631,1.0
694,1016,1.0
694,1785,1.0
694,2230,1.0
694,2359,1.0
694,3128,1.0
694,3513,1.0
694,2934,1.0
694,3703,1.0
694,4088,1.0
694,2809,1.0
695,1335,1.0
695,56,1.0
695,441,1.0
695,1210,1.0
695,1655,1.0
695,2040,1.0
695,761,1.0
695,890,1.0
695,2359,1.0
695,3128,1.0
695,3513,1.0
695,2234,1.0
695,2679,1.0
695,3064,1.0
695,3833,1.0
695,3962,1.0
696,56,1.0
696,441,1.0
696,1210,1.0
696,1339,1.0
696,1016,1.0
696,1785,1.0
696,1914,1.0
696,635,1.0
696,3128,1.0
696,3513,1.0
696,2234,1.0
696,2363,1.0
696,4088,1.0
696,2809,1.0
696,2938,1.0
696,3707,1.0
697,441,1.0
697,1210,1.0
697,1339,1.0
697,60,1.0
697,761,1.0
697,890,1.0
697,1659,1.0
697,2044,1.0
697,3513,1.0
697,2234,1.0
697,2363,1.0
697,3132,1.0
697,3833,1.0
697,3962,1.0
697,2683,1.0
697,3068,1.0
698,1210,1.0
698,1339,1.0
698,60,1.0
698,445,1.0
698,1914,1.0
698,635,1.0
698,1020,1.0
698,1789,1.0
698,2234,1.0
698,2363,1.0
698,3132,1.0
698,3517,1.0
698,2938,1.0
698,3707,1.0
698,4092,1.0
698,2813,1.0
699,1339,1.0
699,60,1.0
699,445,1.0
699,1214,1.0
699,1659,1.0
699,2044,1.0
699,765,1.0
699,894,1.0
699,2363,1.0
699,3132,1.0
699,3517,1.0
699,2238,1.0
699,2683,1.0
699,3068,1.0
699,3837,1.0
699,3966,1.0
700,60,1.0
700,445,1.0
700,1214,1.0
700,1343,1.0
700,1020,1.0
700,1789,1.0
700,1918,1.0
700,639,1.0
700,3132,1.0
700,3517,1.0
700,2238,1.0
700,2367,1.0
700,4092,1.0
700,2813,1.0
700,2942,1.0
700,3711,1.0
701,445,1.0
701,1214,1.0
701,1343,1.0
701,0,1.0
701,765,1.0
701,894,1.0
701,1663,1.0
701,1984,1.0
701,3517,1.0
701,2238,1.0
701,2367,1.0
701,3072,1.0
701,3837,1.0
701,3966,1.0
701,2687,1.0
701,3008,1.0
702,1214,1.0
702,1343,1.0
702,0,1.0
702,385,1.0
702,1918,1.0
702,639,1.0
702,960,1.0
702,1729,1.0
702,2238,1.0
702,2367,1.0
702,3072,1.0
702,3457,1.0
702,2942,1.0
702,3711,1.0
702,4032,1.0
702,2753,1.0
703,1343,1.0
703,0,1.0
703,385,1.0
703,1154,1.0
703,1663,1.0
703,1984,1.0
703,705,1.0
703,834,1.0
703,2367,1.0
703,3072,1.0
703,3457,1.0
703,2178,1.0
703,2687,1.0
703,3008,1.0
703,3777,1.0
703,3906,1.0
704,0,1.0
704,385,1.0
704,1154,1.0
704,1283,1.0
704,960,1.0
704,1729,1.0
704,1858,1.0
704,579,1.0
704,3072,1.0
704,3457,1.0
704,2178,1.0
704,2307,1.0
704,4032,1.0
704,2753,1.0
704,2882,1.0
704,3651,1.0
705,385,1.0
705,1154,1.0
705,1283,1.0
705,4,1.0
705,705,1.0
705,834,1.0
705,1603,1.0
705,1988,1.0
705,3457,1.0
705,2178,1.0
705,2307,1.0
705,3076,1.0
705,3777,1.0
705,3906,1.0
705,2627,1.0
705,3012,1.0
706,1154,1.0
706,1283,1.0
706,4,1.0
706,389,1.0
706,1858,1.0
706,579,1.0
706,964,1.0
706,1733,1.0
706,2178,1.0
706,2307,1.0
706,3076,1.0
706,3461,1.0
706,2882,1.0
706,3651,1.0
706,4036,1.0
706,2757,1.0
707,1283,1.0
707,4,1.0
707,389,1.0
707,1158,1.0
707,1603,1.0
707,1988,1.0
707,709,1.0
707,838,1.0
707,2307,1.0
707,3076,1.0
707,3461,1.0
707,2182,1.0
707,2627,1.0
707,3012,1.0
707,3781,1.0
707,3910,1.0
708,4,1.0
708,389,1.0
708,1158,1.0
708,1287,1.0
708,964,1.0
708,1733,1.0
708,1862,1.0
708,583,1.0
708,3076,1.0
708,3461,1.0
708,2182,1.0
708,2311,1.0
708,4036,1.0
708,2757,1.0
708,2886,1.0
708,3655,1.0
709,389,1.0
709,1158,1.0
709,1287,1.0
709,8,1.0
709,709,1.0
709,838,1.0
709,1607,1.0
709,1992,1.0
709,3461,1.0
709,2182,1.0
709,2311,1.0
709,3080,1.0
709,3781,1.0
709,3910,1.0
709,2631,1.0
709,3016,1.0
710,1158,1.0
710,1287,1.0
710,8,1.0
710,393,1.0
710,1862,1.0
710,583,1.0
710,968,1.0
710,1737,1.0
710,2182,1.0
710,2311,1.0
710,3080,1.0
710,3465,1.0
710,2886,1.0
710,3655,1.0
710,4040,1.0
710,2761,1.0
711,1287,1.0
711,8,1.0
711,393,1.0
711,1162,1.0
711,1607,1.0
711,1992,1.0
711,713,1.0
711,842,1.0
711,2311,1.0
711,3080,1.0
711,3465,1.0
711,2186,1.0
711,2631,1.0
711,3016,1.0
711,3785,1.0
711,3914,1.0
712,8,1.0
712,393,1.0
712,1162,1.0
712,1291,1.0
712,968,1.0
712,1737,1.0
712,1866,1.0
712,587,1.0
712,3080,1.0
712,3465,1.0
712,2186,1.0
712,2315,1.0
712,4040,1.0
712,2761,1.0
712,2890,1.0
712,3659,1.0
713,393,1.0
713,1162,1.0
713,1291,1.0
713,12,1.0
713,713,1.0
713,842,1.0
713,1611,1.0
713,1996,1.0
713,3465,1.0
713,2186,1.0
713,2315,1.0
713,3084,1.0
713,3785,1.0
713,3914,1.0
713,2635,1.0
713,3020,1.0
714,1162,1.0
714,1291,1.0
714,12,1.0
714,397,1.0
714,1866,1.0
714,587,1.0
714,972,1.0
714,1741,1.0
714,2186,1.0
714,2315,1.0
714,3084,1.0
714,3469,1.0
714,2890,1.0
714,3659,1.0
714,4044,1.0
714,2765,1.0
715,1291,1.0
715,12,1.0
715,397,1.0
715,1166,1.0
715,1611,1.0
715,1996,1.0
715,717,1.0
715,846,1.0
715,2315,1.0
715,3084,1.0
715,3469,1.0
715,2190,1.0
715,2635,1.0
715,3020,1.0
715,3789,1.0
715,3918,1.0
716,12,1.0
716,397,1.0
716,1166,1.0
716,1295,1.0
716,972,1.0
716,1741,1.0
716,1870,1.0
716,591,1.0
716,3084,1.0
716,3469,1.0
716,2190,1.0
716,2319,1.0
716,4044,1.0
716,2765,1.0
716,2894,1.0
716,3663,1.0
717,397,1.0
717,1166,1.0
717,1295,1.0
717,16,1.0
717,717,1.0
717,846,1.0
717,1615,1.0
717,2000,1.0
717,3469,1.0
717,2190,1.0
717,2319,1.0
717,3088,1.0
717,3789,1.0
717,3918,1.0
717,2639,1.0
717,3024,1.0
718,1166,1.0
718,1295,1.0
718,16,1.0
718,401,1.0
718,1870,1.0
718,591,1.0
718,976,1.0
718,1745,1.0
718,2190,1.0
718,2319,1.0
718,3088,1.0
718,3473,1.0
718,2894,1.0
718,3663,1.0
718,4048,1.0
718,2769,1.0
719,1295,1.0
719,16,1.0
719,401,1.0
719,1170,1.0
719,1615,1.0
719,2000,1.0
719,721,1.0
719,850,1.0
719,2319,1.0
719,3088,1.0
719,3473,1.0
719,2194,1.0
719,2639,1.0
719,3024,1.0
719,3793,1.0
719,3922,1.0
720,16,1.0
720,401,1.0
720,1170,1.0
720,1299,1.0
720,976,1.0
720,1745,1.0
720,1874,1.0
720,595,1.0
720,3088,1.0
720,3473,1.0
720,2194,1.0
720,2323,1.0
720,4048,1.0
720,2769,1.0
720,2898,1.0
720,3667,1.0
721,401,1.0
721,1170,1.0
721,1299,1.0
721,20,1.0
721,721,1.0
721,850,1.0
721,1619,1.0
721,2004,1.0
721,3473,1.0
721,2194,1.0
721,2323,1.0
721,3092,1.0
721,3793,1.0
721,3922,1.0
721,2643,1.0
721,3028,1.0
722,1170,1.0
722,1299,1.0
722,20,1.0
722,405,1.0
722,1874,1.0
722,595,1.0
722,980,1.0
722,1749,1.0
722,2194,1.0
722,2323,1.0
722,3092,1.0
722,3477,1.0
722,2898,1.0
722,3667,1.0
722,4052,1.0
722,2773,1.0
723,1299,1.0
723,20,1.0
723,405,1.0
723,1174,1.0
723,1619,1.0
723,2004,1.0
723,725,1.0
723,854,1.0
723,2323,1.0
723,3092,1.0
723,3477,1.0
723,2198,1.0
723,2643,1.0
723,3028,1.0
723,3797,1.0
723,3926,1.0
724,20,1.0
724,405,1.0
724,1174,1.0
724,1303,1.0
724,980,1.0
724,1749,1.0
724,1878,1.0
724,599,1.0
724,3092,1.0
724,3477,1.0
724,2198,1.0
724,2327,1.0
724,4052,1.0
724,2773,1.0
724,2902,1.0
724,3671,1.0
725,405,1.0
725,1174,1.0
725,1303,1.0
725,24,1.0
725,725,1.0
725,854,1.0
725,1623,1.0
725,2008,1.0
725,3477,1.0
725,2198,1.0
725,2327,1.0
725,3096,1.0
725,3797,1.0
725,3926,1.0
725,2647,1.0
725,3032,1.0
726,1174,1.0
726,1303,1.0
726,24,1.0
726,409,1.0
726,1878,1.0
726,599,1.0
726,984,1.0
726,1753,1.0
726,2198,1.0
726,2327,1.0
726,3096,1.0
726,3481,1.0
726,2902,1.0
726,3671,1.0
726,4056,1.0
726,2777,1.0
727,1303,1.0
727,24,1.0
727,409,1.0
727,1178,1.0
727,1623,1.0
727,2008,1.0
727,729,1.0
727,858,1.0
727,2327,1.0
727,3096,1.0
727,3481,1.0
727,2202,1.0
727,2647,1.0
727,3032,1.0
727,3801,1.0
727,3930,1.0
728,24,1.0
728,409,1.0
728,1178,1.0
728,1307,1.0
728,984,1.0
728,1753,1.0
728,1882,1.0
728,603,1.0
728,3096,1.0
728,3481,1.0
728,2202,1.0
728,2331,1.0
728,4056,1.0
728,2777,1.0
728,2906,1.0
728,3675,1.0
729,409,1.0
729,1178,1.0
729,1307,1.0
729,28,1.0
729,729,1.0
729,858,1.0
729,1627,1.0
729,2012,1.0
729,3481,1.0
729,2202,1.0
729,2331,1.0
729,3100,1.0
729,3801,1.0
729,3930,1.0
729,2651,1.0
729,3036,1.0
730,1178,1.0
730,1307,1.0
730,28,1.0
730,413,1.0
730,1882,1.0
730,603,1.0
730,988,1.0
730,1757,1.0
730,2202,1.0
730,2331,1.0
730,3100,1.0
730,3485,1.0
730,2906,1.0
730,3675,1.0
730,4060,1.0
730,2781,1.0
731,1307,1.0
731,28,1.0
731,413,1.0
731,1182,1.0
731,1627,1.0
731,2012,1.0
731,733,1.0
731,862,1.0
731,2331,1.0
731,3100,1.0
731,3485,1.0
731,2206,1.0
731,2651,1.0
731,3036,1.0
731,3805,1.0
731,3934,1.0
732,28,1.0
732,413,1.0
732,1182,1.0
732,1311,1.0
732,988,1.0
732,1757,1.0
732,1886,1.0
732,607,1.0
732,3100,1.0
732,3485,1.0
732,2206,1.0
732,2335,1.0
732,4060,1.0
732,2781,1.0
732,2910,1.0
732,3679,1.0
733,413,1.0
733,1182,1.0
733,1311,1.0
733,32,1.0
733,733,1.0
733,862,1.0
733,1631,1.0
733,2016,1.0
733,3485,1.0
733,2206,1.0
733,2335,1.0
733,3104,1.0
733,3805,1.0
733,3934,1.0
733,2655,1.0
733,3040,1.0
734,1182,1.0
734,1311,1.0
734,32,1.0
734,417,1.0
734,1886,1.0
734,607,1.0
734,992,1.0
734,1761,1.0
734,2206,1.0
734,2335,1.0
734,3104,1.0
734,3489,1.0
734,2910,1.0
734,3679,1.0
734,4064,1.0
734,2785,1.0
735,1311,1.0
735,32,1.0
735,417,1.0
735,1186,1.0
735,1631,1.0
735,2016,1.0
735,737,1.0
735,866,1.0
735,2335,1.0
735,3104,1.0
735,3489,1.0
735,2210,1.0
735,2655,1.0
735,3040,1.0
735,3809,1.0
735,3938,1.0
736,32,1.0
736,417,1.0
736,1186,1.0
736,1315,1.0
736,992,1.0
736,1761,1.0
736,1890,1.0
736,611,1.0
736,3104,1.0
736,3489,1.0
736,2210,1.0
736,2339,1.0
736,4064,1.0
736,2785,1.0
736,2914,1.0
736,3683,1.0
737,417,1.0
737,1186,1.0
737,1315,1.0
737,36,1.0
737,737,1.0
737,866,1.0
737,1635,1.0
737,2020,1.0
737,3489,1.0
737,2210,1.0
737,2339,1.0
737,3108,1.0
737,3809,1.0
737,3938,1.0
737,2659,1.0
737,3044,1.0
738,1186,1.0
738,1315,1.0
738,36,1.0
738,421,1.0
738,1890,1.0
738,611,1.0
738,996,1.0
738,1765,1.0
738,2210,1.0
738,2339,1.0
738,3108,1.0
738,3493,1.0
738,2914,1.0
738,3683,1.0
738,4068,1.0
738,2789,1.0
739,1315,1.0
739,36,1.0
739,421,1.0
739,1190,1.0
739,1635,1.0
739,2020,1.0
739,741,1.0
739,870,1.0
739,2339,1.0
739,3108,1.0
739,3493,1.0
739,2214,1.0
739,2659,1.0
739,3044,1.0
739,3813,1.0
739,3942,1.0
740,36,1.0
740,421,1.0
740,1190,1.0
740,1319,1.0
740,996,1.0
740,1765,1.0
740,1894,1.0
740,615,1.0
740,3108,1.0
740,3493,1.0
740,2214,1.0
740,2343,1.0
740,4068,1.0
740,2789,1.0
740,2918,1.0
740,3687,1.0
741,421,1.0
741,1190,1.0
741,1319,1.0
741,40,1.0
741,741,1.0
741,870,1.0
741,1639,1.0
741,2024,1.0
741,3493,1.0
741,2214,1.0
741,2343,1.0
741,3112,1.0
741,3813,1.0
741,3942,1.0
741,2663,1.0
741,3048,1.0
742,1190,1.0
742,1319,1.0
742,40,1.0
742,425,1.0
742,1894,1.0
742,615,1.0
742,1000,1.0
742,1769,1.0
742,2214,1.0
742,2343,1.0
742,3112,1.0
742,3497,1.0
742,2918,1.0
742,3687,1.0
742,4072,1.0
742,2793,1.0
743,1319,1.0
743,40,1.0
743,425,1.0
743,1194,1.0
743,1639,1.0
743,2024,1.0
743,745,1.0
743,874,1.0
743,2343,1.0
743,3112,1.0
743,3497,1.0
743,2218,1.0
743,2663,1.0
743,3048,1.0
743,3817,1.0
743,3946,1.0
744,40,1.0
744,425,1.0
744,1194,1.0
744,1323,1.0
744,1000,1.0
744,1769,1.0
744,1898,1.0
744,619,1.0
744,3112,1.0
744,3497,1.0
744,2218,1.0
744,2347,1.0
744,4072,1.0
744,2793,1.0
744,2922,1.0
744,3691,1.0
745,425,1.0
745,1194,1.0
745,1323,1.0
745,44,1.0
745,745,1.0
745,874,1.0
745,1643,1.0
745,2028,1.0
745,3497,1.0
745,2218,1.0
745,2347,1.0
745,3116,1.0
745,3817,1.0
745,3946,1.0
745,2667,1.0
745,3052,1.0
746,1194,1.0
746,1323,1.0
746,44,1.0
746,429,1.0
746,1898,1.0
746,619,1.0
746,1004,1.0
746,1773,1.0
746,2218,1.0
746,2347,1.0
746,3116,1.0
746,3501,1.0
746,2922,1.0
746,3691,1.0
746,4076,1.0
746,2797,1.0
747,1323,1.0
747,44,1.0
747,429,1.0
747,1198,1.0
747,1643,1.0
747,2028,1.0
747,749,1.0
747,878,1.0
747,2347,1.0
747,3116,1.0
747,3501,1.0
747,2222,1.0
747,2667,1.0
747,3052,1.0
747,3821,1.0
747,3950,1.0
748,44,1.0
748,429,1.0
748,1198,1.0
748,1327,1.0
748,1004,1.0
748,1773,1.0
748,1902,1.0
748,623,1.0
748,3116,1.0
748,3501,1.0
748,2222,1.0
748,2351,1.0
748,4076,1.0
748,2797,1.0
748,2926,1.0
748,3695,1.0
749,429,1.0
749,1198,1.0
749,1327,1.0
749,48,1.0
749,749,1.0
749,878,1.0
749,1647,1.0
749,2032,1.0
749,3501,1.0
749,2222,1.0
749,2351,1.0
749,3120,1.0
749,3821,1.0
749,3950,1.0
749,2671,1.0
749,3056,1.0
750,1198,1.0
750,1327,1.0
750,48,1.0
750,433,1.0
750,1902,1.0
750,623,1.0
750,1008,1.0
750,1777,1.0
750,2222,1.0
750,2351,1.0
750,3120,1.0
750,3505,1.0
750,2926,1.0
750,3695,1.0
750,4080,1.0
750,2801,1.0
751,1327,1.0
751,48,1.0
751,433,1.0
751,1202,1.0
751,1647,1.0
751,2032,1.0
751,753,1.0
751,882,1.0
751,2351,1.0
751,3120,1.0
751,3505,1.0
751,2226,1.0
751,2671,1.0
751,3056,1.0
751,3825,1.0
751,3954,1.0
752,48,1.0
752,433,1.0
752,1202,1.0
752,1331,1.0
752,1008,1.0
752,1777,1.0
752,1906,1.0
752,627,1.0
752,3120,1.0
752,3505,1.0
752,2226,1.0
752,2355,1.0
752,4080,1.0
752,2801,1.0
752,2930,1.0
752,3699,1.0
753,433,1.0
753,1202,1.0
753,1331,1.0
753,52,1.0
753,753,1.0
753,882,1.0
753,1651,1.0
753,2036,1.0
753,3505,1.0
753,2226,1.0
753,2355,1.0
753,3124,1.0
753,3825,1.0
753,3954,1.0
753,2675,1.0
753,3060,1.0
754,1202,1.0
754,1331,1.0
754,52,1.0
754,437,1.0
754,1906,1.0
754,627,1.0
754,1012,1.0
754,1781,1.0
754,2226,1.0
754,2355,1.0
754,3124,1.0
754,3509,1.0
754,2930,1.0
754,3699,1.0
754,4084,1.0
754,2805,1.0
755,1331,1.0
755,52,1.0
755,437,1.0
755,1206,1.0
755,1651,1.0
755,2036,1.0
755,757,1.0
755,886,1.0
755,2355,1.0
755,3124,1.0
755,3509,1.0
755,2230,1.0
755,2675,1.0
755,3060,1.0
755,3829,1.0
755,3958,1.0
756,52,1.0
756,437,1.0
756,1206,1.0
756,1335,1.0
756,1012,1.0
756,1781,1.0
756,1910,1.0
756,631,1.0
756,3124,1.0
756,3509,1.0
756,2230,1.0
756,2359,1.0
756,4084,1.0
756,2805,1.0
756,2934,1.0
756,3703,1.0
757,437,1.0
757,1206,1.0
757,1335,1.0
757,56,1.0
757,757,1.0
757,886,1.0
757,1655,1.0
757,2040,1.0
757,3509,1.0
757,2230,1.0
757,2359,1.0
757,3128,1.0
757,3829,1.0
757,3958,1.0
757,2679,1.0
757,3064,1.0
758,1206,1.0
758,1335,1.0
758,56,1.0
758,441,1.0
758,1910,1.0
758,631,1.0
758,1016,1.0
758,1785,1.0
758,2230,1.0
758,2359,1.0
758,3128,1.0
758,3513,1.0
758,2934,1.0
758,3703,1.0
758,4088,1.0
758,2809,1.0
759,1335,1.0
759,56,1.0
759,441,1.0
759,1210,1.0
759,1655,1.0
759,2040,1.0
759,761,1.0
759,890,1.0
759,2359,1.0
759,3128,1.0
759,3513,1.0
759,2234,1.0
759,2679,1.0
759,3064,1.0
759,3833,1.0
759,3962,1.0
760,56,1.0
760,441,1.0
760,1210,1.0
760,1339,1.0
760,1016,1.0
760,1785,1.0
760,1914,1.0
760,635,1.0
760,3128,1.0
760,3513,1.0
760,2234,1.0
760,2363,1.0
760,4088,1.0
760,2809,1.0
760,2938,1.0
760,3707,1.0
761,441,1.0
761,1210,1.0
761,1339,1.0
761,60,1.0
761,761,1.0
761,890,1.0
761,1659,1.0
761,2044,1.0
761,3513,1.0
761,2234,1.0
761,2363,1.0
761,3132,1.0
761,3833,1.0
761,3962,1.0
761,2683,1.0
761,3068,1.0
762,1210,1.0
762,1339,1.0
762,60,1.0
762,445,1.0
762,1914,1.0
762,635,1.0
762,1020,1.0
762,1789,1.0
762,2234,1.0
762,2363,1.0
762,3132,1.0
762,3517,1.0
762,2938,1.0
762,3707,1.0
762,4092,1.0
762,2813,1.0
763,1339,1.0
763,60,1.0
763,445,1.0
763,1214,1.0
763,1659,1.0
763,2044,1.0
763,765,1.0
763,894,1.0
763,2363,1.0
763,3132,1.0
763,3517,1.0
763,2238,1.0
763,2683,1.0
763,3068,1.0
763,3837,1.0
763,3966,1.0
764,60,1.0
764,445,1.0
764,1214,1.0
764,1343,1.0
764,1020,1.0
764,1789,1.0
764,1918,1.0
764,639,1.0
764,3132,1.0
764,3517,1.0
764,2238,1.0
764,2367,1.0
764,4092,1.0
764,2813,1.0
764,2942,1.0
764,3711,1.0
765,445,1.0
765,1214,1.0
765,1343,1.0
765,0,1.0
765,765,1.0
765,894,1.0
765,1663,1.0
765,1984,1.0
765,3517,1.0
765,2238,1.0
765,2367,1.0
765,3072,1.0
765,3837,1.0
765,3966,1.0
765,2687,1.0
765,3008,1.0
766,1214,1.0
766,1343,1.0
766,0,1.0
766,385,1.0
766,1918,1.0
766,639,1.0
766,960,1.0
766,1729,1.0
766,2238,1.0
766,2367,1.0
766,3072,1.0
766,3457,1.0
766,2942,1.0
766,3711,1.0
766,4032,1.0
766,2753,1.0
767,1343,1.0
767,0,1.0
767,385,1.0
767,1154,1.0
767,1663,1.0
767,1984,1.0
767,705,1.0
767,834,1.0
767,2367,1.0
767,3072,1.0
767,3457,1.0
767,2178,1.0
767,2687,1.0
767,3008,1.0
767,3777,1.0
767,3906,1.0
768,0,1.0
768,385,1.0
768,1154,1.0
768,1283,1.0
768,960,1.0
768,1729,1.0
768,1858,1.0
768,579,1.0
768,3072,1.0
768,3457,1.0
768,2178,1.0
768,2307,1.0
768,4032,1.0
768,2753,1.0
768,2882,1.0
768,3651,1.0
769,385,1.0
769,1154,1.0
769,1283,1.0
769,4,1.0
769,705,1.0
769,834,1.0
769,1603,1.0
769,1988,1.0
769,3457,1.0
769,2178,1.0
769,2307,1.0
769,3076,1.0
769,3777,1.0
769,3906,1.0
769,2627,1.0
769,3012,1.0
770,1154,1.0
770,1283,1.0
770,4,1.0
770,389,1.0
770,1858,1.0
770,579,1.0
770,964,1.0
770,1733,1.0
770,2178,1.0
770,2307,1.0
770,3076,1.0
770,3461,1.0
770,2882,1.0
770,3651,1.0
770,4036,1.0
770,2757,1.0
771,1283,1.0
771,4,1.0
771,389,1.0
771,1158,1.0
771,1603,1.0
771,1988,1.0
771,709,1.0
771,838,1.0
771,2307,1.0
771,3076,1.0
771,3461,1.0
771,2182,1.0
771,2627,1.0
771,3012,1.0
771,3781,1.0
771,3910,1.0
772,4,1.0
772,389,1.0
772,1158,1.0
772,1287,1.0
772,964,1.0
772,1733,1.0
772,1862,1.0
772,583,1.0
772,3076,1.0
772,3461,1.0
772,2182,1.0
772,2311,1.0
772,4036,1.0
772,2757,1.0
772,2886,1.0
772,3655,1.0
773,389,1.0
773,1158,1.0
773,1287,1.0
773,8,1.0
773,709,1.0
773,838,1.0
773,1607,1.0
773,1992,1.0
773,3461,1.0
773,2182,1.0
773,2311,1.0
773,3080,1.0
773,3781,1.0
773,3910,1.0
773,2631,1.0
773,3016,1.0
774,1158,1.0
774,1287,1.0
774,8,1.0
774,393,1.0
774,1862,1.0
774,583,1.0
774,968,1.0
774,1737,1.0
774,2182,1.0
774,2311,1.0
774,3080,1.0
774,3465,1.0
774,2886,1.0
774,3655,1.0
774,4040,1.0
774,2761,1.0
775,1287,1.0
775,8,1.0
775,393,1.0
775,1162,1.0
775,1607,1.0
775,1992,1.0
775,713,1.0
775,842,1.0
775,2311,1.0
775,3080,1.0
775,3465,1.0
775,2186,1.0
775,2631,1.0
775,3016,1.0
775,3785,1.0
775,3914,1.0
776,8,1.0
776,393,1.0
776,1162,1.0
776,1291,1.0
776,968,1.0
776,1737,1.0
776,1866,1.0
776,587,1.0
776,3080,1.0
776,3465,1.0
776,2186,1.0
776,2315,1.0
776,4040,1.0
776,2761,1.0
776,2890,1.0
776,3659,1.0
777,393,1.0
777,1162,1.0
777,1291,1.0
777,12,1.0
777,713,1.0
777,842,1.0
777,1611,1.0
777,1996,1.0
777,3465,1.0
777,2186,1.0
777,2315,1.0
777,3084,1.0
777,3785,1.0
777,3914,1.0
777,2635,1.0
777,3020,1.0
778,1162,1.0
778,1291,1.0
778,12,1.0
778,397,1.0
778,1866,1.0
778,587,1.0
778,972,1.0
778,1741,1.0
778,2186,1.0
778,2315,1.0
778,3084,1.0
778,3469,1.0
778,2890,1.0
778,3659,1.0
778,4044,1.0
778,2765,1.0
779,1291,1.0
779,12,1.0
779,397,1.0
779,1166,1.0
779,1611,1.0
779,1996,1.0
779,717,1.0
779,846,1.0
779,2315,1.0
779,3084,1.0
779,3469,1.0
779,2190,1.0
779,2635,1.0
779,3020,1.0
779,3789,1.0
779,3918,1.0
780,12,1.0
780,397,1.0
780,1166,1.0
780,1295,1.0
780,972,1.0
780,1741,1.0
780,1870,1.0
780,591,1.0
780,3084,1.0
780,3469,1.0
780,2190,1.0
780,2319,1.0
780,4044,1.0
780,2765,1.0
780,2894,1.0
780,3663,1.0
781,397,1.0
781,1166,1.0
781,1295,1.0
781,16,1.0
781,717,1.0
781,846,1.0
781,1615,1.0
781,2000,1.0
781,3469,1.0
781,2190,1.0
781,2319,1.0
781,3088,1.0
781,3789,1.0
781,3918,1.0
781,2639,1.0
781,3024,1.0
782,1166,1.0
782,1295,1.0
782,16,1.0
782,401,1.0
782,1870,1.0
782,591,1.0
782,976,1.0
782,1745,1.0
782,2190,1.0
782,2319,1.0
782,3088,1.0
782,3473,1.0
782,2894,1.0
782,3663,1.0
782,4048,1.0
782,2769,1.0
783,1295,1.0
783,16,1.0
783,401,1.0
783,1170,1.0
783,1615,1.0
783,2000,1.0
783,721,1.0
783,850,1.0
783,2319,1.0
783,3088,1.0
783,3473,1.0
783,2194,1.0
783,2639,1.0
783,3024,1.0
783,3793,1.0
783,3922,1.0
784,16,1.0
784,401,1.0
784,1170,1.0
784,1299,1.0
784,976,1.0
784,1745,1.0
784,1874,1.0
784,595,1.0
784,3088,1.0
784,3473,1.0
784,2194,1.0
784,2323,1.0
784,4048,1.0
784,2769,1.0
784,2898,1.0
784,3667,1.0
785,401,1.0
785,1170,1.0
785,1299,1.0
785,20,1.0
785,721,1.0
785,850,1.0
785,1619,1.0
785,2004,1.0
785,3473,1.0
785,2194,1.0
785,2323,1.0
785,3092,1.0
785,3793,1.0
785,3922,1.0
785,2643,1.0
785,3028,1.0
786,1170,1.0
786,1299,1.0
786,20,1.0
786,405,1.0
786,1874,1.0
786,595,1.0
786,980,1.0
786,1749,1.0
786,2194,1.0
786,2323,1.0
786,3092,1.0
786,3477,1.0
786,2898,1.0
786,3667,1.0
786,4052,1.0
786,2773,1.0
787,1299,1.0
787,20,1.0
787,405,1.0
787,1174,1.0
787,1619,1.0
787,2004,1.0
787,725,1.0
787,854,1.0
787,2323,1.0
787,3092,1.0
787,3477,1.0
787,2198,1.0
787,2643,1.0
787,3028,1.0
787,3797,1.0
787,3926,1.0
788,20,1.0
788,405,1.0
788,1174,1.0
788,1303,1.0
788,980,1.0
788,1749,1.0
788,1878,1.0
788,599,1.0
788,3092,1.0
788,3477,1.0
788,2198,1.0
788,2327,1.0
788,4052,1.0
788,2773,1.0
788,2902,1.0
788,3671,1.0
789,405,1.0
789,1174,1.0
789,1303,1.0
789,24,1.0
789,725,1.0
789,854,1.0
789,1623,1.0
789,2008,1.0
789,3477,1.0
789,2198,1.0
789,2327,1.0
789,3096,1.0
789,3797,1.0
789,3926,1.0
789,2647,1.0
789,3032,1.0
790,1174,1.0
790,1303,1.0
790,24,1.0
790,409,1.0
790,1878,1.0
790,599,1.0
790,984,1.0
790,1753,1.0
790,2198,1.0
790,2327,1.0
790,3096,1.0
790,3481,1.0
790,2902,1.0
790,3671,1.0
790,4056,1.0
790,2777,1.0
791,1303,1.0
791,24,1.0
791,409,1.0
791,1178,1.0
791,1623,1.0
791,2008,1.0
791,729,1.0
791,858,1.0
791,2327,1.0
791,3096,1.0
791,3481,1.0
791,2202,1.0
791,2647,1.0
791,3032,1.0
791,3801,1.0
791,3930,1.0
792,24,1.0
792,409,1.0
792,1178,1.0
792,1307,1.0
792,984,1.0
792,1753,1.0
792,1882,1.0
792,603,1.0
792,3096,1.0
792,3481,1.0
792,2202,1.0
792,2331,1.0
792,4056,1.0
792,2777,1.0
792,2906,1.0
792,3675,1.0
793,409,1.0
793,1178,1.0
793,1307,1.0
793,28,1.0
793,729,1.0
793,858,1.0
793,1627,1.0
793,2012,1.0
793,3481,1.0
793,2202,1.0
793,2331,1.0
793,3100,1.0
793,3801,1.0
793,3930,1.0
793,2651,1.0
793,3036,1.0
794,1178,1.0
794,1307,1.0
794,28,1.0
794,413,1.0
794,1882,1.0
794,603,1.0
794,988,1.0
794,1757,1.0
794,2202,1.0
794,2331,1.0
794,3100,1.0
794,3485,1.0
794,2906,1.0
794,3675,1.0
794,4060,1.0
794,2781,1.0
795,1307,1.0
795,28,1.0
795,413,1.0
795,1182,1.0
795,1627,1.0
795,2012,1.0
795,733,1.0
795,862,1.0
795,2331,1.0
795,3100,1.0
795,3485,1.0
795,2206,1.0
795,2651,1.0
795,3036,1.0
795,3805,1.0
795,3934,1.0
796,28,1.0
796,413,1.0
796,1182,1.0
796,1311,1.0
796,988,1.0
796,1757,1.0
796,1886,1.0
796,607,1.0
796,3100,1.0
796,3485,1.0
796,2206,1.0
796,2335,1.0
796,4060,1.0
796,2781,1.0
796,2910,1.0
796,3679,1.0
797,413,1.0
797,1182,1.0
797,1311,1.0
797,32,1.0
797,733,1.0
797,862,1.0
797,1631,1.0
797,2016,1.0
797,3485,1.0
797,2206,1.0
797,2335,1.0
797,3104,1.0
797,3805,1.0
797,3934,1.0
797,2655,1.0
797,3040,1.0
798,1182,1.0
798,1311,1.0
798,32,1.0
798,417,1.0
798,1886,1.0
798,607,1.0
798,992,1.0
798,1761,1.0
798,2206,1.0
798,2335,1.0
798,3104,1.0
798,3489,1.0
798,2910,1.0
798,3679,1.0
798,4064,1.0
798,2785,1.0
799,1311,1.0
799,32,1.0
799,417,1.0
799,1186,1.0
799,1631,1.0
799,2016,1.0
799,737,1.0
799,866,1.0
799,2335,1.0
799,3104,1.0
799,3489,1.0
799,2210,1.0
799,2655,1.0
799,3040,1.0
799,3809,1.0
799,3938,1.0
800,32,1.0
800,417,1.0
800,1186,1.0
800,1315,1.0
800,992,1.0
800,1761,1.0
800,1890,1.0
800,611,1.0
800,3104,1.0
800,3489,1.0
800,2210,1.0
800,2339,1.0
800,4064,1.0
800,2785,1.0
800,2914,1.0
800,3683,1.0
801,417,1.0
801,1186,1.0
801,1315,1.0
801,36,1.0
801,737,1.0
801,866,1.0
801,1635,1.0
801,2020,1.0
801,3489,1.0
801,2210,1.0
801,2339,1.0
801,3108,1.0
801,3809,1.0
801,3938,1.0
801,2659,1.0
801,3044,1.0
802,1186,1.0
802,1315,1.0
802,36,1.0
802,421,1.0
802,1890,1.0
802,611,1.0
802,996,1.0
802,1765,1.0
802,2210,1.0
802,2339,1.0
802,3108,1.0
802,3493,1.0
802,2914,1.0
802,3683,1.0
802,4068,1.0
802,2789,1.0
803,1315,1.0
803,36,1.0
803,421,1.0
803,1190,1.0
803,1635,1.0
803,2020,1.0
803,741,1.0
803,870,1.0
803,2339,1.0
803,3108,1.0
803,3493,1.0
803,2214,1.0
803,2659,1.0
803,3044,1.0
803,3813,1.0
803,3942,1.0
804,36,1.0
804,421,1.0
804,1190,1.0
804,1319,1.0
804,996,1.0
804,1765,1.0
804,1894,1.0
804,615,1.0
804,3108,1.0
804,3493,1.0
804,2214,1.0
804,2343,1.0
804,4068,1.0
804,2789,1.0
804,2918,1.0
804,3687,1.0
805,421,1.0
805,1190,1.0
805,1319,1.0
805,40,1.0
805,741,1.0
805,870,1.0
805,1639,1.0
805,2024,1.0
805,3493,1.0
805,2214,1.0
805,2343,1.0
805,3112,1.0
805,3813,1.0
805,3942,1.0
805,2663,1.0
805,3048,1.0
806,1190,1.0
806,1319,1.0
806,40,1.0
806,425,1.0
806,1894,1.0
806,615,1.0
806,1000,1.0
806,1769,1.0
806,2214,1.0
806,2343,1.0
806,3112,1.0
806,3497,1.0
806,2918,1.0
806,3687,1.0
806,4072,1.0
806,2793,1.0
807,1319,1.0
807,40,1.0
807,425,1.0
807,1194,1.0
807,1639,1.0
807,2024,1.0
807,745,1.0
807,874,1.0
807,2343,1.0
807,3112,1.0
807,3497,1.0
807,2218,1.0
807,2663,1.0
807,3048,1.0
807,3817,1.0
807,3946,1.0
808,40,1.0
808,425,1.0
808,1194,1.0
808,1323,1.0
808,1000,1.0
808,1769,1.0
808,1898,1.0
808,619,1.0
808,3112,1.0
808,3497,1.0
808,2218,1.0
808,2347,1.0
808,4072,1.0
808,2793,1.0
808,2922,1.0
808,3691,1.0
809,425,1.0
809,1194,1.0
809,1323,1.0
809,44,1.0
809,745,1.0
809,874,1.0
809,1643,1.0
809,2028,1.0
809,3497,1.0
809,2218,1.0
809,2347,1.0
809,3116,1.0
809,3817,1.0
809,3946,1.0
809,2667,1.0
809,3052,1.0
810,1194,1.0
810,1323,1.0
810,44,1.0
810,429,1.0
810,1898,1.0
810,619,1.0
810,1004,1.0
810,1773,1.0
810,2218,1.0
810,2347,1.0
810,3116,1.0
810,3501,1.0
810,2922,1.0
810,3691,1.0
810,4076,1.0
810,2797,1.0
811,1323,1.0
811,44,1.0
811,429,1.0
811,1198,1.0
811,1643,1.0
811,2028,1.0
811,749,1.0
811,878,1.0
811,2347,1.0
811,3116,1.0
811,3501,1.0
811,2222,1.0
811,2667,1.0
811,3052,1.0
811,3821,1.0
811,3950,1.0
812,44,1.0
812,429,1.0
812,1198,1.0
812,1327,1.0
812,1004,1.0
812,1773,1.0
812,1902,1.0
812,623,1.0
812,3116,1.0
812,3501,1.0
812,2222,1.0
812,2351,1.0
812,4076,1.0
812,2797,1.0
812,2926,1.0
812,3695,1.0
813,429,1.0
813,1198,1.0
813,1327,1.0
813,48,1.0
813,749,1.0
813,878,1.0
813,1647,1.0
813,2032,1.0
813,3501,1.0
813,2222,1.0
813,2351,1.0
813,3120,1.0
813,3821,1.0
813,3950,1.0
813,2671,1.0
813,3056,1.0
814,1198,1.0
814,1327,1.0
814,48,1.0
814,433,1.0
814,1902,1.0
814,623,1.0
814,1008,1.0
814,1777,1.0
814,2222,1.0
814,2351,1.0
814,3120,1.0
814,3505,1.0
814,2926,1.0
814,3695,1.0
814,4080,1.0
814,2801,1.0
815,1327,1.0
815,48,1.0
815,433,1.0
815,1202,1.0
815,1647,1.0
815,2032,1.0
815,753,1.0
815,882,1.0
815,2351,1.0
815,3120,1.0
815,3505,1.0
815,2226,1.0
815,2671,1.0
815,3056,1.0
815,3825,1.0
815,3954,1.0
816,48,1.0
816,433,1.0
816,1202,1.0
816,1331,1.0
816,1008,1.0
816,1777,1.0
816,1906,1.0
816,627,1.0
816,3120,1.0
816,3505,1.0
816,2226,1.0
816,2355,1.0
816,4080,1.0
816,2801,1.0
816,2930,1.0
816,3699,1.0
817,433,1.0
817,1202,1.0
817,1331,1.0
817,52,1.0
817,753,1.0
817,882,1.0
817,1651,1.0
817,2036,1.0
817,3505,1.0
817,2226,1.0
817,2355,1.0
817,3124,1.0
817,3825,1.0
817,3954,1.0
817,2675,1.0
817,3060,1.0
818,1202,1.0
818,1331,1.0
818,52,1.0
818,437,1.0
818,1906,1.0
818,627,1.0
818,1012,1.0
818,1781,1.0
818,2226,1.0
818,2355,1.0
818,3124,1.0
818,3509,1.0
818,2930,1.0
818,3699,1.0
818,4084,1.0
818,2805,1.0
819,1331,1.0
819,52,1.0
819,437,1.0
819,1206,1.0
819,1651,1.0
819,2036,1.0
819,757,1.0
819,886,1.0
819,2355,1.0
819,3124,1.0
819,3509,1.0
819,2230,1.0
819,2675,1.0
819,3060,1.0
819,3829,1.0
819,3958,1.0
820,52,1.0
820,437,1.0
820,1206,1.0
820,1335,1.0
820,1012,1.0
820,1781,1.0
820,1910,1.0
820,631,1.0
820,3124,1.0
820,3509,1.0
820,2230,1.0
820,2359,1.0
820,4084,1.0
820,2805,1.0
820,2934,1.0
820,3703,1.0
821,437,1.0
821,1206,1.0
821,1335,1.0
821,56,1.0
821,757,1.0
821,886,1.0
821,1655,1.0
821,2040,1.0
821,3509,1.0
821,2230,1.0
821,2359,1.0
821,3128,1.0
821,3829,1.0
821,3958,1.0
821,2679,1.0
821,3064,1.0
822,1206,1.0
822,1335,1.0
822,56,1.0
822,441,1.0
822,1910,1.0
822,631,1.0
822,1016,1.0
822,1785,1.0
822,2230,1.0
822,2359,1.0
822,3128,1.0
822,3513,1.0
822,2934,1.0
822,3703,1.0
822,4088,1.0
822,2809,1.0
823,1335,1.0
823,56,1.0
823,441,1.0
823,1210,1.0
823,1655,1.0
823,2040,1.0
823,761,1.0
823,890,1.0
823,2359,1.0
823,3128,1.0
823,3513,1.0
823,2234,1.0
823,2679,1.0
823,3064,1.0
823,3833,1.0
823,3962,1.0
824,56,1.0
824,441,1.0
824,1210,1.0
824,1339,1.0
824,1016,1.0
824,1785,1.0
824,1914,1.0
824,635,1.0
824,3128,1.0
824,3513,1.0
824,2234,1.0
824,2363,1.0
824,4088,1.0
824,2809,1.0
824,2938,1.0
824,3707,1.0
825,441,1.0
825,1210,1.0
825,1339,1.0
825,60,1.0
825,761,1.0
825,890,1.0
825,1659,1.0
825,2044,1.0
825,3513,1.0
825,2234,1.0
825,2363,1.0
825,3132,1.0
825,3833,1.0
825,3962,1.0
825,2683,1.0
825,3068,1.0
826,1210,1.0
826,1339,1.0
826,60,1.0
826,445,1.0
826,1914,1.0
826,635,1.0
826,1020,1.0
826,1789,1.0
826,2234,1.0
826,2363,1.0
826,3132,1.0
826,3517,1.0
826,2938,1.0
826,3707,1.0
826,4092,1.0
826,2813,1.0
827,1339,1.0
827,60,1.0
827,445,1.0
827,1214,1.0
827,1659,1.0
827,2044,1.0
827,765,1.0
827,894,1.0
827,2363,1.0
827,3132,1.0
827,3517,1.0
827,2238,1.0
827,2683,1.0
827,3068,1.0
827,3837,1.0
827,3966,1.0
828,60,1.0
828,445,1.0
828,1214,1.0
828,1343,1.0
828,1020,1.0
828,1789,1.0
828,1918,1.0
828,639,1.0
828,3132,1.0
828,3517,1.0
828,2238,1.0
828,2367,1.0
828,4092,1.0
828,2813,1.0
828,2942,1.0
828,3711,1.0
829,445,1.0
829,1214,1.0
829,1343,1.0
829,0,1.0
829,765,1.0
829,894,1.0
829,1663,1.0
829,1984,1.0
829,3517,1.0
829,2238,1.0
829,2367,1.0
829,3072,1.0
829,3837,1.0
829,3966,1.0
829,2687,1.0
829,3008,1.0
830,1214,1.0
830,1343,1.0
830,0,1.0
830,385,1.0
830,1918,1.0
830,639,1.0
830,960,1.0
830,1729,1.0
830,2238,1.0
830,2367,1.0
830,3072,1.0
830,3457,1.0
830,2942,1.0
830,3711,1.0
830,4032,1.0
830,2753,1.0
831,1343,1.0
831,0,1.0
831,385,1.0
831,1154,1.0
831,1663,1.0
831,1984,1.0
831,705,1.0
831,834,1.0
831,2367,1.0
831,3072,1.0
831,3457,1.0
831,2178,1.0
831,2687,1.0
831,3008,1.0
831,3777,1.0
831,3906,1.0
832,0,1.0
832,385,1.0
832,1154,1.0
832,1283,1.0
832,960,1.0
832,1729,1.0
832,1858,1.0
832,579,1.0
832,3072,1.0
832,3457,1.0
832,2178,1.0
832,2307,1.0
832,4032,1.0
832,2753,1.0
832,2882,1.0
832,3651,1.0
833,385,1.0
833,1154,1.0
833,1283,1.0
833,4,1.0
833,705,1.0
833,834,1.0
833,1603,1.0
833,1988,1.0
833,3457,1.0
833,2178,1.0
833,2307,1.0
833,3076,1.0
833,3777,1.0
833,3906,1.0
833,2627,1.0
833,3012,1.0
834,1154,1.0
834,1283,1.0
834,4,1.0
834,389,1.0
834,1858,1.0
834,579,1.0
834,964,1.0
834,1733,1.0
834,2178,1.0
834,2307,1.0
834,3076,1.0
834,3461,1.0
834,2882,1.0
834,3651,1.0
834,4036,1.0
834,2757,1.0
835,1283,1.0
835,4,1.0
835,389,1.0
835,1158,1.0
835,1603,1.0
835,1988,1.0
835,709,1.0
835,838,1.0
835,2307,1.0
835,3076,1.0
835,3461,1.0
835,2182,1.0
835,2627,1.0
835,3012,1.0
835,3781,1.0
835,3910,1.0
836,4,1.0
836,389,1.0
836,1158,1.0
836,1287,1.0
836,964,1.0
836,1733,1.0
836,1862,1.0
836,583,1.0
836,3076,1.0
836,3461,1.0
836,2182,1.0
836,2311,1.0
836,4036,1.0
836,2757,1.0
836,2886,1.0
836,3655,1.0
837,389,1.0
837,1158,1.0
837,1287,1.0
837,8,1.0
837,709,1.0
837,838,1.0
837,1607,1.0
837,1992,1.0
837,3461,1.0
837,2182,1.0
837,2311,1.0
837,3080,1.0
837,3781,1.0
837,3910,1.0
837,2631,1.0
837,3016,1.0
838,1158,1.0
838,1287,1.0
838,8,1.0
838,393,1.0
838,1862,1.0
838,583,1.0
838,968,1.0
838,1737,1.0
838,2182,1.0
838,2311,1.0
838,3080,1.0
838,3465,1.0
838,2886,1.0
838,3655,1.0
838,4040,1.0
838,2761,1.0
839,1287,1.0
839,8,1.0
839,393,1.0
839,1162,1.0
839,1607,1.0
839,1992,1.0
839,713,1.0
839,842,1.0
839,2311,1.0
839,3080,1.0
839,3465,1.0
839,2186,1.0
839,2631,1.0
839,3016,1.0
839,3785,1.0
839,3914,1.0
840,8,1.0
840,393,1.0
840,1162,1.0
840,1291,1.0
840,968,1.0
840,1737,1.0
840,1866,1.0
840,587,1.0
840,3080,1.0
840,3465,1.0
840,2186,1.0
840,2315,1.0
840,4040,1.0
840,2761,1.0
840,2890,1.0
840,3659,1.0
841,393,1.0
841,1162,1.0
841,1291,1.0
841,12,1.0
841,713,1.0
841,842,1.0
841,1611,1.0
841,1996,1.0
841,3465,1.0
841,2186,1.0
841,2315,1.0
841,3084,1.0
841,3785,1.0
841,3914,1.0
841,2635,1.0
841,3020,1.0
842,1162,1.0
842,1291,1.0
842,12,1.0
842,397,1.0
842,1866,1.0
842,587,1.0
842,972,1.0
842,1741,1.0
842,2186,1.0
842,2315,1.0
842,3084,1.0
842,3469,1.0
842,2890,1.0
842,3659,1.0
842,4044,1.0
842,2765,1.0
843,1291,1.0
843,12,1.0
843,397,1.0
843,1166,1.0
843,1611,1.0
843,1996,1.0
843,717,1.0
843,846,1.0
843,2315,1.0
843,3084,1.0
843,3469,1.0
843,2190,1.0
843,2635,1.0
843,3020,1.0
843,3789,1.0
843,3918,1.0
844,12,1.0
844,397,1.0
844,1166,1.0
844,1295,1.0
844,972,1.0
844,1741,1.0
844,1870,1.0
844,591,1.0
844,3084,1.0
844,3469,1.0
844,2190,1.0
844,2319,1.0
844,4044,1.0
844,2765,1.0
844,2894,1.0
844,3663,1.0
845,397,1.0
845,1166,1.0
845,1295,1.0
845,16,1.0
845,717,1.0
845,846,1.0
845,1615,1.0
845,2000,1.0
845,3469,1.0
845,2190,1.0
845,2319,1.0
845,3088,1.0
845,3789,1.0
845,3918,1.0
845,2639,1.0
845,3024,1.0
846,1166,1.0
846,1295,1.0
846,16,1.0
846,401,1.0
846,1870,1.0
846,591,1.0
846,976,1.0
846,1745,1.0
846,2190,1.0
846,2319,1.0
846,3088,1.0
846,3473,1.0
846,2894,1.0
846,3663,1.0
846,4048,1.0
846,2769,1.0
847,1295,1.0
847,16,1.0
847,401,1.0
847,1170,1.0
847,1615,1.0
847,2000,1.0
847,721,1.0
847,850,1.0
847,2319,1.0
847,3088,1.0
847,3473,1.0
847,2194,1.0
847,2639,1.0
847,3024,1.0
847,3793,1.0
847,3922,1.0
848,16,1.0
848,401,1.0
848,1170,1.0
848,1299,1.0
848,976,1.0
848,1745,1.0
848,1874,1.0
848,595,1.0
848,3088,1.0
848,3473,1.0
848,2194,1.0
848,2323,1.0
848,4048,1.0
848,2769,1.0
848,2898,1.0
848,3667,1.0
849,401,1.0
849,1170,1.0
849,1299,1.0
849,20,1.0
849,721,1.0
849,850,1.0
849,1619,1.0
849,2004,1.0
849,3473,1.0
849,2194,1.0
849,2323,1.0
849,3092,1.0
849,3793,1.0
849,3922,1.0
849,2643,1.0
849,3028,1.0
850,1170,1.0
850,1299,1.0
850,20,1.0
850,405,1.0
850,1874,1.0
850,595,1.0
850,980,1.0
850,1749,1.0
850,2194,1.0
850,2323,1.0
850,3092,1.0
850,3477,1.0
850,2898,1.0
850,3667,1.0
850,4052,1.0
850,2773,1.0
851,1299,1.0
851,20,1.0
851,405,1.0
851,1174,1.0
851,1619,1.0
851,2004,1.0
851,725,1.0
851,854,1.0
851,2323,1.0
851,3092,1.0
851,3477,1.0
851,2198,1.0
851,2643,1.0
851,3028,1.0
851,3797,1.0
851,3926,1.0
852,20,1.0
852,405,1.0
852,1174,1.0
852,1303,1.0
852,980,1.0
852,1749,1.0
852,1878,1.0
852,599,1.0
852,3092,1.0
852,3477,1.0
852,2198,1.0
852,2327,1.0
852,4052,1.0
852,2773,1.0
852,2902,1.0
852,3671,1.0
853,405,1.0
853,1174,1.0
853,1303,1.0
853,24,1.0
853,725,1.0
853,854,1.0
853,1623,1.0
853,2008,1.0
853,3477,1.0
853,2198,1.0
853,2327,1.0
853,3096,1.0
853,3797,1.0
853,3926,1.0
853,2647,1.0
853,3032,1.0
854,1174,1.0
854,1303,1.0
854,24,1.0
854,409,1.0
854,1878,1.0
854,599,1.0
854,984,1.0
854,1753,1.0
854,2198,1.0
854,2327,1.0
854,3096,1.0
854,3481,1.0
854,2902,1.0
854,3671,1.0
854,4056,1.0
854,2777,1.0
855,1303,1.0
855,24,1.0
855,409,1.0
855,1178,1.0
855,1623,1.0
855,2008,1.0
855,729,1.0
855,858,1.0
855,2327,1.0
855,3096,1.0
855,3481,1.0
855,2202,1.0
855,2647,1.0
855,3032,1.0
855,3801,1.0
855,3930,1.0
856,24,1.0
856,409,1.0
856,1178,1.0
856,1307,1.0
856,984,1.0
856,1753,1.0
856,1882,1.0
856,603,1.0
856,3096,1.0
856,3481,1.0
856,2202,1.0
856,2331,1.0
856,4056,1.0
856,2777,1.0
856,2906,1.0
856,3675,1.0
857,409,1.0
857,1178,1.0
857,1307,1.0
857,28,1.0
857,729,1.0
857,858,1.0
857,1627,1.0
857,2012,1.0
857,3481,1.0
857,2202,1.0
857,2331,1.0
857,3100,1.0
857,3801,1.0
857,3930,1.0
857,2651,1.0
857,3036,1.0
858,1178,1.0
858,1307,1.0
858,28,1.0
858,413,1.0
858,1882,1.0
858,603,1.0
858,988,1.0
858,1757,1.0
858,2202,1.0
858,2331,1.0
858,3100,1.0
858,3485,1.0
858,2906,1.0
858,3675,1.0
858,4060,1.0
858,2781,1.0
859,1307,1.0
859,28,1.0
859,413,1.0
859,1182,1.0
859,1627,1.0
859,2012,1.0
859,733,1.0
859,862,1.0
859,2331,1.0
859,3100,1.0
859,3485,1.0
859,2206,1.0
859,2651,1.0
859,3036,1.0
859,3805,1.0
859,3934,1.0
860,28,1.0
860,413,1.0
860,1182,1.0
860,1311,1.0
860,988,1.0
860,1757,1.0
860,1886,1.0
860,607,1.0
860,3100,1.0
860,3485,1.0
860,2206,1.0
860,2335,1.0
860,4060,1.0
860,2781,1.0
860,2910,1.0
860,3679,1.0
861,413,1.0
861,1182,1.0
861,1311,1.0
861,32,1.0
861,733,1.0
861,862,1.0
861,1631,1.0
861,2016,1.0
861,3485,1.0
861,2206,1.0
861,2335,1.0
861,3104,1.0
861,3805,1.0
861,3934,1.0
861,2655,1.0
861,3040,1.0
862,1182,1.0
862,1311,1.0
862,32,1.0
862,417,1.0
862,1886,1.0
862,607,1.0
862,992,1.0
862,1761,1.0
862,2206,1.0
862,2335,1.0
862,3104,1.0
862,3489,1.0
862,2910,1.0
862,3679,1.0
862,4064,1.0
862,2785,1.0
863,1311,1.0
863,32,1.0
863,417,1.0
863,1186,1.0
863,1631,1.0
863,2016,1.0
863,737,1.0
863,866,1.0
863,2335,1.0
863,3104,1.0
863,3489,1.0
863,2210,1.0
863,2655,1.0
863,3040,1.0
863,3809,1.0
863,3938,1.0
864,32,1.0
864,417,1.0
864,1186,1.0
864,1315,1.0
864,992,1.0
864,1761,1.0
864,1890,1.0
864,611,1.0
864,3104,1.0
864,3489,1.0
864,2210,1.0
864,2339,1.0
864,4064,1.0
864,2785,1.0
864,2914,1.0
864,3683,1.0
865,417,1.0
865,1186,1.0
865,1315,1.0
865,36,1.0
865,737,1.0
865,866,1.0
865,1635,1.0
865,2020,1.0
865,3489,1.0
865,2210,1.0
865,2339,1.0
865,3108,1.0
865,3809,1.0
865,3938,1.0
865,2659,1.0
865,3044,1.0
866,1186,1.0
866,1315,1.0
866,36,1.0
866,421,1.0
866,1890,1.0
866,611,1.0
866,996,1.0
866,1765,1.0
866,2210,1.0
866,2339,1.0
866,3108,1.0
866,3493,1.0
866,2914,1.0
866,3683,1.0
866,4068,1.0
866,2789,1.0
867,1315,1.0
867,36,1.0
867,421,1.0
867,1190,1.0
867,1635,1.0
867,2020,1.0
867,741,1.0
867,870,1.0
867,2339,1.0
867,3108,1.0
867,3493,1.0
867,2214,1.0
867,2659,1.0
867,3044,1.0
867,3813,1.0
867,3942,1.0
868,36,1.0
868,421,1.0
868,1190,1.0
868,1319,1.0
868,996,1.0
868,1765,1.0
868,1894,1.0
868,615,1.0
868,3108,1.0
868,3493,1.0
868,2214,1.0
868,2343,1.0
868,4068,1.0
868,2789,1.0
868,2918,1.0
868,3687,1.0
869,421,1.0
869,1190,1.0
869,1319,1.0
869,40,1.0
869,741,1.0
869,870,1.0
869,1639,1.0
869,2024,1.0
869,3493,1.0
869,2214,1.0
869,2343,1.0
869,3112,1.0
869,3813,1.0
869,3942,1.0
869,2663,1.0
869,3048,1.0
870,1190,1.0
870,1319,1.0
870,40,1.0
870,425,1.0
870,1894,1.0
870,615,1.0
870,1000,1.0
870,1769,1.0
870,2214,1.0
870,2343,1.0
870,3112,1.0
870,3497,1.0
870,2918,1.0
870,3687,1.0
870,4072,1.0
870,2793,1.0
871,1319,1.0
871,40,1.0
871,425,1.0
871,1194,1.0
871,1639,1.0
871,2024,1.0
871,745,1.0
871,874,1.0
871,2343,1.0
871,3112,1.0
871,3497,1.0
871,2218,1.0
871,2663,1.0
871,3048,1.0
871,3817,1.0
871,3946,1.0
872,40,1.0
872,425,1.0
872,1194,1.0
872,1323,1.0
872,1000,1.0
872,1769,1.0
872,1898,1.0
872,619,1.0
872,3112,1.0
872,3497,1.0
872,2218,1.0
872,2347,1.0
872,4072,1.0
872,2793,1.0
872,2922,1.0
872,3691,1.0
873,425,1.0
873,1194,1.0
873,1323,1.0
873,44,1.0
873,745,1.0
873,874,1.0
873,1643,1.0
873,2028,1.0
873,3497,1.0
873,2218,1.0
873,2347,1.0
873,3116,1.0
873,3817,1.0
873,3946,1.0
873,2667,1.0
873,3052,1.0
874,1194,1.0
874,1323,1.0
874,44,1.0
874,429,1.0
874,1898,1.0
874,619,1.0
874,1004,1.0
874,1773,1.0
874,2218,1.0
874,2347,1.0
874,3116,1.0
874,3501,1.0
874,2922,1.0
874,3691,1.0
874,4076,1.0
874,2797,1.0
875,1323,1.0
875,44,1.0
875,429,1.0
875,1198,1.0
875,1643,1.0
875,2028,1.0
875,749,1.0
875,878,1.0
875,2347,1.0
875,3116,1.0
875,3501,1.0
875,2222,1.0
875,2667,1.0
875,3052,1.0
875,3821,1.0
875,3950,1.0
876,44,1.0
876,429,1.0
876,1198,1.0
876,1327,1.0
876,1004,1.0
876,1773,1.0
876,1902,1.0
876,623,1.0
876,3116,1.0
876,3501,1.0
876,2222,1.0
876,2351,1.0
876,4076,1.0
876,2797,1.0
876,2926,1.0
876,3695,1.0
877,429,1.0
877,1198,1.0
877,1327,1.0
877,48,1.0
877,749,1.0
877,878,1.0
877,1647,1.0
877,2032,1.0
877,3501,1.0
877,2222,1.0
877,2351,1.0
877,3120,1.0
877,3821,1.0
877,3950,1.0
877,2671,1.0
877,3056,1.0
878,1198,1.0
878,1327,1.0
878,48,1.0
878,433,1.0
878,1902,1.0
878,623,1.0
878,1008,1.0
878,1777,1.0
878,2222,1.0
878,2351,1.0
878,3120,1.0
878,3505,1.0
878,2926,1.0
878,3695,1.0
878,4080,1.0
878,2801,1.0
879,1327,1.0
879,48,1.0
879,433,1.0
879,1202,1.0
879,1647,1.0
879,2032,1.0
879,753,1.0
879,882,1.0
879,2351,1.0
879,3120,1.0
879,3505,1.0
879,2226,1.0
879,2671,1.0
879,3056,1.0
879,3825,1.0
879,3954,1.0
880,48,1.0
880,433,1.0
880,1202,1.0
880,1331,1.0
880,1008,1.0
880,1777,1.0
880,1906,1.0
880,627,1.0
880,3120,1.0
880,3505,1.0
880,2226,1.0
880,2355,1.0
880,4080,1.0
880,2801,1.0
880,2930,1.0
880,3699,1.0
881,433,1.0
881,1202,1.0
881,1331,1.0
881,52,1.0
881,753,1.0
881,882,1.0
881,1651,1.0
881,2036,1.0
881,3505,1.0
881,2226,1.0
881,2355,1.0
881,3124,1.0
881,3825,1.0
881,3954,1.0
881,2675,1.0
881,3060,1.0
882,1202,1.0
882,1331,1.0
882,52,1.0
882,437,1.0
882,1906,1.0
882,627,1.0
882,1012,1.0
882,1781,1.0
882,2226,1.0
882,2355,1.0
882,3124,1.0
882,3509,1.0
882,2930,1.0
882,3699,1.0
882,4084,1.0
882,2805,1.0
883,1331,1.0
883,52,1.0
883,437,1.0
883,1206,1.0
883,1651,1.0
883,2036,1.0
883,757,1.0
883,886,1.0
883,2355,1.0
883,3124,1.0
883,3509,1.0
883,2230,1.0
883,2675,1.0
883,3060,1.0
883,3829,1.0
883,3958,1.0
884,52,1.0
884,437,1.0
884,1206,1.0
884,1335,1.0
884,1012,1.0
884,1781,1.0
884,1910,1.0
884,631,1.0
884,3124,1.0
884,3509,1.0
884,2230,1.0
884,2359,1.0
884,4084,1.0
884,2805,1.0
884,2934,1.0
884,3703,1.0
885,437,1.0
885,1206,1.0
885,1335,1.0
885,56,1.0
885,757,1.0
885,886,1.0
885,1655,1.0
885,2040,1.0
885,3509,1.0
885,2230,1.0
885,2359,1.0
885,3128,1.0
885,3829,1.0
885,3958,1.0
885,2679,1.0
885,3064,1.0
886,1206,1.0
886,1335,1.0
886,56,1.0
886,441,1.0
886,1910,1.0
886,631,1.0
886,1016,1.0
886,1785,1.0
886,2230,1.0
886,2359,1.0
886,3128,1.0
886,3513,1.0
886,2934,1.0
886,3703,1.0
886,4088,1.0
886,2809,1.0
887,1335,1.0
887,56,1.0
887,441,1.0
887,1210,1.0
887,1655,1.0
887,2040,1.0
887,761,1.0
887,890,1.0
887,2359,1.0
887,3128,1.0
887,3513,1.0
887,2234,1.0
887,2679,1.0
887,3064,1.0
887,3833,1.0
887,3962,1.0
888,56,1.0
888,441,1.0
888,1210,1.0
888,1339,1.0
888,1016,1.0
888,1785,1.0
888,1914,1.0
888,635,1.0
888,3128,1.0
888,3513,1.0
888,2234,1.0
888,2363,1.0
888,4088,1.0
888,2809,1.0
888,2938,1.0
888,3707,1.0
889,441,1.0
889,1210,1.0
889,1339,1.0
889,60,1.0
889,761,1.0
889,890,1.0
889,1659,1.0
889,2044,1.0
889,3513,1.0
889,2234,1.0
889,2363,1.0
889,3132,1.0
889,3833,1.0
889,3962,1.0
889,2683,1.0
889,3068,1.0
890,1210,1.0
890,1339,1.0
890,60,1.0
890,445,1.0
890,1914,1.0
890,635,1.0
890,1020,1.0
890,1789,1.0
890,2234,1.0
890,2363,1.0
890,3132,1.0
890,3517,1.0
890,2938,1.0
890,3707,1.0
890,4092,1.0
890,2813,1.0
891,1339,1.0
891,60,1.0
891,445,1.0
891,1214,1.0
891,1659,1.0
891,2044,1.0
891,765,1.0
891,894,1.0
891,2363,1.0
891,3132,1.0
891,3517,1.0
891,2238,1.0
891,2683,1.0
891,3068,1.0
891,3837,1.0
891,3966,1.0
892,60,1.0
892,445,1.0
892,1214,1.0
892,1343,1.0
892,1020,1.0
892,1789,1.0
892,1918,1.0
892,639,1.0
892,3132,1.0
892,3517,1.0
892,2238,1.0
892,2367,1.0
892,4092,1.0
892,2813,1.0
892,2942,1.0
892,3711,1.0
893,445,1.0
893,1214,1.0
893,1343,1.0
893,0,1.0
893,765,1.0
893,894,1.0
893,1663,1.0
893,1984,1.0
893,3517,1.0
893,2238,1.0
893,2367,1.0
893,3072,1.0
893,3837,1.0
893,3966,1.0
893,2687,1.0
893,3008,1.0
894,1214,1.0
894,1343,1.0
894,0,1.0
894,385,1.0
894,1918,1.0
894,639,1.0
894,960,1.0
894,1729,1.0
894,2238,1.0
894,2367,1.0
894,3072,1.0
894,3457,1.0
894,2942,1.0
894,3711,1.0
894,4032,1.0
894,2753,1.0
895,1343,1.0
895,0,1.0
895,385,1.0
895,1154,1.0
895,1663,1.0
895,1984,1.0
895,705,1.0
895,834,1.0
895,2367,1.0
895,3072,1.0
895,3457,1.0
895,2178,1.0
895,2687,1.0
895,3008,1.0
895,3777,1.0
895,3906,1.0
896,0,1.0
896,385,1.0
896,1154,1.0
896,1283,1.0
896,960,1.0
896,1729,1.0
896,1858,1.0
896,579,1.0
896,3072,1.0
896,3457,1.0
896,2178,1.0
896,2307,1.0
896,4032,1.0
896,2753,1.0
896,2882,1.0
896,3651,1.0
897,385,1.0
897,1154,1.0
897,1283,1.0
897,4,1.0
897,705,1.0
897,834,1.0
897,1603,1.0
897,1988,1.0
897,3457,1.0
897,2178,1.0
897,2307,1.0
897,3076,1.0
897,3777,1.0
897,3906,1.0
897,2627,1.0
897,3012,1.0
898,1154,1.0
898,1283,1.0
898,4,1.0
898,389,1.0
898,1858,1.0
898,579,1.0
898,964,1.0
898,1733,1.0
898,2178,1.0
898,2307,1.0
898,3076,1.0
898,3461,1.0
898,2882,1.0
898,3651,1.0
898,4036,1.0
898,2757,1.0
899,1283,1.0
899,4,1.0
899,389,1.0
899,1158,1.0
899,1603,1.0
899,1988,1.0
899,709,1.0
899,838,1.0
899,2307,1.0
899,3076,1.0
899,3461,1.0
899,2182,1.0
899,2627,1.0
899,3012,1.0
899,3781,1.0
899,3910,1.0
900,4,1.0
900,389,1.0
900,1158,1.0
900,1287,1.0
900,964,1.0
900,1733,1.0
900,1862,1.0
900,583,1.0
900,3076,1.0
900,3461,1.0
900,2182,1.0
900,2311,1.0
900,4036,1.0
900,2757,1.0
900,2886,1.0
900,3655,1.0
901,389,1.0
901,1158,1.0
901,1287,1.0
901,8,1.0
901,709,1.0
901,838,1.0
901,1607,1.0
901,1992,1.0
901,3461,1.0
901,2182,1.0
901,2311,1.0
901,3080,1.0
901,3781,1.0
901,3910,1.0
901,2631,1.0
901,3016,1.0
902,1158,1.0
902,1287,1.0
902,8,1.0
902,393,1.0
902,1862,1.0
902,583,1.0
902,968,1.0
902,1737,1.0
902,2182,1.0
902,2311,1.0
902,3080,1.0
902,3465,1.0
902,2886,1.0
902,3655,1.0
902,4040,1.0
902,2761,1.0
903,1287,1.0
903,8,1.0
903,393,1.0
903,1162,1.0
903,1607,1.0
903,1992,1.0
903,713,1.0
903,842,1.0
903,2311,1.0
903,3080,1.0
903,3465,1.0
903,2186,1.0
903,2631,1.0
903,3016,1.0
903,3785,1.0
903,3914,1.0
904,8,1.0
904,393,1.0
904,1162,1.0
904,1291,1.0
904,968,1.0
904,1737,1.0
904,1866,1.0
904,587,1.0
904,3080,1.0
904,3465,1.0
904,2186,1.0
904,2315,1.0
904,4040,1.0
904,2761,1.0
904,2890,1.0
904,3659,1.0
905,393,1.0
905,1162,1.0
905,1291,1.0
905,12,1.0
905,713,1.0
905,842,1.0
905,1611,1.0
905,1996,1.0
905,3465,1.0
905,2186,1.0
905,2315,1.0
905,3084,1.0
905,3785,1.0
905,3914,1.0
905,2635,1.0
905,3020,1.0
906,1162,1.0
906,1291,1.0
906,12,1.0
906,397,1.0
906,1866,1.0
906,587,1.0
906,972,1.0
906,1741,1.0
906,2186,1.0
906,2315,1.0
906,3084,1.0
906,3469,1.0
906,2890,1.0
906,3659,1.0
906,4044,1.0
906,2765,1.0
907,1291,1.0
907,12,1.0
907,397,1.0
907,1166,1.0
907,1611,1.0
907,1996,1.0
907,717,1.0
907,846,1.0
907,2315,1.0
907,3084,1.0
907,3469,1.0
907,2190,1.0
907,2635,1.0
907,3020,1.0
907,3789,1.0
907,3918,1.0
908,12,1.0
908,397,1.0
908,1166,1.0
908,1295,1.0
908,972,1.0
908,1741,1.0
908,1870,1.0
908,591,1.0
908,3084,1.0
908,3469,1.0
908,2190,1.0
908,2319,1.0
908,4044,1.0
908,2765,1.0
908,2894,1.0
908,3663,1.0
909,397,1.0
909,1166,1.0
909,1295,1.0
909,16,1.0
909,717,1.0
909,846,1.0
909,1615,1.0
909,2000,1.0
909,3469,1.0
909,2190,1.0
909,2319,1.0
909,3088,1.0
909,3789,1.0
909,3918,1.0
909,2639,1.0
909,3024,1.0
910,1166,1.0
910,1295,1.0
910,16,1.0
910,401,1.0
910,1870,1.0
910,591,1.0
910,976,1.0
910,1745,1.0
910,2190,1.0
910,2319,1.0
910,3088,1.0
910,3473,1.0
910,2894,1.0
910,3663,1.0
910,4048,1.0
910,2769,1.0
911,1295,1.0
911,16,1.0
911,401,1.0
911,1170,1.0
911,1615,1.0
911,2000,1.0
911,721,1.0
911,850,1.0
911,2319,1.0
911,3088,1.0
911,3473,1.0
911,2194,1.0
911,2639,1.0
911,3024,1.0
911,3793,1.0
911,3922,1.0
912,16,1.0
912,401,1.0
912,1170,1.0
912,1299,1.0
912,976,1.0
912,1745,1.0
912,1874,1.0
912,595,1.0
912,3088,1.0
912,3473,1.0
912,2194,1.0
912,2323,1.0
912,4048,1.0
912,2769,1.0
912,2898,1.0
912,3667,1.0
913,401,1.0
913,1170,1.0
913,1299,1.0
913,20,1.0
913,721,1.0
913,850,1.0
913,1619,1.0
913,2004,1.0
913,3473,1.0
913,2194,1.0
913,2323,1.0
913,3092,1.0
913,3793,1.0
913,3922,1.0
913,2643,1.0
913,3028,1.0
914,1170,1.0
914,1299,1.0
914,20,1.0
914,405,1.0
914,1874,1.0
914,595,1.0
914,980,1.0
914,1749,1.0
914,2194,1.0
914,2323,1.0
914,3092,1.0
914,3477,1.0
914,2898,1.0
914,3667,1.0
914,4052,1.0
914,2773,1.0
915,1299,1.0
915,20,1.0
915,405,1.0
915,1174,1.0
915,1619,1.0
915,2004,1.0
915,725,1.0
915,854,1.0
915,2323,1.0
915,3092,1.0
915,3477,1.0
915,2198,1.0
915,2643,1.0
915,3028,1.0
915,3797,1.0
915,3926,1.0
916,20,1.0
916,405,1.0
916,1174,1.0
916,1303,1.0
916,980,1.0
916,1749,1.0
916,1878,1.0
916,599,1.0
916,3092,1.0
916,3477,1.0
916,2198,1.0
916,2327,1.0
916,4052,1.0
916,2773,1.0
916,2902,1.0
916,3671,1.0
917,405,1.0
917,1174,1.0
917,1303,1.0
917,24,1.0
917,725,1.0
917,854,1.0
917,1623,1.0
917,2008,1.0
917,3477,1.0
917,2198,1.0
917,2327,1.0
917,3096,1.0
917,3797,1.0
917,3926,1.0
917,2647,1.0
917,3032,1.0
918,1174,1.0
918,1303,1.0
918,24,1.0
918,409,1.0
918,1878,1.0
918,599,1.0
918,984,1.0
918,1753,1.0
918,2198,1.0
918,2327,1.0
918,3096,1.0
918,3481,1.0
918,2902,1.0
918,3671,1.0
918,4056,1.0
918,2777,1.0
919,1303,1.0
919,24,1.0
919,409,1.0
919,1178,1.0
919,1623,1.0
919,2008,1.0
919,729,1.0
919,858,1.0
919,2327,1.0
919,3096,1.0
919,3481,1.0
919,2202,1.0
919,2647,1.0
919,3032,1.0
919,3801,1.0
919,3930,1.0
920,24,1.0
920,409,1.0
920,1178,1.0
920,1307,1.0
920,984,1.0
920,1753,1.0
920,1882,1.0
920,603,1.0
920,3096,1.0
920,3481,1.0
920,2202,1.0
920,2331,1.0
920,4056,1.0
920,2777,1.0
920,2906,1.0
920,3675,1.0
921,409,1.0
921,1178,1.0
921,1307,1.0
921,28,1.0
921,729,1.0
921,858,1.0
921,1627,1.0
921,2012,1.0
921,3481,1.0
921,2202,1.0
921,2331,1.0
921,3100,1.0
921,3801,1.0
921,3930,1.0
921,2651,1.0
921,3036,1.0
922,1178,1.0
922,1307,1.0
922,28,1.0
922,413,1.0
922,1882,1.0
922,603,1.0
922,988,1.0
922,1757,1.0
922,2202,1.0
922,2331,1.0
922,3100,1.0
922,3485,1.0
922,2906,1.0
922,3675,1.0
922,4060,1.0
922,2781,1.0
923,1307,1.0
923,28,1.0
923,413,1.0
923,1182,1.0
923,1627,1.0
923,2012,1.0
923,733,1.0
923,862,1.0
923,2331,1.0
923,3100,1.0
923,3485,1.0
923,2206,1.0
923,2651,1.0
923,3036,1.0
923,3805,1.0
923,3934,1.0
924,28,1.0
924,413,1.0
924,1182,1.0
924,1311,1.0
924,988,1.0
924,1757,1.0
924,1886,1.0
924,607,1.0
924,3100,1.0
924,3485,1.0
924,2206,1.0
924,2335,1.0
924,4060,1.0
924,2781,1.0
924,2910,1.0
924,3679,1.0
925,413,1.0
925,1182,1.0
925,1311,1.0
925,32,1.0
925,733,1.0
925,862,1.0
925,1631,1.0
925,2016,1.0
925,3485,1.0
925,2206,1.0
925,2335,1.0
925,3104,1.0
925,3805,1.0
925,3934,1.0
925,2655,1.0
925,3040,1.0
926,1182,1.0
926,1311,1.0
926,32,1.0
926,417,1.0
926,1886,1.0
926,607,1.0
926,992,1.0
926,1761,1.0
926,2206,1.0
926,2335,1.0
926,3104,1.0
926,3489,1.0
926,2910,1.0
926,3679,1.0
926,4064,1.0
926,2785,1.0
927,1311,1.0
927,32,1.0
927,417,1.0
927,1186,1.0
927,1631,1.0
927,2016,1.0
927,737,1.0
927,866,1.0
927,2335,1.0
927,3104,1.0
927,3489,1.0
927,2210,1.0
927,2655,1.0
927,3040,1.0
927,3809,1.0
927,3938,1.0
928,32,1.0
928,417,1.0
928,1186,1.0
928,1315,1.0
928,992,1.0
928,1761,1.0
928,1890,1.0
928,611,1.0
928,3104,1.0
928,3489,1.0
928,2210,1.0
928,2339,1.0
928,4064,1.0
928,2785,1.0
928,2914,1.0
928,3683,1.0
929,417,1.0
929,1186,1.0
929,1315,1.0
929,36,1.0
929,737,1.0
929,866,1.0
929,1635,1.0
929,2020,1.0
929,3489,1.0
929,2210,1.0
929,2339,1.0
929,3108,1.0
929,3809,1.0
929,3938,1.0
929,2659,1.0
929,3044,1.0
930,1186,1.0
930,1315,1.0
930,36,1.0
930,421,1.0
930,1890,1.0
930,611,1.0
930,996,1.0
930,1765,1.0
930,2210,1.0
930,2339,1.0
930,3108,1.0
930,3493,1.0
930,2914,1.0
930,3683,1.0
930,4068,1.0
930,2789,1.0
931,1315,1.0
931,36,1.0
931,421,1.0
931,1190,1.0
931,1635,1.0
931,2020,1.0
931,741,1.0
931,870,1.0
931,2339,1.0
931,3108,1.0
931,3493,1.0
931,2214,1.0
931,2659,1.0
931,3044,1.0
931,3813,1.0
931,3942,1.0
932,36,1.0
932,421,1.0
932,1190,1.0
932,1319,1.0
932,996,1.0
932,1765,1.0
932,1894,1.0
932,615,1.0
932,3108,1.0
932,3493,1.0
932,2214,1.0
932,2343,1.0
932,4068,1.0
932,2789,1.0
932,2918,1.0
932,3687,1.0
933,421,1.0
933,1190,1.0
933,1319,1.0
933,40,1.0
933,741,1.0
933,870,1.0
933,1639,1.0
933,2024,1.0
933,3493,1.0
933,2214,1.0
933,2343,1.0
933,3112,1.0
933,3813,1.0
933,3942,1.0
933,2663,1.0
933,3048,1.0
934,1190,1.0
934,1319,1.0
934,40,1.0
934,425,1.0
934,1894,1.0
934,615,1.0
934,1000,1.0
934,1769,1.0
934,2214,1.0
934,2343,1.0
934,3112,1.0
934,3497,1.0
934,2918,1.0
934,3687,1.0
934,4072,1.0
934,2793,1.0
935,1319,1.0
935,40,1.0
935,425,1.0
935,1194,1.0
935,1639,1.0
935,2024,1.0
935,745,1.0
935,874,1.0
935,2343,1.0
935,3112,1.0
935,3497,1.0
935,2218,1.0
935,2663,1.0
935,3048,1.0
935,3817,1.0
935,3946,1.0
936,40,1.0
936,425,1.0
936,1194,1.0
936,1323,1.0
936,1000,1.0
936,1769,1.0
936,1898,1.0
936,619,1.0
936,3112,1.0
936,3497,1.0
936,2218,1.0
936,2347,1.0
936,4072,1.0
936,2793,1.0
936,2922,1.0
936,3691,1.0
937,425,1.0
937,1194,1.0
937,1323,1.0
937,44,1.0
937,745,1.0
937,874,1.0
937,1643,1.0
937,2028,1.0
937,3497,1.0
937,2218,1.0
937,2347,1.0
937,3116,1.0
937,3817,1.0
937,3946,1.0
937,2667,1.0
937,3052,1.0
938,1194,1.0
938,1323,1.0
938,44,1.0
938,429,1.0
938,1898,1.0
938,619,1.0
938,1004,1.0
938,1773,1.0
938,2218,1.0
938,2347,1.0
938,3116,1.0
938,3501,1.0
938,2922,1.0
938,3691,1.0
938,4076,1.0
938,2797,1.0
939,1323,1.0
939,44,1.0
939,429,1.0
939,1198,1.0
939,1643,1.0
939,2028,1.0
939,749,1.0
939,878,1.0
939,2347,1.0
939,3116,1.0
939,3501,1.0
939,2222,1.0
939,2667,1.0
939,3052,1.0
939,3821,1.0
939,3950,1.0
940,44,1.0
940,429,1.0
940,1198,1.0
940,1327,1.0
940,1004,1.0
940,1773,1.0
940,1902,1.0
940,623,1.0
940,3116,1.0
940,3501,1.0
940,2222,1.0
940,2351,1.0
940,4076,1.0
940,2797,1.0
940,2926,1.0
940,3695,1.0
941,429,1.0
941,1198,1.0
941,1327,1.0
941,48,1.0
941,749,1.0
941,878,1.0
941,1647,1.0
941,2032,1.0
941,3501,1.0
941,2222,1.0
941,2351,1.0
941,3120,1.0
941,3821,1.0
941,3950,1.0
941,2671,1.0
941,3056,1.0
942,1198,1.0
942,1327,1.0
942,48,1.0
942,433,1.0
942,1902,1.0
942,623,1.0
942,1008,1.0
942,1777,1.0
942,2222,1.0
942,2351,1.0
942,3120,1.0
942,3505,1.0
942,2926,1.0
942,3695,1.0
942,4080,1.0
942,2801,1.0
943,1327,1.0
943,48,1.0
943,433,1.0
943,1202,1.0
943,1647,1.0
943,2032,1.0
943,753,1.0
943,882,1.0
943,2351,1.0
943,3120,1.0
943,3505,1.0
943,2226,1.0
943,2671,1.0
943,3056,1.0
943,3825,1.0
943,3954,1.0
944,48,1.0
944,433,1.0
944,1202,1.0
944,1331,1.0
944,1008,1.0
944,1777,1.0
944,1906,1.0
944,627,1.0
944,3120,1.0
944,3505,1.0
944,2226,1.0
944,2355,1.0
944,4080,1.0
944,2801,1.0
944,2930,1.0
944,3699,1.0
945,433,1.0
945,1202,1.0
945,1331,1.0
945,52,1.0
945,753,1.0
945,882,1.0
945,1651,1.0
945,2036,1.0
945,3505,1.0
945,2226,1.0
945,2355,1.0
945,3124,1.0
945,3825,1.0
945,3954,1.0
945,2675,1.0
945,3060,1.0
946,1202,1.0
946,1331,1.0
946,52,1.0
946,437,1.0
946,1906,1.0
946,627,1.0
946,1012,1.0
946,1781,1.0
946,2226,1.0
946,2355,1.0
946,3124,1.0
946,3509,1.0
946,2930,1.0
946,3699,1.0
946,4084,1.0
946,2805,1.0
947,1331,1.0
947,52,1.0
947,437,1.0
947,1206,1.0
947,1651,1.0
947,2036,1.0
947,757,1.0
947,886,1.0
947,2355,1.0
947,3124,1.0
947,3509,1.0
947,2230,1.0
947,2675,1.0
947,3060,1.0
947,3829,1.0
947,3958,1.0
948,52,1.0
948,437,1.0
948,1206,1.0
948,1335,1.0
948,1012,1.0
948,1781,1.0
948,1910,1.0
948,631,1.0
948,3124,1.0
948,3509,1.0
948,2230,1.0
948,2359,1.0
948,4084,1.0
948,2805,1.0
948,2934,1.0
948,3703,1.0
949,437,1.0
949,1206,1.0
949,1335,1.0
949,56,1.0
949,757,1.0
949,886,1.0
949,1655,1.0
949,2040,1.0
949,3509,1.0
949,2230,1.0
949,2359,1.0
949,3128,1.0
949,3829,1.0
949,3958,1.0
949,2679,1.0
949,3064,1.0
950,1206,1.0
950,1335,1.0
950,56,1.0
950,441,1.0
950,1910,1.0
950,631,1.0
950,1016,1.0
950,1785,1.0
950,2230,1.0
950,2359,1.0
950,3128,1.0
950,3513,1.0
950,2934,1.0
950,3703,1.0
950,4088,1.0
950,2809,1.0
951,1335,1.0
951,56,1.0
951,441,1.0
951,1210,1.0
951,1655,1.0
951,2040,1.0
951,761,1.0
951,890,1.0
951,2359,1.0
951,3128,1.0
951,3513,1.0
951,2234,1.0
951,2679,1.0
951,3064,1.0
951,3833,1.0
951,3962,1.0
952,56,1.0
952,441,1.0
952,1210,1.0
952,1339,1.0
952,1016,1.0
952,1785,1.0
952,1914,1.0
952,635,1.0
952,3128,1.0
952,3513,1.0
952,2234,1.0
952,2363,1.0
952,4088,1.0
952,2809,1.0
952,2938,1.0
952,3707,1.0
953,441,1.0
953,1210,1.0
953,1339,1.0
953,60,1.0
953,761,1.0
953,890,1.0
953,1659,1.0
953,2044,1.0
953,3513,1.0
953,2234,1.0
953,2363,1.0
953,3132,1.0
953,3833,1.0
953,3962,1.0
953,2683,1.0
953,3068,1.0
954,1210,1.0
954,1339,1.0
954,60,1.0
954,445,1.0
954,1914,1.0
954,635,1.0
954,1020,1.0
954,1789,1.0
954,2234,1.0
954,2363,1.0
954,3132,1.0
954,3517,1.0
954,2938,1.0
954,3707,1.0
954,4092,1.0
954,2813,1.0
955,1339,1.0
955,60,1.0
955,445,1.0
955,1214,1.0
955,1659,1.0
955,2044,1.0
955,765,1.0
955,894,1.0
955,2363,1.0
955,3132,1.0
955,3517,1.0
955,2238,1.0
955,2683,1.0
955,3068,1.0
955,3837,1.0
955,3966,1.0
956,60,1.0
956,445,1.0
956,1214,1.0
956,1343,1.0
956,1020,1.0
956,1789,1.0
956,1918,1.0
956,639,1.0
956,3132,1.0
956,3517,1.0
956,2238,1.0
956,2367,1.0
956,4092,1.0
956,2813,1.0
956,2942,1.0
956,3711,1.0
957,445,1.0
957,1214,1.0
957,1343,1.0
957,0,1.0
957,765,1.0
957,894,1.0
957,1663,1.0
957,1984,1.0
957,3517,1.0
957,2238,1.0
957,2367,1.0
957,3072,1.0
957,3837,1.0
957,3966,1.0
957,2687,1.0
957,3008,1.0
958,1214,1.0
958,1343,1.0
958,0,1.0
958,385,1.0
958,1918,1.0
958,639,1.0
958,960,1.0
958,1729,1.0
958,2238,1.0
958,2367,1.0
958,3072,1.0
958,3457,1.0
958,2942,1.0
958,3711,1.0
958,4032,1.0
958,2753,1.0
959,1343,1.0
959,0,1.0
959,385,1.0
959,1154,1.0
959,1663,1.0
959,1984,1.0
959,705,1.0
959,834,1.0
959,2367,1.0
959,3072,1.0
959,3457,1.0
959,2178,1.0
959,2687,1.0
959,3008,1.0
959,3777,1.0
959,3906,1.0
960,0,1.0
960,385,1.0
960,1154,1.0
960,1283,1.0
960,960,1.0
960,1729,1.0
960,1858,1.0
960,579,1.0
960,3072,1.0
960,3457,1.0
960,2178,1.0
960,2307,1.0
960,4032,1.0
960,2753,1.0
960,2882,1.0
960,3651,1.0
961,385,1.0
961,1154,1.0
961,1283,1.0
961,4,1.0
961,705,1.0
961,834,1.0
961,1603,1.0
961,1988,1.0
961,3457,1.0
961,2178,1.0
961,2307,1.0
961,3076,1.0
961,3777,1.0
961,3906,1.0
961,2627,1.0
961,3012,1.0
962,1154,1.0
962,1283,1.0
962,4,1.0
962,389,1.0
962,1858,1.0
962,579,1.0
962,964,1.0
962,1733,1.0
962,2178,1.0
962,2307,1.0
962,3076,1.0
962,3461,1.0
962,2882,1.0
962,3651,1.0
962,4036,1.0
962,2757,1.0
963,1283,1.0
963,4,1.0
963,389,1.0
963,1158,1.0
963,1603,1.0
963,1988,1.0
963,709,1.0
963,838,1.0
963,2307,1.0
963,3076,1.0
963,3461,1.0
963,2182,1.0
963,2627,1.0
963,3012,1.0
963,3781,1.0
963,3910,1.0
964,4,1.0
964,389,1.0
964,1158,1.0
964,1287,1.0
964,964,1.0
964,1733,1.0
964,1862,1.0
964,583,1.0
964,3076,1.0
964,3461,1.0
964,2182,1.0
964,2311,1.0
964,4036,1.0
964,2757,1.0
964,2886,1.0
964,3655,1.0
965,389,1.0
965,1158,1.0
965,1287,1.0
965,8,1.0
965,709,1.0
965,838,1.0
965,1607,1.0
965,1992,1.0
965,3461,1.0
965,2182,1.0
965,2311,1.0
965,3080,1.0
965,3781,1.0
965,3910,1.0
965,2631,1.0
965,3016,1.0
966,1158,1.0
966,1287,1.0
966,8,1.0
966,393,1.0
966,1862,1.0
966,583,1.0
966,968,1.0
966,1737,1.0
966,2182,1.0
966,2311,1.0
966,3080,1.0
966,3465,1.0
966,2886,1.0
966,3655,1.0
966,4040,1.0
966,2761,1.0
967,1287,1.0
967,8,1.0
967,393,1.0
967,1162,1.0
967,1607,1.0
967,1992,1.0
967,713,1.0
967,842,1.0
967,2311,1.0
967,3080,1.0
967,3465,1.0
967,2186,1.0
967,2631,1.0
967,3016,1.0
967,3785,1.0
967,3914,1.0
968,8,1.0
968,393,1.0
968,1162,1.0
968,1291,1.0
968,968,1.0
968,1737,1.0
968,1866,1.0
968,587,1.0
968,3080,1.0
968,3465,1.0
968,2186,1.0
968,2315,1.0
968,4040,1.0
968,2761,1.0
968,2890,1.0
968,3659,1.0
969,393,1.0
969,1162,1.0
969,1291,1.0
969,12,1.0
969,713,1.0
969,842,1.0
969,1611,1.0
969,1996,1.0
969,3465,1.0
969,2186,1.0
969,2315,1.0
969,3084,1.0
969,3785,1.0
969,3914,1.0
969,2635,1.0
969,3020,1.0
970,1162,1.0
970,1291,1.0
970,12,1.0
970,397,1.0
970,1866,1.0
970,587,1.0
970,972,1.0
970,1741,1.0
970,2186,1.0
970,2315,1.0
970,3084,1.0
970,3469,1.0
970,2890,1.0
970,3659,1.0
970,4044,1.0
970,2765,1.0
971,1291,1.0
971,12,1.0
971,397,1.0
971,1166,1.0
971,1611,1.0
971,1996,1.0
971,717,1.0
971,846,1.0
971,2315,1.0
971,3084,1.0
971,3469,1.0
971,2190,1.0
971,2635,1.0
971,3020,1.0
971,3789,1.0
971,3918,1.0
972,12,1.0
972,397,1.0
972,1166,1.0
972,1295,1.0
972,972,1.0
972,1741,1.0
972,1870,1.0
972,591,1.0
972,3084,1.0
972,3469,1.0
972,2190,1.0
972,2319,1.0
972,4044,1.0
972,2765,1.0
972,2894,1.0
972,3663,1.0
973,397,1.0
973,1166,1.0
973,1295,1.0
973,16,1.0
973,717,1.0
973,846,1.0
973,1615,1.0
973,2000,1.0
973,3469,1.0
973,2190,1.0
973,2319,1.0
973,3088,1.0
973,3789,1.0
973,3918,1.0
973,2639,1.0
973,3024,1.0
974,1166,1.0
974,1295,1.0
974,16,1.0
974,401,1.0
974,1870,1.0
974,591,1.0
974,976,1.0
974,1745,1.0
974,2190,1.0
974,2319,1.0
974,3088,1.0
974,3473,1.0
974,2894,1.0
974,3663,1.0
974,4048,1.0
974,2769,1.0
975,1295,1.0
975,16,1.0
975,401,1.0
975,1170,1.0
975,1615,1.0
975,2000,1.0
975,721,1.0
975,850,1.0
975,2319,1.0
975,3088,1.0
975,3473,1.0
975,2194,1.0
975,2639,1.0
975,3024,1.0
975,3793,1.0
975,3922,1.0
976,16,1.0
976,401,1.0
976,1170,1.0
976,1299,1.0
976,976,1.0
976,1745,1.0
976,1874,1.0
976,595,1.0
976,3088,1.0
976,3473,1.0
976,2194,1.0
976,2323,1.0
976,4048,1.0
976,2769,1.0
976,2898,1.0
976,3667,1.0
977,401,1.0
977,1170,1.0
977,1299,1.0
977,20,1.0
977,721,1.0
977,850,1.0
977,1619,1.0
977,2004,1.0
977,3473,1.0
977,2194,1.0
977,2323,1.0
977,3092,1.0
977,3793,1.0
977,3922,1.0
977,2643,1.0
977,3028,1.0
978,1170,1.0
978,1299,1.0
978,20,1.0
978,405,1.0
978,1874,1.0
978,595,1.0
978,980,1.0
978,1749,1.0
978,2194,1.0
978,2323,1.0
978,3092,1.0
978,3477,1.0
978,2898,1.0
978,3667,1.0
978,4052,1.0
978,2773,1.0
979,1299,1.0
979,20,1.0
979,405,1.0
979,1174,1.0
979,1619,1.0
979,2004,1.0
979,725,1.0
979,854,1.0
979,2323,1.0
979,3092,1.0
979,3477,1.0
979,2198,1.0
979,2643,1.0
979,3028,1.0
979,3797,1.0
979,3926,1.0
980,20,1.0
980,405,1.0
980,1174,1.0
980,1303,1.0
980,980,1.0
980,1749,1.0
980,1878,1.0
980,599,1.0
980,3092,1.0
980,3477,1.0
980,2198,1.0
980,2327,1.0
980,4052,1.0
980,2773,1.0
980,2902,1.0
980,3671,1.0
981,405,1.0
981,1174,1.0
981,1303,1.0
981,24,1.0
981,725,1.0
981,854,1.0
981,1623,1.0
981,2008,1.0
981,3477,1.0
981,2198,1.0
981,2327,1.0
981,3096,1.0
981,3797,1.0
981,3926,1.0
981,2647,1.0
981,3032,1.0
982,1174,1.0
982,1303,1.0
982,24,1.0
982,409,1.0
982,1878,1.0
982,599,1.0
982,984,1.0
982,1753,1.0
982,2198,1.0
982,2327,1.0
982,3096,1.0
982,3481,1.0
982,2902,1.0
982,3671,1.0
982,4056,1.0
982,2777,1.0
983,1303,1.0
983,24,1.0
983,409,1.0
983,1178,1.0
983,1623,1.0
983,2008,1.0
983,729,1.0
983,858,1.0
983,2327,1.0
983,3096,1.0
983,3481,1.0
983,2202,1.0
983,2647,1.0
983,3032,1.0
983,3801,1.0
983,3930,1.0
984,24,1.0
984,409,1.0
984,1178,1.0
984,1307,1.0
984,984,1.0
984,1753,1.0
984,1882,1.0
984,603,1.0
984,3096,1.0
984,3481,1.0
984,2202,1.0
984,2331,1.0
984,4056,1.0
984,2777,1.0
984,2906,1.0
984,3675,1.0
985,409,1.0
985,1178,1.0
985,1307,1.0
985,28,1.0
985,729,1.0
985,858,1.0
985,1627,1.0
985,2012,1.0
985,3481,1.0
985,2202,1.0
985,2331,1.0
985,3100,1.0
985,3801,1.0
985,3930,1.0
985,2651,1.0
985,3036,1.0
986,1178,1.0
986,1307,1.0
986,28,1.0
986,413,1.0
986,1882,1.0
986,603,1.0
986,988,1.0
986,1757,1.0
986,2202,1.0
986,2331,1.0
986,3100,1.0
986,3485,1.0
986,2906,1.0
986,3675,1.0
986,4060,1.0
986,2781,1.0
987,1307,1.0
987,28,1.0
987,413,1.0
987,1182,1.0
987,1627,1.0
987,2012,1.0
987,733,1.0
987,862,1.0
987,2331,1.0
987,3100,1.0
987,3485,1.0
987,2206,1.0
987,2651,1.0
987,3036,1.0
987,3805,1.0
987,3934,1.0
988,28,1.0
988,413,1.0
988,1182,1.0
988,1311,1.0
988,988,1.0
988,1757,1.0
988,1886,1.0
988,607,1.0
988,3100,1.0
988,3485,1.0
988,2206,1.0
988,2335,1.0
988,4060,1.0
988,2781,1.0
988,2910,1.0
988,3679,1.0
989,413,1.0
989,1182,1.0
989,1311,1.0
989,32,1.0
989,733,1.0
989,862,1.0
989,1631,1.0
989,2016,1.0
989,3485,1.0
989,2206,1.0
989,2335,1.0
989,3104,1.0
989,3805,1.0
989,3934,1.0
989,2655,1.0
989,3040,1.0
990,1182,1.0
990,1311,1.0
990,32,1.0
990,417,1.0
990,1886,1.0
990,607,1.0
990,992,1.0
990,1761,1.0
990,2206,1.0
990,2335,1.0
990,3104,1.0
990,3489,1.0
990,2910,1.0
990,3679,1.0
990,4064,1.0
990,2785,1.0
991,1311,1.0
991,32,1.0
991,417,1.0
991,1186,1.0
991,1631,1.0
991,2016,1.0
991,737,1.0
991,866,1.0
991,2335,1.0
991,3104,1.0
991,3489,1.0
991,2210,1.0
991,2655,1.0
991,3040,1.0
991,3809,1.0
991,3938,1.0
992,32,1.0
992,417,1.0
992,1186,1.0
992,1315,1.0
992,992,1.0
992,1761,1.0
992,1890,1.0
992,611,1.0
992,3104,1.0
992,3489,1.0
992,2210,1.0
992,2339,1.0
992,4064,1.0
992,2785,1.0
992,2914,1.0
992,3683,1.0
993,417,1.0
993,1186,1.0
993,1315,1.0
993,36,1.0
993,737,1.0
993,866,1.0
993,1635,1.0
993,2020,1.0
993,3489,1.0
993,2210,1.0
993,2339,1.0
993,3108,1.0
993,3809,1.0
993,3938,1.0
993,2659,1.0
993,3044,1.0
994,1186,1.0
994,1315,1.0
994,36,1.0
994,421,1.0
994,1890,1.0
994,611,1.0
994,996,1.0
994,1765,1.0
994,2210,1.0
994,2339,1.0
994,3108,1.0
994,3493,1.0
994,2914,1.0
994,3683,1.0
994,4068,1.0
994,2789,1.0
995,1315,1.0
995,36,1.0
995,421,1.0
995,1190,1.0
995,1635,1.0
995,2020,1.0
995,741,1.0
995,870,1.0
995,2339,1.0
995,3108,1.0
995,3493,1.0
995,2214,1.0
995,2659,1.0
995,3044,1.0
995,3813,1.0
995,3942,1.0
996,36,1.0
996,421,1.0
996,1190,1.0
996,1319,1.0
996,996,1.0
996,1765,1.0
996,1894,1.0
996,615,1.0
996,3108,1.0
996,3493,1.0
996,2214,1.0
996,2343,1.0
996,4068,1.0
996,2789,1.0
996,2918,1.0
996,3687,1.0
997,421,1.0
997,1190,1.0
997,1319,1.0
997,40,1.0
997,741,1.0
997,870,1.0
997,1639,1.0
997,2024,1.0
997,3493,1.0
997,2214,1.0
997,2343,1.0
997,3112,1.0
997,3813,1.0
997,3942,1.0
997,2663,1.0
997,3048,1.0
998,1190,1.0
998,1319,1.0
998,40,1.0
998,425,1.0
998,1894,1.0
998,615,1.0
998,1000,1.0
998,1769,1.0
998,2214,1.0
998,2343,1.0
998,3112,1.0
998,3497,1.0
998,2918,1.0
998,3687,1.0
998,4072,1.0
998,2793,1.0
999,1319,1.0
999,40,1.0
999,425,1.0
999,1194,1.0
999,1639,1.0
999,2024,1.0
999,745,1.0
999,874,1.0
999,2343,1.0
999,3112,1.0
999,3497,1.0
999,2218,1.0
999,2663,1.0
999,3048,1.0
999,3817,1.0
999,3946,1.0
1000,40,1.0
1000,425,1.0
1000,1194,1.0
1000,1323,1.0
1000,1000,1.0
1000,1769,1.0
1000,1898,1.0
1000,619,1.0
1000,3112,1.0
1000,3497,1.0
1000,2218,1.0
1000,2347,1.0
1000,4072,1.0
1000,2793,1.0
1000,2922,1.0
1000,3691,1.0
1001,425,1.0
1001,1194,1.0
1001,1323,1.0
1001,44,1.0
1001,745,1.0
1001,874,1.0
1001,1643,1.0
1001,2028,1.0
1001,3497,1.0
1001,2218,1.0
1001,2347,1.0
1001,3116,1.0
1001,3817,1.0
1001,3946,1.0
1001,2667,1.0
1001,3052,1.0
1002,1194,1.0
1002,1323,1.0
1002,44,1.0
1002,429,1.0
1002,1898,1.0
1002,619,1.0
1002,1004,1.0
1002,1773,1.0
1002,2218,1.0
1002,2347,1.0
1002,3116,1.0
1002,3501,1.0
1002,2922,1.0
1002,3691,1.0
1002,4076,1.0
1002,2797,1.0
1003,1323,1.0
1003,44,1.0
1003,429,1.0
1003,1198,1.0
1003,1643,1.0
1003,2028,1.0
1003,749,1.0
1003,878,1.0
1003,2347,1.0
1003,3116,1.0
1003,3501,1.0
1003,2222,1.0
1003,2667,1.0
1003,3052,1.0
1003,3821,1.0
1003,3950,1.0
1004,44,1.0
1004,429,1.0
1004,1198,1.0
1004,1327,1.0
1004,1004,1.0
1004,1773,1.0
1004,1902,1.0
1004,623,1.0
1004,3116,1.0
1004,3501,1.0
1004,2222,1.0
1004,2351,1.0
1004,4076,1.0
1004,2797,1.0
1004,2926,1.0
1004,3695,1.0
1005,429,1.0
1005,1198,1.0
1005,1327,1.0
1005,48,1.0
1005,749,1.0
1005,878,1.0
1005,1647,1.0
1005,2032,1.0
1005,3501,1.0
1005,2222,1.0
1005,2351,1.0
1005,3120,1.0
1005,3821,1.0
1005,3950,1.0
1005,2671,1.0
1005,3056,1.0
1006,1198,1.0
1006,1327,1.0
1006,48,1.0
1006,433,1.0
1006,1902,1.0
1006,623,1.0
1006,1008,1.0
1006,1777,1.0
1006,2222,1.0
1006,2351,1.0
1006,3120,1.0
1006,3505,1.0
1006,2926,1.0
1006,3695,1.0
1006,4080,1.0
1006,2801,1.0
1007,1327,1.0
1007,48,1.0
1007,433,1.0
1007,1202,1.0
1007,1647,1.0
1007,2032,1.0
1007,753,1.0
1007,882,1.0
1007,2351,1.0
1007,3120,1.0
1007,3505,1.0
1007,2226,1.0
1007,2671,1.0
1007,3056,1.0
1007,3825,1.0
1007,3954,1.0
1008,48,1.0
1008,433,1.0
1008,1202,1.0
1008,1331,1.0
1008,1008,1.0
1008,1777,1.0
1008,1906,1.0
1008,627,1.0
1008,3120,1.0
1008,3505,1.0
1008,2226,1.0
1008,2355,1.0
1008,4080,1.0
1008,2801,1.0
1008,2930,1.0
1008,3699,1.0
1009,433,1.0
1009,1202,1.0
1009,1331,1.0
1009,52,1.0
1009,753,1.0
1009,882,1.0
1009,1651,1.0
1009,2036,1.0
1009,3505,1.0
1009,2226,1.0
1009,2355,1.0
1009,3124,1.0
1009,3825,1.0
1009,3954,1.0
1009,2675,1.0
1009,3060,1.0
1010,1202,1.0
1010,1331,1.0
1010,52,1.0
1010,437,1.0
1010,1906,1.0
1010,627,1.0
1010,1012,1.0
1010,1781,1.0
1010,2226,1.0
1010,2355,1.0
1010,3124,1.0
1010,3509,1.0
1010,2930,1.0
1010,3699,1.0
1010,4084,1.0
1010,2805,1.0
1011,1331,1.0
1011,52,1.0
1011,437,1.0
1011,1206,1.0
1011,1651,1.0
1011,2036,1.0
1011,757,1.0
1011,886,1.0
1011,2355,1.0
1011,3124,1.0
1011,3509,1.0
1011,2230,1.0
1011,2675,1.0
1011,3060,1.0
1011,3829,1.0
1011,3958,1.0
1012,52,1.0
1012,437,1.0
1012,1206,1.0
1012,1335,1.0
1012,1012,1.0
1012,1781,1.0
1012,1910,1.0
1012,631,1.0
1012,3124,1.0
1012,3509,1.0
1012,2230,1.0
1012,2359,1.0
1012,4084,1.0
1012,2805,1.0
1012,2934,1.0
1012,3703,1.0
1013,437,1.0
1013,1206,1.0
1013,1335,1.0
1013,56,1.0
1013,757,1.0
1013,886,1.0
1013,1655,1.0
1013,2040,1.0
1013,3509,1.0
1013,2230,1.0
1013,2359,1.0
1013,3128,1.0
1013,3829,1.0
1013,3958,1.0
1013,2679,1.0
1013,3064,1.0
1014,1206,1.0
1014,1335,1.0
1014,56,1.0
1014,441,1.0
1014,1910,1.0
1014,631,1.0
1014,1016,1.0
1014,1785,1.0
1014,2230,1.0
1014,2359,1.0
1014,3128,1.0
1014,3513,1.0
1014,2934,1.0
1014,3703,1.0
1014,4088,1.0
1014,2809,1.0
1015,1335,1.0
1015,56,1.0
1015,441,1.0
1015,1210,1.0
1015,1655,1.0
1015,2040,1.0
1015,761,1.0
1015,890,1.0
1015,2359,1.0
1015,3128,1.0
1015,3513,1.0
1015,2234,1.0
1015,2679,1.0
1015,3064,1.0
1015,3833,1.0
1015,3962,1.0
1016,56,1.0
1016,441,1.0
1016,1210,1.0
1016,1339,1.0
1016,1016,1.0
1016,1785,1.0
1016,1914,1.0
1016,635,1.0
1016,3128,1.0
1016,3513,1.0
1016,2234,1.0
1016,2363,1.0
1016,4088,1.0
1016,2809,1.0
1016,2938,1.0
1016,3707,1.0
1017,441,1.0
1017,1210,1.0
1017,1339,1.0
1017,60,1.0
1017,761,1.0
1017,890,1.0
1017,1659,1.0
1017,2044,1.0
1017,3513,1.0
1017,2234,1.0
1017,2363,1.0
1017,3132,1.0
1017,3833,1.0
1017,3962,1.0
1017,2683,1.0
1017,3068,1.0
1018,1210,1.0
1018,1339,1.0
1018,60,1.0
1018,445,1.0
1018,1914,1.0
1018,635,1.0
1018,1020,1.0
1018,1789,1.0
1018,2234,1.0
1018,2363,1.0
1018,3132,1.0
1018,3517,1.0
1018,2938,1.0
1018,3707,1.0
1018,4092,1.0
1018,2813,1.0
1019,1339,1.0
1019,60,1.0
1019,445,1.0
1019,1214,1.0
1019,1659,1.0
1019,2044,1.0
1019,765,1.0
1019,894,1.0
1019,2363,1.0
1019,3132,1.0
1019,3517,1.0
1019,2238,1.0
1019,2683,1.0
1019,3068,1.0
1019,3837,1.0
1019,3966,1.0
1020,60,1.0
1020,445,1.0
1020,1214,1.0
1020,1343,1.0
1020,1020,1.0
1020,1789,1.0
1020,1918,1.0
1020,639,1.0
1020,3132,1.0
1020,3517,1.0
1020,2238,1.0
1020,2367,1.0
1020,4092,1.0
1020,2813,1.0
1020,2942,1.0
1020,3711,1.0
1021,445,1.0
1021,1214,1.0
1021,1343,1.0
1021,0,1.0
1021,765,1.0
1021,894,1.0
1021,1663,1.0
1021,1984,1.0
1021,3517,1.0
1021,2238,1.0
1021,2367,1.0
1021,3072,1.0
1021,3837,1.0
1021,3966,1.0
1021,2687,1.0
1021,3008,1.0
1022,1214,1.0
1022,1343,1.0
1022,0,1.0
1022,385,1.0
1022,1918,1.0
1022,639,1.0
1022,960,1.0
1022,1729,1.0
1022,2238,1.0
1022,2367,1.0
1022,3072,1.0
1022,3457,1.0
1022,2942,1.0
1022,3711,1.0
1022,4032,1.0
1022,2753,1.0
1023,1343,1.0
1023,0,1.0
1023,385,1.0
1023,1154,1.0
1023,1663,1.0
1023,1984,1.0
1023,705,1.0
1023,834,1.0
1023,2367,1.0
1023,3072,1.0
1023,3457,1.0
1023,2178,1.0
1023,2687,1.0
1023,3008,1.0
1023,3777,1.0
1023,3906,1.0
1024,0,1.0
1024,385,1.0
1024,1154,1.0
1024,1283,1.0
1024,960,1.0
1024,1729,1.0
1024,1858,1.0
1024,579,1.0
1024,3072,1.0
1024,3457,1.0
1024,2178,1.0
1024,2307,1.0
1024,4032,1.0
1024,2753,1.0
1024,2882,1.0
1024,3651,1.0
1025,385,1.0
1025,1154,1.0
1025,1283,1.0
1025,4,1.0
1025,705,1.0
1025,834,1.0
1025,1603,1.0
1025,1988,1.0
1025,3457,1.0
1025,2178,1.0
1025,2307,1.0
1025,3076,1.0
1025,3777,1.0
1025,3906,1.0
1025,2627,1.0
1025,3012,1.0
1026,1154,1.0
1026,1283,1.0
1026,4,1.0
1026,389,1.0
1026,1858,1.0
1026,579,1.0
1026,964,1.0
1026,1733,1.0
1026,2178,1.0
1026,2307,1.0
1026,3076,1.0
1026,3461,1.0
1026,2882,1.0
1026,3651,1.0
1026,4036,1.0
1026,2757,1.0
1027,1283,1.0
1027,4,1.0
1027,389,1.0
1027,1158,1.0
1027,1603,1.0
1027,1988,1.0
1027,709,1.0
1027,838,1.0
1027,2307,1.0
1027,3076,1.0
1027,3461,1.0
1027,2182,1.0
1027,2627,1.0
1027,3012,1.0
1027,3781,1.0
1027,3910,1.0
1028,4,1.0
1028,389,1.0
1028,1158,1.0
1028,1287,1.0
1028,964,1.0
1028,1733,1.0
1028,1862,1.0
1028,583,1.0
1028,3076,1.0
1028,3461,1.0
1028,2182,1.0
1028,2311,1.0
1028,4036,1.0
1028,2757,1.0
1028,2886,1.0
1028,3655,1.0
1029,389,1.0
1029,1158,1.0
1029,1287,1.0
1029,8,1.0
1029,709,1.0
1029,838,1.0
1029,1607,1.0
1029,1992,1.0
1029,3461,1.0
1029,2182,1.0
1029,2311,1.0
1029,3080,1.0
1029,3781,1.0
1029,3910,1.0
1029,2631,1.0
1029,3016,1.0
1030,1158,1.0
1030,1287,1.0
1030,8,1.0
1030,393,1.0
1030,1862,1.0
1030,583,1.0
1030,968,1.0
1030,1737,1.0
1030,2182,1.0
1030,2311,1.0
1030,3080,1.0
1030,3465,1.0
1030,2886,1.0
1030,3655,1.0
1030,4040,1.0
1030,2761,1.0
1031,1287,1.0
1031,8,1.0
1031,393,1.0
1031,1162,1.0
1031,1607,1.0
1031,1992,1.0
1031,713,1.0
1031,842,1.0
1031,2311,1.0
1031,3080,1.0
1031,3465,1.0
1031,2186,1.0
1031,2631,1.0
1031,3016,1.0
1031,3785,1.0
1031,3914,1.0
1032,8,1.0
1032,393,1.0
1032,1162,1.0
1032,1291,1.0
1032,968,1.0
1032,1737,1.0
1032,1866,1.0
1032,587,1.0
1032,3080,1.0
1032,3465,1.0
1032,2186,1.0
1032,2315,1.0
1032,4040,1.0
1032,2761,1.0
1032,2890,1.0
1032,3659,1.0
1033,393,1.0
1033,1162,1.0
1033,1291,1.0
1033,12,1.0
1033,713,1.0
1033,842,1.0
1033,1611,1.0
1033,1996,1.0
1033,3465,1.0
1033,2186,1.0
1033,2315,1.0
1033,3084,1.0
1033,3785,1.0
1033,3914,1.0
1033,2635,1.0
1033,3020,1.0
1034,1162,1.0
1034,1291,1.0
1034,12,1.0
1034,397,1.0
1034,1866,1.0
1034,587,1.0
1034,972,1.0
1034,1741,1.0
1034,2186,1.0
1034,2315,1.0
1034,3084,1.0
1034,3469,1.0
1034,2890,1.0
1034,3659,1.0
1034,4044,1.0
1034,2765,1.0
1035,1291,1.0
1035,12,1.0
1035,397,1.0
1035,1166,1.0
1035,1611,1.0
1035,1996,1.0
1035,717,1.0
1035,846,1.0
1035,2315,1.0
1035,3084,1.0
1035,3469,1.0
1035,2190,1.0
1035,2635,1.0
1035,3020,1.0
1035,3789,1.0
1035,3918,1.0
1036,12,1.0
1036,397,1.0
1036,1166,1.0
1036,1295,1.0
1036,972,1.0
1036,1741,1.0
1036,1870,1.0
1036,591,1.0
1036,3084,1.0
1036,3469,1.0
1036,2190,1.0
1036,2319,1.0
1036,4044,1.0
1036,2765,1.0
1036,2894,1.0
1036,3663,1.0
1037,397,1.0
1037,1166,1.0
1037,1295,1.0
1037,16,1.0
1037,717,1.0
1037,846,1.0
1037,1615,1.0
1037,2000,1.0
1037,3469,1.0
1037,2190,1.0
1037,2319,1.0
1037,3088,1.0
1037,3789,1.0
1037,3918,1.0
1037,2639,1.0
1037,3024,1.0
1038,1166,1.0
1038,1295,1.0
1038,16,1.0
1038,401,1.0
1038,1870,1.0
1038,591,1.0
1038,976,1.0
1038,1745,1.0
1038,2190,1.0
1038,2319,1.0
1038,3088,1.0
1038,3473,1.0
1038,2894,1.0
1038,3663,1.0
1038,4048,1.0
1038,2769,1.0
1039,1295,1.0
1039,16,1.0
1039,401,1.0
1039,1170,1.0
1039,1615,1.0
1039,2000,1.0
1039,721,1.0
1039,850,1.0
1039,2319,1.0
1039,3088,1.0
1039,3473,1.0
1039,2194,1.0
1039,2639,1.0
1039,3024,1.0
1039,3793,1.0
1039,3922,1.0
1040,16,1.0
1040,401,1.0
1040,1170,1.0
1040,1299,1.0
1040,976,1.0
1040,1745,1.0
1040,1874,1.0
1040,595,1.0
1040,3088,1.0
1040,3473,1.0
1040,2194,1.0
1040,2323,1.0
1040,4048,1.0
1040,2769,1.0
1040,2898,1.0
1040,3667,1.0
1041,401,1.0
1041,1170,1.0
1041,1299,1.0
1041,20,1.0
1041,721,1.0
1041,850,1.0
1041,1619,1.0
1041,2004,1.0
1041,3473,1.0
1041,2194,1.0
1041,2323,1.0
1041,3092,1.0
1041,3793,1.0
1041,3922,1.0
1041,2643,1.0
1041,3028,1.0
1042,1170,1.0
1042,1299,1.0
1042,20,1.0
1042,405,1.0
1042,1874,1.0
1042,595,1.0
1042,980,1.0
1042,1749,1.0
1042,2194,1.0
1042,2323,1.0
1042,3092,1.0
1042,3477,1.0
1042,2898,1.0
1042,3667,1.0
1042,4052,1.0
1042,2773,1.0
1043,1299,1.0
1043,20,1.0
1043,405,1.0
1043,1174,1.0
1043,1619,1.0
1043,2004,1.0
1043,725,1.0
1043,854,1.0
1043,2323,1.0
1043,3092,1.0
1043,3477,1.0
1043,2198,1.0
1043,2643,1.0
1043,3028,1.0
1043,3797,1.0
1043,3926,1.0
1044,20,1.0
1044,405,1.0
1044,1174,1.0
1044,1303,1.0
1044,980,1.0
1044,1749,1.0
1044,1878,1.0
1044,599,1.0
1044,3092,1.0
1044,3477,1.0
1044,2198,1.0
1044,2327,1.0
1044,4052,1.0
1044,2773,1.0
1044,2902,1.0
1044,3671,1.0
1045,405,1.0
1045,1174,1.0
1045,1303,1.0
1045,24,1.0
1045,725,1.0
1045,854,1.0
1045,1623,1.0
1045,2008,1.0
1045,3477,1.0
1045,2198,1.0
1045,2327,1.0
1045,3096,1.0
1045,3797,1.0
1045,3926,1.0
1045,2647,1.0
1045,3032,1.0
1046,1174,1.0
1046,1303,1.0
1046,24,1.0
1046,409,1.0
1046,1878,1.0
1046,599,1.0
1046,984,1.0
1046,1753,1.0
1046,2198,1.0
1046,2327,1.0
1046,3096,1.0
1046,3481,1.0
1046,2902,1.0
1046,3671,1.0
1046,4056,1.0
1046,2777,1.0
1047,1303,1.0
1047,24,1.0
1047,409,1.0
1047,1178,1.0
1047,1623,1.0
1047,2008,1.0
1047,729,1.0
1047,858,1.0
1047,2327,1.0
1047,3096,1.0
1047,3481,1.0
1047,2202,1.0
1047,2647,1.0
1047,3032,1.0
1047,3801,1.0
1047,3930,1.0
1048,24,1.0
1048,409,1.0
1048,1178,1.0
1048,1307,1.0
1048,984,1.0
1048,1753,1.0
1048,1882,1.0
1048,603,1.0
1048,3096,1.0
1048,3481,1.0
1048,2202,1.0
1048,2331,1.0
1048,4056,1.0
1048,2777,1.0
1048,2906,1.0
1048,3675,1.0
1049,409,1.0
1049,1178,1.0
1049,1307,1.0
1049,28,1.0
1049,729,1.0
1049,858,1.0
1049,1627,1.0
1049,2012,1.0
1049,3481,1.0
1049,2202,1.0
1049,2331,1.0
1049,3100,1.0
1049,3801,1.0
1049,3930,1.0
1049,2651,1.0
1049,3036,1.0
1050,1178,1.0
1050,1307,1.0
1050,28,1.0
1050,413,1.0
1050,1882,1.0
1050,603,1.0
1050,988,1.0
1050,1757,1.0
1050,2202,1.0
1050,2331,1.0
1050,3100,1.0
1050,3485,1.0
1050,2906,1.0
1050,3675,1.0
1050,4060,1.0
1050,2781,1.0
1051,1307,1.0
1051,28,1.0
1051,413,1.0
1051,1182,1.0
1051,1627,1.0
1051,2012,1.0
1051,733,1.0
1051,862,1.0
1051,2331,1.0
1051,3100,1.0
1051,3485,1.0
1051,2206,1.0
1051,2651,1.0
1051,3036,1.0
1051,3805,1.0
1051,3934,1.0
1052,28,1.0
1052,413,1.0
1052,1182,1.0
1052,1311,1.0
1052,988,1.0
1052,1757,1.0
1052,1886,1.0
1052,607,1.0
1052,3100,1.0
1052,3485,1.0
1052,2206,1.0
1052,2335,1.0
1052,4060,1.0
1052,2781,1.0
1052,2910,1.0
1052,3679,1.0
1053,413,1.0
1053,1182,1.0
1053,1311,1.0
1053,32,1.0
1053,733,1.0
1053,862,1.0
1053,1631,1.0
1053,2016,1.0
1053,3485,1.0
1053,2206,1.0
1053,2335,1.0
1053,3104,1.0
1053,3805,1.0
1053,3934,1.0
1053,2655,1.0
1053,3040,1.0
1054,1182,1.0
1054,1311,1.0
1054,32,1.0
1054,417,1.0
1054,1886,1.0
1054,607,1.0
1054,992,1.0
1054,1761,1.0
1054,2206,1.0
1054,2335,1.0
1054,3104,1.0
1054,3489,1.0
1054,2910,1.0
1054,3679,1.0
1054,4064,1.0
1054,2785,1.0
1055,1311,1.0
1055,32,1.0
1055,417,1.0
1055,1186,1.0
1055,1631,1.0
1055,2016,1.0
1055,737,1.0
1055,866,1.0
1055,2335,1.0
1055,3104,1.0
1055,3489,1.0
1055,2210,1.0
1055,2655,1.0
1055,3040,1.0
1055,3809,1.0
1055,3938,1.0
1056,32,1.0
1056,417,1.0
1056,1186,1.0
1056,1315,1.0
1056,992,1.0
1056,1761,1.0
1056,1890,1.0
1056,611,1.0
1056,3104,1.0
1056,3489,1.0
1056,2210,1.0
1056,2339,1.0
1056,4064,1.0
1056,2785,1.0
1056,2914,1.0
1056,3683,1.0
1057,417,1.0
1057,1186,1.0
1057,1315,1.0
1057,36,1.0
1057,737,1.0
1057,866,1.0
1057,1635,1.0
1057,2020,1.0
1057,3489,1.0
1057,2210,1.0
1057,2339,1.0
1057,3108,1.0
1057,3809,1.0
1057,3938,1.0
1057,2659,1.0
1057,3044,1.0
1058,1186,1.0
1058,1315,1.0
1058,36,1.0
1058,421,1.0
1058,1890,1.0
1058,611,1.0
1058,996,1.0
1058,1765,1.0
1058,2210,1.0
1058,2339,1.0
1058,3108,1.0
1058,3493,1.0
1058,2914,1.0
1058,3683,1.0
1058,4068,1.0
1058,2789,1.0
1059,1315,1.0
1059,36,1.0
1059,421,1.0
1059,1190,1.0
1059,1635,1.0
1059,2020,1.0
1059,741,1.0
1059,870,1.0
1059,2339,1.0
1059,3108,1.0
1059,3493,1.0
1059,2214,1.0
1059,2659,1.0
1059,3044,1.0
1059,3813,1.0
1059,3942,1.0
1060,36,1.0
1060,421,1.0
1060,1190,1.0
1060,1319,1.0
1060,996,1.0
1060,1765,1.0
1060,1894,1.0
1060,615,1.0
1060,3108,1.0
1060,3493,1.0
1060,2214,1.0
1060,2343,1.0
1060,4068,1.0
1060,2789,1.0
1060,2918,1.0
1060,3687,1.0
1061,421,1.0
1061,1190,1.0
1061,1319,1.0
1061,40,1.0
1061,741,1.0
1061,870,1.0
1061,1639,1.0
1061,2024,1.0
1061,3493,1.0
1061,2214,1.0
1061,2343,1.0
1061,3112,1.0
1061,3813,1.0
1061,3942,1.0
1061,2663,1.0
1061,3048,1.0
1062,1190,1.0
1062,1319,1.0
1062,40,1.0
1062,425,1.0
1062,1894,1.0
1062,615,1.0
1062,1000,1.0
1062,1769,1.0
1062,2214,1.0
1062,2343,1.0
1062,3112,1.0
1062,3497,1.0
1062,2918,1.0
1062,3687,1.0
1062,4072,1.0
1062,2793,1.0
1063,1319,1.0
1063,40,1.0
1063,425,1.0
1063,1194,1.0
1063,1639,1.0
1063,2024,1.0
1063,745,1.0
1063,874,1.0
1063,2343,1.0
1063,3112,1.0
1063,3497,1.0
1063,2218,1.0
1063,2663,1.0
1063,3048,1.0
1063,3817,1.0
1063,3946,1.0
1064,40,1.0
1064,425,1.0
1064,1194,1.0
1064,1323,1.0
1064,1000,1.0
1064,1769,1.0
1064,1898,1.0
1064,619,1.0
1064,3112,1.0
1064,3497,1.0
1064,2218,1.0
1064,2347,1.0
1064,4072,1.0
1064,2793,1.0
1064,2922,1.0
1064,3691,1.0
1065,425,1.0
1065,1194,1.0
1065,1323,1.0
1065,44,1.0
1065,745,1.0
1065,874,1.0
1065,1643,1.0
1065,2028,1.0
1065,3497,1.0
1065,2218,1.0
1065,2347,1.0
1065,3116,1.0
1065,3817,1.0
1065,3946,1.0
1065,2667,1.0
1065,3052,1.0
1066,1194,1.0
1066,1323,1.0
1066,44,1.0
1066,429,1.0
1066,1898,1.0
1066,619,1.0
1066,1004,1.0
1066,1773,1.0
1066,2218,1.0
1066,2347,1.0
1066,3116,1.0
1066,3501,1.0
1066,2922,1.0
1066,3691,1.0
1066,4076,1.0
1066,2797,1.0
1067,1323,1.0
1067,44,1.0
1067,429,1.0
1067,1198,1.0
1067,1643,1.0
1067,2028,1.0
1067,749,1.0
1067,878,1.0
1067,2347,1.0
1067,3116,1.0
1067,3501,1.0
1067,2222,1.0
1067,2667,1.0
1067,3052,1.0
1067,3821,1.0
1067,3950,1.0
1068,44,1.0
1068,429,1.0
1068,1198,1.0
1068,1327,1.0
1068,1004,1.0
1068,1773,1.0
1068,1902,1.0
1068,623,1.0
1068,3116,1.0
1068,3501,1.0
1068,2222,1.0
1068,2351,1.0
1068,4076,1.0
1068,2797,1.0
1068,2926,1.0
1068,3695,1.0
1069,429,1.0
1069,1198,1.0
1069,1327,1.0
1069,48,1.0
1069,749,1.0
1069,878,1.0
1069,1647,1.0
1069,2032,1.0
1069,3501,1.0
1069,2222,1.0
1069,2351,1.0
1069,3120,1.0
1069,3821,1.0
1069,3950,1.0
1069,2671,1.0
1069,3056,1.0
1070,1198,1.0
1070,1327,1.0
1070,48,1.0
1070,433,1.0
1070,1902,1.0
1070,623,1.0
1070,1008,1.0
1070,1777,1.0
1070,2222,1.0
1070,2351,1.0
1070,3120,1.0
1070,3505,1.0
1070,2926,1.0
1070,3695,1.0
1070,4080,1.0
1070,2801,1.0
1071,1327,1.0
1071,48,1.0
1071,433,1.0
1071,1202,1.0
1071,1647,1.0
1071,2032,1.0
1071,753,1.0
1071,882,1.0
1071,2351,1.0
1071,3120,1.0
1071,3505,1.0
1071,2226,1.0
1071,2671,1.0
1071,3056,1.0
1071,3825,1.0
1071,3954,1.0
1072,48,1.0
1072,433,1.0
1072,1202,1.0
1072,1331,1.0
1072,1008,1.0
1072,1777,1.0
1072,1906,1.0
1072,627,1.0
1072,3120,1.0
1072,3505,1.0
1072,2226,1.0
1072,2355,1.0
1072,4080,1.0
1072,2801,1.0
1072,2930,1.0
1072,3699,1.0
1073,433,1.0
1073,1202,1.0
1073,1331,1.0
1073,52,1.0
1073,753,1.0
1073,882,1.0
1073,1651,1.0
1073,2036,1.0
1073,3505,1.0
1073,2226,1.0
1073,2355,1.0
1073,3124,1.0
1073,3825,1.0
1073,3954,1.0
1073,2675,1.0
1073,3060,1.0
1074,1202,1.0
1074,1331,1.0
1074,52,1.0
1074,437,1.0
1074,1906,1.0
1074,627,1.0
1074,1012,1.0
1074,1781,1.0
1074,2226,1.0
1074,2355,1.0
1074,3124,1.0
1074,3509,1.0
1074,2930,1.0
1074,3699,1.0
1074,4084,1.0
1074,2805,1.0
1075,1331,1.0
1075,52,1.0
1075,437,1.0
1075,1206,1.0
1075,1651,1.0
1075,2036,1.0
1075,757,1.0
1075,886,1.0
1075,2355,1.0
1075,3124,1.0
1075,3509,1.0
1075,2230,1.0
1075,2675,1.0
1075,3060,1.0
1075,3829,1.0
1075,3958,1.0
1076,52,1.0
1076,437,1.0
1076,1206,1.0
1076,1335,1.0
1076,1012,1.0
1076,1781,1.0
1076,1910,1.0
1076,631,1.0
1076,3124,1.0
1076,3509,1.0
1076,2230,1.0
1076,2359,1.0
1076,4084,1.0
1076,2805,1.0
1076,2934,1.0
1076,3703,1.0
1077,437,1.0
1077,1206,1.0
1077,1335,1.0
1077,56,1.0
1077,757,1.0
1077,886,1.0
1077,1655,1.0
1077,2040,1.0
1077,3509,1.0
1077,2230,1.0
1077,2359,1.0
1077,3128,1.0
1077,3829,1.0
1077,3958,1.0
1077,2679,1.0
1077,3064,1.0
1078,1206,1.0
1078,1335,1.0
1078,56,1.0
1078,441,1.0
1078,1910,1.0
1078,631,1.0
1078,1016,1.0
1078,1785,1.0
1078,2230,1.0
1078,2359,1.0
1078,3128,1.0
1078,3513,1.0
1078,2934,1.0
1078,3703,1.0
1078,4088,1.0
1078,2809,1.0
1079,1335,1.0
1079,56,1.0
1079,441,1.0
1079,1210,1.0
1079,1655,1.0
1079,2040,1.0
1079,761,1.0
1079,890,1.0
1079,2359,1.0
1079,3128,1.0
1079,3513,1.0
1079,2234,1.0
1079,2679,1.0
1079,3064,1.0
1079,3833,1.0
1079,3962,1.0
1080,56,1.0
1080,441,1.0
1080,1210,1.0
1080,1339,1.0
1080,1016,1.0
1080,1785,1.0
1080,1914,1.0
1080,635,1.0
1080,3128,1.0
1080,3513,1.0
1080,2234,1.0
1080,2363,1.0
1080,4088,1.0
1080,2809,1.0
1080,2938,1.0
1080,3707,1.0
1081,441,1.0
1081,1210,1.0
1081,1339,1.0
1081,60,1.0
1081,761,1.0
1081,890,1.0
1081,1659,1.0
1081,2044,1.0
1081,3513,1.0
1081,2234,1.0
1081,2363,1.0
1081,3132,1.0
1081,3833,1.0
1081,3962,1.0
1081,2683,1.0
1081,3068,1.0
1082,1210,1.0
1082,1339,1.0
1082,60,1.0
1082,445,1.0
1082,1914,1.0
1082,635,1.0
1082,1020,1.0
1082,1789,1.0
1082,2234,1.0
1082,2363,1.0
1082,3132,1.0
1082,3517,1.0
1082,2938,1.0
1082,3707,1.0
1082,4092,1.0
1082,2813,1.0
1083,1339,1.0
1083,60,1.0
1083,445,1.0
1083,1214,1.0
1083,1659,1.0
1083,2044,1.0
1083,765,1.0
1083,894,1.0
1083,2363,1.0
1083,3132,1.0
1083,3517,1.0
1083,2238,1.0
1083,2683,1.0
1083,3068,1.0
1083,3837,1.0
1083,3966,1.0
1084,60,1.0
1084,445,1.0
1084,1214,1.0
1084,1343,1.0
1084,1020,1.0
1084,1789,1.0
1084,1918,1.0
1084,639,1.0
1084,3132,1.0
1084,3517,1.0
1084,2238,1.0
1084,2367,1.0
1084,4092,1.0
1084,2813,1.0
1084,2942,1.0
1084,3711,1.0
1085,445,1.0
1085,1214,1.0
1085,1343,1.0
1085,0,1.0
1085,765,1.0
1085,894,1.0
1085,1663,1.0
1085,1984,1.0
1085,3517,1.0
1085,2238,1.0
1085,2367,1.0
1085,3072,1.0
1085,3837,1.0
1085,3966,1.0
1085,2687,1.0
1085,3008,1.0
1086,1214,1.0
1086,1343,1.0
1086,0,1.0
1086,385,1.0
1086,1918,1.0
1086,639,1.0
1086,960,1.0
1086,1729,1.0
1086,2238,1.0
1086,2367,1.0
1086,3072,1.0
1086,3457,1.0
1086,2942,1.0
1086,3711,1.0
1086,4032,1.0
1086,2753,1.0
1087,1343,1.0
1087,0,1.0
1087,385,1.0
1087,1154,1.0
1087,1663,1.0
1087,1984,1.0
1087,705,1.0
1087,834,1.0
1087,2367,1.0
1087,3072,1.0
1087,3457,1.0
1087,2178,1.0
1087,2687,1.0
1087,3008,1.0
1087,3777,1.0
1087,3906,1.0
1088,0,1.0
1088,385,1.0
1088,1154,1.0
1088,1283,1.0
1088,960,1.0
1088,1729,1.0
1088,1858,1.0
1088,579,1.0
1088,3072,1.0
1088,3457,1.0
1088,2178,1.0
1088,2307,1.0
1088,4032,1.0
1088,2753,1.0
1088,2882,1.0
1088,3651,1.0
1089,385,1.0
1089,1154,1.0
1089,1283,1.0
1089,4,1.0
1089,705,1.0
1089,834,1.0
1089,1603,1.0
1089,1988,1.0
1089,3457,1.0
1089,2178,1.0
1089,2307,1.0
1089,3076,1.0
1089,3777,1.0
1089,3906,1.0
1089,2627,1.0
1089,3012,1.0
1090,1154,1.0
1090,1283,1.0
1090,4,1.0
1090,389,1.0
1090,1858,1.0
1090,579,1.0
1090,964,1.0
1090,1733,1.0
1090,2178,1.0
1090,2307,1.0
1090,3076,1.0
1090,3461,1.0
1090,2882,1.0
1090,3651,1.0
1090,4036,1.0
1090,2757,1.0
1091,1283,1.0
1091,4,1.0
1091,389,1.0
1091,1158,1.0
1091,1603,1.0
1091,1988,1.0
1091,709,1.0
1091,838,1.0
1091,2307,1.0
1091,3076,1.0
1091,3461,1.0
1091,2182,1.0
1091,2627,1.0
1091,3012,1.0
1091,3781,1.0
1091,3910,1.0
1092,4,1.0
1092,389,1.0
1092,1158,1.0
1092,1287,1.0
1092,964,1.0
1092,1733,1.0
1092,1862,1.0
1092,583,1.0
1092,3076,1.0
1092,3461,1.0
1092,2182,1.0
1092,2311,1.0
1092,4036,1.0
1092,2757,1.0
1092,2886,1.0
1092,3655,1.0
1093,389,1.0
1093,1158,1.0
1093,1287,1.0
1093,8,1.0
1093,709,1.0
1093,838,1.0
1093,1607,1.0
1093,1992,1.0
1093,3461,1.0
1093,2182,1.0
1093,2311,1.0
1093,3080,1.0
1093,3781,1.0
1093,3910,1.0
1093,2631,1.0
1093,3016,1.0
1094,1158,1.0
1094,1287,1.0
1094,8,1.0
1094,393,1.0
1094,1862,1.0
1094,583,1.0
1094,968,1.0
1094,1737,1.0
1094,2182,1.0
1094,2311,1.0
1094,3080,1.0
1094,3465,1.0
1094,2886,1.0
1094,3655,1.0
1094,4040,1.0
1094,2761,1.0
1095,1287,1.0
1095,8,1.0
1095,393,1.0
1095,1162,1.0
1095,1607,1.0
1095,1992,1.0
1095,713,1.0
1095,842,1.0
1095,2311,1.0
1095,3080,1.0
1095,3465,1.0
1095,2186,1.0
1095,2631,1.0
1095,3016,1.0
1095,3785,1.0
1095,3914,1.0
1096,8,1.0
1096,393,1.0
1096,1162,1.0
1096,1291,1.0
1096,968,1.0
1096,1737,1.0
1096,1866,1.0
1096,587,1.0
1096,3080,1.0
1096,3465,1.0
1096,2186,1.0
1096,2315,1.0
1096,4040,1.0
1096,2761,1.0
1096,2890,1.0
1096,3659,1.0
1097,393,1.0
1097,1162,1.0
1097,1291,1.0
1097,12,1.0
1097,713,1.0
1097,842,1.0
1097,1611,1.0
1097,1996,1.0
1097,3465,1.0
1097,2186,1.0
1097,2315,1.0
1097,3084,1.0
1097,3785,1.0
1097,3914,1.0
1097,2635,1.0
1097,3020,1.0
1098,1162,1.0
1098,1291,1.0
1098,12,1.0
1098,397,1.0
1098,1866,1.0
1098,587,1.0
1098,972,1.0
1098,1741,1.0
1098,2186,1.0
1098,2315,1.0
1098,3084,1.0
1098,3469,1.0
1098,2890,1.0
1098,3659,1.0
1098,4044,1.0
1098,2765,1.0
1099,1291,1.0
1099,12,1.0
1099,397,1.0
1099,1166,1.0
1099,1611,1.0
1099,1996,1.0
1099,717,1.0
1099,846,1.0
1099,2315,1.0
1099,3084,1.0
1099,3469,1.0
1099,2190,1.0
1099,2635,1.0
1099,3020,1.0
1099,3789,1.0
1099,3918,1.0
1100,12,1.0
1100,397,1.0
1100,1166,1.0
1100,1295,1.0
1100,972,1.0
1100,1741,1.0
1100,1870,1.0
1100,591,1.0
1100,3084,1.0
1100,3469,1.0
1100,2190,1.0
1100,2319,1.0
1100,4044,1.0
1100,2765,1.0
1100,2894,1.0
1100,3663,1.0
1101,397,1.0
1101,1166,1.0
1101,1295,1.0
1101,16,1.0
1101,717,1.0
1101,846,1.0
1101,1615,1.0
1101,2000,1.0
1101,3469,1.0
1101,2190,1.0
1101,2319,1.0
1101,3088,1.0
1101,3789,1.0
1101,3918,1.0
1101,2639,1.0
1101,3024,1.0
1102,1166,1.0
1102,1295,1.0
1102,16,1.0
1102,401,1.0
1102,1870,1.0
1102,591,1.0
1102,976,1.0
1102,1745,1.0
1102,2190,1.0
1102,2319,1.0
1102,3088,1.0
1102,3473,1.0
1102,2894,1.0
1102,3663,1.0
1102,4048,1.0
1102,2769,1.0
1103,1295,1.0
1103,16,1.0
1103,401,1.0
1103,1170,1.0
1103,1615,1.0
1103,2000,1.0
1103,721,1.0
1103,850,1.0
1103,2319,1.0
1103,3088,1.0
1103,3473,1.0
1103,2194,1.0
1103,2639,1.0
1103,3024,1.0
1103,3793,1.0
1103,3922,1.0
1104,16,1.0
1104,401,1.0
1104,1170,1.0
1104,1299,1.0
1104,976,1.0
1104,1745,1.0
1104,1874,1.0
1104,595,1.0
1104,3088,1.0
1104,3473,1.0
1104,2194,1.0
1104,2323,1.0
1104,4048,1.0
1104,2769,1.0
1104,2898,1.0
1104,3667,1.0
1105,401,1.0
1105,1170,1.0
1105,1299,1.0
1105,20,1.0
1105,721,1.0
1105,850,1.0
1105,1619,1.0
1105,2004,1.0
1105,3473,1.0
1105,2194,1.0
1105,2323,1.0
1105,3092,1.0
1105,3793,1.0
1105,3922,1.0
1105,2643,1.0
1105,3028,1.0
1106,1170,1.0
1106,1299,1.0
1106,20,1.0
1106,405,1.0
1106,1874,1.0
1106,595,1.0
1106,980,1.0
1106,1749,1.0
1106,2194,1.0
1106,2323,1.0
1106,3092,1.0
1106,3477,1.0
1106,2898,1.0
1106,3667,1.0
1106,4052,1.0
1106,2773,1.0
1107,1299,1.0
1107,20,1.0
1107,405,1.0
1107,1174,1.0
1107,1619,1.0
1107,2004,1.0
1107,725,1.0
1107,854,1.0
1107,2323,1.0
1107,3092,1.0
1107,3477,1.0
1107,2198,1.0
1107,2643,1.0
1107,3028,1.0
1107,3797,1.0
1107,3926,1.0
1108,20,1.0
1108,405,1.0
1108,1174,1.0
1108,1303,1.0
1108,980,1.0
1108,1749,1.0
1108,1878,1.0
1108,599,1.0
1108,3092,1.0
1108,3477,1.0
1108,2198,1.0
1108,2327,1.0
1108,4052,1.0
1108,2773,1.0
1108,2902,1.0
1108,3671,1.0
1109,405,1.0
1109,1174,1.0
1109,1303,1.0
1109,24,1.0
1109,725,1.0
1109,854,1.0
1109,1623,1.0
1109,2008,1.0
1109,3477,1.0
1109,2198,1.0
1109,2327,1.0
1109,3096,1.0
1109,3797,1.0
1109,3926,1.0
1109,2647,1.0
1109,3032,1.0
1110,1174,1.0
1110,1303,1.0
1110,24,1.0
1110,409,1.0
1110,1878,1.0
1110,599,1.0
1110,984,1.0
1110,1753,1.0
1110,2198,1.0
1110,2327,1.0
1110,3096,1.0
1110,3481,1.0
1110,2902,1.0
1110,3671,1.0
1110,4056,1.0
1110,2777,1.0
1111,1303,1.0
1111,24,1.0
1111,409,1.0
1111,1178,1.0
1111,1623,1.0
1111,2008,1.0
1111,729,1.0
1111,858,1.0
1111,2327,1.0
1111,3096,1.0
1111,3481,1.0
1111,2202,1.0
1111,2647,1.0
1111,3032,1.0
1111,3801,1.0
1111,3930,1.0
1112,24,1.0
1112,409,1.0
1112,1178,1.0
1112,1307,1.0
1112,984,1.0
1112,1753,1.0
1112,1882,1.0
1112,603,1.0
1112,3096,1.0
1112,3481,1.0
1112,2202,1.0
1112,2331,1.0
1112,4056,1.0
1112,2777,1.0
1112,2906,1.0
1112,3675,1.0
1113,409,1.0
1113,1178,1.0
1113,1307,1.0
1113,28,1.0
1113,729,1.0
1113,858,1.0
1113,1627,1.0
1113,2012,1.0
1113,3481,1.0
1113,2202,1.0
1113,2331,1.0
1113,3100,1.0
1113,3801,1.0
1113,3930,1.0
1113,2651,1.0
1113,3036,1.0
1114,1178,1.0
1114,1307,1.0
1114,28,1.0
1114,413,1.0
1114,1882,1.0
1114,603,1.0
1114,988,1.0
1114,1757,1.0
1114,2202,1.0
1114,2331,1.0
1114,3100,1.0
1114,3485,1.0
1114,2906,1.0
1114,3675,1.0
1114,4060,1.0
1114,2781,1.0
1115,1307,1.0
1115,28,1.0
1115,413,1.0
1115,1182,1.0
1115,1627,1.0
1115,2012,1.0
1115,733,1.0
1115,862,1.0
1115,2331,1.0
1115,3100,1.0
1115,3485,1.0
1115,2206,1.0
1115,2651,1.0
1115,3036,1.0
1115,3805,1.0
1115,3934,1.0
1116,28,1.0
1116,413,1.0
1116,1182,1.0
1116,1311,1.0
1116,988,1.0
1116,1757,1.0
1116,1886,1.0
1116,607,1.0
1116,3100,1.0
1116,3485,1.0
1116,2206,1.0
1116,2335,1.0
1116,4060,1.0
1116,2781,1.0
1116,2910,1.0
1116,3679,1.0
1117,413,1.0
1117,1182,1.0
1117,1311,1.0
1117,32,1.0
1117,733,1.0
1117,862,1.0
1117,1631,1.0
1117,2016,1.0
1117,3485,1.0
1117,2206,1.0
1117,2335,1.0
1117,3104,1.0
1117,3805,1.0
1117,3934,1.0
1117,2655,1.0
1117,3040,1.0
1118,1182,1.0
1118,1311,1.0
1118,32,1.0
1118,417,1.0
1118,1886,1.0
1118,607,1.0
1118,992,1.0
1118,1761,1.0
1118,2206,1.0
1118,2335,1.0
1118,3104,1.0
1118,3489,1.0
1118,2910,1.0
1118,3679,1.0
1118,4064,1.0
1118,2785,1.0
1119,1311,1.0
1119,32,1.0
1119,417,1.0
1119,1186,1.0
1119,1631,1.0
1119,2016,1.0
1119,737,1.0
1119,866,1.0
1119,2335,1.0
1119,3104,1.0
1119,3489,1.0
1119,2210,1.0
1119,2655,1.0
1119,3040,1.0
1119,3809,1.0
1119,3938,1.0
1120,32,1.0
1120,417,1.0
1120,1186,1.0
1120,1315,1.0
1120,992,1.0
1120,1761,1.0
1120,1890,1.0
1120,611,1.0
1120,3104,1.0
1120,3489,1.0
1120,2210,1.0
1120,2339,1.0
1120,4064,1.0
1120,2785,1.0
1120,2914,1.0
1120,3683,1.0
1121,417,1.0
1121,1186,1.0
1121,1315,1.0
1121,36,1.0
1121,737,1.0
1121,866,1.0
1121,1635,1.0
1121,2020,1.0
1121,3489,1.0
1121,2210,1.0
1121,2339,1.0
1121,3108,1.0
1121,3809,1.0
1121,3938,1.0
1121,2659,1.0
1121,3044,1.0
1122,1186,1.0
1122,1315,1.0
1122,36,1.0
1122,421,1.0
1122,1890,1.0
1122,611,1.0
1122,996,1.0
1122,1765,1.0
1122,2210,1.0
1122,2339,1.0
1122,3108,1.0
1122,3493,1.0
1122,2914,1.0
1122,3683,1.0
1122,4068,1.0
1122,2789,1.0
1123,1315,1.0
1123,36,1.0
1123,421,1.0
1123,1190,1.0
1123,1635,1.0
1123,2020,1.0
1123,741,1.0
1123,870,1.0
1123,2339,1.0
1123,3108,1.0
1123,3493,1.0
1123,2214,1.0
1123,2659,1.0
1123,3044,1.0
1123,3813,1.0
1123,3942,1.0
1124,36,1.0
1124,421,1.0
1124,1190,1.0
1124,1319,1.0
1124,996,1.0
1124,1765,1.0
1124,1894,1.0
1124,615,1.0
1124,3108,1.0
1124,3493,1.0
1124,2214,1.0
1124,2343,1.0
1124,4068,1.0
1124,2789,1.0
1124,2918,1.0
1124,3687,1.0
1125,421,1.0
1125,1190,1.0
1125,1319,1.0
1125,40,1.0
1125,741,1.0
1125,870,1.0
1125,1639,1.0
1125,2024,1.0
1125,3493,1.0
1125,2214,1.0
1125,2343,1.0
1125,3112,1.0
1125,3813,1.0
1125,3942,1.0
1125,2663,1.0
1125,3048,1.0
1126,1190,1.0
1126,1319,1.0
1126,40,1.0
1126,425,1.0
1126,1894,1.0
1126,615,1.0
1126,1000,1.0
1126,1769,1.0
1126,2214,1.0
1126,2343,1.0
1126,3112,1.0
1126,3497,1.0
1126,2918,1.0
1126,3687,1.0
1126,4072,1.0
1126,2793,1.0
1127,1319,1.0
1127,40,1.0
1127,425,1.0
1127,1194,1.0
1127,1639,1.0
1127,2024,1.0
1127,745,1.0
1127,874,1.0
1127,2343,1.0
1127,3112,1.0
1127,3497,1.0
1127,2218,1.0
1127,2663,1.0
1127,3048,1.0
1127,3817,1.0
1127,3946,1.0
1128,40,1.0
1128,425,1.0
1128,1194,1.0
1128,1323,1.0
1128,1000,1.0
1128,1769,1.0
1128,1898,1.0
1128,619,1.0
1128,3112,1.0
1128,3497,1.0
1128,2218,1.0
1128,2347,1.0
1128,4072,1.0
1128,2793,1.0
1128,2922,1.0
1128,3691,1.0
1129,425,1.0
1129,1194,1.0
1129,1323,1.0
1129,44,1.0
1129,745,1.0
1129,874,1.0
1129,1643,1.0
1129,2028,1.0
1129,3497,1.0
1129,2218,1.0
1129,2347,1.0
1129,3116,1.0
1129,3817,1.0
1129,3946,1.0
1129,2667,1.0
1129,3052,1.0
1130,1194,1.0
1130,1323,1.0
1130,44,1.0
1130,429,1.0
1130,1898,1.0
1130,619,1.0
1130,1004,1.0
1130,1773,1.0
1130,2218,1.0
1130,2347,1.0
1130,3116,1.0
1130,3501,1.0
1130,2922,1.0
1130,3691,1.0
1130,4076,1.0
1130,2797,1.0
1131,1323,1.0
1131,44,1.0
1131,429,1.0
1131,1198,1.0
1131,1643,1.0
1131,2028,1.0
1131,749,1.0
1131,878,1.0
1131,2347,1.0
1131,3116,1.0
1131,3501,1.0
1131,2222,1.0
1131,2667,1.0
1131,3052,1.0
1131,3821,1.0
1131,3950,1.0
1132,44,1.0
1132,429,1.0
1132,1198,1.0
1132,1327,1.0
1132,1004,1.0
1132,1773,1.0
1132,1902,1.0
1132,623,1.0
1132,3116,1.0
1132,3501,1.0
1132,2222,1.0
1132,2351,1.0
1132,4076,1.0
1132,2797,1.0
1132,2926,1.0
1132,3695,1.0
1133,429,1.0
1133,1198,1.0
1133,1327,1.0
1133,48,1.0
1133,749,1.0
1133,878,1.0
1133,1647,1.0
1133,2032,1.0
1133,3501,1.0
1133,2222,1.0
1133,2351,1.0
1133,3120,1.0
1133,3821,1.0
1133,3950,1.0
1133,2671,1.0
1133,3056,1.0
1134,1198,1.0
1134,1327,1.0
1134,48,1.0
1134,433,1.0
1134,1902,1.0
1134,623,1.0
1134,1008,1.0
1134,1777,1.0
1134,2222,1.0
1134,2351,1.0
1134,3120,1.0
1134,3505,1.0
1134,2926,1.0
1134,3695,1.0
1134,4080,1.0
1134,2801,1.0
1135,1327,1.0
1135,48,1.0
1135,433,1.0
1135,1202,1.0
1135,1647,1.0
1135,2032,1.0
1135,753,1.0
1135,882,1.0
1135,2351,1.0
1135,3120,1.0
1135,3505,1.0
1135,2226,1.0
1135,2671,1.0
1135,3056,1.0
1135,3825,1.0
1135,3954,1.0
1136,48,1.0
1136,433,1.0
1136,1202,1.0
1136,1331,1.0
1136,1008,1.0
1136,1777,1.0
1136,1906,1.0
1136,627,1.0
1136,3120,1.0
1136,3505,1.0
1136,2226,1.0
1136,2355,1.0
1136,4080,1.0
1136,2801,1.0
1136,2930,1.0
1136,3699,1.0
1137,433,1.0
1137,1202,1.0
1137,1331,1.0
1137,52,1.0
1137,753,1.0
1137,882,1.0
1137,1651,1.0
1137,2036,1.0
1137,3505,1.0
1137,2226,1.0
1137,2355,1.0
1137,3124,1.0
1137,3825,1.0
1137,3954,1.0
1137,2675,1.0
1137,3060,1.0
1138,1202,1.0
1138,1331,1.0
1138,52,1.0
1138,437,1.0
1138,1906,1.0
1138,627,1.0
1138,1012,1.0
1138,1781,1.0
1138,2226,1.0
1138,2355,1.0
1138,3124,1.0
1138,3509,1.0
1138,2930,1.0
1138,3699,1.0
1138,4084,1.0
1138,2805,1.0
1139,1331,1.0
1139,52,1.0
1139,437,1.0
1139,1206,1.0
1139,1651,1.0
1139,2036,1.0
1139,757,1.0
1139,886,1.0
1139,2355,1.0
1139,3124,1.0
1139,3509,1.0
1139,2230,1.0
1139,2675,1.0
1139,3060,1.0
1139,3829,1.0
1139,3958,1.0
1140,52,1.0
1140,437,1.0
1140,1206,1.0
1140,1335,1.0
1140,1012,1.0
1140,1781,1.0
1140,1910,1.0
1140,631,1.0
1140,3124,1.0
1140,3509,1.0
1140,2230,1.0
1140,2359,1.0
1140,4084,1.0
1140,2805,1.0
1140,2934,1.0
1140,3703,1.0
1141,437,1.0
1141,1206,1.0
1141,1335,1.0
1141,56,1.0
1141,757,1.0
1141,886,1.0
1141,1655,1.0
1141,2040,1.0
1141,3509,1.0
1141,2230,1.0
1141,2359,1.0
1141,3128,1.0
1141,3829,1.0
1141,3958,1.0
1141,2679,1.0
1141,3064,1.0
1142,1206,1.0
1142,1335,1.0
1142,56,1.0
1142,441,1.0
1142,1910,1.0
1142,631,1.0
1142,1016,1.0
1142,1785,1.0
1142,2230,1.0
1142,2359,1.0
1142,3128,1.0
1142,3513,1.0
1142,2934,1.0
1142,3703,1.0
1142,4088,1.0
1142,2809,1.0
1143,1335,1.0
1143,56,1.0
1143,441,1.0
1143,1210,1.0
1143,1655,1.0
1143,2040,1.0
1143,761,1.0
1143,890,1.0
1143,2359,1.0
1143,3128,1.0
1143,3513,1.0
1143,2234,1.0
1143,2679,1.0
1143,3064,1.0
1143,3833,1.0
1143,3962,1.0
1144,56,1.0
1144,441,1.0
1144,1210,1.0
1144,1339,1.0
1144,1016,1.0
1144,1785,1.0
1144,1914,1.0
1144,635,1.0
1144,3128,1.0
1144,3513,1.0
1144,2234,1.0
1144,2363,1.0
1144,4088,1.0
1144,2809,1.0
1144,2938,1.0
1144,3707,1.0
1145,441,1.0
1145,1210,1.0
1145,1339,1.0
1145,60,1.0
1145,761,1.0
1145,890,1.0
1145,1659,1.0
1145,2044,1.0
1145,3513,1.0
1145,2234,1.0
1145,2363,1.0
1145,3132,1.0
1145,3833,1.0
1145,3962,1.0
1145,2683,1.0
1145,3068,1.0
1146,1210,1.0
1146,1339,1.0
1146,60,1.0
1146,445,1.0
1146,1914,1.0
1146,635,1.0
1146,1020,1.0
1146,1789,1.0
1146,2234,1.0
1146,2363,1.0
1146,3132,1.0
1146,3517,1.0
1146,2938,1.0
1146,3707,1.0
1146,4092,1.0
1146,2813,1.0
1147,1339,1.0
1147,60,1.0
1147,445,1.0
1147,1214,1.0
1147,1659,1.0
1147,2044,1.0
1147,765,1.0
1147,894,1.0
1147,2363,1.0
1147,3132,1.0
1147,3517,1.0
1147,2238,1.0
1147,2683,1.0
1147,3068,1.0
1147,3837,1.0
1147,3966,1.0
1148,60,1.0
1148,445,1.0
1148,1214,1.0
1148,1343,1.0
1148,1020,1.0
1148,1789,1.0
1148,1918,1.0
1148,639,1.0
1148,3132,1.0
1148,3517,1.0
1148,2238,1.0
1148,2367,1.0
1148,4092,1.0
1148,2813,1.0
1148,2942,1.0
1148,3711,1.0
1149,445,1.0
1149,1214,1.0
1149,1343,1.0
1149,0,1.0
1149,765,1.0
1149,894,1.0
1149,1663,1.0
1149,1984,1.0
1149,3517,1.0
1149,2238,1.0
1149,2367,1.0
1149,3072,1.0
1149,3837,1.0
1149,3966,1.0
1149,2687,1.0
1149,3008,1.0
1150,1214,1.0
1150,1343,1.0
1150,0,1.0
1150,385,1.0
1150,1918,1.0
1150,639,1.0
1150,960,1.0
1150,1729,1.0
1150,2238,1.0
1150,2367,1.0
1150,3072,1.0
1150,3457,1.0
1150,2942,1.0
1150,3711,1.0
1150,4032,1.0
1150,2753,1.0
1151,1343,1.0
1151,0,1.0
1151,385,1.0
1151,1154,1.0
1151,1663,1.0
1151,1984,1.0
1151,705,1.0
1151,834,1.0
1151,2367,1.0
1151,3072,1.0
1151,3457,1.0
1151,2178,1.0
1151,2687,1.0
1151,3008,1.0
1151,3777,1.0
1151,3906,1.0
1152,0,1.0
1152,385,1.0
1152,1154,1.0
1152,1283,1.0
1152,960,1.0
1152,1729,1.0
1152,1858,1.0
1152,579,1.0
1152,3072,1.0
1152,3457,1.0
1152,2178,1.0
1152,2307,1.0
1152,4032,1.0
1152,2753,1.0
1152,2882,1.0
1152,3651,1.0
1153,385,1.0
1153,1154,1.0
1153,1283,1.0
1153,4,1.0
1153,705,1.0
1153,834,1.0
1153,1603,1.0
1153,1988,1.0
1153,3457,1.0
1153,2178,1.0
1153,2307,1.0
1153,3076,1.0
1153,3777,1.0
1153,3906,1.0
1153,2627,1.0
1153,3012,1.0
1154,1154,1.0
1154,1283,1.0
1154,4,1.0
1154,389,1.0
1154,1858,1.0
1154,579,1.0
1154,964,1.0
1154,1733,1.0
1154,2178,1.0
1154,2307,1.0
1154,3076,1.0
1154,3461,1.0
1154,2882,1.0
1154,3651,1.0
1154,4036,1.0
1154,2757,1.0
1155,1283,1.0
1155,4,1.0
1155,389,1.0
1155,1158,1.0
1155,1603,1.0
1155,1988,1.0
1155,709,1.0
1155,838,1.0
1155,2307,1.0
1155,3076,1.0
1155,3461,1.0
1155,2182,1.0
1155,2627,1.0
1155,3012,1.0
1155,3781,1.0
1155,3910,1.0
1156,4,1.0
1156,389,1.0
1156,1158,1.0
1156,1287,1.0
1156,964,1.0
1156,1733,1.0
1156,1862,1.0
1156,583,1.0
1156,3076,1.0
1156,3461,1.0
1156,2182,1.0
1156,2311,1.0
1156,4036,1.0
1156,2757,1.0
1156,2886,1.0
1156,3655,1.0
1157,389,1.0
1157,1158,1.0
1157,1287,1.0
1157,8,1.0
1157,709,1.0
1157,838,1.0
1157,1607,1.0
1157,1992,1.0
1157,3461,1.0
1157,2182,1.0
1157,2311,1.0
1157,3080,1.0
1157,3781,1.0
1157,3910,1.0
1157,2631,1.0
1157,3016,1.0
1158,1158,1.0
1158,1287,1.0
1158,8,1.0
1158,393,1.0
1158,1862,1.0
1158,583,1.0
1158,968,1.0
1158,1737,1.0
1158,2182,1.0
1158,2311,1.0
1158,3080,1.0
1158,3465,1.0
1158,2886,1.0
1158,3655,1.0
1158,4040,1.0
1158,2761,1.0
1159,1287,1.0
1159,8,1.0
1159,393,1.0
1159,1162,1.0
1159,1607,1.0
1159,1992,1.0
1159,713,1.0
1159,842,1.0
1159,2311,1.0
1159,3080,1.0
1159,3465,1.0
1159,2186,1.0
1159,2631,1.0
1159,3016,1.0
1159,3785,1.0
1159,3914,1.0
1160,8,1.0
1160,393,1.0
1160,1162,1.0
1160,1291,1.0
1160,968,1.0
1160,1737,1.0
1160,1866,1.0
1160,587,1.0
1160,3080,1.0
1160,3465,1.0
1160,2186,1.0
1160,2315,1.0
1160,4040,1.0
1160,2761,1.0
1160,2890,1.0
1160,3659,1.0
1161,393,1.0
1161,1162,1.0
1161,1291,1.0
1161,12,1.0
1161,713,1.0
1161,842,1.0
1161,1611,1.0
1161,1996,1.0
1161,3465,1.0
1161,2186,1.0
1161,2315,1.0
1161,3084,1.0
1161,3785,1.0
1161,3914,1.0
1161,2635,1.0
1161,3020,1.0
1162,1162,1.0
1162,1291,1.0
1162,12,1.0
1162,397,1.0
1162,1866,1.0
1162,587,1.0
1162,972,1.0
1162,1741,1.0
1162,2186,1.0
1162,2315,1.0
1162,3084,1.0
1162,3469,1.0
1162,2890,1.0
1162,3659,1.0
1162,4044,1.0
1162,2765,1.0
1163,1291,1.0
1163,12,1.0
1163,397,1.0
1163,1166,1.0
1163,1611,1.0
1163,1996,1.0
1163,717,1.0
1163,846,1.0
1163,2315,1.0
1163,3084,1.0
1163,3469,1.0
1163,2190,1.0
1163,2635,1.0
1163,3020,1.0
1163,3789,1.0
1163,3918,1.0
1164,12,1.0
1164,397,1.0
1164,1166,1.0
1164,1295,1.0
1164,972,1.0
1164,1741,1.0
1164,1870,1.0
1164,591,1.0
1164,3084,1.0
1164,3469,1.0
1164,2190,1.0
1164,2319,1.0
1164,4044,1.0
1164,2765,1.0
1164,2894,1.0
1164,3663,1.0
1165,397,1.0
1165,1166,1.0
1165,1295,1.0
1165,16,1.0
1165,717,1.0
1165,846,1.0
1165,1615,1.0
1165,2000,1.0
1165,3469,1.0
1165,2190,1.0
1165,2319,1.0
1165,3088,1.0
1165,3789,1.0
1165,3918,1.0
1165,2639,1.0
1165,3024,1.0
1166,1166,1.0
1166,1295,1.0
1166,16,1.0
1166,401,1.0
1166,1870,1.0
1166,591,1.0
1166,976,1.0
1166,1745,1.0
1166,2190,1.0
1166,2319,1.0
1166,3088,1.0
1166,3473,1.0
1166,2894,1.0
1166,3663,1.0
1166,4048,1.0
1166,2769,1.0
1167,1295,1.0
1167,16,1.0
1167,401,1.0
1167,1170,1.0
1167,1615,1.0
1167,2000,1.0
1167,721,1.0
1167,850,1.0
1167,2319,1.0
1167,3088,1.0
1167,3473,1.0
1167,2194,1.0
1167,2639,1.0
1167,3024,1.0
1167,3793,1.0
1167,3922,1.0
1168,16,1.0
1168,401,1.0
1168,1170,1.0
1168,1299,1.0
1168,976,1.0
1168,1745,1.0
1168,1874,1.0
1168,595,1.0
1168,3088,1.0
1168,3473,1.0
1168,2194,1.0
1168,2323,1.0
1168,4048,1.0
1168,2769,1.0
1168,2898,1.0
1168,3667,1.0
1169,401,1.0
1169,1170,1.0
1169,1299,1.0
1169,20,1.0
1169,721,1.0
1169,850,1.0
1169,1619,1.0
1169,2004,1.0
1169,3473,1.0
1169,2194,1.0
1169,2323,1.0
1169,3092,1.0
1169,3793,1.0
1169,3922,1.0
1169,2643,1.0
1169,3028,1.0
1170,1170,1.0
1170,1299,1.0
1170,20,1.0
1170,405,1.0
1170,1874,1.0
1170,595,1.0
1170,980,1.0
1170,1749,1.0
1170,2194,1.0
1170,2323,1.0
1170,3092,1.0
1170,3477,1.0
1170,2898,1.0
1170,3667,1.0
1170,4052,1.0
1170,2773,1.0
1171,1299,1.0
1171,20,1.0
1171,405,1.0
1171,1174,1.0
1171,1619,1.0
1171,2004,1.0
1171,725,1.0
1171,854,1.0
1171,2323,1.0
1171,3092,1.0
1171,3477,1.0
1171,2198,1.0
1171,2643,1.0
1171,3028,1.0
1171,3797,1.0
1171,3926,1.0
1172,20,1.0
1172,405,1.0
1172,1174,1.0
1172,1303,1.0
1172,980,1.0
1172,1749,1.0
1172,1878,1.0
1172,599,1.0
1172,3092,1.0
1172,3477,1.0
1172,2198,1.0
1172,2327,1.0
1172,4052,1.0
1172,2773,1.0
1172,2902,1.0
1172,3671,1.0
1173,405,1.0
1173,1174,1.0
1173,1303,1.0
1173,24,1.0
1173,725,1.0
1173,854,1.0
1173,1623,1.0
1173,2008,1.0
1173,3477,1.0
1173,2198,1.0
1173,2327,1.0
1173,3096,1.0
1173,3797,1.0
1173,3926,1.0
1173,2647,1.0
1173,3032,1.0
1174,1174,1.0
1174,1303,1.0
1174,24,1.0
1174,409,1.0
1174,1878,1.0
1174,599,1.0
1174,984,1.0
1174,1753,1.0
1174,2198,1.0
1174,2327,1.0
1174,3096,1.0
1174,3481,1.0
1174,2902,1.0
1174,3671,1.0
1174,4056,1.0
1174,2777,1.0
1175,1303,1.0
1175,24,1.0
1175,409,1.0
1175,1178,1.0
1175,1623,1.0
1175,2008,1.0
1175,729,1.0
1175,858,1.0
1175,2327,1.0
1175,3096,1.0
1175,3481,1.0
1175,2202,1.0
1175,2647,1.0
1175,3032,1.0
1175,3801,1.0
1175,3930,1.0
1176,24,1.0
1176,409,1.0
1176,1178,1.0
1176,1307,1.0
1176,984,1.0
1176,1753,1.0
1176,1882,1.0
1176,603,1.0
1176,3096,1.0
1176,3481,1.0
1176,2202,1.0
1176,2331,1.0
1176,4056,1.0
1176,2777,1.0
1176,2906,1.0
1176,3675,1.0
1177,409,1.0
1177,1178,1.0
1177,1307,1.0
1177,28,1.0
1177,729,1.0
1177,858,1.0
1177,1627,1.0
1177,2012,1.0
1177,3481,1.0
1177,2202,1.0
1177,2331,1.0
1177,3100,1.0
1177,3801,1.0
1177,3930,1.0
1177,2651,1.0
1177,3036,1.0
1178,1178,1.0
1178,1307,1.0
1178,28,1.0
1178,413,1.0
1178,1882,1.0
1178,603,1.0
1178,988,1.0
1178,1757,1.0
1178,2202,1.0
1178,2331,1.0
1178,3100,1.0
1178,3485,1.0
1178,2906,1.0
1178,3675,1.0
1178,4060,1.0
1178,2781,1.0
1179,1307,1.0
1179,28,1.0
1179,413,1.0
1179,1182,1.0
1179,1627,1.0
1179,2012,1.0
1179,733,1.0
1179,862,1.0
1179,2331,1.0
1179,3100,1.0
1179,3485,1.0
1179,2206,1.0
1179,2651,1.0
1179,3036,1.0
1179,3805,1.0
1179,3934,1.0
1180,28,1.0
1180,413,1.0
1180,1182,1.0
1180,1311,1.0
1180,988,1.0
1180,1757,1.0
1180,1886,1.0
1180,607,1.0
1180,3100,1.0
1180,3485,1.0
1180,2206,1.0
1180,2335,1.0
1180,4060,1.0
1180,2781,1.0
1180,2910,1.0
1180,3679,1.0
1181,413,1.0
1181,1182,1.0
1181,1311,1.0
1181,32,1.0
1181,733,1.0
1181,862,1.0
1181,1631,1.0
1181,2016,1.0
1181,3485,1.0
1181,2206,1.0
1181,2335,1.0
1181,3104,1.0
1181,3805,1.0
1181,3934,1.0
1181,2655,1.0
1181,3040,1.0
1182,1182,1.0
1182,1311,1.0
1182,32,1.0
1182,417,1.0
1182,1886,1.0
1182,607,1.0
1182,992,1.0
1182,1761,1.0
1182,2206,1.0
1182,2335,1.0
1182,3104,1.0
1182,3489,1.0
1182,2910,1.0
1182,3679,1.0
1182,4064,1.0
1182,2785,1.0
1183,1311,1.0
1183,32,1.0
1183,417,1.0
1183,1186,1.0
1183,1631,1.0
1183,2016,1.0
1183,737,1.0
1183,866,1.0
1183,2335,1.0
1183,3104,1.0
1183,3489,1.0
1183,2210,1.0
1183,2655,1.0
1183,3040,1.0
1183,3809,1.0
1183,3938,1.0
1184,32,1.0
1184,417,1.0
1184,1186,1.0
1184,1315,1.0
1184,992,1.0
1184,1761,1.0
1184,1890,1.0
1184,611,1.0
1184,3104,1.0
1184,3489,1.0
1184,2210,1.0
1184,2339,1.0
1184,4064,1.0
1184,2785,1.0
1184,2914,1.0
1184,3683,1.0
1185,417,1.0
1185,1186,1.0
1185,1315,1.0
1185,36,1.0
1185,737,1.0
1185,866,1.0
1185,1635,1.0
1185,2020,1.0
1185,3489,1.0
1185,2210,1.0
1185,2339,1.0
1185,3108,1.0
1185,3809,1.0
1185,3938,1.0
1185,2659,1.0
1185,3044,1.0
1186,1186,1.0
1186,1315,1.0
1186,36,1.0
1186,421,1.0
1186,1890,1.0
1186,611,1.0
1186,996,1.0
1186,1765,1.0
1186,2210,1.0
1186,2339,1.0
1186,3108,1.0
1186,3493,1.0
1186,2914,1.0
1186,3683,1.0
1186,4068,1.0
1186,2789,1.0
1187,1315,1.0
1187,36,1.0
1187,421,1.0
1187,1190,1.0
1187,1635,1.0
1187,2020,1.0
1187,741,1.0
1187,870,1.0
1187,2339,1.0
1187,3108,1.0
1187,3493,1.0
1187,2214,1.0
1187,2659,1.0
1187,3044,1.0
1187,3813,1.0
1187,3942,1.0
1188,36,1.0
1188,421,1.0
1188,1190,1.0
1188,1319,1.0
1188,996,1.0
1188,1765,1.0
1188,1894,1.0
1188,615,1.0
1188,3108,1.0
1188,3493,1.0
1188,2214,1.0
1188,2343,1.0
1188,4068,1.0
1188,2789,1.0
1188,2918,1.0
1188,3687,1.0
1189,421,1.0
1189,1190,1.0
1189,1319,1.0
1189,40,1.0
1189,741,1.0
1189,870,1.0
1189,1639,1.0
1189,2024,1.0
1189,3493,1.0
1189,2214,1.0
1189,2343,1.0
1189,3112,1.0
1189,3813,1.0
1189,3942,1.0
1189,2663,1.0
1189,3048,1.0
1190,1190,1.0
1190,1319,1.0
1190,40,1.0
1190,425,1.0
1190,1894,1.0
1190,615,1.0
1190,1000,1.0
1190,1769,1.0
1190,2214,1.0
1190,2343,1.0
1190,3112,1.0
1190,3497,1.0
1190,2918,1.0
1190,3687,1.0
1190,4072,1.0
1190,2793,1.0
1191,1319,1.0
1191,40,1.0
1191,425,1.0
1191,1194,1.0
1191,1639,1.0
1191,2024,1.0
1191,745,1.0
1191,874,1.0
1191,2343,1.0
1191,3112,1.0
1191,3497,1.0
1191,2218,1.0
1191,2663,1.0
1191,3048,1.0
1191,3817,1.0
1191,3946,1.0
1192,40,1.0
1192,425,1.0
1192,1194,1.0
1192,1323,1.0
1192,1000,1.0
1192,1769,1.0
1192,1898,1.0
1192,619,1.0
1192,3112,1.0
1192,3497,1.0
1192,2218,1.0
1192,2347,1.0
1192,4072,1.0
1192,2793,1.0
1192,2922,1.0
1192,3691,1.0
1193,425,1.0
1193,1194,1.0
1193,1323,1.0
1193,44,1.0
1193,745,1.0
1193,874,1.0
1193,1643,1.0
1193,2028,1.0
1193,3497,1.0
1193,2218,1.0
1193,2347,1.0
1193,3116,1.0
1193,3817,1.0
1193,3946,1.0
1193,2667,1.0
1193,3052,1.0
1194,1194,1.0
1194,1323,1.0
1194,44,1.0
1194,429,1.0
1194,1898,1.0
1194,619,1.0
1194,1004,1.0
1194,1773,1.0
1194,2218,1.0
1194,2347,1.0
1194,3116,1.0
1194,3501,1.0
1194,2922,1.0
1194,3691,1.0
1194,4076,1.0
1194,2797,1.0
1195,1323,1.0
1195,44,1.0
1195,429,1.0
1195,1198,1.0
1195,1643,1.0
1195,2028,1.0
1195,749,1.0
1195,878,1.0
1195,2347,1.0
1195,3116,1.0
1195,3501,1.0
1195,2222,1.0
1195,2667,1.0
1195,3052,1.0
1195,3821,1.0
1195,3950,1.0
1196,44,1.0
1196,429,1.0
1196,1198,1.0
1196,1327,1.0
1196,1004,1.0
1196,1773,1.0
1196,1902,1.0
1196,623,1.0
1196,3116,1.0
1196,3501,1.0
1196,2222,1.0
1196,2351,1.0
1196,4076,1.0
1196,2797,1.0
1196,2926,1.0
1196,3695,1.0
1197,429,1.0
1197,1198,1.0
1197,1327,1.0
1197,48,1.0
1197,749,1.0
1197,878,1.0
1197,1647,1.0
1197,2032,1.0
1197,3501,1.0
1197,2222,1.0
1197,2351,1.0
1197,3120,1.0
1197,3821,1.0
1197,3950,1.0
1197,2671,1.0
1197,3056,1.0
1198,1198,1.0
1198,1327,1.0
1198,48,1.0
1198,433,1.0
1198,1902,1.0
1198,623,1.0
1198,1008,1.0
1198,1777,1.0
1198,2222,1.0
1198,2351,1.0
1198,3120,1.0
1198,3505,1.0
1198,2926,1.0
1198,3695,1.0
1198,4080,1.0
1198,2801,1.0
1199,1327,1.0
1199,48,1.0
1199,433,1.0
1199,1202,1.0
1199,1647,1.0
1199,2032,1.0
1199,753,1.0
1199,882,1.0
1199,2351,1.0
1199,3120,1.0
1199,3505,1.0
1199,2226,1.0
1199,2671,1.0
1199,3056,1.0
1199,3825,1.0
1199,3954,1.0
1200,48,1.0
1200,433,1.0
1200,1202,1.0
1200,1331,1.0
1200,1008,1.0
1200,1777,1.0
1200,1906,1.0
1200,627,1.0
1200,3120,1.0
1200,3505,1.0
1200,2226,1.0
1200,2355,1.0
1200,4080,1.0
1200,2801,1.0
1200,2930,1.0
1200,3699,1.0
1201,433,1.0
1201,1202,1.0
1201,1331,1.0
1201,52,1.0
1201,753,1.0
1201,882,1.0
1201,1651,1.0
1201,2036,1.0
1201,3505,1.0
1201,2226,1.0
1201,2355,1.0
1201,3124,1.0
1201,3825,1.0
1201,3954,1.0
1201,2675,1.0
1201,3060,1.0
1202,1202,1.0
1202,1331,1.0
1202,52,1.0
1202,437,1.0
1202,1906,1.0
1202,627,1.0
1202,1012,1.0
1202,1781,1.0
1202,2226,1.0
1202,2355,1.0
1202,3124,1.0
1202,3509,1.0
1202,2930,1.0
1202,3699,1.0
1202,4084,1.0
1202,2805,1.0
1203,1331,1.0
1203,52,1.0
1203,437,1.0
1203,1206,1.0
1203,1651,1.0
1203,2036,1.0
1203,757,1.0
1203,886,1.0
1203,2355,1.0
1203,3124,1.0
1203,3509,1.0
1203,2230,1.0
1203,2675,1.0
1203,3060,1.0
1203,3829,1.0
1203,3958,1.0
1204,52,1.0
1204,437,1.0
1204,1206,1.0
1204,1335,1.0
1204,1012,1.0
1204,1781,1.0
1204,1910,1.0
1204,631,1.0
1204,3124,1.0
1204,3509,1.0
1204,2230,1.0
1204,2359,1.0
1204,4084,1.0
1204,2805,1.0
1204,2934,1.0
1204,3703,1.0
1205,437,1.0
1205,1206,1.0
1205,1335,1.0
1205,56,1.0
1205,757,1.0
1205,886,1.0
1205,1655,1.0
1205,2040,1.0
1205,3509,1.0
1205,2230,1.0
1205,2359,1.0
1205,3128,1.0
1205,3829,1.0
1205,3958,1.0
1205,2679,1.0
1205,3064,1.0
1206,1206,1.0
1206,1335,1.0
1206,56,1.0
1206,441,1.0
1206,1910,1.0
1206,631,1.0
1206,1016,1.0
1206,1785,1.0
1206,2230,1.0
1206,2359,1.0
1206,3128,1.0
1206,3513,1.0
1206,2934,1.0
1206,3703,1.0
1206,4088,1.0
1206,2809,1.0
1207,1335,1.0
1207,56,1.0
1207,441,1.0
1207,1210,1.0
1207,1655,1.0
1207,2040,1.0
1207,761,1.0
1207,890,1.0
1207,2359,1.0
1207,3128,1.0
1207,3513,1.0
1207,2234,1.0
1207,2679,1.0
1207,3064,1.0
1207,3833,1.0
1207,3962,1.0
1208,56,1.0
1208,441,1.0
1208,1210,1.0
1208,1339,1.0
1208,1016,1.0
1208,1785,1.0
1208,1914,1.0
1208,635,1.0
1208,3128,1.0
1208,3513,1.0
1208,2234,1.0
1208,2363,1.0
1208,4088,1.0
1208,2809,1.0
1208,2938,1.0
1208,3707,1.0
1209,441,1.0
1209,1210,1.0
1209,1339,1.0
1209,60,1.0
1209,761,1.0
1209,890,1.0
1209,1659,1.0
1209,2044,1.0
1209,3513,1.0
1209,2234,1.0
1209,2363,1.0
1209,3132,1.0
1209,3833,1.0
1209,3962,1.0
1209,2683,1.0
1209,3068,1.0
1210,1210,1.0
1210,1339,1.0
1210,60,1.0
1210,445,1.0
1210,1914,1.0
1210,635,1.0
1210,1020,1.0
1210,1789,1.0
1210,2234,1.0
1210,2363,1.0
1210,3132,1.0
1210,3517,1.0
1210,2938,1.0
1210,3707,1.0
1210,4092,1.0
1210,2813,1.0
1211,1339,1.0
1211,60,1.0
1211,445,1.0
1211,1214,1.0
1211,1659,1.0
1211,2044,1.0
1211,765,1.0
1211,894,1.0
1211,2363,1.0
1211,3132,1.0
1211,3517,1.0
1211,2238,1.0
1211,2683,1.0
1211,3068,1.0
1211,3837,1.0
1211,3966,1.0
1212,60,1.0
1212,445,1.0
1212,1214,1.0
1212,1343,1.0
1212,1020,1.0
1212,1789,1.0
1212,1918,1.0
1212,639,1.0
1212,3132,1.0
1212,3517,1.0
1212,2238,1.0
1212,2367,1.0
1212,4092,1.0
1212,2813,1.0
1212,2942,1.0
1212,3711,1.0
1213,445,1.0
1213,1214,1.0
1213,1343,1.0
1213,0,1.0
1213,765,1.0
1213,894,1.0
1213,1663,1.0
1213,1984,1.0
1213,3517,1.0
1213,2238,1.0
1213,2367,1.0
1213,3072,1.0
1213,3837,1.0
1213,3966,1.0
1213,2687,1.0
1213,3008,1.0
1214,1214,1.0
1214,1343,1.0
1214,0,1.0
1214,385,1.0
1214,1918,1.0
1214,639,1.0
1214,960,1.0
1214,1729,1.0
1214,2238,1.0
1214,2367,1.0
1214,3072,1.0
1214,3457,1.0
1214,2942,1.0
1214,3711,1.0
1214,4032,1.0
1214,2753,1.0
1215,1343,1.0
1215,0,1.0
1215,385,1.0
1215,1154,1.0
1215,1663,1.0
1215,1984,1.0
1215,705,1.0
1215,834,1.0
1215,2367,1.0
1215,3072,1.0
1215,3457,1.0
1215,2178,1.0
1215,2687,1.0
1215,3008,1.0
1215,3777,1.0
1215,3906,1.0
1216,0,1.0
1216,385,1.0
1216,1154,1.0
1216,1283,1.0
1216,960,1.0
1216,1729,1.0
1216,1858,1.0
1216,579,1.0
1216,3072,1.0
1216,3457,1.0
1216,2178,1.0
1216,2307,1.0
1216,4032,1.0
1216,2753,1.0
1216,2882,1.0
1216,3651,1.0
1217,385,1.0
1217,1154,1.0
1217,1283,1.0
1217,4,1.0
1217,705,1.0
1217,834,1.0
1217,1603,1.0
1217,1988,1.0
1217,3457,1.0
1217,2178,1.0
1217,2307,1.0
1217,3076,1.0
1217,3777,1.0
1217,3906,1.0
1217,2627,1.0
1217,3012,1.0
1218,1154,1.0
1218,1283,1.0
1218,4,1.0
1218,389,1.0
1218,1858,1.0
1218,579,1.0
1218,964,1.0
1218,1733,1.0
1218,2178,1.0
1218,2307,1.0
1218,3076,1.0
1218,3461,1.0
1218,2882,1.0
1218,3651,1.0
1218,4036,1.0
1218,2757,1.0
1219,1283,1.0
1219,4,1.0
1219,389,1.0
1219,1158,1.0
1219,1603,1.0
1219,1988,1.0
1219,709,1.0
1219,838,1.0
1219,2307,1.0
1219,3076,1.0
1219,3461,1.0
1219,2182,1.0
1219,2627,1.0
1219,3012,1.0
1219,3781,1.0
1219,3910,1.0
1220,4,1.0
1220,389,1.0
1220,1158,1.0
1220,1287,1.0
1220,964,1.0
1220,1733,1.0
1220,1862,1.0
1220,583,1.0
1220,3076,1.0
1220,3461,1.0
1220,2182,1.0
1220,2311,1.0
1220,4036,1.0
1220,2757,1.0
1220,2886,1.0
1220,3655,1.0
1221,389,1.0
1221,1158,1.0
1221,1287,1.0
1221,8,1.0
1221,709,1.0
1221,838,1.0
1221,1607,1.0
1221,1992,1.0
1221,3461,1.0
1221,2182,1.0
1221,2311,1.0
1221,3080,1.0
1221,3781,1.0
1221,3910,1.0
1221,2631,1.0
1221,3016,1.0
1222,1158,1.0
1222,1287,1.0
1222,8,1.0
1222,393,1.0
1222,1862,1.0
1222,583,1.0
1222,968,1.0
1222,1737,1.0
1222,2182,1.0
1222,2311,1.0
1222,3080,1.0
1222,3465,1.0
1222,2886,1.0
1222,3655,1.0
1222,4040,1.0
1222,2761,1.0
1223,1287,1.0
1223,8,1.0
1223,393,1.0
1223,1162,1.0
1223,1607,1.0
1223,1992,1.0
1223,713,1.0
1223,842,1.0
1223,2311,1.0
1223,3080,1.0
1223,3465,1.0
1223,2186,1.0
1223,2631,1.0
1223,3016,1.0
1223,3785,1.0
1223,3914,1.0
1224,8,1.0
1224,393,1.0
1224,1162,1.0
1224,1291,1.0
1224,968,1.0
1224,1737,1.0
1224,1866,1.0
1224,587,1.0
1224,3080,1.0
1224,3465,1.0
1224,2186,1.0
1224,2315,1.0
1224,4040,1.0
1224,2761,1.0
1224,2890,1.0
1224,3659,1.0
1225,393,1.0
1225,1162,1.0
1225,1291,1.0
1225,12,1.0
1225,713,1.0
1225,842,1.0
1225,1611,1.0
1225,1996,1.0
1225,3465,1.0
1225,2186,1.0
1225,2315,1.0
1225,3084,1.0
1225,3785,1.0
1225,3914,1.0
1225,2635,1.0
1225,3020,1.0
1226,1162,1.0
1226,1291,1.0
1226,12,1.0
1226,397,1.0
1226,1866,1.0
1226,587,1.0
1226,972,1.0
1226,1741,1.0
1226,2186,1.0
1226,2315,1.0
1226,3084,1.0
1226,3469,1.0
1226,2890,1.0
1226,3659,1.0
1226,4044,1.0
1226,2765,1.0
1227,1291,1.0
1227,12,1.0
1227,397,1.0
1227,1166,1.0
1227,1611,1.0
1227,1996,1.0
1227,717,1.0
1227,846,1.0
1227,2315,1.0
1227,3084,1.0
1227,3469,1.0
1227,2190,1.0
1227,2635,1.0
1227,3020,1.0
1227,3789,1.0
1227,3918,1.0
1228,12,1.0
1228,397,1.0
1228,1166,1.0
1228,1295,1.0
1228,972,1.0
1228,1741,1.0
1228,1870,1.0
1228,591,1.0
1228,3084,1.0
1228,3469,1.0
1228,2190,1.0
1228,2319,1.0
1228,4044,1.0
1228,2765,1.0
1228,2894,1.0
1228,3663,1.0
1229,397,1.0
1229,1166,1.0
1229,1295,1.0
1229,16,1.0
1229,717,1.0
1229,846,1.0
1229,1615,1.0
1229,2000,1.0
1229,3469,1.0
1229,2190,1.0
1229,2319,1.0
1229,3088,1.0
1229,3789,1.0
1229,3918,1.0
1229,2639,1.0
1229,3024,1.0
1230,1166,1.0
1230,1295,1.0
1230,16,1.0
1230,401,1.0
1230,1870,1.0
1230,591,1.0
1230,976,1.0
1230,1745,1.0
1230,2190,1.0
1230,2319,1.0
1230,3088,1.0
1230,3473,1.0
1230,2894,1.0
1230,3663,1.0
1230,4048,1.0
1230,2769,1.0
1231,1295,1.0
1231,16,1.0
1231,401,1.0
1231,1170,1.0
1231,1615,1.0
1231,2000,1.0
1231,721,1.0
1231,850,1.0
1231,2319,1.0
1231,3088,1.0
1231,3473,1.0
1231,2194,1.0
1231,2639,1.0
1231,3024,1.0
1231,3793,1.0
1231,3922,1.0
1232,16,1.0
1232,401,1.0
1232,1170,1.0
1232,1299,1.0
1232,976,1.0
1232,1745,1.0
1232,1874,1.0
1232,595,1.0
1232,3088,1.0
1232,3473,1.0
1232,2194,1.0
1232,2323,1.0
1232,4048,1.0
1232,2769,1.0
1232,2898,1.0
1232,3667,1.0
1233,401,1.0
1233,1170,1.0
1233,1299,1.0
1233,20,1.0
1233,721,1.0
1233,850,1.0
1233,1619,1.0
1233,2004,1.0
1233,3473,1.0
1233,2194,1.0
1233,2323,1.0
1233,3092,1.0
1233,3793,1.0
1233,3922,1.0
1233,2643,1.0
1233,3028,1.0
1234,1170,1.0
1234,1299,1.0
1234,20,1.0
1234,405,1.0
1234,1874,1.0
1234,595,1.0
1234,980,1.0
1234,1749,1.0
1234,2194,1.0
1234,2323,1.0
1234,3092,1.0
1234,3477,1.0
1234,2898,1.0
1234,3667,1.0
1234,4052,1.0
1234,2773,1.0
1235,1299,1.0
1235,20,1.0
1235,405,1.0
1235,1174,1.0
1235,1619,1.0
1235,2004,1.0
1235,725,1.0
1235,854,1.0
1235,2323,1.0
1235,3092,1.0
1235,3477,1.0
1235,2198,1.0
1235,2643,1.0
1235,3028,1.0
1235,3797,1.0
1235,3926,1.0
1236,20,1.0
1236,405,1.0
1236,1174,1.0
1236,1303,1.0
1236,980,1.0
1236,1749,1.0
1236,1878,1.0
1236,599,1.0
1236,3092,1.0
1236,3477,1.0
1236,2198,1.0
1236,2327,1.0
1236,4052,1.0
1236,2773,1.0
1236,2902,1.0
1236,3671,1.0
1237,405,1.0
1237,1174,1.0
1237,1303,1.0
1237,24,1.0
1237,725,1.0
1237,854,1.0
1237,1623,1.0
1237,2008,1.0
1237,3477,1.0
1237,2198,1.0
1237,2327,1.0
1237,3096,1.0
1237,3797,1.0
1237,3926,1.0
1237,2647,1.0
1237,3032,1.0
1238,1174,1.0
1238,1303,1.0
1238,24,1.0
1238,409,1.0
1238,1878,1.0
1238,599,1.0
1238,984,1.0
1238,1753,1.0
1238,2198,1.0
1238,2327,1.0
1238,3096,1.0
1238,3481,1.0
1238,2902,1.0
1238,3671,1.0
1238,4056,1.0
1238,2777,1.0
1239,1303,1.0
1239,24,1.0
1239,409,1.0
1239,1178,1.0
1239,1623,1.0
1239,2008,1.0
1239,729,1.0
1239,858,1.0
1239,2327,1.0
1239,3096,1.0
1239,3481,1.0
1239,2202,1.0
1239,2647,1.0
1239,3032,1.0
1239,3801,1.0
1239,3930,1.0
1240,24,1.0
1240,409,1.0
1240,1178,1.0
1240,1307,1.0
1240,984,1.0
1240,1753,1.0
1240,1882,1.0
1240,603,1.0
1240,3096,1.0
1240,3481,1.0
1240,2202,1.0
1240,2331,1.0
1240,4056,1.0
1240,2777,1.0
1240,2906,1.0
1240,3675,1.0
1241,409,1.0
1241,1178,1.0
1241,1307,1.0
1241,28,1.0
1241,729,1.0
1241,858,1.0
1241,1627,1.0
1241,2012,1.0
1241,3481,1.0
1241,2202,1.0
1241,2331,1.0
1241,3100,1.0
1241,3801,1.0
1241,3930,1.0
1241,2651,1.0
1241,3036,1.0
1242,1178,1.0
1242,1307,1.0
1242,28,1.0
1242,413,1.0
1242,1882,1.0
1242,603,1.0
1242,988,1.0
1242,1757,1.0
1242,2202,1.0
1242,2331,1.0
1242,3100,1.0
1242,3485,1.0
1242,2906,1.0
1242,3675,1.0
1242,4060,1.0
1242,2781,1.0
1243,1307,1.0
1243,28,1.0
1243,413,1.0
1243,1182,1.0
1243,1627,1.0
1243,2012,1.0
1243,733,1.0
1243,862,1.0
1243,2331,1.0
1243,3100,1.0
1243,3485,1.0
1243,2206,1.0
1243,2651,1.0
1243,3036,1.0
1243,3805,1.0
1243,3934,1.0
1244,28,1.0
1244,413,1.0
1244,1182,1.0
1244,1311,1.0
1244,988,1.0
1244,1757,1.0
1244,1886,1.0
1244,607,1.0
1244,3100,1.0
1244,3485,1.0
1244,2206,1.0
1244,2335,1.0
1244,4060,1.0
1244,2781,1.0
1244,2910,1.0
1244,3679,1.0
1245,413,1.0
1245,1182,1.0
1245,1311,1.0
1245,32,1.0
1245,733,1.0
1245,862,1.0
1245,1631,1.0
1245,2016,1.0
1245,3485,1.0
1245,2206,1.0
1245,2335,1.0
1245,3104,1.0
1245,3805,1.0
1245,3934,1.0
1245,2655,1.0
1245,3040,1.0
1246,1182,1.0
1246,1311,1.0
1246,32,1.0
1246,417,1.0
1246,1886,1.0
1246,607,1.0
1246,992,1.0
1246,1761,1.0
1246,2206,1.0
1246,2335,1.0
1246,3104,1.0
1246,3489,1.0
1246,2910,1.0
1246,3679,1.0
1246,4064,1.0
1246,2785,1.0
1247,1311,1.0
1247,32,1.0
1247,417,1.0
1247,1186,1.0
1247,1631,1.0
1247,2016,1.0
1247,737,1.0
1247,866,1.0
1247,2335,1.0
1247,3104,1.0
1247,3489,1.0
1247,2210,1.0
1247,2655,1.0
1247,3040,1.0
1247,3809,1.0
1247,3938,1.0
1248,32,1.0
1248,417,1.0
1248,1186,1.0
1248,1315,1.0
1248,992,1.0
1248,1761,1.0
1248,1890,1.0
1248,611,1.0
1248,3104,1.0
1248,3489,1.0
1248,2210,1.0
1248,2339,1.0
1248,4064,1.0
1248,2785,1.0
1248,2914,1.0
1248,3683,1.0
1249,417,1.0
1249,1186,1.0
1249,1315,1.0
1249,36,1.0
1249,737,1.0
1249,866,1.0
1249,1635,1.0
1249,2020,1.0
1249,3489,1.0
1249,2210,1.0
1249,2339,1.0
1249,3108,1.0
1249,3809,1.0
1249,3938,1.0
1249,2659,1.0
1249,3044,1.0
1250,1186,1.0
1250,1315,1.0
1250,36,1.0
1250,421,1.0
1250,1890,1.0
1250,611,1.0
1250,996,1.0
1250,1765,1.0
1250,2210,1.0
1250,2339,1.0
1250,3108,1.0
1250,3493,1.0
1250,2914,1.0
1250,3683,1.0
1250,4068,1.0
1250,2789,1.0
1251,1315,1.0
1251,36,1.0
1251,421,1.0
1251,1190,1.0
1251,1635,1.0
1251,2020,1.0
1251,741,1.0
1251,870,1.0
1251,2339,1.0
1251,3108,1.0
1251,3493,1.0
1251,2214,1.0
1251,2659,1.0
1251,3044,1.0
1251,3813,1.0
1251,3942,1.0
1252,36,1.0
1252,421,1.0
1252,1190,1.0
1252,1319,1.0
1252,996,1.0
1252,1765,1.0
1252,1894,1.0
1252,615,1.0
1252,3108,1.0
1252,3493,1.0
1252,2214,1.0
1252,2343,1.0
1252,4068,1.0
1252,2789,1.0
1252,2918,1.0
1252,3687,1.0
1253,421,1.0
1253,1190,1.0
1253,1319,1.0
1253,40,1.0
1253,741,1.0
1253,870,1.0
1253,1639,1.0
1253,2024,1.0
1253,3493,1.0
1253,2214,1.0
1253,2343,1.0
1253,3112,1.0
1253,3813,1.0
1253,3942,1.0
1253,2663,1.0
1253,3048,1.0
1254,1190,1.0
1254,1319,1.0
1254,40,1.0
1254,425,1.0
1254,1894,1.0
1254,615,1.0
1254,1000,1.0
1254,1769,1.0
1254,2214,1.0
1254,2343,1.0
1254,3112,1.0
1254,3497,1.0
1254,2918,1.0
1254,3687,1.0
1254,4072,1.0
1254,2793,1.0
1255,1319,1.0
1255,40,1.0
1255,425,1.0
1255,1194,1.0
1255,1639,1.0
1255,2024,1.0
1255,745,1.0
1255,874,1.0
1255,2343,1.0
1255,3112,1.0
1255,3497,1.0
1255,2218,1.0
1255,2663,1.0
1255,3048,1.0
1255,3817,1.0
1255,3946,1.0
1256,40,1.0
1256,425,1.0
1256,1194,1.0
1256,1323,1.0
1256,1000,1.0
1256,1769,1.0
1256,1898,1.0
1256,619,1.0
1256,3112,1.0
1256,3497,1.0
1256,2218,1.0
1256,2347,1.0
1256,4072,1.0
1256,2793,1.0
1256,2922,1.0
1256,3691,1.0
1257,425,1.0
1257,1194,1.0
1257,1323,1.0
1257,44,1.0
1257,745,1.0
1257,874,1.0
1257,1643,1.0
1257,2028,1.0
1257,3497,1.0
1257,2218,1.0
1257,2347,1.0
1257,3116,1.0
1257,3817,1.0
1257,3946,1.0
1257,2667,1.0
1257,3052,1.0
1258,1194,1.0
1258,1323,1.0
1258,44,1.0
1258,429,1.0
1258,1898,1.0
1258,619,1.0
1258,1004,1.0
1258,1773,1.0
1258,2218,1.0
1258,2347,1.0
1258,3116,1.0
1258,3501,1.0
1258,2922,1.0
1258,3691,1.0
1258,4076,1.0
1258,2797,1.0
1259,1323,1.0
1259,44,1.0
1259,429,1.0
1259,1198,1.0
1259,1643,1.0
1259,2028,1.0
1259,749,1.0
1259,878,1.0
1259,2347,1.0
1259,3116,1.0
1259,3501,1.0
1259,2222,1.0
1259,2667,1.0
1259,3052,1.0
1259,3821,1.0
1259,3950,1.0
1260,44,1.0
1260,429,1.0
1260,1198,1.0
1260,1327,1.0
1260,1004,1.0
1260,1773,1.0
1260,1902,1.0
1260,623,1.0
1260,3116,1.0
1260,3501,1.0
1260,2222,1.0
1260,2351,1.0
1260,4076,1.0
1260,2797,1.0
1260,2926,1.0
1260,3695,1.0
1261,429,1.0
1261,1198,1.0
1261,1327,1.0
1261,48,1.0
1261,749,1.0
1261,878,1.0
1261,1647,1.0
1261,2032,1.0
1261,3501,1.0
1261,2222,1.0
1261,2351,1.0
1261,3120,1.0
1261,3821,1.0
1261,3950,1.0
1261,2671,1.0
1261,3056,1.0
1262,1198,1.0
1262,1327,1.0
1262,48,1.0
1262,433,1.0
1262,1902,1.0
1262,623,1.0
1262,1008,1.0
1262,1777,1.0
1262,2222,1.0
1262,2351,1.0
1262,3120,1.0
1262,3505,1.0
1262,2926,1.0
1262,3695,1.0
1262,4080,1.0
1262,2801,1.0
1263,1327,1.0
1263,48,1.0
1263,433,1.0
1263,1202,1.0
1263,1647,1.0
1263,2032,1.0
1263,753,1.0
1263,882,1.0
1263,2351,1.0
1263,3120,1.0
1263,3505,1.0
1263,2226,1.0
1263,2671,1.0
1263,3056,1.0
1263,3825,1.0
1263,3954,1.0
1264,48,1.0
1264,433,1.0
1264,1202,1.0
1264,1331,1.0
1264,1008,1.0
1264,1777,1.0
1264,1906,1.0
1264,627,1.0
1264,3120,1.0
1264,3505,1.0
1264,2226,1.0
1264,2355,1.0
1264,4080,1.0
1264,2801,1.0
1264,2930,1.0
1264,3699,1.0
1265,433,1.0
1265,1202,1.0
1265,1331,1.0
1265,52,1.0
1265,753,1.0
1265,882,1.0
1265,1651,1.0
1265,2036,1.0
1265,3505,1.0
1265,2226,1.0
1265,2355,1.0
1265,3124,1.0
1265,3825,1.0
1265,3954,1.0
1265,2675,1.0
1265,3060,1.0
1266,1202,1.0
1266,1331,1.0
1266,52,1.0
1266,437,1.0
1266,1906,1.0
1266,627,1.0
1266,1012,1.0
1266,1781,1.0
1266,2226,1.0
1266,2355,1.0
1266,3124,1.0
1266,3509,1.0
1266,2930,1.0
1266,3699,1.0
1266,4084,1.0
1266,2805,1.0
1267,1331,1.0
1267,52,1.0
1267,437,1.0
1267,1206,1.0
1267,1651,1.0
1267,2036,1.0
1267,757,1.0
1267,886,1.0
1267,2355,1.0
1267,3124,1.0
1267,3509,1.0
1267,2230,1.0
1267,2675,1.0
1267,3060,1.0
1267,3829,1.0
1267,3958,1.0
1268,52,1.0
1268,437,1.0
1268,1206,1.0
1268,1335,1.0
1268,1012,1.0
1268,1781,1.0
1268,1910,1.0
1268,631,1.0
1268,3124,1.0
1268,3509,1.0
1268,2230,1.0
1268,2359,1.0
1268,4084,1.0
1268,2805,1.0
1268,2934,1.0
1268,3703,1.0
1269,437,1.0
1269,1206,1.0
1269,1335,1.0
1269,56,1.0
1269,757,1.0
1269,886,1.0
1269,1655,1.0
1269,2040,1.0
1269,3509,1.0
1269,2230,1.0
1269,2359,1.0
1269,3128,1.0
1269,3829,1.0
1269,3958,1.0
1269,2679,1.0
1269,3064,1.0
1270,1206,1.0
1270,1335,1.0
1270,56,1.0
1270,441,1.0
1270,1910,1.0
1270,631,1.0
1270,1016,1.0
1270,1785,1.0
1270,2230,1.0
1270,2359,1.0
1270,3128,1.0
1270,3513,1.0
1270,2934,1.0
1270,3703,1.0
1270,4088,1.0
1270,2809,1.0
1271,1335,1.0
1271,56,1.0
1271,441,1.0
1271,1210,1.0
1271,1655,1.0
1271,2040,1.0
1271,761,1.0
1271,890,1.0
1271,2359,1.0
1271,3128,1.0
1271,3513,1.0
1271,2234,1.0
1271,2679,1.0
1271,3064,1.0
1271,3833,1.0
1271,3962,1.0
1272,56,1.0
1272,441,1.0
1272,1210,1.0
1272,1339,1.0
1272,1016,1.0
1272,1785,1.0
1272,1914,1.0
1272,635,1.0
1272,3128,1.0
1272,3513,1.0
1272,2234,1.0
1272,2363,1.0
1272,4088,1.0
1272,2809,1.0
1272,2938,1.0
1272,3707,1.0
1273,441,1.0
1273,1210,1.0
1273,1339,1.0
1273,60,1.0
1273,761,1.0
1273,890,1.0
1273,1659,1.0
1273,2044,1.0
1273,3513,1.0
1273,2234,1.0
1273,2363,1.0
1273,3132,1.0
1273,3833,1.0
1273,3962,1.0
1273,2683,1.0
1273,3068,1.0
1274,1210,1.0
1274,1339,1.0
1274,60,1.0
1274,445,1.0
1274,1914,1.0
1274,635,1.0
1274,1020,1.0
1274,1789,1.0
1274,2234,1.0
1274,2363,1.0
1274,3132,1.0
1274,3517,1.0
1274,2938,1.0
1274,3707,1.0
1274,4092,1.0
1274,2813,1.0
1275,1339,1.0
1275,60,1.0
1275,445,1.0
1275,1214,1.0
1275,1659,1.0
1275,2044,1.0
1275,765,1.0
1275,894,1.0
1275,2363,1.0
1275,3132,1.0
1275,3517,1.0
1275,2238,1.0
1275,2683,1.0
1275,3068,1.0
1275,3837,1.0
1275,3966,1.0
1276,60,1.0
1276,445,1.0
1276,1214,1.0
1276,1343,1.0
1276,1020,1.0
1276,1789,1.0
1276,1918,1.0
1276,639,1.0
1276,3132,1.0
1276,3517,1.0
1276,2238,1.0
1276,2367,1.0
1276,4092,1.0
1276,2813,1.0
1276,2942,1.0
1276,3711,1.0
1277,445,1.0
1277,1214,1.0
1277,1343,1.0
1277,0,1.0
1277,765,1.0
1277,894,1.0
1277,1663,1.0
1277,1984,1.0
1277,3517,1.0
1277,2238,1.0
1277,2367,1.0
1277,3072,1.0
1277,3837,1.0
1277,3966,1.0
1277,2687,1.0
1277,3008,1.0
1278,1214,1.0
1278,1343,1.0
1278,0,1.0
1278,385,1.0
1278,1918,1.0
1278,639,1.0
1278,960,1.0
1278,1729,1.0
1278,2238,1.0
1278,2367,1.0
1278,3072,1.0
1278,3457,1.0
1278,2942,1.0
1278,3711,1.0
1278,4032,1.0
1278,2753,1.0
1279,1343,1.0
1279,0,1.0
1279,385,1.0
1279,1154,1.0
1279,1663,1.0
1279,1984,1.0
1279,705,1.0
1279,834,1.0
1279,2367,1.0
1279,3072,1.0
1279,3457,1.0
1279,2178,1.0
1279,2687,1.0
1279,3008,1.0
1279,3777,1.0
1279,3906,1.0
1280,0,1.0
1280,385,1.0
1280,1154,1.0
1280,1283,1.0
1280,960,1.0
1280,1729,1.0
1280,1858,1.0
1280,579,1.0
1280,3072,1.0
1280,3457,1.0
1280,2178,1.0
1280,2307,1.0
1280,4032,1.0
1280,2753,1.0
1280,2882,1.0
1280,3651,1.0
1281,385,1.0
1281,1154,1.0
1281,1283,1.0
1281,4,1.0
1281,705,1.0
1281,834,1.0
1281,1603,1.0
1281,1988,1.0
1281,3457,1.0
1281,2178,1.0
1281,2307,1.0
1281,3076,1.0
1281,3777,1.0
1281,3906,1.0
1281,2627,1.0
1281,3012,1.0
1282,1154,1.0
1282,1283,1.0
1282,4,1.0
1282,389,1.0
1282,1858,1.0
1282,579,1.0
1282,964,1.0
1282,1733,1.0
1282,2178,1.0
1282,2307,1.0
1282,3076,1.0
1282,3461,1.0
1282,2882,1.0
1282,3651,1.0
1282,4036,1.0
1282,2757,1.0
1283,1283,1.0
1283,4,1.0
1283,389,1.0
1283,1158,1.0
1283,1603,1.0
1283,1988,1.0
1283,709,1.0
1283,838,1.0
1283,2307,1.0
1283,3076,1.0
1283,3461,1.0
1283,2182,1.0
1283,2627,1.0
1283,3012,1.0
1283,3781,1.0
1283,3910,1.0
1284,4,1.0
1284,389,1.0
1284,1158,1.0
1284,1287,1.0
1284,964,1.0
1284,1733,1.0
1284,1862,1.0
1284,583,1.0
1284,3076,1.0
1284,3461,1.0
1284,2182,1.0
1284,2311,1.0
1284,4036,1.0
1284,2757,1.0
1284,2886,1.0
1284,3655,1.0
1285,389,1.0
1285,1158,1.0
1285,1287,1.0
1285,8,1.0
1285,709,1.0
1285,838,1.0
1285,1607,1.0
1285,1992,1.0
1285,3461,1.0
1285,2182,1.0
1285,2311,1.0
1285,3080,1.0
1285,3781,1.0
1285,3910,1.0
1285,2631,1.0
1285,3016,1.0
1286,1158,1.0
1286,1287,1.0
1286,8,1.0
1286,393,1.0
1286,1862,1.0
1286,583,1.0
1286,968,1.0
1286,1737,1.0
1286,2182,1.0
1286,2311,1.0
1286,3080,1.0
1286,3465,1.0
1286,2886,1.0
1286,3655,1.0
1286,4040,1.0
1286,2761,1.0
1287,1287,1.0
1287,8,1.0
1287,393,1.0
1287,1162,1.0
1287,1607,1.0
1287,1992,1.0
1287,713,1.0
1287,842,1.0
1287,2311,1.0
1287,3080,1.0
1287,3465,1.0
1287,2186,1.0
1287,2631,1.0
1287,3016,1.0
1287,3785,1.0
1287,3914,1.0
1288,8,1.0
1288,393,1.0
1288,1162,1.0
1288,1291,1.0
1288,968,1.0
1288,1737,1.0
1288,1866,1.0
1288,587,1.0
1288,3080,1.0
1288,3465,1.0
1288,2186,1.0
1288,2315,1.0
1288,4040,1.0
1288,2761,1.0
1288,2890,1.0
1288,3659,1.0
1289,393,1.0
1289,1162,1.0
1289,1291,1.0
1289,12,1.0
1289,713,1.0
1289,842,1.0
1289,1611,1.0
1289,1996,1.0
1289,3465,1.0
1289,2186,1.0
1289,2315,1.0
1289,3084,1.0
1289,3785,1.0
1289,3914,1.0
1289,2635,1.0
1289,3020,1.0
1290,1162,1.0
1290,1291,1.0
1290,12,1.0
1290,397,1.0
1290,1866,1.0
1290,587,1.0
1290,972,1.0
1290,1741,1.0
1290,2186,1.0
1290,2315,1.0
1290,3084,1.0
1290,3469,1.0
1290,2890,1.0
1290,3659,1.0
1290,4044,1.0
1290,2765,1.0
1291,1291,1.0
1291,12,1.0
1291,397,1.0
1291,1166,1.0
1291,1611,1.0
1291,1996,1.0
1291,717,1.0
1291,846,1.0
1291,2315,1.0
1291,3084,1.0
1291,3469,1.0
1291,2190,1.0
1291,2635,1.0
1291,3020,1.0
1291,3789,1.0
1291,3918,1.0
1292,12,1.0
1292,397,1.0
1292,1166,1.0
1292,1295,1.0
1292,972,1.0
1292,1741,1.0
1292,1870,1.0
1292,591,1.0
1292,3084,1.0
1292,3469,1.0
1292,2190,1.0
1292,2319,1.0
1292,4044,1.0
1292,2765,1.0
1292,2894,1.0
1292,3663,1.0
1293,397,1.0
1293,1166,1.0
1293,1295,1.0
1293,16,1.0
1293,717,1.0
1293,846,1.0
1293,1615,1.0
1293,2000,1.0
1293,3469,1.0
1293,2190,1.0
1293,2319,1.0
1293,3088,1.0
1293,3789,1.0
1293,3918,1.0
1293,2639,1.0
1293,3024,1.0
1294,1166,1.0
1294,1295,1.0
1294,16,1.0
1294,401,1.0
1294,1870,1.0
1294,591,1.0
1294,976,1.0
1294,1745,1.0
1294,2190,1.0
1294,2319,1.0
1294,3088,1.0
1294,3473,1.0
1294,2894,1.0
1294,3663,1.0
1294,4048,1.0
1294,2769,1.0
1295,1295,1.0
1295,16,1.0
1295,401,1.0
1295,1170,1.0
1295,1615,1.0
1295,2000,1.0
1295,721,1.0
1295,850,1.0
1295,2319,1.0
1295,3088,1.0
1295,3473,1.0
1295,2194,1.0
1295,2639,1.0
1295,3024,1.0
1295,3793,1.0
1295,3922,1.0
1296,16,1.0
1296,401,1.0
1296,1170,1.0
1296,1299,1.0
1296,976,1.0
1296,1745,1.0
1296,1874,1.0
1296,595,1.0
1296,3088,1.0
1296,3473,1.0
1296,2194,1.0
1296,2323,1.0
1296,4048,1.0
1296,2769,1.0
1296,2898,1.0
1296,3667,1.0
1297,401,1.0
1297,1170,1.0
1297,1299,1.0
1297,20,1.0
1297,721,1.0
1297,850,1.0
1297,1619,1.0
1297,2004,1.0
1297,3473,1.0
1297,2194,1.0
1297,2323,1.0
1297,3092,1.0
1297,3793,1.0
1297,3922,1.0
1297,2643,1.0
1297,3028,1.0
1298,1170,1.0
1298,1299,1.0
1298,20,1.0
1298,405,1.0
1298,1874,1.0
1298,595,1.0
1298,980,1.0
1298,1749,1.0
1298,2194,1.0
1298,2323,1.0
1298,3092,1.0
1298,3477,1.0
1298,2898,1.0
1298,3667,1.0
1298,4052,1.0
1298,2773,1.0
1299,1299,1.0
1299,20,1.0
1299,405,1.0
1299,1174,1.0
1299,1619,1.0
1299,2004,1.0
1299,725,1.0
1299,854,1.0
1299,2323,1.0
1299,3092,1.0
1299,3477,1.0
1299,2198,1.0
1299,2643,1.0
1299,3028,1.0
1299,3797,1.0
1299,3926,1.0
1300,20,1.0
1300,405,1.0
1300,1174,1.0
1300,1303,1.0
1300,980,1.0
1300,1749,1.0
1300,1878,1.0
1300,599,1.0
1300,3092,1.0
1300,3477,1.0
1300,2198,1.0
1300,2327,1.0
1300,4052,1.0
1300,2773,1.0
1300,2902,1.0
1300,3671,1.0
1301,405,1.0
1301,1174,1.0
1301,1303,1.0
1301,24,1.0
1301,725,1.0
1301,854,1.0
1301,1623,1.0
1301,2008,1.0
1301,3477,1.0
1301,2198,1.0
1301,2327,1.0
1301,3096,1.0
1301,3797,1.0
1301,3926,1.0
1301,2647,1.0
1301,3032,1.0
1302,1174,1.0
1302,1303,1.0
1302,24,1.0
1302,409,1.0
1302,1878,1.0
1302,599,1.0
1302,984,1.0
1302,1753,1.0
1302,2198,1.0
1302,2327,1.0
1302,3096,1.0
1302,3481,1.0
1302,2902,1.0
1302,3671,1.0
1302,4056,1.0
1302,2777,1.0
1303,1303,1.0
1303,24,1.0
1303,409,1.0
1303,1178,1.0
1303,1623,1.0
1303,2008,1.0
1303,729,1.0
1303,858,1.0
1303,2327,1.0
1303,3096,1.0
1303,3481,1.0
1303,2202,1.0
1303,2647,1.0
1303,3032,1.0
1303,3801,1.0
1303,3930,1.0
1304,24,1.0
1304,409,1.0
1304,1178,1.0
1304,1307,1.0
1304,984,1.0
1304,1753,1.0
1304,1882,1.0
1304,603,1.0
1304,3096,1.0
1304,3481,1.0
1304,2202,1.0
1304,2331,1.0
1304,4056,1.0
1304,2777,1.0
1304,2906,1.0
1304,3675,1.0
1305,409,1.0
1305,1178,1.0
1305,1307,1.0
1305,28,1.0
1305,729,1.0
1305,858,1.0
1305,1627,1.0
1305,2012,1.0
1305,3481,1.0
1305,2202,1.0
1305,2331,1.0
1305,3100,1.0
1305,3801,1.0
1305,3930,1.0
1305,2651,1.0
1305,3036,1.0
1306,1178,1.0
1306,1307,1.0
1306,28,1.0
1306,413,1.0
1306,1882,1.0
1306,603,1.0
1306,988,1.0
1306,1757,1.0
1306,2202,1.0
1306,2331,1.0
1306,3100,1.0
1306,3485,1.0
1306,2906,1.0
1306,3675,1.0
1306,4060,1.0
1306,2781,1.0
1307,1307,1.0
1307,28,1.0
1307,413,1.0
1307,1182,1.0
1307,1627,1.0
1307,2012,1.0
1307,733,1.0
1307,862,1.0
1307,2331,1.0
1307,3100,1.0
1307,3485,1.0
1307,2206,1.0
1307,2651,1.0
1307,3036,1.0
1307,3805,1.0
1307,3934,1.0
1308,28,1.0
1308,413,1.0
1308,1182,1.0
1308,1311,1.0
1308,988,1.0
1308,1757,1.0
1308,1886,1.0
1308,607,1.0
1308,3100,1.0
1308,3485,1.0
1308,2206,1.0
1308,2335,1.0
1308,4060,1.0
1308,2781,1.0
1308,2910,1.0
1308,3679,1.0
1309,413,1.0
1309,1182,1.0
1309,1311,1.0
1309,32,1.0
1309,733,1.0
1309,862,1.0
1309,1631,1.0
1309,2016,1.0
1309,3485,1.0
1309,2206,1.0
1309,2335,1.0
1309,3104,1.0
1309,3805,1.0
1309,3934,1.0
1309,2655,1.0
1309,3040,1.0
1310,1182,1.0
1310,1311,1.0
1310,32,1.0
1310,417,1.0
1310,1886,1.0
1310,607,1.0
1310,992,1.0
1310,1761,1.0
1310,2206,1.0
1310,2335,1.0
1310,3104,1.0
1310,3489,1.0
1310,2910,1.0
1310,3679,1.0
1310,4064,1.0
1310,2785,1.0
1311,1311,1.0
1311,32,1.0
1311,417,1.0
1311,1186,1.0
1311,1631,1.0
1311,2016,1.0
1311,737,1.0
1311,866,1.0
1311,2335,1.0
1311,3104,1.0
1311,3489,1.0
1311,2210,1.0
1311,2655,1.0
1311,3040,1.0
1311,3809,1.0
1311,3938,1.0
1312,32,1.0
1312,417,1.0
1312,1186,1.0
1312,1315,1.0
1312,992,1.0
1312,1761,1.0
1312,1890,1.0
1312,611,1.0
1312,3104,1.0
1312,3489,1.0
1312,2210,1.0
1312,2339,1.0
1312,4064,1.0
1312,2785,1.0
1312,2914,1.0
1312,3683,1.0
1313,417,1.0
1313,1186,1.0
1313,1315,1.0
1313,36,1.0
1313,737,1.0
1313,866,1.0
1313,1635,1.0
1313,2020,1.0
1313,3489,1.0
1313,2210,1.0
1313,2339,1.0
1313,3108,1.0
1313,3809,1.0
1313,3938,1.0
1313,2659,1.0
1313,3044,1.0
1314,1186,1.0
1314,1315,1.0
1314,36,1.0
1314,421,1.0
1314,1890,1.0
1314,611,1.0
1314,996,1.0
1314,1765,1.0
1314,2210,1.0
1314,2339,1.0
1314,3108,1.0
1314,3493,1.0
1314,2914,1.0
1314,3683,1.0
1314,4068,1.0
1314,2789,1.0
1315,1315,1.0
1315,36,1.0
1315,421,1.0
1315,1190,1.0
1315,1635,1.0
1315,2020,1.0
1315,741,1.0
1315,870,1.0
1315,2339,1.0
1315,3108,1.0
1315,3493,1.0
1315,2214,1.0
1315,2659,1.0
1315,3044,1.0
1315,3813,1.0
1315,3942,1.0
1316,36,1.0
1316,421,1.0
1316,1190,1.0
1316,1319,1.0
1316,996,1.0
1316,1765,1.0
1316,1894,1.0
1316,615,1.0
1316,3108,1.0
1316,3493,1.0
1316,2214,1.0
1316,2343,1.0
1316,4068,1.0
1316,2789,1.0
1316,2918,1.0
1316,3687,1.0
1317,421,1.0
1317,1190,1.0
1317,1319,1.0
1317,40,1.0
1317,741,1.0
1317,870,1.0
1317,1639,1.0
1317,2024,1.0
1317,3493,1.0
1317,2214,1.0
1317,2343,1.0
1317,3112,1.0
1317,3813,1.0
1317,3942,1.0
1317,2663,1.0
1317,3048,1.0
1318,1190,1.0
1318,1319,1.0
1318,40,1.0
1318,425,1.0
1318,1894,1.0
1318,615,1.0
1318,1000,1.0
1318,1769,1.0
1318,2214,1.0
1318,2343,1.0
1318,3112,1.0
1318,3497,1.0
1318,2918,1.0
1318,3687,1.0
1318,4072,1.0
1318,2793,1.0
1319,1319,1.0
1319,40,1.0
1319,425,1.0
1319,1194,1.0
1319,1639,1.0
1319,2024,1.0
1319,745,1.0
1319,874,1.0
1319,2343,1.0
1319,3112,1.0
1319,3497,1.0
1319,2218,1.0
1319,2663,1.0
1319,3048,1.0
1319,3817,1.0
1319,3946,1.0
1320,40,1.0
1320,425,1.0
1320,1194,1.0
1320,1323,1.0
1320,1000,1.0
1320,1769,1.0
1320,1898,1.0
1320,619,1.0
1320,3112,1.0
1320,3497,1.0
1320,2218,1.0
1320,2347,1.0
1320,4072,1.0
1320,2793,1.0
1320,2922,1.0
1320,3691,1.0
1321,425,1.0
1321,1194,1.0
1321,1323,1.0
1321,44,1.0
1321,745,1.0
1321,874,1.0
1321,1643,1.0
1321,2028,1.0
1321,3497,1.0
1321,2218,1.0
1321,2347,1.0
1321,3116,1.0
1321,3817,1.0
1321,3946,1.0
1321,2667,1.0
1321,3052,1.0
1322,1194,1.0
1322,1323,1.0
1322,44,1.0
1322,429,1.0
1322,1898,1.0
1322,619,1.0
1322,1004,1.0
1322,1773,1.0
1322,2218,1.0
1322,2347,1.0
1322,3116,1.0
1322,3501,1.0
1322,2922,1.0
1322,3691,1.0
1322,4076,1.0
1322,2797,1.0
1323,1323,1.0
1323,44,1.0
1323,429,1.0
1323,1198,1.0
1323,1643,1.0
1323,2028,1.0
1323,749,1.0
1323,878,1.0
1323,2347,1.0
1323,3116,1.0
1323,3501,1.0
1323,2222,1.0
1323,2667,1.0
1323,3052,1.0
1323,3821,1.0
1323,3950,1.0
1324,44,1.0
1324,429,1.0
1324,1198,1.0
1324,1327,1.0
1324,1004,1.0
1324,1773,1.0
1324,1902,1.0
1324,623,1.0
1324,3116,1.0
1324,3501,1.0
1324,2222,1.0
1324,2351,1.0
1324,4076,1.0
1324,2797,1.0
1324,2926,1.0
1324,3695,1.0
1325,429,1.0
1325,1198,1.0
1325,1327,1.0
1325,48,1.0
1325,749,1.0
1325,878,1.0
1325,1647,1.0
1325,2032,1.0
1325,3501,1.0
1325,2222,1.0
1325,2351,1.0
1325,3120,1.0
1325,3821,1.0
1325,3950,1.0
1325,2671,1.0
1325,3056,1.0
1326,1198,1.0
1326,1327,1.0
1326,48,1.0
1326,433,1.0
1326,1902,1.0
1326,623,1.0
1326,1008,1.0
1326,1777,1.0
1326,2222,1.0
1326,2351,1.0
1326,3120,1.0
1326,3505,1.0
1326,2926,1.0
1326,3695,1.0
1326,4080,1.0
1326,2801,1.0
1327,1327,1.0
1327,48,1.0
1327,433,1.0
1327,1202,1.0
1327,1647,1.0
1327,2032,1.0
1327,753,1.0
1327,882,1.0
1327,2351,1.0
1327,3120,1.0
1327,3505,1.0
1327,2226,1.0
1327,2671,1.0
1327,3056,1.0
1327,3825,1.0
1327,3954,1.0
1328,48,1.0
1328,433,1.0
1328,1202,1.0
1328,1331,1.0
1328,1008,1.0
1328,1777,1.0
1328,1906,1.0
1328,627,1.0
1328,3120,1.0
1328,3505,1.0
1328,2226,1.0
1328,2355,1.0
1328,4080,1.0
1328,2801,1.0
1328,2930,1.0
1328,3699,1.0
1329,433,1.0
1329,1202,1.0
1329,1331,1.0
1329,52,1.0
1329,753,1.0
1329,882,1.0
1329,1651,1.0
1329,2036,1.0
1329,3505,1.0
1329,2226,1.0
1329,2355,1.0
1329,3124,1.0
1329,3825,1.0
1329,3954,1.0
1329,2675,1.0
1329,3060,1.0
1330,1202,1.0
1330,1331,1.0
1330,52,1.0
1330,437,1.0
1330,1906,1.0
1330,627,1.0
1330,1012,1.0
1330,1781,1.0
1330,2226,1.0
1330,2355,1.0
1330,3124,1.0
1330,3509,1.0
1330,2930,1.0
1330,3699,1.0
1330,4084,1.0
1330,2805,1.0
1331,1331,1.0
1331,52,1.0
1331,437,1.0
1331,1206,1.0
1331,1651,1.0
1331,2036,1.0
1331,757,1.0
1331,886,1.0
1331,2355,1.0
1331,3124,1.0
1331,3509,1.0
1331,2230,1.0
1331,2675,1.0
1331,3060,1.0
1331,3829,1.0
1331,3958,1.0
1332,52,1.0
1332,437,1.0
1332,1206,1.0
1332,1335,1.0
1332,1012,1.0
1332,1781,1.0
1332,1910,1.0
1332,631,1.0
1332,3124,1.0
1332,3509,1.0
1332,2230,1.0
1332,2359,1.0
1332,4084,1.0
1332,2805,1.0
1332,2934,1.0
1332,3703,1.0
1333,437,1.0
1333,1206,1.0
1333,1335,1.0
1333,56,1.0
1333,757,1.0
1333,886,1.0
1333,1655,1.0
1333,2040,1.0
1333,3509,1.0
1333,2230,1.0
1333,2359,1.0
1333,3128,1.0
1333,3829,1.0
1333,3958,1.0
1333,2679,1.0
1333,3064,1.0
1334,1206,1.0
1334,1335,1.0
1334,56,1.0
1334,441,1.0
1334,1910,1.0
1334,631,1.0
1334,1016,1.0
1334,1785,1.0
1334,2230,1.0
1334,2359,1.0
1334,3128,1.0
1334,3513,1.0
1334,2934,1.0
1334,3703,1.0
1334,4088,1.0
1334,2809,1.0
1335,1335,1.0
1335,56,1.0
1335,441,1.0
1335,1210,1.0
1335,1655,1.0
1335,2040,1.0
1335,761,1.0
1335,890,1.0
1335,2359,1.0
1335,3128,1.0
1335,3513,1.0
1335,2234,1.0
1335,2679,1.0
1335,3064,1.0
1335,3833,1.0
1335,3962,1.0
1336,56,1.0
1336,441,1.0
1336,1210,1.0
1336,1339,1.0
1336,1016,1.0
1336,1785,1.0
1336,1914,1.0
1336,635,1.0
1336,3128,1.0
1336,3513,1.0
1336,2234,1.0
1336,2363,1.0
1336,4088,1.0
1336,2809,1.0
1336,2938,1.0
1336,3707,1.0
1337,441,1.0
1337,1210,1.0
1337,1339,1.0
1337,60,1.0
1337,761,1.0
1337,890,1.0
1337,1659,1.0
1337,2044,1.0
1337,3513,1.0
1337,2234,1.0
1337,2363,1.0
1337,3132,1.0
1337,3833,1.0
1337,3962,1.0
1337,2683,1.0
1337,3068,1.0
1338,1210,1.0
1338,1339,1.0
1338,60,1.0
1338,445,1.0
1338,1914,1.0
1338,635,1.0
1338,1020,1.0
1338,1789,1.0
1338,2234,1.0
1338,2363,1.0
1338,3132,1.0
1338,3517,1.0
1338,2938,1.0
1338,3707,1.0
1338,4092,1.0
1338,2813,1.0
1339,1339,1.0
1339,60,1.0
1339,445,1.0
1339,1214,1.0
1339,1659,1.0
1339,2044,1.0
1339,765,1.0
1339,894,1.0
1339,2363,1.0
1339,3132,1.0
1339,3517,1.0
1339,2238,1.0
1339,2683,1.0
1339,3068,1.0
1339,3837,1.0
1339,3966,1.0
1340,60,1.0
1340,445,1.0
1340,1214,1.0
1340,1343,1.0
1340,1020,1.0
1340,1789,1.0
1340,1918,1.0
1340,639,1.0
1340,3132,1.0
1340,3517,1.0
1340,2238,1.0
1340,2367,1.0
1340,4092,1.0
1340,2813,1.0
1340,2942,1.0
1340,3711,1.0
1341,445,1.0
1341,1214,1.0
1341,1343,1.0
1341,0,1.0
1341,765,1.0
1341,894,1.0
1341,1663,1.0
1341,1984,1.0
1341,3517,1.0
1341,2238,1.0
1341,2367,1.0
1341,3072,1.0
1341,3837,1.0
1341,3966,1.0
1341,2687,1.0
1341,3008,1.0
1342,1214,1.0
1342,1343,1.0
1342,0,1.0
1342,385,1.0
1342,1918,1.0
1342,639,1.0
1342,960,1.0
1342,1729,1.0
1342,2238,1.0
1342,2367,1.0
1342,3072,1.0
1342,3457,1.0
1342,2942,1.0
1342,3711,1.0
1342,4032,1.0
1342,2753,1.0
1343,1343,1.0
1343,0,1.0
1343,385,1.0
1343,1154,1.0
1343,1663,1.0
1343,1984,1.0
1343,705,1.0
1343,834,1.0
1343,2367,1.0
1343,3072,1.0
1343,3457,1.0
1343,2178,1.0
1343,2687,1.0
1343,3008,1.0
1343,3777,1.0
1343,3906,1.0
1344,0,1.0
1344,385,1.0
1344,1154,1.0
1344,1283,1.0
1344,960,1.0
1344,1729,1.0
1344,1858,1.0
1344,579,1.0
1344,3072,1.0
1344,3457,1.0
1344,2178,1.0
1344,2307,1.0
1344,4032,1.0
1344,2753,1.0
1344,2882,1.0
1344,3651,1.0
1345,385,1.0
1345,1154,1.0
1345,1283,1.0
1345,4,1.0
1345,705,1.0
1345,834,1.0
1345,1603,1.0
1345,1988,1.0
1345,3457,1.0
1345,2178,1.0
1345,2307,1.0
1345,3076,1.0
1345,3777,1.0
1345,3906,1.0
1345,2627,1.0
1345,3012,1.0
1346,1154,1.0
1346,1283,1.0
1346,4,1.0
1346,389,1.0
1346,1858,1.0
1346,579,1.0
1346,964,1.0
1346,1733,1.0
1346,2178,1.0
1346,2307,1.0
1346,3076,1.0
1346,3461,1.0
1346,2882,1.0
1346,3651,1.0
1346,4036,1.0
1346,2757,1.0
1347,1283,1.0
1347,4,1.0
1347,389,1.0
1347,1158,1.0
1347,1603,1.0
1347,1988,1.0
1347,709,1.0
1347,838,1.0
1347,2307,1.0
1347,3076,1.0
1347,3461,1.0
1347,2182,1.0
1347,2627,1.0
1347,3012,1.0
1347,3781,1.0
1347,3910,1.0
1348,4,1.0
1348,389,1.0
1348,1158,1.0
1348,1287,1.0
1348,964,1.0
1348,1733,1.0
1348,1862,1.0
1348,583,1.0
1348,3076,1.0
1348,3461,1.0
1348,2182,1.0
1348,2311,1.0
1348,4036,1.0
1348,2757,1.0
1348,2886,1.0
1348,3655,1.0
1349,389,1.0
1349,1158,1.0
1349,1287,1.0
1349,8,1.0
1349,709,1.0
1349,838,1.0
1349,1607,1.0
1349,1992,1.0
1349,3461,1.0
1349,2182,1.0
1349,2311,1.0
1349,3080,1.0
1349,3781,1.0
1349,3910,1.0
1349,2631,1.0
1349,3016,1.0
1350,1158,1.0
1350,1287,1.0
1350,8,1.0
1350,393,1.0
1350,1862,1.0
1350,583,1.0
1350,968,1.0
1350,1737,1.0
1350,2182,1.0
1350,2311,1.0
1350,3080,1.0
1350,3465,1.0
1350,2886,1.0
1350,3655,1.0
1350,4040,1.0
1350,2761,1.0
1351,1287,1.0
1351,8,1.0
1351,393,1.0
1351,1162,1.0
1351,1607,1.0
1351,1992,1.0
1351,713,1.0
1351,842,1.0
1351,2311,1.0
1351,3080,1.0
1351,3465,1.0
1351,2186,1.0
1351,2631,1.0
1351,3016,1.0
1351,3785,1.0
1351,3914,1.0
1352,8,1.0
1352,393,1.0
1352,1162,1.0
1352,1291,1.0
1352,968,1.0
1352,1737,1.0
1352,1866,1.0
1352,587,1.0
1352,3080,1.0
1352,3465,1.0
1352,2186,1.0
1352,2315,1.0
1352,4040,1.0
1352,2761,1.0
1352,2890,1.0
1352,3659,1.0
1353,393,1.0
1353,1162,1.0
1353,1291,1.0
1353,12,1.0
1353,713,1.0
1353,842,1.0
1353,1611,1.0
1353,1996,1.0
1353,3465,1.0
1353,2186,1.0
1353,2315,1.0
1353,3084,1.0
1353,3785,1.0
1353,3914,1.0
1353,2635,1.0
1353,3020,1.0
1354,1162,1.0
1354,1291,1.0
1354,12,1.0
1354,397,1.0
1354,1866,1.0
1354,587,1.0
1354,972,1.0
1354,1741,1.0
1354,2186,1.0
1354,2315,1.0
1354,3084,1.0
1354,3469,1.0
1354,2890,1.0
1354,3659,1.0
1354,4044,1.0
1354,2765,1.0
1355,1291,1.0
1355,12,1.0
1355,397,1.0
1355,1166,1.0
1355,1611,1.0
1355,1996,1.0
1355,717,1.0
1355,846,1.0
1355,2315,1.0
1355,3084,1.0
1355,3469,1.0
1355,2190,1.0
1355,2635,1.0
1355,3020,1.0
1355,3789,1.0
1355,3918,1.0
1356,12,1.0
1356,397,1.0
1356,1166,1.0
1356,1295,1.0
1356,972,1.0
1356,1741,1.0
1356,1870,1.0
1356,591,1.0
1356,3084,1.0
1356,3469,1.0
1356,2190,1.0
1356,2319,1.0
1356,4044,1.0
1356,2765,1.0
1356,2894,1.0
1356,3663,1.0
1357,397,1.0
1357,1166,1.0
1357,1295,1.0
1357,16,1.0
1357,717,1.0
1357,846,1.0
1357,1615,1.0
1357,2000,1.0
1357,3469,1.0
1357,2190,1.0
1357,2319,1.0
1357,3088,1.0
1357,3789,1.0
1357,3918,1.0
1357,2639,1.0
1357,3024,1.0
1358,1166,1.0
1358,1295,1.0
1358,16,1.0
1358,401,1.0
1358,1870,1.0
1358,591,1.0
1358,976,1.0
1358,1745,1.0
1358,2190,1.0
1358,2319,1.0
1358,3088,1.0
1358,3473,1.0
1358,2894,1.0
1358,3663,1.0
1358,4048,1.0
1358,2769,1.0
1359,1295,1.0
1359,16,1.0
1359,401,1.0
1359,1170,1.0
1359,1615,1.0
1359,2000,1.0
1359,721,1.0
1359,850,1.0
1359,2319,1.0
1359,3088,1.0
1359,3473,1.0
1359,2194,1.0
1359,2639,1.0
1359,3024,1.0
1359,3793,1.0
1359,3922,1.0
1360,16,1.0
1360,401,1.0
1360,1170,1.0
1360,1299,1.0
1360,976,1.0
1360,1745,1.0
1360,1874,1.0
1360,595,1.0
1360,3088,1.0
1360,3473,1.0
1360,2194,1.0
1360,2323,1.0
1360,4048,1.0
1360,2769,1.0
1360,2898,1.0
1360,3667,1.0
1361,401,1.0
1361,1170,1.0
1361,1299,1.0
1361,20,1.0
1361,721,1.0
1361,850,1.0
1361,1619,1.0
1361,2004,1.0
1361,3473,1.0
1361,2194,1.0
1361,2323,1.0
1361,3092,1.0
1361,3793,1.0
1361,3922,1.0
1361,2643,1.0
1361,3028,1.0
1362,1170,1.0
1362,1299,1.0
1362,20,1.0
1362,405,1.0
1362,1874,1.0
1362,595,1.0
1362,980,1.0
1362,1749,1.0
1362,2194,1.0
1362,2323,1.0
1362,3092,1.0
1362,3477,1.0
1362,2898,1.0
1362,3667,1.0
1362,4052,1.0
1362,2773,1.0
1363,1299,1.0
1363,20,1.0
1363,405,1.0
1363,1174,1.0
1363,1619,1.0
1363,2004,1.0
1363,725,1.0
1363,854,1.0
1363,2323,1.0
1363,3092,1.0
1363,3477,1.0
1363,2198,1.0
1363,2643,1.0
1363,3028,1.0
1363,3797,1.0
1363,3926,1.0
1364,20,1.0
1364,405,1.0
1364,1174,1.0
1364,1303,1.0
1364,980,1.0
1364,1749,1.0
1364,1878,1.0
1364,599,1.0
1364,3092,1.0
1364,3477,1.0
1364,2198,1.0
1364,2327,1.0
1364,4052,1.0
1364,2773,1.0
1364,2902,1.0
1364,3671,1.0
1365,405,1.0
1365,1174,1.0
1365,1303,1.0
1365,24,1.0
1365,725,1.0
1365,854,1.0
1365,1623,1.0
1365,2008,1.0
1365,3477,1.0
1365,2198,1.0
1365,2327,1.0
1365,3096,1.0
1365,3797,1.0
1365,3926,1.0
1365,2647,1.0
1365,3032,1.0
1366,1174,1.0
1366,1303,1.0
1366,24,1.0
1366,409,1.0
1366,1878,1.0
1366,599,1.0
1366,984,1.0
1366,1753,1.0
1366,2198,1.0
1366,2327,1.0
1366,3096,1.0
1366,3481,1.0
1366,2902,1.0
1366,3671,1.0
1366,4056,1.0
1366,2777,1.0
1367,1303,1.0
1367,24,1.0
1367,409,1.0
1367,1178,1.0
1367,1623,1.0
1367,2008,1.0
1367,729,1.0
1367,858,1.0
1367,2327,1.0
1367,3096,1.0
1367,3481,1.0
1367,2202,1.0
1367,2647,1.0
1367,3032,1.0
1367,3801,1.0
1367,3930,1.0
1368,24,1.0
1368,409,1.0
1368,1178,1.0
1368,1307,1.0
1368,984,1.0
1368,1753,1.0
1368,1882,1.0
1368,603,1.0
1368,3096,1.0
1368,3481,1.0
1368,2202,1.0
1368,2331,1.0
1368,4056,1.0
1368,2777,1.0
1368,2906,1.0
1368,3675,1.0
1369,409,1.0
1369,1178,1.0
1369,1307,1.0
1369,28,1.0
1369,729,1.0
1369,858,1.0
1369,1627,1.0
1369,2012,1.0
1369,3481,1.0
1369,2202,1.0
1369,2331,1.0
1369,3100,1.0
1369,3801,1.0
1369,3930,1.0
1369,2651,1.0
1369,3036,1.0
1370,1178,1.0
1370,1307,1.0
1370,28,1.0
1370,413,1.0
1370,1882,1.0
1370,603,1.0
1370,988,1.0
1370,1757,1.0
1370,2202,1.0
1370,2331,1.0
1370,3100,1.0
1370,3485,1.0
1370,2906,1.0
1370,3675,1.0
1370,4060,1.0
1370,2781,1.0
1371,1307,1.0
1371,28,1.0
1371,413,1.0
1371,1182,1.0
1371,1627,1.0
1371,2012,1.0
1371,733,1.0
1371,862,1.0
1371,2331,1.0
1371,3100,1.0
1371,3485,1.0
1371,2206,1.0
1371,2651,1.0
1371,3036,1.0
1371,3805,1.0
1371,3934,1.0
1372,28,1.0
1372,413,1.0
1372,1182,1.0
1372,1311,1.0
1372,988,1.0
1372,1757,1.0
1372,1886,1.0
1372,607,1.0
1372,3100,1.0
1372,3485,1.0
1372,2206,1.0
1372,2335,1.0
1372,4060,1.0
1372,2781,1.0
1372,2910,1.0
1372,3679,1.0
1373,413,1.0
1373,1182,1.0
1373,1311,1.0
1373,32,1.0
1373,733,1.0
1373,862,1.0
1373,1631,1.0
1373,2016,1.0
1373,3485,1.0
1373,2206,1.0
1373,2335,1.0
1373,3104,1.0
1373,3805,1.0
1373,3934,1.0
1373,2655,1.0
1373,3040,1.0
1374,1182,1.0
1374,1311,1.0
1374,32,1.0
1374,417,1.0
1374,1886,1.0
1374,607,1.0
1374,992,1.0
1374,1761,1.0
1374,2206,1.0
1374,2335,1.0
1374,3104,1.0
1374,3489,1.0
1374,2910,1.0
1374,3679,1.0
1374,4064,1.0
1374,2785,1.0
1375,1311,1.0
1375,32,1.0
1375,417,1.0
1375,1186,1.0
1375,1631,1.0
1375,2016,1.0
1375,737,1.0
1375,866,1.0
1375,2335,1.0
1375,3104,1.0
1375,3489,1.0
1375,2210,1.0
1375,2655,1.0
1375,3040,1.0
1375,3809,1.0
1375,3938,1.0
1376,32,1.0
1376,417,1.0
1376,1186,1.0
1376,1315,1.0
1376,992,1.0
1376,1761,1.0
1376,1890,1.0
1376,611,1.0
1376,3104,1.0
1376,3489,1.0
1376,2210,1.0
1376,2339,1.0
1376,4064,1.0
1376,2785,1.0
1376,2914,1.0
1376,3683,1.0
1377,417,1.0
1377,1186,1.0
1377,1315,1.0
1377,36,1.0
1377,737,1.0
1377,866,1.0
1377,1635,1.0
1377,2020,1.0
1377,3489,1.0
1377,2210,1.0
1377,2339,1.0
1377,3108,1.0
1377,3809,1.0
1377,3938,1.0
1377,2659,1.0
1377,3044,1.0
1378,1186,1.0
1378,1315,1.0
1378,36,1.0
1378,421,1.0
1378,1890,1.0
1378,611,1.0
1378,996,1.0
1378,1765,1.0
1378,2210,1.0
1378,2339,1.0
1378,3108,1.0
1378,3493,1.0
1378,2914,1.0
1378,3683,1.0
1378,4068,1.0
1378,2789,1.0
1379,1315,1.0
1379,36,1.0
1379,421,1.0
1379,1190,1.0
1379,1635,1.0
1379,2020,1.0
1379,741,1.0
1379,870,1.0
1379,2339,1.0
1379,3108,1.0
1379,3493,1.0
1379,2214,1.0
1379,2659,1.0
1379,3044,1.0
1379,3813,1.0
1379,3942,1.0
1380,36,1.0
1380,421,1.0
1380,1190,1.0
1380,1319,1.0
1380,996,1.0
1380,1765,1.0
1380,1894,1.0
1380,615,1.0
1380,3108,1.0
1380,3493,1.0
1380,2214,1.0
1380,2343,1.0
1380,4068,1.0
1380,2789,1.0
1380,2918,1.0
1380,3687,1.0
1381,421,1.0
1381,1190,1.0
1381,1319,1.0
1381,40,1.0
1381,741,1.0
1381,870,1.0
1381,1639,1.0
1381,2024,1.0
1381,3493,1.0
1381,2214,1.0
1381,2343,1.0
1381,3112,1.0
1381,3813,1.0
1381,3942,1.0
1381,2663,1.0
1381,3048,1.0
1382,1190,1.0
1382,1319,1.0
1382,40,1.0
1382,425,1.0
1382,1894,1.0
1382,615,1.0
1382,1000,1.0
1382,1769,1.0
1382,2214,1.0
1382,2343,1.0
1382,3112,1.0
1382,3497,1.0
1382,2918,1.0
1382,3687,1.0
1382,4072,1.0
1382,2793,1.0
1383,1319,1.0
1383,40,1.0
1383,425,1.0
1383,1194,1.0
1383,1639,1.0
1383,2024,1.0
1383,745,1.0
1383,874,1.0
1383,2343,1.0
1383,3112,1.0
1383,3497,1.0
1383,2218,1.0
1383,2663,1.0
1383,3048,1.0
1383,3817,1.0
1383,3946,1.0
1384,40,1.0
1384,425,1.0
1384,1194,1.0
1384,1323,1.0
1384,1000,1.0
1384,1769,1.0
1384,1898,1.0
1384,619,1.0
1384,3112,1.0
1384,3497,1.0
1384,2218,1.0
1384,2347,1.0
1384,4072,1.0
1384,2793,1.0
1384,2922,1.0
1384,3691,1.0
1385,425,1.0
1385,1194,1.0
1385,1323,1.0
1385,44,1.0
1385,745,1.0
1385,874,1.0
1385,1643,1.0
1385,2028,1.0
1385,3497,1.0
1385,2218,1.0
1385,2347,1.0
1385,3116,1.0
1385,3817,1.0
1385,3946,1.0
1385,2667,1.0
1385,3052,1.0
1386,1194,1.0
1386,1323,1.0
1386,44,1.0
1386,429,1.0
1386,1898,1.0
1386,619,1.0
1386,1004,1.0
1386,1773,1.0
1386,2218,1.0
1386,2347,1.0
1386,3116,1.0
1386,3501,1.0
1386,2922,1.0
1386,3691,1.0
1386,4076,1.0
1386,2797,1.0
1387,1323,1.0
1387,44,1.0
1387,429,1.0
1387,1198,1.0
1387,1643,1.0
1387,2028,1.0
1387,749,1.0
1387,878,1.0
1387,2347,1.0
1387,3116,1.0
1387,3501,1.0
1387,2222,1.0
1387,2667,1.0
1387,3052,1.0
1387,3821,1.0
1387,3950,1.0
1388,44,1.0
1388,429,1.0
1388,1198,1.0
1388,1327,1.0
1388,1004,1.0
1388,1773,1.0
1388,1902,1.0
1388,623,1.0
1388,3116,1.0
1388,3501,1.0
1388,2222,1.0
1388,2351,1.0
1388,4076,1.0
1388,2797,1.0
1388,2926,1.0
1388,3695,1.0
1389,429,1.0
1389,1198,1.0
1389,1327,1.0
1389,48,1.0
1389,749,1.0
1389,878,1.0
1389,1647,1.0
1389,2032,1.0
1389,3501,1.0
1389,2222,1.0
1389,2351,1.0
1389,3120,1.0
1389,3821,1.0
1389,3950,1.0
1389,2671,1.0
1389,3056,1.0
1390,1198,1.0
1390,1327,1.0
1390,48,1.0
1390,433,1.0
1390,1902,1.0
1390,623,1.0
1390,1008,1.0
1390,1777,1.0
1390,2222,1.0
1390,2351,1.0
1390,3120,1.0
1390,3505,1.0
1390,2926,1.0
1390,3695,1.0
1390,4080,1.0
1390,2801,1.0
1391,1327,1.0
1391,48,1.0
1391,433,1.0
1391,1202,1.0
1391,1647,1.0
1391,2032,1.0
1391,753,1.0
1391,882,1.0
1391,2351,1.0
1391,3120,1.0
1391,3505,1.0
1391,2226,1.0
1391,2671,1.0
1391,3056,1.0
1391,3825,1.0
1391,3954,1.0
1392,48,1.0
1392,433,1.0
1392,1202,1.0
1392,1331,1.0
1392,1008,1.0
1392,1777,1.0
1392,1906,1.0
1392,627,1.0
1392,3120,1.0
1392,3505,1.0
1392,2226,1.0
1392,2355,1.0
1392,4080,1.0
1392,2801,1.0
1392,2930,1.0
1392,3699,1.0
1393,433,1.0
1393,1202,1.0
1393,1331,1.0
1393,52,1.0
1393,753,1.0
1393,882,1.0
1393,1651,1.0
1393,2036,1.0
1393,3505,1.0
1393,2226,1.0
1393,2355,1.0
1393,3124,1.0
1393,3825,1.0
1393,3954,1.0
1393,2675,1.0
1393,3060,1.0
1394,1202,1.0
1394,1331,1.0
1394,52,1.0
1394,437,1.0
1394,1906,1.0
1394,627,1.0
1394,1012,1.0
1394,1781,1.0
1394,2226,1.0
1394,2355,1.0
1394,3124,1.0
1394,3509,1.0
1394,2930,1.0
1394,3699,1.0
1394,4084,1.0
1394,2805,1.0
1395,1331,1.0
1395,52,1.0
1395,437,1.0
1395,1206,1.0
1395,1651,1.0
1395,2036,1.0
1395,757,1.0
1395,886,1.0
1395,2355,1.0
1395,3124,1.0
1395,3509,1.0
1395,2230,1.0
1395,2675,1.0
1395,3060,1.0
1395,3829,1.0
1395,3958,1.0
1396,52,1.0
1396,437,1.0
1396,1206,1.0
1396,1335,1.0
1396,1012,1.0
1396,1781,1.0
1396,1910,1.0
1396,631,1.0
1396,3124,1.0
1396,3509,1.0
1396,2230,1.0
1396,2359,1.0
1396,4084,1.0
1396,2805,1.0
1396,2934,1.0
1396,3703,1.0
1397,437,1.0
1397,1206,1.0
1397,1335,1.0
1397,56,1.0
1397,757,1.0
1397,886,1.0
1397,1655,1.0
1397,2040,1.0
1397,3509,1.0
1397,2230,1.0
1397,2359,1.0
1397,3128,1.0
1397,3829,1.0
1397,3958,1.0
1397,2679,1.0
1397,3064,1.0
1398,1206,1.0
1398,1335,1.0
1398,56,1.0
1398,441,1.0
1398,1910,1.0
1398,631,1.0
1398,1016,1.0
1398,1785,1.0
1398,2230,1.0
1398,2359,1.0
1398,3128,1.0
1398,3513,1.0
1398,2934,1.0
1398,3703,1.0
1398,4088,1.0
1398,2809,1.0
1399,1335,1.0
1399,56,1.0
1399,441,1.0
1399,1210,1.0
1399,1655,1.0
1399,2040,1.0
1399,761,1.0
1399,890,1.0
1399,2359,1.0
1399,3128,1.0
1399,3513,1.0
1399,2234,1.0
1399,2679,1.0
1399,3064,1.0
1399,3833,1.0
1399,3962,1.0
1400,56,1.0
1400,441,1.0
1400,1210,1.0
1400,1339,1.0
1400,1016,1.0
1400,1785,1.0
1400,1914,1.0
1400,635,1.0
1400,3128,1.0
1400,3513,1.0
1400,2234,1.0
1400,2363,1.0
1400,4088,1.0
1400,2809,1.0
1400,2938,1.0
1400,3707,1.0
1401,441,1.0
1401,1210,1.0
1401,1339,1.0
1401,60,1.0
1401,761,1.0
1401,890,1.0
1401,1659,1.0
1401,2044,1.0
1401,3513,1.0
1401,2234,1.0
1401,2363,1.0
1401,3132,1.0
1401,3833,1.0
1401,3962,1.0
1401,2683,1.0
1401,3068,1.0
1402,1210,1.0
1402,1339,1.0
1402,60,1.0
1402,445,1.0
1402,1914,1.0
1402,635,1.0
1402,1020,1.0
1402,1789,1.0
1402,2234,1.0
1402,2363,1.0
1402,3132,1.0
1402,3517,1.0
1402,2938,1.0
1402,3707,1.0
1402,4092,1.0
1402,2813,1.0
1403,1339,1.0
1403,60,1.0
1403,445,1.0
1403,1214,1.0
1403,1659,1.0
1403,2044,1.0
1403,765,1.0
1403,894,1.0
1403,2363,1.0
1403,3132,1.0
1403,3517,1.0
1403,2238,1.0
1403,2683,1.0
1403,3068,1.0
1403,3837,1.0
1403,3966,1.0
1404,60,1.0
1404,445,1.0
1404,1214,1.0
1404,1343,1.0
1404,1020,1.0
1404,1789,1.0
1404,1918,1.0
1404,639,1.0
1404,3132,1.0
1404,3517,1.0
1404,2238,1.0
1404,2367,1.0
1404,4092,1.0
1404,2813,1.0
1404,2942,1.0
1404,3711,1.0
1405,445,1.0
1405,1214,1.0
1405,1343,1.0
1405,0,1.0
1405,765,1.0
1405,894,1.0
1405,1663,1.0
1405,1984,1.0
1405,3517,1.0
1405,2238,1.0
1405,2367,1.0
1405,3072,1.0
1405,3837,1.0
1405,3966,1.0
1405,2687,1.0
1405,3008,1.0
1406,1214,1.0
1406,1343,1.0
1406,0,1.0
1406,385,1.0
1406,1918,1.0
1406,639,1.0
1406,960,1.0
1406,1729,1.0
1406,2238,1.0
1406,2367,1.0
1406,3072,1.0
1406,3457,1.0
1406,2942,1.0
1406,3711,1.0
1406,4032,1.0
1406,2753,1.0
1407,1343,1.0
1407,0,1.0
1407,385,1.0
1407,1154,1.0
1407,1663,1.0
1407,1984,1.0
1407,705,1.0
1407,834,1.0
1407,2367,1.0
1407,3072,1.0
1407,3457,1.0
1407,2178,1.0
1407,2687,1.0
1407,3008,1.0
1407,3777,1.0
1407,3906,1.0
1408,0,1.0
1408,385,1.0
1408,1154,1.0
1408,1283,1.0
1408,960,1.0
1408,1729,1.0
1408,1858,1.0
1408,579,1.0
1408,3072,1.0
1408,3457,1.0
1408,2178,1.0
1408,2307,1.0
1408,4032,1.0
1408,2753,1.0
1408,2882,1.0
1408,3651,1.0
1409,385,1.0
1409,1154,1.0
1409,1283,1.0
1409,4,1.0
1409,705,1.0
1409,834,1.0
1409,1603,1.0
1409,1988,1.0
1409,3457,1.0
1409,2178,1.0
1409,2307,1.0
1409,3076,1.0
1409,3777,1.0
1409,3906,1.0
1409,2627,1.0
1409,3012,1.0
1410,1154,1.0
1410,1283,1.0
1410,4,1.0
1410,389,1.0
1410,1858,1.0
1410,579,1.0
1410,964,1.0
1410,1733,1.0
1410,2178,1.0
1410,2307,1.0
1410,3076,1.0
1410,3461,1.0
1410,2882,1.0
1410,3651,1.0
1410,4036,1.0
1410,2757,1.0
1411,1283,1.0
1411,4,1.0
1411,389,1.0
1411,1158,1.0
1411,1603,1.0
1411,1988,1.0
1411,709,1.0
1411,838,1.0
1411,2307,1.0
1411,3076,1.0
1411,3461,1.0
1411,2182,1.0
1411,2627,1.0
1411,3012,1.0
1411,3781,1.0
1411,3910,1.0
1412,4,1.0
1412,389,1.0
1412,1158,1.0
1412,1287,1.0
1412,964,1.0
1412,1733,1.0
1412,1862,1.0
1412,583,1.0
1412,3076,1.0
1412,3461,1.0
1412,2182,1.0
1412,2311,1.0
1412,4036,1.0
1412,2757,1.0
1412,2886,1.0
1412,3655,1.0
1413,389,1.0
1413,1158,1.0
1413,1287,1.0
1413,8,1.0
1413,709,1.0
1413,838,1.0
1413,1607,1.0
1413,1992,1.0
1413,3461,1.0
1413,2182,1.0
1413,2311,1.0
1413,3080,1.0
1413,3781,1.0
1413,3910,1.0
1413,2631,1.0
1413,3016,1.0
1414,1158,1.0
1414,1287,1.0
1414,8,1.0
1414,393,1.0
1414,1862,1.0
1414,583,1.0
1414,968,1.0
1414,1737,1.0
1414,2182,1.0
1414,2311,1.0
1414,3080,1.0
1414,3465,1.0
1414,2886,1.0
1414,3655,1.0
1414,4040,1.0
1414,2761,1.0
1415,1287,1.0
1415,8,1.0
1415,393,1.0
1415,1162,1.0
1415,1607,1.0
1415,1992,1.0
1415,713,1.0
1415,842,1.0
1415,2311,1.0
1415,3080,1.0
1415,3465,1.0
1415,2186,1.0
1415,2631,1.0
1415,3016,1.0
1415,3785,1.0
1415,3914,1.0
1416,8,1.0
1416,393,1.0
1416,1162,1.0
1416,1291,1.0
1416,968,1.0
1416,1737,1.0
1416,1866,1.0
1416,587,1.0
1416,3080,1.0
1416,3465,1.0
1416,2186,1.0
1416,2315,1.0
1416,4040,1.0
1416,2761,1.0
1416,2890,1.0
1416,3659,1.0
1417,393,1.0
1417,1162,1.0
1417,1291,1.0
1417,12,1.0
1417,713,1.0
1417,842,1.0
1417,1611,1.0
1417,1996,1.0
1417,3465,1.0
1417,2186,1.0
1417,2315,1.0
1417,3084,1.0
1417,3785,1.0
1417,3914,1.0
1417,2635,1.0
1417,3020,1.0
1418,1162,1.0
1418,1291,1.0
1418,12,1.0
1418,397,1.0
1418,1866,1.0
1418,587,1.0
1418,972,1.0
1418,1741,1.0
1418,2186,1.0
1418,2315,1.0
1418,3084,1.0
1418,3469,1.0
1418,2890,1.0
1418,3659,1.0
1418,4044,1.0
1418,2765,1.0
1419,1291,1.0
1419,12,1.0
1419,397,1.0
1419,1166,1.0
1419,1611,1.0
1419,1996,1.0
1419,717,1.0
1419,846,1.0
1419,2315,1.0
1419,3084,1.0
1419,3469,1.0
1419,2190,1.0
1419,2635,1.0
1419,3020,1.0
1419,3789,1.0
1419,3918,1.0
1420,12,1.0
1420,397,1.0
1420,1166,1.0
1420,1295,1.0
1420,972,1.0
1420,1741,1.0
1420,1870,1.0
1420,591,1.0
1420,3084,1.0
1420,3469,1.0
1420,2190,1.0
1420,2319,1.0
1420,4044,1.0
1420,2765,1.0
1420,2894,1.0
1420,3663,1.0
1421,397,1.0
1421,1166,1.0
1421,1295,1.0
1421,16,1.0
1421,717,1.0
1421,846,1.0
1421,1615,1.0
1421,2000,1.0
1421,3469,1.0
1421,2190,1.0
1421,2319,1.0
1421,3088,1.0
1421,3789,1.0
1421,3918,1.0
1421,2639,1.0
1421,3024,1.0
1422,1166,1.0
1422,1295,1.0
1422,16,1.0
1422,401,1.0
1422,1870,1.0
1422,591,1.0
1422,976,1.0
1422,1745,1.0
1422,2190,1.0
1422,2319,1.0
1422,3088,1.0
1422,3473,1.0
1422,2894,1.0
1422,3663,1.0
1422,4048,1.0
1422,2769,1.0
1423,1295,1.0
1423,16,1.0
1423,401,1.0
1423,1170,1.0
1423,1615,1.0
1423,2000,1.0
1423,721,1.0
1423,850,1.0
1423,2319,1.0
1423,3088,1.0
1423,3473,1.0
1423,2194,1.0
1423,2639,1.0
1423,3024,1.0
1423,3793,1.0
1423,3922,1.0
1424,16,1.0
1424,401,1.0
1424,1170,1.0
1424,1299,1.0
1424,976,1.0
1424,1745,1.0
1424,1874,1.0
1424,595,1.0
1424,3088,1.0
1424,3473,1.0
1424,2194,1.0
1424,2323,1.0
1424,4048,1.0
1424,2769,1.0
1424,2898,1.0
1424,3667,1.0
1425,401,1.0
1425,1170,1.0
1425,1299,1.0
1425,20,1.0
1425,721,1.0
1425,850,1.0
1425,1619,1.0
1425,2004,1.0
1425,3473,1.0
1425,2194,1.0
1425,2323,1.0
1425,3092,1.0
1425,3793,1.0
1425,3922,1.0
1425,2643,1.0
1425,3028,1.0
1426,1170,1.0
1426,1299,1.0
1426,20,1.0
1426,405,1.0
1426,1874,1.0
1426,595,1.0
1426,980,1.0
1426,1749,1.0
1426,2194,1.0
1426,2323,1.0
1426,3092,1.0
1426,3477,1.0
1426,2898,1.0
1426,3667,1.0
1426,4052,1.0
1426,2773,1.0
1427,1299,1.0
1427,20,1.0
1427,405,1.0
1427,1174,1.0
1427,1619,1.0
1427,2004,1.0
1427,725,1.0
1427,854,1.0
1427,2323,1.0
1427,3092,1.0
1427,3477,1.0
1427,2198,1.0
1427,2643,1.0
1427,3028,1.0
1427,3797,1.0
1427,3926,1.0
1428,20,1.0
1428,405,1.0
1428,1174,1.0
1428,1303,1.0
1428,980,1.0
1428,1749,1.0
1428,1878,1.0
1428,599,1.0
1428,3092,1.0
1428,3477,1.0
1428,2198,1.0
1428,2327,1.0
1428,4052,1.0
1428,2773,1.0
1428,2902,1.0
1428,3671,1.0
1429,405,1.0
1429,1174,1.0
1429,1303,1.0
1429,24,1.0
1429,725,1.0
1429,854,1.0
1429,1623,1.0
1429,2008,1.0
1429,3477,1.0
1429,2198,1.0
1429,2327,1.0
1429,3096,1.0
1429,3797,1.0
1429,3926,1.0
1429,2647,1.0
1429,3032,1.0
1430,1174,1.0
1430,1303,1.0
1430,24,1.0
1430,409,1.0
1430,1878,1.0
1430,599,1.0
1430,984,1.0
1430,1753,1.0
1430,2198,1.0
1430,2327,1.0
1430,3096,1.0
1430,3481,1.0
1430,2902,1.0
1430,3671,1.0
1430,4056,1.0
1430,2777,1.0
1431,1303,1.0
1431,24,1.0
1431,409,1.0
1431,1178,1.0
1431,1623,1.0
1431,2008,1.0
1431,729,1.0
1431,858,1.0
1431,2327,1.0
1431,3096,1.0
1431,3481,1.0
1431,2202,1.0
1431,2647,1.0
1431,3032,1.0
1431,3801,1.0
1431,3930,1.0
1432,24,1.0
1432,409,1.0
1432,1178,1.0
1432,1307,1.0
1432,984,1.0
1432,1753,1.0
1432,1882,1.0
1432,603,1.0
1432,3096,1.0
1432,3481,1.0
1432,2202,1.0
1432,2331,1.0
1432,4056,1.0
1432,2777,1.0
1432,2906,1.0
1432,3675,1.0
1433,409,1.0
1433,1178,1.0
1433,1307,1.0
1433,28,1.0
1433,729,1.0
1433,858,1.0
1433,1627,1.0
1433,2012,1.0
1433,3481,1.0
1433,2202,1.0
1433,2331,1.0
1433,3100,1.0
1433,3801,1.0
1433,3930,1.0
1433,2651,1.0
1433,3036,1.0
1434,1178,1.0
1434,1307,1.0
1434,28,1.0
1434,413,1.0
1434,1882,1.0
1434,603,1.0
1434,988,1.0
1434,1757,1.0
1434,2202,1.0
1434,2331,1.0
1434,3100,1.0
1434,3485,1.0
1434,2906,1.0
1434,3675,1.0
1434,4060,1.0
1434,2781,1.0
1435,1307,1.0
1435,28,1.0
1435,413,1.0
1435,1182,1.0
1435,1627,1.0
1435,2012,1.0
1435,733,1.0
1435,862,1.0
1435,2331,1.0
1435,3100,1.0
1435,3485,1.0
1435,2206,1.0
1435,2651,1.0
1435,3036,1.0
1435,3805,1.0
1435,3934,1.0
1436,28,1.0
1436,413,1.0
1436,1182,1.0
1436,1311,1.0
1436,988,1.0
1436,1757,1.0
1436,1886,1.0
1436,607,1.0
1436,3100,1.0
1436,3485,1.0
1436,2206,1.0
1436,2335,1.0
1436,4060,1.0
1436,2781,1.0
1436,2910,1.0
1436,3679,1.0
1437,413,1.0
1437,1182,1.0
1437,1311,1.0
1437,32,1.0
1437,733,1.0
1437,862,1.0
1437,1631,1.0
1437,2016,1.0
1437,3485,1.0
1437,2206,1.0
1437,2335,1.0
1437,3104,1.0
1437,3805,1.0
1437,3934,1.0
1437,2655,1.0
1437,3040,1.0
1438,1182,1.0
1438,1311,1.0
1438,32,1.0
1438,417,1.0
1438,1886,1.0
1438,607,1.0
1438,992,1.0
1438,1761,1.0
1438,2206,1.0
1438,2335,1.0
1438,3104,1.0
1438,3489,1.0
1438,2910,1.0
1438,3679,1.0
1438,4064,1.0
1438,2785,1.0
1439,1311,1.0
1439,32,1.0
1439,417,1.0
1439,1186,1.0
1439,1631,1.0
1439,2016,1.0
1439,737,1.0
1439,866,1.0
1439,2335,1.0
1439,3104,1.0
1439,3489,1.0
1439,2210,1.0
1439,2655,1.0
1439,3040,1.0
1439,3809,1.0
1439,3938,1.0
1440,32,1.0
1440,417,1.0
1440,1186,1.0
1440,1315,1.0
1440,992,1.0
1440,1761,1.0
1440,1890,1.0
1440,611,1.0
1440,3104,1.0
1440,3489,1.0
1440,2210,1.0
1440,2339,1.0
1440,4064,1.0
1440,2785,1.0
1440,2914,1.0
1440,3683,1.0
1441,417,1.0
1441,1186,1.0
1441,1315,1.0
1441,36,1.0
1441,737,1.0
1441,866,1.0
1441,1635,1.0
1441,2020,1.0
1441,3489,1.0
1441,2210,1.0
1441,2339,1.0
1441,3108,1.0
1441,3809,1.0
1441,3938,1.0
1441,2659,1.0
1441,3044,1.0
1442,1186,1.0
1442,1315,1.0
1442,36,1.0
1442,421,1.0
1442,1890,1.0
1442,611,1.0
1442,996,1.0
1442,1765,1.0
1442,2210,1.0
1442,2339,1.0
1442,3108,1.0
1442,3493,1.0
1442,2914,1.0
1442,3683,1.0
1442,4068,1.0
1442,2789,1.0
1443,1315,1.0
1443,36,1.0
1443,421,1.0
1443,1190,1.0
1443,1635,1.0
1443,2020,1.0
1443,741,1.0
1443,870,1.0
1443,2339,1.0
1443,3108,1.0
1443,3493,1.0
1443,2214,1.0
1443,2659,1.0
1443,3044,1.0
1443,3813,1.0
1443,3942,1.0
1444,36,1.0
1444,421,1.0
1444,1190,1.0
1444,1319,1.0
1444,996,1.0
1444,1765,1.0
1444,1894,1.0
1444,615,1.0
1444,3108,1.0
1444,3493,1.0
1444,2214,1.0
1444,2343,1.0
1444,4068,1.0
1444,2789,1.0
1444,2918,1.0
1444,3687,1.0
1445,421,1.0
1445,1190,1.0
1445,1319,1.0
1445,40,1.0
1445,741,1.0
1445,870,1.0
1445,1639,1.0
1445,2024,1.0
1445,3493,1.0
1445,2214,1.0
1445,2343,1.0
1445,3112,1.0
1445,3813,1.0
1445,3942,1.0
1445,2663,1.0
1445,3048,1.0
1446,1190,1.0
1446,1319,1.0
1446,40,1.0
1446,425,1.0
1446,1894,1.0
1446,615,1.0
1446,1000,1.0
1446,1769,1.0
1446,2214,1.0
1446,2343,1.0
1446,3112,1.0
1446,3497,1.0
1446,2918,1.0
1446,3687,1.0
1446,4072,1.0
1446,2793,1.0
1447,1319,1.0
1447,40,1.0
1447,425,1.0
1447,1194,1.0
1447,1639,1.0
1447,2024,1.0
1447,745,1.0
1447,874,1.0
1447,2343,1.0
1447,3112,1.0
1447,3497,1.0
1447,2218,1.0
1447,2663,1.0
1447,3048,1.0
1447,3817,1.0
1447,3946,1.0
1448,40,1.0
1448,425,1.0
1448,1194,1.0
1448,1323,1.0
1448,1000,1.0
1448,1769,1.0
1448,1898,1.0
1448,619,1.0
1448,3112,1.0
1448,3497,1.0
1448,2218,1.0
1448,2347,1.0
1448,4072,1.0
1448,2793,1.0
1448,2922,1.0
1448,3691,1.0
1449,425,1.0
1449,1194,1.0
1449,1323,1.0
1449,44,1.0
1449,745,1.0
1449,874,1.0
1449,1643,1.0
1449,2028,1.0
1449,3497,1.0
1449,2218,1.0
1449,2347,1.0
1449,3116,1.0
1449,3817,1.0
1449,3946,1.0
1449,2667,1.0
1449,3052,1.0
1450,1194,1.0
1450,1323,1.0
1450,44,1.0
1450,429,1.0
1450,1898,1.0
1450,619,1.0
1450,1004,1.0
1450,1773,1.0
1450,2218,1.0
1450,2347,1.0
1450,3116,1.0
1450,3501,1.0
1450,2922,1.0
1450,3691,1.0
1450,4076,1.0
1450,2797,1.0
1451,1323,1.0
1451,44,1.0
1451,429,1.0
1451,1198,1.0
1451,1643,1.0
1451,2028,1.0
1451,749,1.0
1451,878,1.0
1451,2347,1.0
1451,3116,1.0
1451,3501,1.0
1451,2222,1.0
1451,2667,1.0
1451,3052,1.0
1451,3821,1.0
1451,3950,1.0
1452,44,1.0
1452,429,1.0
1452,1198,1.0
1452,1327,1.0
1452,1004,1.0
1452,1773,1.0
1452,1902,1.0
1452,623,1.0
1452,3116,1.0
1452,3501,1.0
1452,2222,1.0
1452,2351,1.0
1452,4076,1.0
1452,2797,1.0
1452,2926,1.0
1452,3695,1.0
1453,429,1.0
1453,1198,1.0
1453,1327,1.0
1453,48,1.0
1453,749,1.0
1453,878,1.0
1453,1647,1.0
1453,2032,1.0
1453,3501,1.0
1453,2222,1.0
1453,2351,1.0
1453,3120,1.0
1453,3821,1.0
1453,3950,1.0
1453,2671,1.0
1453,3056,1.0
1454,1198,1.0
1454,1327,1.0
1454,48,1.0
1454,433,1.0
1454,1902,1.0
1454,623,1.0
1454,1008,1.0
1454,1777,1.0
1454,2222,1.0
1454,2351,1.0
1454,3120,1.0
1454,3505,1.0
1454,2926,1.0
1454,3695,1.0
1454,4080,1.0
1454,2801,1.0
1455,1327,1.0
1455,48,1.0
1455,433,1.0
1455,1202,1.0
1455,1647,1.0
1455,2032,1.0
1455,753,1.0
1455,882,1.0
1455,2351,1.0
1455,3120,1.0
1455,3505,1.0
1455,2226,1.0
1455,2671,1.0
1455,3056,1.0
1455,3825,1.0
1455,3954,1.0
1456,48,1.0
1456,433,1.0
1456,1202,1.0
1456,1331,1.0
1456,1008,1.0
1456,1777,1.0
1456,1906,1.0
1456,627,1.0
1456,3120,1.0
1456,3505,1.0
1456,2226,1.0
1456,2355,1.0
1456,4080,1.0
1456,2801,1.0
1456,2930,1.0
1456,3699,1.0
1457,433,1.0
1457,1202,1.0
1457,1331,1.0
1457,52,1.0
1457,753,1.0
1457,882,1.0
1457,1651,1.0
1457,2036,1.0
1457,3505,1.0
1457,2226,1.0
1457,2355,1.0
1457,3124,1.0
1457,3825,1.0
1457,3954,1.0
1457,2675,1.0
1457,3060,1.0
1458,1202,1.0
1458,1331,1.0
1458,52,1.0
1458,437,1.0
1458,1906,1.0
1458,627,1.0
1458,1012,1.0
1458,1781,1.0
1458,2226,1.0
1458,2355,1.0
1458,3124,1.0
1458,3509,1.0
1458,2930,1.0
1458,3699,1.0
1458,4084,1.0
1458,2805,1.0
1459,1331,1.0
1459,52,1.0
1459,437,1.0
1459,1206,1.0
1459,1651,1.0
1459,2036,1.0
1459,757,1.0
1459,886,1.0
1459,2355,1.0
1459,3124,1.0
1459,3509,1.0
1459,2230,1.0
1459,2675,1.0
1459,3060,1.0
1459,3829,1.0
1459,3958,1.0
1460,52,1.0
1460,437,1.0
1460,1206,1.0
1460,1335,1.0
1460,1012,1.0
1460,1781,1.0
1460,1910,1.0
1460,631,1.0
1460,3124,1.0
1460,3509,1.0
1460,2230,1.0
1460,2359,1.0
1460,4084,1.0
1460,2805,1.0
1460,2934,1.0
1460,3703,1.0
1461,437,1.0
1461,1206,1.0
1461,1335,1.0
1461,56,1.0
1461,757,1.0
1461,886,1.0
1461,1655,1.0
1461,2040,1.0
1461,3509,1.0
1461,2230,1.0
1461,2359,1.0
1461,3128,1.0
1461,3829,1.0
1461,3958,1.0
1461,2679,1.0
1461,3064,1.0
1462,1206,1.0
1462,1335,1.0
1462,56,1.0
1462,441,1.0
1462,1910,1.0
1462,631,1.0
1462,1016,1.0
1462,1785,1.0
1462,2230,1.0
1462,2359,1.0
1462,3128,1.0
1462,3513,1.0
1462,2934,1.0
1462,3703,1.0
1462,4088,1.0
1462,2809,1.0
1463,1335,1.0
1463,56,1.0
1463,441,1.0
1463,1210,1.0
1463,1655,1.0
1463,2040,1.0
1463,761,1.0
1463,890,1.0
1463,2359,1.0
1463,3128,1.0
1463,3513,1.0
1463,2234,1.0
1463,2679,1.0
1463,3064,1.0
1463,3833,1.0
1463,3962,1.0
1464,56,1.0
1464,441,1.0
1464,1210,1.0
1464,1339,1.0
1464,1016,1.0
1464,1785,1.0
1464,1914,1.0
1464,635,1.0
1464,3128,1.0
1464,3513,1.0
1464,2234,1.0
1464,2363,1.0
1464,4088,1.0
1464,2809,1.0
1464,2938,1.0
1464,3707,1.0
1465,441,1.0
1465,1210,1.0
1465,1339,1.0
1465,60,1.0
1465,761,1.0
1465,890,1.0
1465,1659,1.0
1465,2044,1.0
1465,3513,1.0
1465,2234,1.0
1465,2363,1.0
1465,3132,1.0
1465,3833,1.0
1465,3962,1.0
1465,2683,1.0
1465,3068,1.0
1466,1210,1.0
1466,1339,1.0
1466,60,1.0
1466,445,1.0
1466,1914,1.0
1466,635,1.0
1466,1020,1.0
1466,1789,1.0
1466,2234,1.0
1466,2363,1.0
1466,3132,1.0
1466,3517,1.0
1466,2938,1.0
1466,3707,1.0
1466,4092,1.0
1466,2813,1.0
1467,1339,1.0
1467,60,1.0
1467,445,1.0
1467,1214,1.0
1467,1659,1.0
1467,2044,1.0
1467,765,1.0
1467,894,1.0
1467,2363,1.0
1467,3132,1.0
1467,3517,1.0
1467,2238,1.0
1467,2683,1.0
1467,3068,1.0
1467,3837,1.0
1467,3966,1.0
1468,60,1.0
1468,445,1.0
1468,1214,1.0
1468,1343,1.0
1468,1020,1.0
1468,1789,1.0
1468,1918,1.0
1468,639,1.0
1468,3132,1.0
1468,3517,1.0
1468,2238,1.0
1468,2367,1.0
1468,4092,1.0
1468,2813,1.0
1468,2942,1.0
1468,3711,1.0
1469,445,1.0
1469,1214,1.0
1469,1343,1.0
1469,0,1.0
1469,765,1.0
1469,894,1.0
1469,1663,1.0
1469,1984,1.0
1469,3517,1.0
1469,2238,1.0
1469,2367,1.0
1469,3072,1.0
1469,3837,1.0
1469,3966,1.0
1469,2687,1.0
1469,3008,1.0
1470,1214,1.0
1470,1343,1.0
1470,0,1.0
1470,385,1.0
1470,1918,1.0
1470,639,1.0
1470,960,1.0
1470,1729,1.0
1470,2238,1.0
1470,2367,1.0
1470,3072,1.0
1470,3457,1.0
1470,2942,1.0
1470,3711,1.0
1470,4032,1.0
1470,2753,1.0
1471,1343,1.0
1471,0,1.0
1471,385,1.0
1471,1154,1.0
1471,1663,1.0
1471,1984,1.0
1471,705,1.0
1471,834,1.0
1471,2367,1.0
1471,3072,1.0
1471,3457,1.0
1471,2178,1.0
1471,2687,1.0
1471,3008,1.0
1471,3777,1.0
1471,3906,1.0
1472,0,1.0
1472,385,1.0
1472,1154,1.0
1472,1283,1.0
1472,960,1.0
1472,1729,1.0
1472,1858,1.0
1472,579,1.0
1472,3072,1.0
1472,3457,1.0
1472,2178,1.0
1472,2307,1.0
1472,4032,1.0
1472,2753,1.0
1472,2882,1.0
1472,3651,1.0
1473,385,1.0
1473,1154,1.0
1473,1283,1.0
1473,4,1.0
1473,705,1.0
1473,834,1.0
1473,1603,1.0
1473,1988,1.0
1473,3457,1.0
1473,2178,1.0
1473,2307,1.0
1473,3076,1.0
1473,3777,1.0
1473,3906,1.0
1473,2627,1.0
1473,3012,1.0
1474,1154,1.0
1474,1283,1.0
1474,4,1.0
1474,389,1.0
1474,1858,1.0
1474,579,1.0
1474,964,1.0
1474,1733,1.0
1474,2178,1.0
1474,2307,1.0
1474,3076,1.0
1474,3461,1.0
1474,2882,1.0
1474,3651,1.0
1474,4036,1.0
1474,2757,1.0
1475,1283,1.0
1475,4,1.0
1475,389,1.0
1475,1158,1.0
1475,1603,1.0
1475,1988,1.0
1475,709,1.0
1475,838,1.0
1475,2307,1.0
1475,3076,1.0
1475,3461,1.0
1475,2182,1.0
1475,2627,1.0
1475,3012,1.0
1475,3781,1.0
1475,3910,1.0
1476,4,1.0
1476,389,1.0
1476,1158,1.0
1476,1287,1.0
1476,964,1.0
1476,1733,1.0
1476,1862,1.0
1476,583,1.0
1476,3076,1.0
1476,3461,1.0
1476,2182,1.0
1476,2311,1.0
1476,4036,1.0
1476,2757,1.0
1476,2886,1.0
1476,3655,1.0
1477,389,1.0
1477,1158,1.0
1477,1287,1.0
1477,8,1.0
1477,709,1.0
1477,838,1.0
1477,1607,1.0
1477,1992,1.0
1477,3461,1.0
1477,2182,1.0
1477,2311,1.0
1477,3080,1.0
1477,3781,1.0
1477,3910,1.0
1477,2631,1.0
1477,3016,1.0
1478,1158,1.0
1478,1287,1.0
1478,8,1.0
1478,393,1.0
1478,1862,1.0
1478,583,1.0
1478,968,1.0
1478,1737,1.0
1478,2182,1.0
1478,2311,1.0
1478,3080,1.0
1478,3465,1.0
1478,2886,1.0
1478,3655,1.0
1478,4040,1.0
1478,2761,1.0
1479,1287,1.0
1479,8,1.0
1479,393,1.0
1479,1162,1.0
1479,1607,1.0
1479,1992,1.0
1479,713,1.0
1479,842,1.0
1479,2311,1.0
1479,3080,1.0
1479,3465,1.0
1479,2186,1.0
1479,2631,1.0
1479,3016,1.0
1479,3785,1.0
1479,3914,1.0
1480,8,1.0
1480,393,1.0
1480,1162,1.0
1480,1291,1.0
1480,968,1.0
1480,1737,1.0
1480,1866,1.0
1480,587,1.0
1480,3080,1.0
1480,3465,1.0
1480,2186,1.0
1480,2315,1.0
1480,4040,1.0
1480,2761,1.0
1480,2890,1.0
1480,3659,1.0
1481,393,1.0
1481,1162,1.0
1481,1291,1.0
1481,12,1.0
1481,713,1.0
1481,842,1.0
1481,1611,1.0
1481,1996,1.0
1481,3465,1.0
1481,2186,1.0
1481,2315,1.0
1481,3084,1.0
1481,3785,1.0
1481,3914,1.0
1481,2635,1.0
1481,3020,1.0
1482,1162,1.0
1482,1291,1.0
1482,12,1.0
1482,397,1.0
1482,1866,1.0
1482,587,1.0
1482,972,1.0
1482,1741,1.0
1482,2186,1.0
1482,2315,1.0
1482,3084,1.0
1482,3469,1.0
1482,2890,1.0
1482,3659,1.0
1482,4044,1.0
1482,2765,1.0
1483,1291,1.0
1483,12,1.0
1483,397,1.0
1483,1166,1.0
1483,1611,1.0
1483,1996,1.0
1483,717,1.0
1483,846,1.0
1483,2315,1.0
1483,3084,1.0
1483,3469,1.0
1483,2190,1.0
1483,2635,1.0
1483,3020,1.0
1483,3789,1.0
1483,3918,1.0
1484,12,1.0
1484,397,1.0
1484,1166,1.0
1484,1295,1.0
1484,972,1.0
1484,1741,1.0
1484,1870,1.0
1484,591,1.0
1484,3084,1.0
1484,3469,1.0
1484,2190,1.0
1484,2319,1.0
1484,4044,1.0
1484,2765,1.0
1484,2894,1.0
1484,3663,1.0
1485,397,1.0
1485,1166,1.0
1485,1295,1.0
1485,16,1.0
1485,717,1.0
1485,846,1.0
1485,1615,1.0
1485,2000,1.0
1485,3469,1.0
1485,2190,1.0
1485,2319,1.0
1485,3088,1.0
1485,3789,1.0
1485,3918,1.0
1485,2639,1.0
1485,3024,1.0
1486,1166,1.0
1486,1295,1.0
1486,16,1.0
1486,401,1.0
1486,1870,1.0
1486,591,1.0
1486,976,1.0
1486,1745,1.0
1486,2190,1.0
1486,2319,1.0
1486,3088,1.0
1486,3473,1.0
1486,2894,1.0
1486,3663,1.0
1486,4048,1.0
1486,2769,1.0
1487,1295,1.0
1487,16,1.0
1487,401,1.0
1487,1170,1.0
1487,1615,1.0
1487,2000,1.0
1487,721,1.0
1487,850,1.0
1487,2319,1.0
1487,3088,1.0
1487,3473,1.0
1487,2194,1.0
1487,2639,1.0
1487,3024,1.0
1487,3793,1.0
1487,3922,1.0
1488,16,1.0
1488,401,1.0
1488,1170,1.0
1488,1299,1.0
1488,976,1.0
1488,1745,1.0
1488,1874,1.0
1488,595,1.0
1488,3088,1.0
1488,3473,1.0
1488,2194,1.0
1488,2323,1.0
1488,4048,1.0
1488,2769,1.0
1488,2898,1.0
1488,3667,1.0
1489,401,1.0
1489,1170,1.0
1489,1299,1.0
1489,20,1.0
1489,721,1.0
1489,850,1.0
1489,1619,1.0
1489,2004,1.0
1489,3473,1.0
1489,2194,1.0
1489,2323,1.0
1489,3092,1.0
1489,3793,1.0
1489,3922,1.0
1489,2643,1.0
1489,3028,1.0
1490,1170,1.0
1490,1299,1.0
1490,20,1.0
1490,405,1.0
1490,1874,1.0
1490,595,1.0
1490,980,1.0
1490,1749,1.0
1490,2194,1.0
1490,2323,1.0
1490,3092,1.0
1490,3477,1.0
1490,2898,1.0
1490,3667,1.0
1490,4052,1.0
1490,2773,1.0
1491,1299,1.0
1491,20,1.0
1491,405,1.0
1491,1174,1.0
1491,1619,1.0
1491,2004,1.0
1491,725,1.0
1491,854,1.0
1491,2323,1.0
1491,3092,1.0
1491,3477,1.0
1491,2198,1.0
1491,2643,1.0
1491,3028,1.0
1491,3797,1.0
1491,3926,1.0
1492,20,1.0
1492,405,1.0
1492,1174,1.0
1492,1303,1.0
1492,980,1.0
1492,1749,1.0
1492,1878,1.0
1492,599,1.0
1492,3092,1.0
1492,3477,1.0
1492,2198,1.0
1492,2327,1.0
1492,4052,1.0
1492,2773,1.0
1492,2902,1.0
1492,3671,1.0
1493,405,1.0
1493,1174,1.0
1493,1303,1.0
1493,24,1.0
1493,725,1.0
1493,854,1.0
1493,1623,1.0
1493,2008,1.0
1493,3477,1.0
1493,2198,1.0
1493,2327,1.0
1493,3096,1.0
1493,3797,1.0
1493,3926,1.0
1493,2647,1.0
1493,3032,1.0
1494,1174,1.0
1494,1303,1.0
1494,24,1.0
1494,409,1.0
1494,1878,1.0
1494,599,1.0
1494,984,1.0
1494,1753,1.0
1494,2198,1.0
1494,2327,1.0
1494,3096,1.0
1494,3481,1.0
1494,2902,1.0
1494,3671,1.0
1494,4056,1.0
1494,2777,1.0
1495,1303,1.0
1495,24,1.0
1495,409,1.0
1495,1178,1.0
1495,1623,1.0
1495,2008,1.0
1495,729,1.0
1495,858,1.0
1495,2327,1.0
1495,3096,1.0
1495,3481,1.0
1495,2202,1.0
1495,2647,1.0
1495,3032,1.0
1495,3801,1.0
1495,3930,1.0
1496,24,1.0
1496,409,1.0
1496,1178,1.0
1496,1307,1.0
1496,984,1.0
1496,1753,1.0
1496,1882,1.0
1496,603,1.0
1496,3096,1.0
1496,3481,1.0
1496,2202,1.0
1496,2331,1.0
1496,4056,1.0
1496,2777,1.0
1496,2906,1.0
1496,3675,1.0
1497,409,1.0
1497,1178,1.0
1497,1307,1.0
1497,28,1.0
1497,729,1.0
1497,858,1.0
1497,1627,1.0
1497,2012,1.0
1497,3481,1.0
1497,2202,1.0
1497,2331,1.0
1497,3100,1.0
1497,3801,1.0
1497,3930,1.0
1497,2651,1.0
1497,3036,1.0
1498,1178,1.0
1498,1307,1.0
1498,28,1.0
1498,413,1.0
1498,1882,1.0
1498,603,1.0
1498,988,1.0
1498,1757,1.0
1498,2202,1.0
1498,2331,1.0
1498,3100,1.0
1498,3485,1.0
1498,2906,1.0
1498,3675,1.0
1498,4060,1.0
1498,2781,1.0
1499,1307,1.0
1499,28,1.0
1499,413,1.0
1499,1182,1.0
1499,1627,1.0
1499,2012,1.0
1499,733,1.0
1499,862,1.0
1499,2331,1.0
1499,3100,1.0
1499,3485,1.0
1499,2206,1.0
1499,2651,1.0
1499,3036,1.0
1499,3805,1.0
1499,3934,1.0
1500,28,1.0
1500,413,1.0
1500,1182,1.0
1500,1311,1.0
1500,988,1.0
1500,1757,1.0
1500,1886,1.0
1500,607,1.0
1500,3100,1.0
1500,3485,1.0
1500,2206,1.0
1500,2335,1.0
1500,4060,1.0
1500,2781,1.0
1500,2910,1.0
1500,3679,1.0
1501,413,1.0
1501,1182,1.0
1501,1311,1.0
1501,32,1.0
1501,733,1.0
1501,862,1.0
1501,1631,1.0
1501,2016,1.0
1501,3485,1.0
1501,2206,1.0
1501,2335,1.0
1501,3104,1.0
1501,3805,1.0
1501,3934,1.0
1501,2655,1.0
1501,3040,1.0
1502,1182,1.0
1502,1311,1.0
1502,32,1.0
1502,417,1.0
1502,1886,1.0
1502,607,1.0
1502,992,1.0
1502,1761,1.0
1502,2206,1.0
1502,2335,1.0
1502,3104,1.0
1502,3489,1.0
1502,2910,1.0
1502,3679,1.0
1502,4064,1.0
1502,2785,1.0
1503,1311,1.0
1503,32,1.0
1503,417,1.0
1503,1186,1.0
1503,1631,1.0
1503,2016,1.0
1503,737,1.0
1503,866,1.0
1503,2335,1.0
1503,3104,1.0
1503,3489,1.0
1503,2210,1.0
1503,2655,1.0
1503,3040,1.0
1503,3809,1.0
1503,3938,1.0
1504,32,1.0
1504,417,1.0
1504,1186,1.0
1504,1315,1.0
1504,992,1.0
1504,1761,1.0
1504,1890,1.0
1504,611,1.0
1504,3104,1.0
1504,3489,1.0
1504,2210,1.0
1504,2339,1.0
1504,4064,1.0
1504,2785,1.0
1504,2914,1.0
1504,3683,1.0
1505,417,1.0
1505,1186,1.0
1505,1315,1.0
1505,36,1.0
1505,737,1.0
1505,866,1.0
1505,1635,1.0
1505,2020,1.0
1505,3489,1.0
1505,2210,1.0
1505,2339,1.0
1505,3108,1.0
1505,3809,1.0
1505,3938,1.0
1505,2659,1.0
1505,3044,1.0
1506,1186,1.0
1506,1315,1.0
1506,36,1.0
1506,421,1.0
1506,1890,1.0
1506,611,1.0
1506,996,1.0
1506,1765,1.0
1506,2210,1.0
1506,2339,1.0
1506,3108,1.0
1506,3493,1.0
1506,2914,1.0
1506,3683,1.0
1506,4068,1.0
1506,2789,1.0
1507,1315,1.0
1507,36,1.0
1507,421,1.0
1507,1190,1.0
1507,1635,1.0
1507,2020,1.0
1507,741,1.0
1507,870,1.0
1507,2339,1.0
1507,3108,1.0
1507,3493,1.0
1507,2214,1.0
1507,2659,1.0
1507,3044,1.0
1507,3813,1.0
1507,3942,1.0
1508,36,1.0
1508,421,1.0
1508,1190,1.0
1508,1319,1.0
1508,996,1.0
1508,1765,1.0
1508,1894,1.0
1508,615,1.0
1508,3108,1.0
1508,3493,1.0
1508,2214,1.0
1508,2343,1.0
1508,4068,1.0
1508,2789,1.0
1508,2918,1.0
1508,3687,1.0
1509,421,1.0
1509,1190,1.0
1509,1319,1.0
1509,40,1.0
1509,741,1.0
1509,870,1.0
1509,1639,1.0
1509,2024,1.0
1509,3493,1.0
1509,2214,1.0
1509,2343,1.0
1509,3112,1.0
1509,3813,1.0
1509,3942,1.0
1509,2663,1.0
1509,3048,1.0
1510,1190,1.0
1510,1319,1.0
1510,40,1.0
1510,425,1.0
1510,1894,1.0
1510,615,1.0
1510,1000,1.0
1510,1769,1.0
1510,2214,1.0
1510,2343,1.0
1510,3112,1.0
1510,3497,1.0
1510,2918,1.0
1510,3687,1.0
1510,4072,1.0
1510,2793,1.0
1511,1319,1.0
1511,40,1.0
1511,425,1.0
1511,1194,1.0
1511,1639,1.0
1511,2024,1.0
1511,745,1.0
1511,874,1.0
1511,2343,1.0
1511,3112,1.0
1511,3497,1.0
1511,2218,1.0
1511,2663,1.0
1511,3048,1.0
1511,3817,1.0
1511,3946,1.0
1512,40,1.0
1512,425,1.0
1512,1194,1.0
1512,1323,1.0
1512,1000,1.0
1512,1769,1.0
1512,1898,1.0
1512,619,1.0
1512,3112,1.0
1512,3497,1.0
1512,2218,1.0
1512,2347,1.0
1512,4072,1.0
1512,2793,1.0
1512,2922,1.0
1512,3691,1.0
1513,425,1.0
1513,1194,1.0
1513,1323,1.0
1513,44,1.0
1513,745,1.0
1513,874,1.0
1513,1643,1.0
1513,2028,1.0
1513,3497,1.0
1513,2218,1.0
1513,2347,1.0
1513,3116,1.0
1513,3817,1.0
1513,3946,1.0
1513,2667,1.0
1513,3052,1.0
1514,1194,1.0
1514,1323,1.0
1514,44,1.0
1514,429,1.0
1514,1898,1.0
1514,619,1.0
1514,1004,1.0
1514,1773,1.0
1514,2218,1.0
1514,2347,1.0
1514,3116,1.0
1514,3501,1.0
1514,2922,1.0
1514,3691,1.0
1514,4076,1.0
1514,2797,1.0
1515,1323,1.0
1515,44,1.0
1515,429,1.0
1515,1198,1.0
1515,1643,1.0
1515,2028,1.0
1515,749,1.0
1515,878,1.0
1515,2347,1.0
1515,3116,1.0
1515,3501,1.0
1515,2222,1.0
1515,2667,1.0
1515,3052,1.0
1515,3821,1.0
1515,3950,1.0
1516,44,1.0
1516,429,1.0
1516,1198,1.0
1516,1327,1.0
1516,1004,1.0
1516,1773,1.0
1516,1902,1.0
1516,623,1.0
1516,3116,1.0
1516,3501,1.0
1516,2222,1.0
1516,2351,1.0
1516,4076,1.0
1516,2797,1.0
1516,2926,1.0
1516,3695,1.0
1517,429,1.0
1517,1198,1.0
1517,1327,1.0
1517,48,1.0
1517,749,1.0
1517,878,1.0
1517,1647,1.0
1517,2032,1.0
1517,3501,1.0
1517,2222,1.0
1517,2351,1.0
1517,3120,1.0
1517,3821,1.0
1517,3950,1.0
1517,2671,1.0
1517,3056,1.0
1518,1198,1.0
1518,1327,1.0
1518,48,1.0
1518,433,1.0
1518,1902,1.0
1518,623,1.0
1518,1008,1.0
1518,1777,1.0
1518,2222,1.0
1518,2351,1.0
1518,3120,1.0
1518,3505,1.0
1518,2926,1.0
1518,3695,1.0
1518,4080,1.0
1518,2801,1.0
1519,1327,1.0
1519,48,1.0
1519,433,1.0
1519,1202,1.0
1519,1647,1.0
1519,2032,1.0
1519,753,1.0
1519,882,1.0
1519,2351,1.0
1519,3120,1.0
1519,3505,1.0
1519,2226,1.0
1519,2671,1.0
1519,3056,1.0
1519,3825,1.0
1519,3954,1.0
1520,48,1.0
1520,433,1.0
1520,1202,1.0
1520,1331,1.0
1520,1008,1.0
1520,1777,1.0
1520,1906,1.0
1520,627,1.0
1520,3120,1.0
1520,3505,1.0
1520,2226,1.0
1520,2355,1.0
1520,4080,1.0
1520,2801,1.0
1520,2930,1.0
1520,3699,1.0
1521,433,1.0
1521,1202,1.0
1521,1331,1.0
1521,52,1.0
1521,753,1.0
1521,882,1.0
1521,1651,1.0
1521,2036,1.0
1521,3505,1.0
1521,2226,1.0
1521,2355,1.0
1521,3124,1.0
1521,3825,1.0
1521,3954,1.0
1521,2675,1.0
1521,3060,1.0
1522,1202,1.0
1522,1331,1.0
1522,52,1.0
1522,437,1.0
1522,1906,1.0
1522,627,1.0
1522,1012,1.0
1522,1781,1.0
1522,2226,1.0
1522,2355,1.0
1522,3124,1.0
1522,3509,1.0
1522,2930,1.0
1522,3699,1.0
1522,4084,1.0
1522,2805,1.0
1523,1331,1.0
1523,52,1.0
1523,437,1.0
1523,1206,1.0
1523,1651,1.0
1523,2036,1.0
1523,757,1.0
1523,886,1.0
1523,2355,1.0
1523,3124,1.0
1523,3509,1.0
1523,2230,1.0
1523,2675,1.0
1523,3060,1.0
1523,3829,1.0
1523,3958,1.0
1524,52,1.0
1524,437,1.0
1524,1206,1.0
1524,1335,1.0
1524,1012,1.0
1524,1781,1.0
1524,1910,1.0
1524,631,1.0
1524,3124,1.0
1524,3509,1.0
1524,2230,1.0
1524,2359,1.0
1524,4084,1.0
1524,2805,1.0
1524,2934,1.0
1524,3703,1.0
1525,437,1.0
1525,1206,1.0
1525,1335,1.0
1525,56,1.0
1525,757,1.0
1525,886,1.0
1525,1655,1.0
1525,2040,1.0
1525,3509,1.0
1525,2230,1.0
1525,2359,1.0
1525,3128,1.0
1525,3829,1.0
1525,3958,1.0
1525,2679,1.0
1525,3064,1.0
1526,1206,1.0
1526,1335,1.0
1526,56,1.0
1526,441,1.0
1526,1910,1.0
1526,631,1.0
1526,1016,1.0
1526,1785,1.0
1526,2230,1.0
1526,2359,1.0
1526,3128,1.0
1526,3513,1.0
1526,2934,1.0
1526,3703,1.0
1526,4088,1.0
1526,2809,1.0
1527,1335,1.0
1527,56,1.0
1527,441,1.0
1527,1210,1.0
1527,1655,1.0
1527,2040,1.0
1527,761,1.0
1527,890,1.0
1527,2359,1.0
1527,3128,1.0
1527,3513,1.0
1527,2234,1.0
1527,2679,1.0
1527,3064,1.0
1527,3833,1.0
1527,3962,1.0
1528,56,1.0
1528,441,1.0
1528,1210,1.0
1528,1339,1.0
1528,1016,1.0
1528,1785,1.0
1528,1914,1.0
1528,635,1.0
1528,3128,1.0
1528,3513,1.0
1528,2234,1.0
1528,2363,1.0
1528,4088,1.0
1528,2809,1.0
1528,2938,1.0
1528,3707,1.0
1529,441,1.0
1529,1210,1.0
1529,1339,1.0
1529,60,1.0
1529,761,1.0
1529,890,1.0
1529,1659,1.0
1529,2044,1.0
1529,3513,1.0
1529,2234,1.0
1529,2363,1.0
1529,3132,1.0
1529,3833,1.0
1529,3962,1.0
1529,2683,1.0
1529,3068,1.0
1530,1210,1.0
1530,1339,1.0
1530,60,1.0
1530,445,1.0
1530,1914,1.0
1530,635,1.0
1530,1020,1.0
1530,1789,1.0
1530,2234,1.0
1530,2363,1.0
1530,3132,1.0
1530,3517,1.0
1530,2938,1.0
1530,3707,1.0
1530,4092,1.0
1530,2813,1.0
1531,1339,1.0
1531,60,1.0
1531,445,1.0
1531,1214,1.0
1531,1659,1.0
1531,2044,1.0
1531,765,1.0
1531,894,1.0
1531,2363,1.0
1531,3132,1.0
1531,3517,1.0
1531,2238,1.0
1531,2683,1.0
1531,3068,1.0
1531,3837,1.0
1531,3966,1.0
1532,60,1.0
1532,445,1.0
1532,1214,1.0
1532,1343,1.0
1532,1020,1.0
1532,1789,1.0
1532,1918,1.0
1532,639,1.0
1532,3132,1.0
1532,3517,1.0
1532,2238,1.0
1532,2367,1.0
1532,4092,1.0
1532,2813,1.0
1532,2942,1.0
1532,3711,1.0
1533,445,1.0
1533,1214,1.0
1533,1343,1.0
1533,0,1.0
1533,765,1.0
1533,894,1.0
1533,1663,1.0
1533,1984,1.0
1533,3517,1.0
1533,2238,1.0
1533,2367,1.0
1533,3072,1.0
1533,3837,1.0
1533,3966,1.0
1533,2687,1.0
1533,3008,1.0
1534,1214,1.0
1534,1343,1.0
1534,0,1.0
1534,385,1.0
1534,1918,1.0
1534,639,1.0
1534,960,1.0
1534,1729,1.0
1534,2238,1.0
1534,2367,1.0
1534,3072,1.0
1534,3457,1.0
1534,2942,1.0
1534,3711,1.0
1534,4032,1.0
1534,2753,1.0
1535,1343,1.0
1535,0,1.0
1535,385,1.0
1535,1154,1.0
1535,1663,1.0
1535,1984,1.0
1535,705,1.0
1535,834,1.0
1535,2367,1.0
1535,3072,1.0
1535,3457,1.0
1535,2178,1.0
1535,2687,1.0
1535,3008,1.0
1535,3777,1.0
1535,3906,1.0
1536,0,1.0
1536,385,1.0
1536,1154,1.0
1536,1283,1.0
1536,960,1.0
1536,1729,1.0
1536,1858,1.0
1536,579,1.0
1536,3072,1.0
1536,3457,1.0
1536,2178,1.0
1536,2307,1.0
1536,4032,1.0
1536,2753,1.0
1536,2882,1.0
1536,3651,1.0
1537,385,1.0
1537,1154,1.0
1537,1283,1.0
1537,4,1.0
1537,705,1.0
1537,834,1.0
1537,1603,1.0
1537,1988,1.0
1537,3457,1.0
1537,2178,1.0
1537,2307,1.0
1537,3076,1.0
1537,3777,1.0
1537,3906,1.0
1537,2627,1.0
1537,3012,1.0
1538,1154,1.0
1538,1283,1.0
1538,4,1.0
1538,389,1.0
1538,1858,1.0
1538,579,1.0
1538,964,1.0
1538,1733,1.0
1538,2178,1.0
1538,2307,1.0
1538,3076,1.0
1538,3461,1.0
1538,2882,1.0
1538,3651,1.0
1538,4036,1.0
1538,2757,1.0
1539,1283,1.0
1539,4,1.0
1539,389,1.0
1539,1158,1.0
1539,1603,1.0
1539,1988,1.0
1539,709,1.0
1539,838,1.0
1539,2307,1.0
1539,3076,1.0
1539,3461,1.0
1539,2182,1.0
1539,2627,1.0
1539,3012,1.0
1539,3781,1.0
1539,3910,1.0
1540,4,1.0
1540,389,1.0
1540,1158,1.0
1540,1287,1.0
1540,964,1.0
1540,1733,1.0
1540,1862,1.0
1540,583,1.0
1540,3076,1.0
1540,3461,1.0
1540,2182,1.0
1540,2311,1.0
1540,4036,1.0
1540,2757,1.0
1540,2886,1.0
1540,3655,1.0
1541,389,1.0
1541,1158,1.0
1541,1287,1.0
1541,8,1.0
1541,709,1.0
1541,838,1.0
1541,1607,1.0
1541,1992,1.0
1541,3461,1.0
1541,2182,1.0
1541,2311,1.0
1541,3080,1.0
1541,3781,1.0
1541,3910,1.0
1541,2631,1.0
1541,3016,1.0
1542,1158,1.0
1542,1287,1.0
1542,8,1.0
1542,393,1.0
1542,1862,1.0
1542,583,1.0
1542,968,1.0
1542,1737,1.0
1542,2182,1.0
1542,2311,1.0
1542,3080,1.0
1542,3465,1.0
1542,2886,1.0
1542,3655,1.0
1542,4040,1.0
1542,2761,1.0
1543,1287,1.0
1543,8,1.0
1543,393,1.0
1543,1162,1.0
1543,1607,1.0
1543,1992,1.0
1543,713,1.0
1543,842,1.0
1543,2311,1.0
1543,3080,1.0
1543,3465,1.0
1543,2186,1.0
1543,2631,1.0
1543,3016,1.0
1543,3785,1.0
1543,3914,1.0
1544,8,1.0
1544,393,1.0
1544,1162,1.0
1544,1291,1.0
1544,968,1.0
1544,1737,1.0
1544,1866,1.0
1544,587,1.0
1544,3080,1.0
1544,3465,1.0
1544,2186,1.0
1544,2315,1.0
1544,4040,1.0
1544,2761,1.0
1544,2890,1.0
1544,3659,1.0
1545,393,1.0
1545,1162,1.0
1545,1291,1.0
1545,12,1.0
1545,713,1.0
1545,842,1.0
1545,1611,1.0
1545,1996,1.0
1545,3465,1.0
1545,2186,1.0
1545,2315,1.0
1545,3084,1.0
1545,3785,1.0
1545,3914,1.0
1545,2635,1.0
1545,3020,1.0
1546,1162,1.0
1546,1291,1.0
1546,12,1.0
1546,397,1.0
1546,1866,1.0
1546,587,1.0
1546,972,1.0
1546,1741,1.0
1546,2186,1.0
1546,2315,1.0
1546,3084,1.0
1546,3469,1.0
1546,2890,1.0
1546,3659,1.0
1546,4044,1.0
1546,2765,1.0
1547,1291,1.0
1547,12,1.0
1547,397,1.0
1547,1166,1.0
1547,1611,1.0
1547,1996,1.0
1547,717,1.0
1547,846,1.0
1547,2315,1.0
1547,3084,1.0
1547,3469,1.0
1547,2190,1.0
1547,2635,1.0
1547,3020,1.0
1547,3789,1.0
1547,3918,1.0
1548,12,1.0
1548,397,1.0
1548,1166,1.0
1548,1295,1.0
1548,972,1.0
1548,1741,1.0
1548,1870,1.0
1548,591,1.0
1548,3084,1.0
1548,3469,1.0
1548,2190,1.0
1548,2319,1.0
1548,4044,1.0
1548,2765,1.0
1548,2894,1.0
1548,3663,1.0
1549,397,1.0
1549,1166,1.0
1549,1295,1.0
1549,16,1.0
1549,717,1.0
1549,846,1.0
1549,1615,1.0
1549,2000,1.0
1549,3469,1.0
1549,2190,1.0
1549,2319,1.0
1549,3088,1.0
1549,3789,1.0
1549,3918,1.0
1549,2639,1.0
1549,3024,1.0
1550,1166,1.0
1550,1295,1.0
1550,16,1.0
1550,401,1.0
1550,1870,1.0
1550,591,1.0
1550,976,1.0
1550,1745,1.0
1550,2190,1.0
1550,2319,1.0
1550,3088,1.0
1550,3473,1.0
1550,2894,1.0
1550,3663,1.0
1550,4048,1.0
1550,2769,1.0
1551,1295,1.0
1551,16,1.0
1551,401,1.0
1551,1170,1.0
1551,1615,1.0
1551,2000,1.0
1551,721,1.0
1551,850,1.0
1551,2319,1.0
1551,3088,1.0
1551,3473,1.0
1551,2194,1.0
1551,2639,1.0
1551,3024,1.0
1551,3793,1.0
1551,3922,1.0
1552,16,1.0
1552,401,1.0
1552,1170,1.0
1552,1299,1.0
1552,976,1.0
1552,1745,1.0
1552,1874,1.0
1552,595,1.0
1552,3088,1.0
1552,3473,1.0
1552,2194,1.0
1552,2323,1.0
1552,4048,1.0
1552,2769,1.0
1552,2898,1.0
1552,3667,1.0
1553,401,1.0
1553,1170,1.0
1553,1299,1.0
1553,20,1.0
1553,721,1.0
1553,850,1.0
1553,1619,1.0
1553,2004,1.0
1553,3473,1.0
1553,2194,1.0
1553,2323,1.0
1553,3092,1.0
1553,3793,1.0
1553,3922,1.0
1553,2643,1.0
1553,3028,1.0
1554,1170,1.0
1554,1299,1.0
1554,20,1.0
1554,405,1.0
1554,1874,1.0
1554,595,1.0
1554,980,1.0
1554,1749,1.0
1554,2194,1.0
1554,2323,1.0
1554,3092,1.0
1554,3477,1.0
1554,2898,1.0
1554,3667,1.0
1554,4052,1.0
1554,2773,1.0
1555,1299,1.0
1555,20,1.0
1555,405,1.0
1555,1174,1.0
1555,1619,1.0
1555,2004,1.0
1555,725,1.0
1555,854,1.0
1555,2323,1.0
1555,3092,1.0
1555,3477,1.0
1555,2198,1.0
1555,2643,1.0
1555,3028,1.0
1555,3797,1.0
1555,3926,1.0
1556,20,1.0
1556,405,1.0
1556,1174,1.0
1556,1303,1.0
1556,980,1.0
1556,1749,1.0
1556,1878,1.0
1556,599,1.0
1556,3092,1.0
1556,3477,1.0
1556,2198,1.0
1556,2327,1.0
1556,4052,1.0
1556,2773,1.0
1556,2902,1.0
1556,3671,1.0
1557,405,1.0
1557,1174,1.0
1557,1303,1.0
1557,24,1.0
1557,725,1.0
1557,854,1.0
1557,1623,1.0
1557,2008,1.0
1557,3477,1.0
1557,2198,1.0
1557,2327,1.0
1557,3096,1.0
1557,3797,1.0
1557,3926,1.0
1557,2647,1.0
1557,3032,1.0
1558,1174,1.0
1558,1303,1.0
1558,24,1.0
1558,409,1.0
1558,1878,1.0
1558,599,1.0
1558,984,1.0
1558,1753,1.0
1558,2198,1.0
1558,2327,1.0
1558,3096,1.0
1558,3481,1.0
1558,2902,1.0
1558,3671,1.0
1558,4056,1.0
1558,2777,1.0
1559,1303,1.0
1559,24,1.0
1559,409,1.0
1559,1178,1.0
1559,1623,1.0
1559,2008,1.0
1559,729,1.0
1559,858,1.0
1559,2327,1.0
1559,3096,1.0
1559,3481,1.0
1559,2202,1.0
1559,2647,1.0
1559,3032,1.0
1559,3801,1.0
1559,3930,1.0
1560,24,1.0
1560,409,1.0
1560,1178,1.0
1560,1307,1.0
1560,984,1.0
1560,1753,1.0
1560,1882,1.0
1560,603,1.0
1560,3096,1.0
1560,3481,1.0
1560,2202,1.0
1560,2331,1.0
1560,4056,1.0
1560,2777,1.0
1560,2906,1.0
1560,3675,1.0
1561,409,1.0
1561,1178,1.0
1561,1307,1.0
1561,28,1.0
1561,729,1.0
1561,858,1.0
1561,1627,1.0
1561,2012,1.0
1561,3481,1.0
1561,2202,1.0
1561,2331,1.0
1561,3100,1.0
1561,3801,1.0
1561,3930,1.0
1561,2651,1.0
1561,3036,1.0
1562,1178,1.0
1562,1307,1.0
1562,28,1.0
1562,413,1.0
1562,1882,1.0
1562,603,1.0
1562,988,1.0
1562,1757,1.0
1562,2202,1.0
1562,2331,1.0
1562,3100,1.0
1562,3485,1.0
1562,2906,1.0
1562,3675,1.0
1562,4060,1.0
1562,2781,1.0
1563,1307,1.0
1563,28,1.0
1563,413,1.0
1563,1182,1.0
1563,1627,1.0
1563,2012,1.0
1563,733,1.0
1563,862,1.0
1563,2331,1.0
1563,3100,1.0
1563,3485,1.0
1563,2206,1.0
1563,2651,1.0
1563,3036,1.0
1563,3805,1.0
1563,3934,1.0
1564,28,1.0
1564,413,1.0
1564,1182,1.0
1564,1311,1.0
1564,988,1.0
1564,1757,1.0
1564,1886,1.0
1564,607,1.0
1564,3100,1.0
1564,3485,1.0
1564,2206,1.0
1564,2335,1.0
1564,4060,1.0
1564,2781,1.0
1564,2910,1.0
1564,3679,1.0
1565,413,1.0
1565,1182,1.0
1565,1311,1.0
1565,32,1.0
1565,733,1.0
1565,862,1.0
1565,1631,1.0
1565,2016,1.0
1565,3485,1.0
1565,2206,1.0
1565,2335,1.0
1565,3104,1.0
1565,3805,1.0
1565,3934,1.0
1565,2655,1.0
1565,3040,1.0
1566,1182,1.0
1566,1311,1.0
1566,32,1.0
1566,417,1.0
1566,1886,1.0
1566,607,1.0
1566,992,1.0
1566,1761,1.0
1566,2206,1.0
1566,2335,1.0
1566,3104,1.0
1566,3489,1.0
1566,2910,1.0
1566,3679,1.0
1566,4064,1.0
1566,2785,1.0
1567,1311,1.0
1567,32,1.0
1567,417,1.0
1567,1186,1.0
1567,1631,1.0
1567,2016,1.0
1567,737,1.0
1567,866,1.0
1567,2335,1.0
1567,3104,1.0
1567,3489,1.0
1567,2210,1.0
1567,2655,1.0
1567,3040,1.0
1567,3809,1.0
1567,3938,1.0
1568,32,1.0
1568,417,1.0
1568,1186,1.0
1568,1315,1.0
1568,992,1.0
1568,1761,1.0
1568,1890,1.0
1568,611,1.0
1568,3104,1.0
1568,3489,1.0
1568,2210,1.0
1568,2339,1.0
1568,4064,1.0
1568,2785,1.0
1568,2914,1.0
1568,3683,1.0
1569,417,1.0
1569,1186,1.0
1569,1315,1.0
1569,36,1.0
1569,737,1.0
1569,866,1.0
1569,1635,1.0
1569,2020,1.0
1569,3489,1.0
1569,2210,1.0
1569,2339,1.0
1569,3108,1.0
1569,3809,1.0
1569,3938,1.0
1569,2659,1.0
1569,3044,1.0
1570,1186,1.0
1570,1315,1.0
1570,36,1.0
1570,421,1.0
1570,1890,1.0
1570,611,1.0
1570,996,1.0
1570,1765,1.0
1570,2210,1.0
1570,2339,1.0
1570,3108,1.0
1570,3493,1.0
1570,2914,1.0
1570,3683,1.0
1570,4068,1.0
1570,2789,1.0
1571,1315,1.0
1571,36,1.0
1571,421,1.0
1571,1190,1.0
1571,1635,1.0
1571,2020,1.0
1571,741,1.0
1571,870,1.0
1571,2339,1.0
1571,3108,1.0
1571,3493,1.0
1571,2214,1.0
1571,2659,1.0
1571,3044,1.0
1571,3813,1.0
1571,3942,1.0
1572,36,1.0
1572,421,1.0
1572,1190,1.0
1572,1319,1.0
1572,996,1.0
1572,1765,1.0
1572,1894,1.0
1572,615,1.0
1572,3108,1.0
1572,3493,1.0
1572,2214,1.0
1572,2343,1.0
1572,4068,1.0
1572,2789,1.0
1572,2918,1.0
1572,3687,1.0
1573,421,1.0
1573,1190,1.0
1573,1319,1.0
1573,40,1.0
1573,741,1.0
1573,870,1.0
1573,1639,1.0
1573,2024,1.0
1573,3493,1.0
1573,2214,1.0
1573,2343,1.0
1573,3112,1.0
1573,3813,1.0
1573,3942,1.0
1573,2663,1.0
1573,3048,1.0
1574,1190,1.0
1574,1319,1.0
1574,40,1.0
1574,425,1.0
1574,1894,1.0
1574,615,1.0
1574,1000,1.0
1574,1769,1.0
1574,2214,1.0
1574,2343,1.0
1574,3112,1.0
1574,3497,1.0
1574,2918,1.0
1574,3687,1.0
1574,4072,1.0
1574,2793,1.0
1575,1319,1.0
1575,40,1.0
1575,425,1.0
1575,1194,1.0
1575,1639,1.0
1575,2024,1.0
1575,745,1.0
1575,874,1.0
1575,2343,1.0
1575,3112,1.0
1575,3497,1.0
1575,2218,1.0
1575,2663,1.0
1575,3048,1.0
1575,3817,1.0
1575,3946,1.0
1576,40,1.0
1576,425,1.0
1576,1194,1.0
1576,1323,1.0
1576,1000,1.0
1576,1769,1.0
1576,1898,1.0
1576,619,1.0
1576,3112,1.0
1576,3497,1.0
1576,2218,1.0
1576,2347,1.0
1576,4072,1.0
1576,2793,1.0
1576,2922,1.0
1576,3691,1.0
1577,425,1.0
1577,1194,1.0
1577,1323,1.0
1577,44,1.0
1577,745,1.0
1577,874,1.0
1577,1643,1.0
1577,2028,1.0
1577,3497,1.0
1577,2218,1.0
1577,2347,1.0
1577,3116,1.0
1577,3817,1.0
1577,3946,1.0
1577,2667,1.0
1577,3052,1.0
1578,1194,1.0
1578,1323,1.0
1578,44,1.0
1578,429,1.0
1578,1898,1.0
1578,619,1.0
1578,1004,1.0
1578,1773,1.0
1578,2218,1.0
1578,2347,1.0
1578,3116,1.0
1578,3501,1.0
1578,2922,1.0
1578,3691,1.0
1578,4076,1.0
1578,2797,1.0
1579,1323,1.0
1579,44,1.0
1579,429,1.0
1579,1198,1.0
1579,1643,1.0
1579,2028,1.0
1579,749,1.0
1579,878,1.0
1579,2347,1.0
1579,3116,1.0
1579,3501,1.0
1579,2222,1.0
1579,2667,1.0
1579,3052,1.0
1579,3821,1.0
1579,3950,1.0
1580,44,1.0
1580,429,1.0
1580,1198,1.0
1580,1327,1.0
1580,1004,1.0
1580,1773,1.0
1580,1902,1.0
1580,623,1.0
1580,3116,1.0
1580,3501,1.0
1580,2222,1.0
1580,2351,1.0
1580,4076,1.0
1580,2797,1.0
1580,2926,1.0
1580,3695,1.0
1581,429,1.0
1581,1198,1.0
1581,1327,1.0
1581,48,1.0
1581,749,1.0
1581,878,1.0
1581,1647,1.0
1581,2032,1.0
1581,3501,1.0
1581,2222,1.0
1581,2351,1.0
1581,3120,1.0
1581,3821,1.0
1581,3950,1.0
1581,2671,1.0
1581,3056,1.0
1582,1198,1.0
1582,1327,1.0
1582,48,1.0
1582,433,1.0
1582,1902,1.0
1582,623,1.0
1582,1008,1.0
1582,1777,1.0
1582,2222,1.0
1582,2351,1.0
1582,3120,1.0
1582,3505,1.0
1582,2926,1.0
1582,3695,1.0
1582,4080,1.0
1582,2801,1.0
1583,1327,1.0
1583,48,1.0
1583,433,1.0
1583,1202,1.0
1583,1647,1.0
1583,2032,1.0
1583,753,1.0
1583,882,1.0
1583,2351,1.0
1583,3120,1.0
1583,3505,1.0
1583,2226,1.0
1583,2671,1.0
1583,3056,1.0
1583,3825,1.0
1583,3954,1.0
1584,48,1.0
1584,433,1.0
1584,1202,1.0
1584,1331,1.0
1584,1008,1.0
1584,1777,1.0
1584,1906,1.0
1584,627,1.0
1584,3120,1.0
1584,3505,1.0
1584,2226,1.0
1584,2355,1.0
1584,4080,1.0
1584,2801,1.0
1584,2930,1.0
1584,3699,1.0
1585,433,1.0
1585,1202,1.0
1585,1331,1.0
1585,52,1.0
1585,753,1.0
1585,882,1.0
1585,1651,1.0
1585,2036,1.0
1585,3505,1.0
1585,2226,1.0
1585,2355,1.0
1585,3124,1.0
1585,3825,1.0
1585,3954,1.0
1585,2675,1.0
1585,3060,1.0
1586,1202,1.0
1586,1331,1.0
1586,52,1.0
1586,437,1.0
1586,1906,1.0
1586,627,1.0
1586,1012,1.0
1586,1781,1.0
1586,2226,1.0
1586,2355,1.0
1586,3124,1.0
1586,3509,1.0
1586,2930,1.0
1586,3699,1.0
1586,4084,1.0
1586,2805,1.0
1587,1331,1.0
1587,52,1.0
1587,437,1.0
1587,1206,1.0
1587,1651,1.0
1587,2036,1.0
1587,757,1.0
1587,886,1.0
1587,2355,1.0
1587,3124,1.0
1587,3509,1.0
1587,2230,1.0
1587,2675,1.0
1587,3060,1.0
1587,3829,1.0
1587,3958,1.0
1588,52,1.0
1588,437,1.0
1588,1206,1.0
1588,1335,1.0
1588,1012,1.0
1588,1781,1.0
1588,1910,1.0
1588,631,1.0
1588,3124,1.0
1588,3509,1.0
1588,2230,1.0
1588,2359,1.0
1588,4084,1.0
1588,2805,1.0
1588,2934,1.0
1588,3703,1.0
1589,437,1.0
1589,1206,1.0
1589,1335,1.0
1589,56,1.0
1589,757,1.0
1589,886,1.0
1589,1655,1.0
1589,2040,1.0
1589,3509,1.0
1589,2230,1.0
1589,2359,1.0
1589,3128,1.0
1589,3829,1.0
1589,3958,1.0
1589,2679,1.0
1589,3064,1.0
1590,1206,1.0
1590,1335,1.0
1590,56,1.0
1590,441,1.0
1590,1910,1.0
1590,631,1.0
1590,1016,1.0
1590,1785,1.0
1590,2230,1.0
1590,2359,1.0
1590,3128,1.0
1590,3513,1.0
1590,2934,1.0
1590,3703,1.0
1590,4088,1.0
1590,2809,1.0
1591,1335,1.0
1591,56,1.0
1591,441,1.0
1591,1210,1.0
1591,1655,1.0
1591,2040,1.0
1591,761,1.0
1591,890,1.0
1591,2359,1.0
1591,3128,1.0
1591,3513,1.0
1591,2234,1.0
1591,2679,1.0
1591,3064,1.0
1591,3833,1.0
1591,3962,1.0
1592,56,1.0
1592,441,1.0
1592,1210,1.0
1592,1339,1.0
1592,1016,1.0
1592,1785,1.0
1592,1914,1.0
1592,635,1.0
1592,3128,1.0
1592,3513,1.0
1592,2234,1.0
1592,2363,1.0
1592,4088,1.0
1592,2809,1.0
1592,2938,1.0
1592,3707,1.0
1593,441,1.0
1593,1210,1.0
1593,1339,1.0
1593,60,1.0
1593,761,1.0
1593,890,1.0
1593,1659,1.0
1593,2044,1.0
1593,3513,1.0
1593,2234,1.0
1593,2363,1.0
1593,3132,1.0
1593,3833,1.0
1593,3962,1.0
1593,2683,1.0
1593,3068,1.0
1594,1210,1.0
1594,1339,1.0
1594,60,1.0
1594,445,1.0
1594,1914,1.0
1594,635,1.0
1594,1020,1.0
1594,1789,1.0
1594,2234,1.0
1594,2363,1.0
1594,3132,1.0
1594,3517,1.0
1594,2938,1.0
1594,3707,1.0
1594,4092,1.0
1594,2813,1.0
1595,1339,1.0
1595,60,1.0
1595,445,1.0
1595,1214,1.0
1595,1659,1.0
1595,2044,1.0
1595,765,1.0
1595,894,1.0
1595,2363,1.0
1595,3132,1.0
1595,3517,1.0
1595,2238,1.0
1595,2683,1.0
1595,3068,1.0
1595,3837,1.0
1595,3966,1.0
1596,60,1.0
1596,445,1.0
1596,1214,1.0
1596,1343,1.0
1596,1020,1.0
1596,1789,1.0
1596,1918,1.0
1596,639,1.0
1596,3132,1.0
1596,3517,1.0
1596,2238,1.0
1596,2367,1.0
1596,4092,1.0
1596,2813,1.0
1596,2942,1.0
1596,3711,1.0
1597,445,1.0
1597,1214,1.0
1597,1343,1.0
1597,0,1.0
1597,765,1.0
1597,894,1.0
1597,1663,1.0
1597,1984,1.0
1597,3517,1.0
1597,2238,1.0
1597,2367,1.0
1597,3072,1.0
1597,3837,1.0
1597,3966,1.0
1597,2687,1.0
1597,3008,1.0
1598,1214,1.0
1598,1343,1.0
1598,0,1.0
1598,385,1.0
1598,1918,1.0
1598,639,1.0
1598,960,1.0
1598,1729,1.0
1598,2238,1.0
1598,2367,1.0
1598,3072,1.0
1598,3457,1.0
1598,2942,1.0
1598,3711,1.0
1598,4032,1.0
1598,2753,1.0
1599,1343,1.0
1599,0,1.0
1599,385,1.0
1599,1154,1.0
1599,1663,1.0
1599,1984,1.0
1599,705,1.0
1599,834,1.0
1599,2367,1.0
1599,3072,1.0
1599,3457,1.0
1599,2178,1.0
1599,2687,1.0
1599,3008,1.0
1599,3777,1.0
1599,3906,1.0
1600,0,1.0
1600,385,1.0
1600,1154,1.0
1600,1283,1.0
1600,960,1.0
1600,1729,1.0
1600,1858,1.0
1600,579,1.0
1600,3072,1.0
1600,3457,1.0
1600,2178,1.0
1600,2307,1.0
1600,4032,1.0
1600,2753,1.0
1600,2882,1.0
1600,3651,1.0
1601,385,1.0
1601,1154,1.0
1601,1283,1.0
1601,4,1.0
1601,705,1.0
1601,834,1.0
1601,1603,1.0
1601,1988,1.0
1601,3457,1.0
1601,2178,1.0
1601,2307,1.0
1601,3076,1.0
1601,3777,1.0
1601,3906,1.0
1601,2627,1.0
1601,3012,1.0
1602,1154,1.0
1602,1283,1.0
1602,4,1.0
1602,389,1.0
1602,1858,1.0
1602,579,1.0
1602,964,1.0
1602,1733,1.0
1602,2178,1.0
1602,2307,1.0
1602,3076,1.0
1602,3461,1.0
1602,2882,1.0
1602,3651,1.0
1602,4036,1.0
1602,2757,1.0
1603,1283,1.0
1603,4,1.0
1603,389,1.0
1603,1158,1.0
1603,1603,1.0
1603,1988,1.0
1603,709,1.0
1603,838,1.0
1603,2307,1.0
1603,3076,1.0
1603,3461,1.0
1603,2182,1.0
1603,2627,1.0
1603,3012,1.0
1603,3781,1.0
1603,3910,1.0
1604,4,1.0
1604,389,1.0
1604,1158,1.0
1604,1287,1.0
1604,964,1.0
1604,1733,1.0
1604,1862,1.0
1604,583,1.0
1604,3076,1.0
1604,3461,1.0
1604,2182,1.0
1604,2311,1.0
1604,4036,1.0
1604,2757,1.0
1604,2886,1.0
1604,3655,1.0
1605,389,1.0
1605,1158,1.0
1605,1287,1.0
1605,8,1.0
1605,709,1.0
1605,838,1.0
1605,1607,1.0
1605,1992,1.0
1605,3461,1.0
1605,2182,1.0
1605,2311,1.0
1605,3080,1.0
1605,3781,1.0
1605,3910,1.0
1605,2631,1.0
1605,3016,1.0
1606,1158,1.0
1606,1287,1.0
1606,8,1.0
1606,393,1.0
1606,1862,1.0
1606,583,1.0
1606,968,1.0
1606,1737,1.0
1606,2182,1.0
1606,2311,1.0
1606,3080,1.0
1606,3465,1.0
1606,2886,1.0
1606,3655,1.0
1606,4040,1.0
1606,2761,1.0
1607,1287,1.0
1607,8,1.0
1607,393,1.0
1607,1162,1.0
1607,1607,1.0
1607,1992,1.0
1607,713,1.0
1607,842,1.0
1607,2311,1.0
1607,3080,1.0
1607,3465,1.0
1607,2186,1.0
1607,2631,1.0
1607,3016,1.0
1607,3785,1.0
1607,3914,1.0
1608,8,1.0
1608,393,1.0
1608,1162,1.0
1608,1291,1.0
1608,968,1.0
1608,1737,1.0
1608,1866,1.0
1608,587,1.0
1608,3080,1.0
1608,3465,1.0
1608,2186,1.0
1608,2315,1.0
1608,4040,1.0
1608,2761,1.0
1608,2890,1.0
1608,3659,1.0
1609,393,1.0
1609,1162,1.0
1609,1291,1.0
1609,12,1.0
1609,713,1.0
1609,842,1.0
1609,1611,1.0
1609,1996,1.0
1609,3465,1.0
1609,2186,1.0
1609,2315,1.0
1609,3084,1.0
1609,3785,1.0
1609,3914,1.0
1609,2635,1.0
1609,3020,1.0
1610,1162,1.0
1610,1291,1.0
1610,12,1.0
1610,397,1.0
1610,1866,1.0
1610,587,1.0
1610,972,1.0
1610,1741,1.0
1610,2186,1.0
1610,2315,1.0
1610,3084,1.0
1610,3469,1.0
1610,2890,1.0
1610,3659,1.0
1610,4044,1.0
1610,2765,1.0
1611,1291,1.0
1611,12,1.0
1611,397,1.0
1611,1166,1.0
1611,1611,1.0
1611,1996,1.0
1611,717,1.0
1611,846,1.0
1611,2315,1.0
1611,3084,1.0
1611,3469,1.0
1611,2190,1.0
1611,2635,1.0
1611,3020,1.0
1611,3789,1.0
1611,3918,1.0
1612,12,1.0
1612,397,1.0
1612,1166,1.0
1612,1295,1.0
1612,972,1.0
1612,1741,1.0
1612,1870,1.0
1612,591,1.0
1612,3084,1.0
1612,3469,1.0
1612,2190,1.0
1612,2319,1.0
1612,4044,1.0
1612,2765,1.0
1612,2894,1.0
1612,3663,1.0
1613,397,1.0
1613,1166,1.0
1613,1295,1.0
1613,16,1.0
1613,717,1.0
1613,846,1.0
1613,1615,1.0
1613,2000,1.0
1613,3469,1.0
1613,2190,1.0
1613,2319,1.0
1613,3088,1.0
1613,3789,1.0
1613,3918,1.0
1613,2639,1.0
1613,3024,1.0
1614,1166,1.0
1614,1295,1.0
1614,16,1.0
1614,401,1.0
1614,1870,1.0
1614,591,1.0
1614,976,1.0
1614,1745,1.0
1614,2190,1.0
1614,2319,1.0
1614,3088,1.0
1614,3473,1.0
1614,2894,1.0
1614,3663,1.0
1614,4048,1.0
1614,2769,1.0
1615,1295,1.0
1615,16,1.0
1615,401,1.0
1615,1170,1.0
1615,1615,1.0
1615,2000,1.0
1615,721,1.0
1615,850,1.0
1615,2319,1.0
1615,3088,1.0
1615,3473,1.0
1615,2194,1.0
1615,2639,1.0
1615,3024,1.0
1615,3793,1.0
1615,3922,1.0
1616,16,1.0
1616,401,1.0
1616,1170,1.0
1616,1299,1.0
1616,976,1.0
1616,1745,1.0
1616,1874,1.0
1616,595,1.0
1616,3088,1.0
1616,3473,1.0
1616,2194,1.0
1616,2323,1.0
1616,4048,1.0
1616,2769,1.0
1616,2898,1.0
1616,3667,1.0
1617,401,1.0
1617,1170,1.0
1617,1299,1.0
1617,20,1.0
1617,721,1.0
1617,850,1.0
1617,1619,1.0
1617,2004,1.0
1617,3473,1.0
1617,2194,1.0
1617,2323,1.0
1617,3092,1.0
1617,3793,1.0
1617,3922,1.0
1617,2643,1.0
1617,3028,1.0
1618,1170,1.0
1618,1299,1.0
1618,20,1.0
1618,405,1.0
1618,1874,1.0
1618,595,1.0
1618,980,1.0
1618,1749,1.0
1618,2194,1.0
1618,2323,1.0
1618,3092,1.0
1618,3477,1.0
1618,2898,1.0
1618,3667,1.0
1618,4052,1.0
1618,2773,1.0
1619,1299,1.0
1619,20,1.0
1619,405,1.0
1619,1174,1.0
1619,1619,1.0
1619,2004,1.0
1619,725,1.0
1619,854,1.0
1619,2323,1.0
1619,3092,1.0
1619,3477,1.0
1619,2198,1.0
1619,2643,1.0
1619,3028,1.0
1619,3797,1.0
1619,3926,1.0
1620,20,1.0
1620,405,1.0
1620,1174,1.0
1620,1303,1.0
1620,980,1.0
1620,1749,1.0
1620,1878,1.0
1620,599,1.0
1620,3092,1.0
1620,3477,1.0
1620,2198,1.0
1620,2327,1.0
1620,4052,1.0
1620,2773,1.0
1620,2902,1.0
1620,3671,1.0
1621,405,1.0
1621,1174,1.0
1621,1303,1.0
1621,24,1.0
1621,725,1.0
1621,854,1.0
1621,1623,1.0
1621,2008,1.0
1621,3477,1.0
1621,2198,1.0
1621,2327,1.0
1621,3096,1.0
1621,3797,1.0
1621,3926,1.0
1621,2647,1.0
1621,3032,1.0
1622,1174,1.0
1622,1303,1.0
1622,24,1.0
1622,409,1.0
1622,1878,1.0
1622,599,1.0
1622,984,1.0
1622,1753,1.0
1622,2198,1.0
1622,2327,1.0
1622,3096,1.0
1622,3481,1.0
1622,2902,1.0
1622,3671,1.0
1622,4056,1.0
1622,2777,1.0
1623,1303,1.0
1623,24,1.0
1623,409,1.0
1623,1178,1.0
1623,1623,1.0
1623,2008,1.0
1623,729,1.0
1623,858,1.0
1623,2327,1.0
1623,3096,1.0
1623,3481,1.0
1623,2202,1.0
1623,2647,1.0
1623,3032,1.0
1623,3801,1.0
1623,3930,1.0
1624,24,1.0
1624,409,1.0
1624,1178,1.0
1624,1307,1.0
1624,984,1.0
1624,1753,1.0
1624,1882,1.0
1624,603,1.0
1624,3096,1.0
1624,3481,1.0
1624,2202,1.0
1624,2331,1.0
1624,4056,1.0
1624,2777,1.0
1624,2906,1.0
1624,3675,1.0
1625,409,1.0
1625,1178,1.0
1625,1307,1.0
1625,28,1.0
1625,729,1.0
1625,858,1.0
1625,1627,1.0
1625,2012,1.0
1625,3481,1.0
1625,2202,1.0
1625,2331,1.0
1625,3100,1.0
1625,3801,1.0
1625,3930,1.0
1625,2651,1.0
1625,3036,1.0
1626,1178,1.0
1626,1307,1.0
1626,28,1.0
1626,413,1.0
1626,1882,1.0
1626,603,1.0
1626,988,1.0
1626,1757,1.0
1626,2202,1.0
1626,2331,1.0
1626,3100,1.0
1626,3485,1.0
1626,2906,1.0
1626,3675,1.0
1626,4060,1.0
1626,2781,1.0
1627,1307,1.0
1627,28,1.0
1627,413,1.0
1627,1182,1.0
1627,1627,1.0
1627,2012,1.0
1627,733,1.0
1627,862,1.0
1627,2331,1.0
1627,3100,1.0
1627,3485,1.0
1627,2206,1.0
1627,2651,1.0
1627,3036,1.0
1627,3805,1.0
1627,3934,1.0
1628,28,1.0
1628,413,1.0
1628,1182,1.0
1628,1311,1.0
1628,988,1.0
1628,1757,1.0
1628,1886,1.0
1628,607,1.0
1628,3100,1.0
1628,3485,1.0
1628,2206,1.0
1628,2335,1.0
1628,4060,1.0
1628,2781,1.0
1628,2910,1.0
1628,3679,1.0
1629,413,1.0
1629,1182,1.0
1629,1311,1.0
1629,32,1.0
1629,733,1.0
1629,862,1.0
1629,1631,1.0
1629,2016,1.0
1629,3485,1.0
1629,2206,1.0
1629,2335,1.0
1629,3104,1.0
1629,3805,1.0
1629,3934,1.0
1629,2655,1.0
1629,3040,1.0
1630,1182,1.0
1630,1311,1.0
1630,32,1.0
1630,417,1.0
1630,1886,1.0
1630,607,1.0
1630,992,1.0
1630,1761,1.0
1630,2206,1.0
1630,2335,1.0
1630,3104,1.0
1630,3489,1.0
1630,2910,1.0
1630,3679,1.0
1630,4064,1.0
1630,2785,1.0
1631,1311,1.0
1631,32,1.0
1631,417,1.0
1631,1186,1.0
1631,1631,1.0
1631,2016,1.0
1631,737,1.0
1631,866,1.0
1631,2335,1.0
1631,3104,1.0
1631,3489,1.0
1631,2210,1.0
1631,2655,1.0
1631,3040,1.0
1631,3809,1.0
1631,3938,1.0
1632,32,1.0
1632,417,1.0
1632,1186,1.0
1632,1315,1.0
1632,992,1.0
1632,1761,1.0
1632,1890,1.0
1632,611,1.0
1632,3104,1.0
1632,3489,1.0
1632,2210,1.0
1632,2339,1.0
1632,4064,1.0
1632,2785,1.0
1632,2914,1.0
1632,3683,1.0
1633,417,1.0
1633,1186,1.0
1633,1315,1.0
1633,36,1.0
1633,737,1.0
1633,866,1.0
1633,1635,1.0
1633,2020,1.0
1633,3489,1.0
1633,2210,1.0
1633,2339,1.0
1633,3108,1.0
1633,3809,1.0
1633,3938,1.0
1633,2659,1.0
1633,3044,1.0
1634,1186,1.0
1634,1315,1.0
1634,36,1.0
1634,421,1.0
1634,1890,1.0
1634,611,1.0
1634,996,1.0
1634,1765,1.0
1634,2210,1.0
1634,2339,1.0
1634,3108,1.0
1634,3493,1.0
1634,2914,1.0
1634,3683,1.0
1634,4068,1.0
1634,2789,1.0
1635,1315,1.0
1635,36,1.0
1635,421,1.0
1635,1190,1.0
1635,1635,1.0
1635,2020,1.0
1635,741,1.0
1635,870,1.0
1635,2339,1.0
1635,3108,1.0
1635,3493,1.0
1635,2214,1.0
1635,2659,1.0
1635,3044,1.0
1635,3813,1.0
1635,3942,1.0
1636,36,1.0
1636,421,1.0
1636,1190,1.0
1636,1319,1.0
1636,996,1.0
1636,1765,1.0
1636,1894,1.0
1636,615,1.0
1636,3108,1.0
1636,3493,1.0
1636,2214,1.0
1636,2343,1.0
1636,4068,1.0
1636,2789,1.0
1636,2918,1.0
1636,3687,1.0
1637,421,1.0
1637,1190,1.0
1637,1319,1.0
1637,40,1.0
1637,741,1.0
1637,870,1.0
1637,1639,1.0
1637,2024,1.0
1637,3493,1.0
1637,2214,1.0
1637,2343,1.0
1637,3112,1.0
1637,3813,1.0
1637,3942,1.0
1637,2663,1.0
1637,3048,1.0
1638,1190,1.0
1638,1319,1.0
1638,40,1.0
1638,425,1.0
1638,1894,1.0
1638,615,1.0
1638,1000,1.0
1638,1769,1.0
1638,2214,1.0
1638,2343,1.0
1638,3112,1.0
1638,3497,1.0
1638,2918,1.0
1638,3687,1.0
1638,4072,1.0
1638,2793,1.0
1639,1319,1.0
1639,40,1.0
1639,425,1.0
1639,1194,1.0
1639,1639,1.0
1639,2024,1.0
1639,745,1.0
1639,874,1.0
1639,2343,1.0
1639,3112,1.0
1639,3497,1.0
1639,2218,1.0
1639,2663,1.0
1639,3048,1.0
1639,3817,1.0
1639,3946,1.0
1640,40,1.0
1640,425,1.0
1640,1194,1.0
1640,1323,1.0
1640,1000,1.0
1640,1769,1.0
1640,1898,1.0
1640,619,1.0
1640,3112,1.0
1640,3497,1.0
1640,2218,1.0
1640,2347,1.0
1640,4072,1.0
1640,2793,1.0
1640,2922,1.0
1640,3691,1.0
1641,425,1.0
1641,1194,1.0
1641,1323,1.0
1641,44,1.0
1641,745,1.0
1641,874,1.0
1641,1643,1.0
1641,2028,1.0
1641,3497,1.0
1641,2218,1.0
1641,2347,1.0
1641,3116,1.0
1641,3817,1.0
1641,3946,1.0
1641,2667,1.0
1641,3052,1.0
1642,1194,1.0
1642,1323,1.0
1642,44,1.0
1642,429,1.0
1642,1898,1.0
1642,619,1.0
1642,1004,1.0
1642,1773,1.0
1642,2218,1.0
1642,2347,1.0
1642,3116,1.0
1642,3501,1.0
1642,2922,1.0
1642,3691,1.0
1642,4076,1.0
1642,2797,1.0
1643,1323,1.0
1643,44,1.0
1643,429,1.0
1643,1198,1.0
1643,1643,1.0
1643,2028,1.0
1643,749,1.0
1643,878,1.0
1643,2347,1.0
1643,3116,1.0
1643,3501,1.0
1643,2222,1.0
1643,2667,1.0
1643,3052,1.0
1643,3821,1.0
1643,3950,1.0
1644,44,1.0
1644,429,1.0
1644,1198,1.0
1644,1327,1.0
1644,1004,1.0
1644,1773,1.0
1644,1902,1.0
1644,623,1.0
1644,3116,1.0
1644,3501,1.0
1644,2222,1.0
1644,2351,1.0
1644,4076,1.0
1644,2797,1.0
1644,2926,1.0
1644,3695,1.0
1645,429,1.0
1645,1198,1.0
1645,1327,1.0
1645,48,1.0
1645,749,1.0
1645,878,1.0
1645,1647,1.0
1645,2032,1.0
1645,3501,1.0
1645,2222,1.0
1645,2351,1.0
1645,3120,1.0
1645,3821,1.0
1645,3950,1.0
1645,2671,1.0
1645,3056,1.0
1646,1198,1.0
1646,1327,1.0
1646,48,1.0
1646,433,1.0
1646,1902,1.0
1646,623,1.0
1646,1008,1.0
1646,1777,1.0
1646,2222,1.0
1646,2351,1.0
1646,3120,1.0
1646,3505,1.0
1646,2926,1.0
1646,3695,1.0
1646,4080,1.0
1646,2801,1.0
1647,1327,1.0
1647,48,1.0
1647,433,1.0
1647,1202,1.0
1647,1647,1.0
1647,2032,1.0
1647,753,1.0
1647,882,1.0
1647,2351,1.0
1647,3120,1.0
1647,3505,1.0
1647,2226,1.0
1647,2671,1.0
1647,3056,1.0
1647,3825,1.0
1647,3954,1.0
1648,48,1.0
1648,433,1.0
1648,1202,1.0
1648,1331,1.0
1648,1008,1.0
1648,1777,1.0
1648,1906,1.0
1648,627,1.0
1648,3120,1.0
1648,3505,1.0
1648,2226,1.0
1648,2355,1.0
1648,4080,1.0
1648,2801,1.0
1648,2930,1.0
1648,3699,1.0
1649,433,1.0
1649,1202,1.0
1649,1331,1.0
1649,52,1.0
1649,753,1.0
1649,882,1.0
1649,1651,1.0
1649,2036,1.0
1649,3505,1.0
1649,2226,1.0
1649,2355,1.0
1649,3124,1.0
1649,3825,1.0
1649,3954,1.0
1649,2675,1.0
1649,3060,1.0
1650,1202,1.0
1650,1331,1.0
1650,52,1.0
1650,437,1.0
1650,1906,1.0
1650,627,1.0
1650,1012,1.0
1650,1781,1.0
1650,2226,1.0
1650,2355,1.0
1650,3124,1.0
1650,3509,1.0
1650,2930,1.0
1650,3699,1.0
1650,4084,1.0
1650,2805,1.0
1651,1331,1.0
1651,52,1.0
1651,437,1.0
1651,1206,1.0
1651,1651,1.0
1651,2036,1.0
1651,757,1.0
1651,886,1.0
1651,2355,1.0
1651,3124,1.0
1651,3509,1.0
1651,2230,1.0
1651,2675,1.0
1651,3060,1.0
1651,3829,1.0
1651,3958,1.0
1652,52,1.0
1652,437,1.0
1652,1206,1.0
1652,1335,1.0
1652,1012,1.0
1652,1781,1.0
1652,1910,1.0
1652,631,1.0
1652,3124,1.0
1652,3509,1.0
1652,2230,1.0
1652,2359,1.0
1652,4084,1.0
1652,2805,1.0
1652,2934,1.0
1652,3703,1.0
1653,437,1.0
1653,1206,1.0
1653,1335,1.0
1653,56,1.0
1653,757,1.0
1653,886,1.0
1653,1655,1.0
1653,2040,1.0
1653,3509,1.0
1653,2230,1.0
1653,2359,1.0
1653,3128,1.0
1653,3829,1.0
1653,3958,1.0
1653,2679,1.0
1653,3064,1.0
1654,1206,1.0
1654,1335,1.0
1654,56,1.0
1654,441,1.0
1654,1910,1.0
1654,631,1.0
1654,1016,1.0
1654,1785,1.0
1654,2230,1.0
1654,2359,1.0
1654,3128,1.0
1654,3513,1.0
1654,2934,1.0
1654,3703,1.0
1654,4088,1.0
1654,2809,1.0
1655,1335,1.0
1655,56,1.0
1655,441,1.0
1655,1210,1.0
1655,1655,1.0
1655,2040,1.0
1655,761,1.0
1655,890,1.0
1655,2359,1.0
1655,3128,1.0
1655,3513,1.0
1655,2234,1.0
1655,2679,1.0
1655,3064,1.0
1655,3833,1.0
1655,3962,1.0
1656,56,1.0
1656,441,1.0
1656,1210,1.0
1656,1339,1.0
1656,1016,1.0
1656,1785,1.0
1656,1914,1.0
1656,635,1.0
1656,3128,1.0
1656,3513,1.0
1656,2234,1.0
1656,2363,1.0
1656,4088,1.0
1656,2809,1.0
1656,2938,1.0
1656,3707,1.0
1657,441,1.0
1657,1210,1.0
1657,1339,1.0
1657,60,1.0
1657,761,1.0
1657,890,1.0
1657,1659,1.0
1657,2044,1.0
1657,3513,1.0
1657,2234,1.0
1657,2363,1.0
1657,3132,1.0
1657,3833,1.0
1657,3962,1.0
1657,2683,1.0
1657,3068,1.0
1658,1210,1.0
1658,1339,1.0
1658,60,1.0
1658,445,1.0
1658,1914,1.0
1658,635,1.0
1658,1020,1.0
1658,1789,1.0
1658,2234,1.0
1658,2363,1.0
1658,3132,1.0
1658,3517,1.0
1658,2938,1.0
1658,3707,1.0
1658,4092,1.0
1658,2813,1.0
1659,1339,1.0
1659,60,1.0
1659,445,1.0
1659,1214,1.0
1659,1659,1.0
1659,2044,1.0
1659,765,1.0
1659,894,1.0
1659,2363,1.0
1659,3132,1.0
1659,3517,1.0
1659,2238,1.0
1659,2683,1.0
1659,3068,1.0
1659,3837,1.0
1659,3966,1.0
1660,60,1.0
1660,445,1.0
1660,1214,1.0
1660,1343,1.0
1660,1020,1.0
1660,1789,1.0
1660,1918,1.0
1660,639,1.0
1660,3132,1.0
1660,3517,1.0
1660,2238,1.0
1660,2367,1.0
1660,4092,1.0
1660,2813,1.0
1660,2942,1.0
1660,3711,1.0
1661,445,1.0
1661,1214,1.0
1661,1343,1.0
1661,0,1.0
1661,765,1.0
1661,894,1.0
1661,1663,1.0
1661,1984,1.0
1661,3517,1.0
1661,2238,1.0
1661,2367,1.0
1661,3072,1.0
1661,3837,1.0
1661,3966,1.0
1661,2687,1.0
1661,3008,1.0
1662,1214,1.0
1662,1343,1.0
1662,0,1.0
1662,385,1.0
1662,1918,1.0
1662,639,1.0
1662,960,1.0
1662,1729,1.0
1662,2238,1.0
1662,2367,1.0
1662,3072,1.0
1662,3457,1.0
1662,2942,1.0
1662,3711,1.0
1662,4032,1.0
1662,2753,1.0
1663,1343,1.0
1663,0,1.0
1663,385,1.0
1663,1154,1.0
1663,1663,1.0
1663,1984,1.0
1663,705,1.0
1663,834,1.0
1663,2367,1.0
1663,3072,1.0
1663,3457,1.0
1663,2178,1.0
1663,2687,1.0
1663,3008,1.0
1663,3777,1.0
1663,3906,1.0
1664,0,1.0
1664,385,1.0
1664,1154,1.0
1664,1283,1.0
1664,960,1.0
1664,1729,1.0
1664,1858,1.0
1664,579,1.0
1664,3072,1.0
1664,3457,1.0
1664,2178,1.0
1664,2307,1.0
1664,4032,1.0
1664,2753,1.0
1664,2882,1.0
1664,3651,1.0
1665,385,1.0
1665,1154,1.0
1665,1283,1.0
1665,4,1.0
1665,705,1.0
1665,834,1.0
1665,1603,1.0
1665,1988,1.0
1665,3457,1.0
1665,2178,1.0
1665,2307,1.0
1665,3076,1.0
1665,3777,1.0
1665,3906,1.0
1665,2627,1.0
1665,3012,1.0
1666,1154,1.0
1666,1283,1.0
1666,4,1.0
1666,389,1.0
1666,1858,1.0
1666,579,1.0
1666,964,1.0
1666,1733,1.0
1666,2178,1.0
1666,2307,1.0
1666,3076,1.0
1666,3461,1.0
1666,2882,1.0
1666,3651,1.0
1666,4036,1.0
1666,2757,1.0
1667,1283,1.0
1667,4,1.0
1667,389,1.0
1667,1158,1.0
1667,1603,1.0
1667,1988,1.0
1667,709,1.0
1667,838,1.0
1667,2307,1.0
1667,3076,1.0
1667,3461,1.0
1667,2182,1.0
1667,2627,1.0
1667,3012,1.0
1667,3781,1.0
1667,3910,1.0
1668,4,1.0
1668,389,1.0
1668,1158,1.0
1668,1287,1.0
1668,964,1.0
1668,1733,1.0
1668,1862,1.0
1668,583,1.0
1668,3076,1.0
1668,3461,1.0
1668,2182,1.0
1668,2311,1.0
1668,4036,1.0
1668,2757,1.0
1668,2886,1.0
1668,3655,1.0
1669,389,1.0
1669,1158,1.0
1669,1287,1.0
1669,8,1.0
1669,709,1.0
1669,838,1.0
1669,1607,1.0
1669,1992,1.0
1669,3461,1.0
1669,2182,1.0
1669,2311,1.0
1669,3080,1.0
1669,3781,1.0
1669,3910,1.0
1669,2631,1.0
1669,3016,1.0
1670,1158,1.0
1670,1287,1.0
1670,8,1.0
1670,393,1.0
1670,1862,1.0
1670,583,1.0
1670,968,1.0
1670,1737,1.0
1670,2182,1.0
1670,2311,1.0
1670,3080,1.0
1670,3465,1.0
1670,2886,1.0
1670,3655,1.0
1670,4040,1.0
1670,2761,1.0
1671,1287,1.0
1671,8,1.0
1671,393,1.0
1671,1162,1.0
1671,1607,1.0
1671,1992,1.0
1671,713,1.0
1671,842,1.0
1671,2311,1.0
1671,3080,1.0
1671,3465,1.0
1671,2186,1.0
1671,2631,1.0
1671,3016,1.0
1671,3785,1.0
1671,3914,1.0
1672,8,1.0
1672,393,1.0
1672,1162,1.0
1672,1291,1.0
1672,968,1.0
1672,1737,1.0
1672,1866,1.0
1672,587,1.0
1672,3080,1.0
1672,3465,1.0
1672,2186,1.0
1672,2315,1.0
1672,4040,1.0
1672,2761,1.0
1672,2890,1.0
1672,3659,1.0
1673,393,1.0
1673,1162,1.0
1673,1291,1.0
1673,12,1.0
1673,713,1.0
1673,842,1.0
1673,1611,1.0
1673,1996,1.0
1673,3465,1.0
1673,2186,1.0
1673,2315,1.0
1673,3084,1.0
1673,3785,1.0
1673,3914,1.0
1673,2635,1.0
1673,3020,1.0
1674,1162,1.0
1674,1291,1.0
1674,12,1.0
1674,397,1.0
1674,1866,1.0
1674,587,1.0
1674,972,1.0
1674,1741,1.0
1674,2186,1.0
1674,2315,1.0
1674,3084,1.0
1674,3469,1.0
1674,2890,1.0
1674,3659,1.0
1674,4044,1.0
1674,2765,1.0
1675,1291,1.0
1675,12,1.0
1675,397,1.0
1675,1166,1.0
1675,1611,1.0
1675,1996,1.0
1675,717,1.0
1675,846,1.0
1675,2315,1.0
1675,3084,1.0
1675,3469,1.0
1675,2190,1.0
1675,2635,1.0
1675,3020,1.0
1675,3789,1.0
1675,3918,1.0
1676,12,1.0
1676,397,1.0
1676,1166,1.0
1676,1295,1.0
1676,972,1.0
1676,1741,1.0
1676,1870,1.0
1676,591,1.0
1676,3084,1.0
1676,3469,1.0
1676,2190,1.0
1676,2319,1.0
1676,4044,1.0
1676,2765,1.0
1676,2894,1.0
1676,3663,1.0
1677,397,1.0
1677,1166,1.0
1677,1295,1.0
1677,16,1.0
1677,717,1.0
1677,846,1.0
1677,1615,1.0
1677,2000,1.0
1677,3469,1.0
1677,2190,1.0
1677,2319,1.0
1677,3088,1.0
1677,3789,1.0
1677,3918,1.0
1677,2639,1.0
1677,3024,1.0
1678,1166,1.0
1678,1295,1.0
1678,16,1.0
1678,401,1.0
1678,1870,1.0
1678,591,1.0
1678,976,1.0
1678,1745,1.0
1678,2190,1.0
1678,2319,1.0
1678,3088,1.0
1678,3473,1.0
1678,2894,1.0
1678,3663,1.0
1678,4048,1.0
1678,2769,1.0
1679,1295,1.0
1679,16,1.0
1679,401,1.0
1679,1170,1.0
1679,1615,1.0
1679,2000,1.0
1679,721,1.0
1679,850,1.0
1679,2319,1.0
1679,3088,1.0
1679,3473,1.0
1679,2194,1.0
1679,2639,1.0
1679,3024,1.0
1679,3793,1.0
1679,3922,1.0
1680,16,1.0
1680,401,1.0
1680,1170,1.0
1680,1299,1.0
1680,976,1.0
1680,1745,1.0
1680,1874,1.0
1680,595,1.0
1680,3088,1.0
1680,3473,1.0
1680,2194,1.0
1680,2323,1.0
1680,4048,1.0
1680,2769,1.0
1680,2898,1.0
1680,3667,1.0
1681,401,1.0
1681,1170,1.0
1681,1299,1.0
1681,20,1.0
1681,721,1.0
1681,850,1.0
1681,1619,1.0
1681,2004,1.0
1681,3473,1.0
1681,2194,1.0
1681,2323,1.0
1681,3092,1.0
1681,3793,1.0
1681,3922,1.0
1681,2643,1.0
1681,3028,1.0
1682,1170,1.0
1682,1299,1.0
1682,20,1.0
1682,405,1.0
1682,1874,1.0
1682,595,1.0
1682,980,1.0
1682,1749,1.0
1682,2194,1.0
1682,2323,1.0
1682,3092,1.0
1682,3477,1.0
1682,2898,1.0
1682,3667,1.0
1682,4052,1.0
1682,2773,1.0
1683,1299,1.0
1683,20,1.0
1683,405,1.0
1683,1174,1.0
1683,1619,1.0
1683,2004,1.0
1683,725,1.0
1683,854,1.0
1683,2323,1.0
1683,3092,1.0
1683,3477,1.0
1683,2198,1.0
1683,2643,1.0
1683,3028,1.0
1683,3797,1.0
1683,3926,1.0
1684,20,1.0
1684,405,1.0
1684,1174,1.0
1684,1303,1.0
1684,980,1.0
1684,1749,1.0
1684,1878,1.0
1684,599,1.0
1684,3092,1.0
1684,3477,1.0
1684,2198,1.0
1684,2327,1.0
1684,4052,1.0
1684,2773,1.0
1684,2902,1.0
1684,3671,1.0
1685,405,1.0
1685,1174,1.0
1685,1303,1.0
1685,24,1.0
1685,725,1.0
1685,854,1.0
1685,1623,1.0
1685,2008,1.0
1685,3477,1.0
1685,2198,1.0
1685,2327,1.0
1685,3096,1.0
1685,3797,1.0
1685,3926,1.0
1685,2647,1.0
1685,3032,1.0
1686,1174,1.0
1686,1303,1.0
1686,24,1.0
1686,409,1.0
1686,1878,1.0
1686,599,1.0
1686,984,1.0
1686,1753,1.0
1686,2198,1.0
1686,2327,1.0
1686,3096,1.0
1686,3481,1.0
1686,2902,1.0
1686,3671,1.0
1686,4056,1.0
1686,2777,1.0
1687,1303,1.0
1687,24,1.0
1687,409,1.0
1687,1178,1.0
1687,1623,1.0
1687,2008,1.0
1687,729,1.0
1687,858,1.0
1687,2327,1.0
1687,3096,1.0
1687,3481,1.0
1687,2202,1.0
1687,2647,1.0
1687,3032,1.0
1687,3801,1.0
1687,3930,1.0
1688,24,1.0
1688,409,1.0
1688,1178,1.0
1688,1307,1.0
1688,984,1.0
1688,1753,1.0
1688,1882,1.0
1688,603,1.0
1688,3096,1.0
1688,3481,1.0
1688,2202,1.0
1688,2331,1.0
1688,4056,1.0
1688,2777,1.0
1688,2906,1.0
1688,3675,1.0
1689,409,1.0
1689,1178,1.0
1689,1307,1.0
1689,28,1.0
1689,729,1.0
1689,858,1.0
1689,1627,1.0
1689,2012,1.0
1689,3481,1.0
1689,2202,1.0
1689,2331,1.0
1689,3100,1.0
1689,3801,1.0
1689,3930,1.0
1689,2651,1.0
1689,3036,1.0
1690,1178,1.0
1690,1307,1.0
1690,28,1.0
1690,413,1.0
1690,1882,1.0
1690,603,1.0
1690,988,1.0
1690,1757,1.0
1690,2202,1.0
1690,2331,1.0
1690,3100,1.0
1690,3485,1.0
1690,2906,1.0
1690,3675,1.0
1690,4060,1.0
1690,2781,1.0
1691,1307,1.0
1691,28,1.0
1691,413,1.0
1691,1182,1.0
1691,1627,1.0
1691,2012,1.0
1691,733,1.0
1691,862,1.0
1691,2331,1.0
1691,3100,1.0
1691,3485,1.0
1691,2206,1.0
1691,2651,1.0
1691,3036,1.0
1691,3805,1.0
1691,3934,1.0
1692,28,1.0
1692,413,1.0
1692,1182,1.0
1692,1311,1.0
1692,988,1.0
1692,1757,1.0
1692,1886,1.0
1692,607,1.0
1692,3100,1.0
1692,3485,1.0
1692,2206,1.0
1692,2335,1.0
1692,4060,1.0
1692,2781,1.0
1692,2910,1.0
1692,3679,1.0
1693,413,1.0
1693,1182,1.0
1693,1311,1.0
1693,32,1.0
1693,733,1.0
1693,862,1.0
1693,1631,1.0
1693,2016,1.0
1693,3485,1.0
1693,2206,1.0
1693,2335,1.0
1693,3104,1.0
1693,3805,1.0
1693,3934,1.0
1693,2655,1.0
1693,3040,1.0
1694,1182,1.0
1694,1311,1.0
1694,32,1.0
1694,417,1.0
1694,1886,1.0
1694,607,1.0
1694,992,1.0
1694,1761,1.0
1694,2206,1.0
1694,2335,1.0
1694,3104,1.0
1694,3489,1.0
1694,2910,1.0
1694,3679,1.0
1694,4064,1.0
1694,2785,1.0
1695,1311,1.0
1695,32,1.0
1695,417,1.0
1695,1186,1.0
1695,1631,1.0
1695,2016,1.0
1695,737,1.0
1695,866,1.0
1695,2335,1.0
1695,3104,1.0
1695,3489,1.0
1695,2210,1.0
1695,2655,1.0
1695,3040,1.0
1695,3809,1.0
1695,3938,1.0
1696,32,1.0
1696,417,1.0
1696,1186,1.0
1696,1315,1.0
1696,992,1.0
1696,1761,1.0
1696,1890,1.0
1696,611,1.0
1696,3104,1.0
1696,3489,1.0
1696,2210,1.0
1696,2339,1.0
1696,4064,1.0
1696,2785,1.0
1696,2914,1.0
1696,3683,1.0
1697,417,1.0
1697,1186,1.0
1697,1315,1.0
1697,36,1.0
1697,737,1.0
1697,866,1.0
1697,1635,1.0
1697,2020,1.0
1697,3489,1.0
1697,2210,1.0
1697,2339,1.0
1697,3108,1.0
1697,3809,1.0
1697,3938,1.0
1697,2659,1.0
1697,3044,1.0
1698,1186,1.0
1698,1315,1.0
1698,36,1.0
1698,421,1.0
1698,1890,1.0
1698,611,1.0
1698,996,1.0
1698,1765,1.0
1698,2210,1.0
1698,2339,1.0
1698,3108,1.0
1698,3493,1.0
1698,2914,1.0
1698,3683,1.0
1698,4068,1.0
1698,2789,1.0
1699,1315,1.0
1699,36,1.0
1699,421,1.0
1699,1190,1.0
1699,1635,1.0
1699,2020,1.0
1699,741,1.0
1699,870,1.0
1699,2339,1.0
1699,3108,1.0
1699,3493,1.0
1699,2214,1.0
1699,2659,1.0
1699,3044,1.0
1699,3813,1.0
1699,3942,1.0
1700,36,1.0
1700,421,1.0
1700,1190,1.0
1700,1319,1.0
1700,996,1.0
1700,1765,1.0
1700,1894,1.0
1700,615,1.0
1700,3108,1.0
1700,3493,1.0
1700,2214,1.0
1700,2343,1.0
1700,4068,1.0
1700,2789,1.0
1700,2918,1.0
1700,3687,1.0
1701,421,1.0
1701,1190,1.0
1701,1319,1.0
1701,40,1.0
1701,741,1.0
1701,870,1.0
1701,1639,1.0
1701,2024,1.0
1701,3493,1.0
1701,2214,1.0
1701,2343,1.0
1701,3112,1.0
1701,3813,1.0
1701,3942,1.0
1701,2663,1.0
1701,3048,1.0
1702,1190,1.0
1702,1319,1.0
1702,40,1.0
1702,425,1.0
1702,1894,1.0
1702,615,1.0
1702,1000,1.0
1702,1769,1.0
1702,2214,1.0
1702,2343,1.0
1702,3112,1.0
1702,3497,1.0
1702,2918,1.0
1702,3687,1.0
1702,4072,1.0
1702,2793,1.0
1703,1319,1.0
1703,40,1.0
1703,425,1.0
1703,1194,1.0
1703,1639,1.0
1703,2024,1.0
1703,745,1.0
1703,874,1.0
1703,2343,1.0
1703,3112,1.0
1703,3497,1.0
1703,2218,1.0
1703,2663,1.0
1703,3048,1.0
1703,3817,1.0
1703,3946,1.0
1704,40,1.0
1704,425,1.0
1704,1194,1.0
1704,1323,1.0
1704,1000,1.0
1704,1769,1.0
1704,1898,1.0
1704,619,1.0
1704,3112,1.0
1704,3497,1.0
1704,2218,1.0
1704,2347,1.0
1704,4072,1.0
1704,2793,1.0
1704,2922,1.0
1704,3691,1.0
1705,425,1.0
1705,1194,1.0
1705,1323,1.0
1705,44,1.0
1705,745,1.0
1705,874,1.0
1705,1643,1.0
1705,2028,1.0
1705,3497,1.0
1705,2218,1.0
1705,2347,1.0
1705,3116,1.0
1705,3817,1.0
1705,3946,1.0
1705,2667,1.0
1705,3052,1.0
1706,1194,1.0
1706,1323,1.0
1706,44,1.0
1706,429,1.0
1706,1898,1.0
1706,619,1.0
1706,1004,1.0
1706,1773,1.0
1706,2218,1.0
1706,2347,1.0
1706,3116,1.0
1706,3501,1.0
1706,2922,1.0
1706,3691,1.0
1706,4076,1.0
1706,2797,1.0
1707,1323,1.0
1707,44,1.0
1707,429,1.0
1707,1198,1.0
1707,1643,1.0
1707,2028,1.0
1707,749,1.0
1707,878,1.0
1707,2347,1.0
1707,3116,1.0
1707,3501,1.0
1707,2222,1.0
1707,2667,1.0
1707,3052,1.0
1707,3821,1.0
1707,3950,1.0
1708,44,1.0
1708,429,1.0
1708,1198,1.0
1708,1327,1.0
1708,1004,1.0
1708,1773,1.0
1708,1902,1.0
1708,623,1.0
1708,3116,1.0
1708,3501,1.0
1708,2222,1.0
1708,2351,1.0
1708,4076,1.0
1708,2797,1.0
1708,2926,1.0
1708,3695,1.0
1709,429,1.0
1709,1198,1.0
1709,1327,1.0
1709,48,1.0
1709,749,1.0
1709,878,1.0
1709,1647,1.0
1709,2032,1.0
1709,3501,1.0
1709,2222,1.0
1709,2351,1.0
1709,3120,1.0
1709,3821,1.0
1709,3950,1.0
1709,2671,1.0
1709,3056,1.0
1710,1198,1.0
1710,1327,1.0
1710,48,1.0
1710,433,1.0
1710,1902,1.0
1710,623,1.0
1710,1008,1.0
1710,1777,1.0
1710,2222,1.0
1710,2351,1.0
1710,3120,1.0
1710,3505,1.0
1710,2926,1.0
1710,3695,1.0
1710,4080,1.0
1710,2801,1.0
1711,1327,1.0
1711,48,1.0
1711,433,1.0
1711,1202,1.0
1711,1647,1.0
1711,2032,1.0
1711,753,1.0
1711,882,1.0
1711,2351,1.0
1711,3120,1.0
1711,3505,1.0
1711,2226,1.0
1711,2671,1.0
1711,3056,1.0
1711,3825,1.0
1711,3954,1.0
1712,48,1.0
1712,433,1.0
1712,1202,1.0
1712,1331,1.0
1712,1008,1.0
1712,1777,1.0
1712,1906,1.0
1712,627,1.0
1712,3120,1.0
1712,3505,1.0
1712,2226,1.0
1712,2355,1.0
1712,4080,1.0
1712,2801,1.0
1712,2930,1.0
1712,3699,1.0
1713,433,1.0
1713,1202,1.0
1713,1331,1.0
1713,52,1.0
1713,753,1.0
1713,882,1.0
1713,1651,1.0
1713,2036,1.0
1713,3505,1.0
1713,2226,1.0
1713,2355,1.0
1713,3124,1.0
1713,3825,1.0
1713,3954,1.0
1713,2675,1.0
1713,3060,1.0
1714,1202,1.0
1714,1331,1.0
1714,52,1.0
1714,437,1.0
1714,1906,1.0
1714,627,1.0
1714,1012,1.0
1714,1781,1.0
1714,2226,1.0
1714,2355,1.0
1714,3124,1.0
1714,3509,1.0
1714,2930,1.0
1714,3699,1.0
1714,4084,1.0
1714,2805,1.0
1715,1331,1.0
1715,52,1.0
1715,437,1.0
1715,1206,1.0
1715,1651,1.0
1715,2036,1.0
1715,757,1.0
1715,886,1.0
1715,2355,1.0
1715,3124,1.0
1715,3509,1.0
1715,2230,1.0
1715,2675,1.0
1715,3060,1.0
1715,3829,1.0
1715,3958,1.0
1716,52,1.0
1716,437,1.0
1716,1206,1.0
1716,1335,1.0
1716,1012,1.0
1716,1781,1.0
1716,1910,1.0
1716,631,1.0
1716,3124,1.0
1716,3509,1.0
1716,2230,1.0
1716,2359,1.0
1716,4084,1.0
1716,2805,1.0
1716,2934,1.0
1716,3703,1.0
1717,437,1.0
1717,1206,1.0
1717,1335,1.0
1717,56,1.0
1717,757,1.0
1717,886,1.0
1717,1655,1.0
1717,2040,1.0
1717,3509,1.0
1717,2230,1.0
1717,2359,1.0
1717,3128,1.0
1717,3829,1.0
1717,3958,1.0
1717,2679,1.0
1717,3064,1.0
1718,1206,1.0
1718,1335,1.0
1718,56,1.0
1718,441,1.0
1718,1910,1.0
1718,631,1.0
1718,1016,1.0
1718,1785,1.0
1718,2230,1.0
1718,2359,1.0
1718,3128,1.0
1718,3513,1.0
1718,2934,1.0
1718,3703,1.0
1718,4088,1.0
1718,2809,1.0
1719,1335,1.0
1719,56,1.0
1719,441,1.0
1719,1210,1.0
1719,1655,1.0
1719,2040,1.0
1719,761,1.0
1719,890,1.0
1719,2359,1.0
1719,3128,1.0
1719,3513,1.0
1719,2234,1.0
1719,2679,1.0
1719,3064,1.0
1719,3833,1.0
1719,3962,1.0
1720,56,1.0
1720,441,1.0
1720,1210,1.0
1720,1339,1.0
1720,1016,1.0
1720,1785,1.0
1720,1914,1.0
1720,635,1.0
1720,3128,1.0
1720,3513,1.0
1720,2234,1.0
1720,2363,1.0
1720,4088,1.0
1720,2809,1.0
1720,2938,1.0
1720,3707,1.0
1721,441,1.0
1721,1210,1.0
1721,1339,1.0
1721,60,1.0
1721,761,1.0
1721,890,1.0
1721,1659,1.0
1721,2044,1.0
1721,3513,1.0
1721,2234,1.0
1721,2363,1.0
1721,3132,1.0
1721,3833,1.0
1721,3962,1.0
1721,2683,1.0
1721,3068,1.0
1722,1210,1.0
1722,1339,1.0
1722,60,1.0
1722,445,1.0
1722,1914,1.0
1722,635,1.0
1722,1020,1.0
1722,1789,1.0
1722,2234,1.0
1722,2363,1.0
1722,3132,1.0
1722,3517,1.0
1722,2938,1.0
1722,3707,1.0
1722,4092,1.0
1722,2813,1.0
1723,1339,1.0
1723,60,1.0
1723,445,1.0
1723,1214,1.0
1723,1659,1.0
1723,2044,1.0
1723,765,1.0
1723,894,1.0
1723,2363,1.0
1723,3132,1.0
1723,3517,1.0
1723,2238,1.0
1723,2683,1.0
1723,3068,1.0
1723,3837,1.0
1723,3966,1.0
1724,60,1.0
1724,445,1.0
1724,1214,1.0
1724,1343,1.0
1724,1020,1.0
1724,1789,1.0
1724,1918,1.0
1724,639,1.0
1724,3132,1.0
1724,3517,1.0
1724,2238,1.0
1724,2367,1.0
1724,4092,1.0
1724,2813,1.0
1724,2942,1.0
1724,3711,1.0
1725,445,1.0
1725,1214,1.0
1725,1343,1.0
1725,0,1.0
1725,765,1.0
1725,894,1.0
1725,1663,1.0
1725,1984,1.0
1725,3517,1.0
1725,2238,1.0
1725,2367,1.0
1725,3072,1.0
1725,3837,1.0
1725,3966,1.0
1725,2687,1.0
1725,3008,1.0
1726,1214,1.0
1726,1343,1.0
1726,0,1.0
1726,385,1.0
1726,1918,1.0
1726,639,1.0
1726,960,1.0
1726,1729,1.0
1726,2238,1.0
1726,2367,1.0
1726,3072,1.0
1726,3457,1.0
1726,2942,1.0
1726,3711,1.0
1726,4032,1.0
1726,2753,1.0
1727,1343,1.0
1727,0,1.0
1727,385,1.0
1727,1154,1.0
1727,1663,1.0
1727,1984,1.0
1727,705,1.0
1727,834,1.0
1727,2367,1.0
1727,3072,1.0
1727,3457,1.0
1727,2178,1.0
1727,2687,1.0
1727,3008,1.0
1727,3777,1.0
1727,3906,1.0
1728,0,1.0
1728,385,1.0
1728,1154,1.0
1728,1283,1.0
1728,960,1.0
1728,1729,1.0
1728,1858,1.0
1728,579,1.0
1728,3072,1.0
1728,3457,1.0
1728,2178,1.0
1728,2307,1.0
1728,4032,1.0
1728,2753,1.0
1728,2882,1.0
1728,3651,1.0
1729,385,1.0
1729,1154,1.0
1729,1283,1.0
1729,4,1.0
1729,705,1.0
1729,834,1.0
1729,1603,1.0
1729,1988,1.0
1729,3457,1.0
1729,2178,1.0
1729,2307,1.0
1729,3076,1.0
1729,3777,1.0
1729,3906,1.0
1729,2627,1.0
1729,3012,1.0
1730,1154,1.0
1730,1283,1.0
1730,4,1.0
1730,389,1.0
1730,1858,1.0
1730,579,1.0
1730,964,1.0
1730,1733,1.0
1730,2178,1.0
1730,2307,1.0
1730,3076,1.0
1730,3461,1.0
1730,2882,1.0
1730,3651,1.0
1730,4036,1.0
1730,2757,1.0
1731,1283,1.0
1731,4,1.0
1731,389,1.0
1731,1158,1.0
1731,1603,1.0
1731,1988,1.0
1731,709,1.0
1731,838,1.0
1731,2307,1.0
1731,3076,1.0
1731,3461,1.0
1731,2182,1.0
1731,2627,1.0
1731,3012,1.0
1731,3781,1.0
1731,3910,1.0
1732,4,1.0
1732,389,1.0
1732,1158,1.0
1732,1287,1.0
1732,964,1.0
1732,1733,1.0
1732,1862,1.0
1732,583,1.0
1732,3076,1.0
1732,3461,1.0
1732,2182,1.0
1732,2311,1.0
1732,4036,1.0
1732,2757,1.0
1732,2886,1.0
1732,3655,1.0
1733,389,1.0
1733,1158,1.0
1733,1287,1.0
1733,8,1.0
1733,709,1.0
1733,838,1.0
1733,1607,1.0
1733,1992,1.0
1733,3461,1.0
1733,2182,1.0
1733,2311,1.0
1733,3080,1.0
1733,3781,1.0
1733,3910,1.0
1733,2631,1.0
1733,3016,1.0
1734,1158,1.0
1734,1287,1.0
1734,8,1.0
1734,393,1.0
1734,1862,1.0
1734,583,1.0
1734,968,1.0
1734,1737,1.0
1734,2182,1.0
1734,2311,1.0
1734,3080,1.0
1734,3465,1.0
1734,2886,1.0
1734,3655,1.0
1734,4040,1.0
1734,2761,1.0
1735,1287,1.0
1735,8,1.0
1735,393,1.0
1735,1162,1.0
1735,1607,1.0
1735,1992,1.0
1735,713,1.0
1735,842,1.0
1735,2311,1.0
1735,3080,1.0
1735,3465,1.0
1735,2186,1.0
1735,2631,1.0
1735,3016,1.0
1735,3785,1.0
1735,3914,1.0
1736,8,1.0
1736,393,1.0
1736,1162,1.0
1736,1291,1.0
1736,968,1.0
1736,1737,1.0
1736,1866,1.0
1736,587,1.0
1736,3080,1.0
1736,3465,1.0
1736,2186,1.0
1736,2315,1.0
1736,4040,1.0
1736,2761,1.0
1736,2890,1.0
1736,3659,1.0
1737,393,1.0
1737,1162,1.0
1737,1291,1.0
1737,12,1.0
1737,713,1.0
1737,842,1.0
1737,1611,1.0
1737,1996,1.0
1737,3465,1.0
1737,2186,1.0
1737,2315,1.0
1737,3084,1.0
1737,3785,1.0
1737,3914,1.0
1737,2635,1.0
1737,3020,1.0
1738,1162,1.0
1738,1291,1.0
1738,12,1.0
1738,397,1.0
1738,1866,1.0
1738,587,1.0
1738,972,1.0
1738,1741,1.0
1738,2186,1.0
1738,2315,1.0
1738,3084,1.0
1738,3469,1.0
1738,2890,1.0
1738,3659,1.0
1738,4044,1.0
1738,2765,1.0
1739,1291,1.0
1739,12,1.0
1739,397,1.0
1739,1166,1.0
1739,1611,1.0
1739,1996,1.0
1739,717,1.0
1739,846,1.0
1739,2315,1.0
1739,3084,1.0
1739,3469,1.0
1739,2190,1.0
1739,2635,1.0
1739,3020,1.0
1739,3789,1.0
1739,3918,1.0
1740,12,1.0
1740,397,1.0
1740,1166,1.0
1740,1295,1.0
1740,972,1.0
1740,1741,1.0
1740,1870,1.0
1740,591,1.0
1740,3084,1.0
1740,3469,1.0
1740,2190,1.0
1740,2319,1.0
1740,4044,1.0
1740,2765,1.0
1740,2894,1.0
1740,3663,1.0
1741,397,1.0
1741,1166,1.0
1741,1295,1.0
1741,16,1.0
1741,717,1.0
1741,846,1.0
1741,1615,1.0
1741,2000,1.0
1741,3469,1.0
1741,2190,1.0
1741,2319,1.0
1741,3088,1.0
1741,3789,1.0
1741,3918,1.0
1741,2639,1.0
1741,3024,1.0
1742,1166,1.0
1742,1295,1.0
1742,16,1.0
1742,401,1.0
1742,1870,1.0
1742,591,1.0
1742,976,1.0
1742,1745,1.0
1742,2190,1.0
1742,2319,1.0
1742,3088,1.0
1742,3473,1.0
1742,2894,1.0
1742,3663,1.0
1742,4048,1.0
1742,2769,1.0
1743,1295,1.0
1743,16,1.0
1743,401,1.0
1743,1170,1.0
1743,1615,1.0
1743,2000,1.0
1743,721,1.0
1743,850,1.0
1743,2319,1.0
1743,3088,1.0
1743,3473,1.0
1743,2194,1.0
1743,2639,1.0
1743,3024,1.0
1743,3793,1.0
1743,3922,1.0
1744,16,1.0
1744,401,1.0
1744,1170,1.0
1744,1299,1.0
1744,976,1.0
1744,1745,1.0
1744,1874,1.0
1744,595,1.0
1744,3088,1.0
1744,3473,1.0
1744,2194,1.0
1744,2323,1.0
1744,4048,1.0
1744,2769,1.0
1744,2898,1.0
1744,3667,1.0
1745,401,1.0
1745,1170,1.0
1745,1299,1.0
1745,20,1.0
1745,721,1.0
1745,850,1.0
1745,1619,1.0
1745,2004,1.0
1745,3473,1.0
1745,2194,1.0
1745,2323,1.0
1745,3092,1.0
1745,3793,1.0
1745,3922,1.0
1745,2643,1.0
1745,3028,1.0
1746,1170,1.0
1746,1299,1.0
1746,20,1.0
1746,405,1.0
1746,1874,1.0
1746,595,1.0
1746,980,1.0
1746,1749,1.0
1746,2194,1.0
1746,2323,1.0
1746,3092,1.0
1746,3477,1.0
1746,2898,1.0
1746,3667,1.0
1746,4052,1.0
1746,2773,1.0
1747,1299,1.0
1747,20,1.0
1747,405,1.0
1747,1174,1.0
1747,1619,1.0
1747,2004,1.0
1747,725,1.0
1747,854,1.0
1747,2323,1.0
1747,3092,1.0
1747,3477,1.0
1747,2198,1.0
1747,2643,1.0
1747,3028,1.0
1747,3797,1.0
1747,3926,1.0
1748,20,1.0
1748,405,1.0
1748,1174,1.0
1748,1303,1.0
1748,980,1.0
1748,1749,1.0
1748,1878,1.0
1748,599,1.0
1748,3092,1.0
1748,3477,1.0
1748,2198,1.0
1748,2327,1.0
1748,4052,1.0
1748,2773,1.0
1748,2902,1.0
1748,3671,1.0
1749,405,1.0
1749,1174,1.0
1749,1303,1.0
1749,24,1.0
1749,725,1.0
1749,854,1.0
1749,1623,1.0
1749,2008,1.0
1749,3477,1.0
1749,2198,1.0
1749,2327,1.0
1749,3096,1.0
1749,3797,1.0
1749,3926,1.0
1749,2647,1.0
1749,3032,1.0
1750,1174,1.0
1750,1303,1.0
1750,24,1.0
1750,409,1.0
1750,1878,1.0
1750,599,1.0
1750,984,1.0
1750,1753,1.0
1750,2198,1.0
1750,2327,1.0
1750,3096,1.0
1750,3481,1.0
1750,2902,1.0
1750,3671,1.0
1750,4056,1.0
1750,2777,1.0
1751,1303,1.0
1751,24,1.0
1751,409,1.0
1751,1178,1.0
1751,1623,1.0
1751,2008,1.0
1751,729,1.0
1751,858,1.0
1751,2327,1.0
1751,3096,1.0
1751,3481,1.0
1751,2202,1.0
1751,2647,1.0
1751,3032,1.0
1751,3801,1.0
1751,3930,1.0
1752,24,1.0
1752,409,1.0
1752,1178,1.0
1752,1307,1.0
1752,984,1.0
1752,1753,1.0
1752,1882,1.0
1752,603,1.0
1752,3096,1.0
1752,3481,1.0
1752,2202,1.0
1752,2331,1.0
1752,4056,1.0
1752,2777,1.0
1752,2906,1.0
1752,3675,1.0
1753,409,1.0
1753,1178,1.0
1753,1307,1.0
1753,28,1.0
1753,729,1.0
1753,858,1.0
1753,1627,1.0
1753,2012,1.0
1753,3481,1.0
1753,2202,1.0
1753,2331,1.0
1753,3100,1.0
1753,3801,1.0
1753,3930,1.0
1753,2651,1.0
1753,3036,1.0
1754,1178,1.0
1754,1307,1.0
1754,28,1.0
1754,413,1.0
1754,1882,1.0
1754,603,1.0
1754,988,1.0
1754,1757,1.0
1754,2202,1.0
1754,2331,1.0
1754,3100,1.0
1754,3485,1.0
1754,2906,1.0
1754,3675,1.0
1754,4060,1.0
1754,2781,1.0
1755,1307,1.0
1755,28,1.0
1755,413,1.0
1755,1182,1.0
1755,1627,1.0
1755,2012,1.0
1755,733,1.0
1755,862,1.0
1755,2331,1.0
1755,3100,1.0
1755,3485,1.0
1755,2206,1.0
1755,2651,1.0
1755,3036,1.0
1755,3805,1.0
1755,3934,1.0
1756,28,1.0
1756,413,1.0
1756,1182,1.0
1756,1311,1.0
1756,988,1.0
1756,1757,1.0
1756,1886,1.0
1756,607,1.0
1756,3100,1.0
1756,3485,1.0
1756,2206,1.0
1756,2335,1.0
1756,4060,1.0
1756,2781,1.0
1756,2910,1.0
1756,3679,1.0
1757,413,1.0
1757,1182,1.0
1757,1311,1.0
1757,32,1.0
1757,733,1.0
1757,862,1.0
1757,1631,1.0
1757,2016,1.0
1757,3485,1.0
1757,2206,1.0
1757,2335,1.0
1757,3104,1.0
1757,3805,1.0
1757,3934,1.0
1757,2655,1.0
1757,3040,1.0
1758,1182,1.0
1758,1311,1.0
1758,32,1.0
1758,417,1.0
1758,1886,1.0
1758,607,1.0
1758,992,1.0
1758,1761,1.0
1758,2206,1.0
1758,2335,1.0
1758,3104,1.0
1758,3489,1.0
1758,2910,1.0
1758,3679,1.0
1758,4064,1.0
1758,2785,1.0
1759,1311,1.0
1759,32,1.0
1759,417,1.0
1759,1186,1.0
1759,1631,1.0
1759,2016,1.0
1759,737,1.0
1759,866,1.0
1759,2335,1.0
1759,3104,1.0
1759,3489,1.0
1759,2210,1.0
1759,2655,1.0
1759,3040,1.0
1759,3809,1.0
1759,3938,1.0
1760,32,1.0
1760,417,1.0
1760,1186,1.0
1760,1315,1.0
1760,992,1.0
1760,1761,1.0
1760,1890,1.0
1760,611,1.0
1760,3104,1.0
1760,3489,1.0
1760,2210,1.0
1760,2339,1.0
1760,4064,1.0
1760,2785,1.0
1760,2914,1.0
1760,3683,1.0
1761,417,1.0
1761,1186,1.0
1761,1315,1.0
1761,36,1.0
1761,737,1.0
1761,866,1.0
1761,1635,1.0
1761,2020,1.0
1761,3489,1.0
1761,2210,1.0
1761,2339,1.0
1761,3108,1.0
1761,3809,1.0
1761,3938,1.0
1761,2659,1.0
1761,3044,1.0
1762,1186,1.0
1762,1315,1.0
1762,36,1.0
1762,421,1.0
1762,1890,1.0
1762,611,1.0
1762,996,1.0
1762,1765,1.0
1762,2210,1.0
1762,2339,1.0
1762,3108,1.0
1762,3493,1.0
1762,2914,1.0
1762,3683,1.0
1762,4068,1.0
1762,2789,1.0
1763,1315,1.0
1763,36,1.0
1763,421,1.0
1763,1190,1.0
1763,1635,1.0
1763,2020,1.0
1763,741,1.0
1763,870,1.0
1763,2339,1.0
1763,3108,1.0
1763,3493,1.0
1763,2214,1.0
1763,2659,1.0
1763,3044,1.0
1763,3813,1.0
1763,3942,1.0
1764,36,1.0
1764,421,1.0
1764,1190,1.0
1764,1319,1.0
1764,996,1.0
1764,1765,1.0
1764,1894,1.0
1764,615,1.0
1764,3108,1.0
1764,3493,1.0
1764,2214,1.0
1764,2343,1.0
1764,4068,1.0
1764,2789,1.0
1764,2918,1.0
1764,3687,1.0
1765,421,1.0
1765,1190,1.0
1765,1319,1.0
1765,40,1.0
1765,741,1.0
1765,870,1.0
1765,1639,1.0
1765,2024,1.0
1765,3493,1.0
1765,2214,1.0
1765,2343,1.0
1765,3112,1.0
1765,3813,1.0
1765,3942,1.0
1765,2663,1.0
1765,3048,1.0
1766,1190,1.0
1766,1319,1.0
1766,40,1.0
1766,425,1.0
1766,1894,1.0
1766,615,1.0
1766,1000,1.0
1766,1769,1.0
1766,2214,1.0
1766,2343,1.0
1766,3112,1.0
1766,3497,1.0
1766,2918,1.0
1766,3687,1.0
1766,4072,1.0
1766,2793,1.0
1767,1319,1.0
1767,40,1.0
1767,425,1.0
1767,1194,1.0
1767,1639,1.0
1767,2024,1.0
1767,745,1.0
1767,874,1.0
1767,2343,1.0
1767,3112,1.0
1767,3497,1.0
1767,2218,1.0
1767,2663,1.0
1767,3048,1.0
1767,3817,1.0
1767,3946,1.0
1768,40,1.0
1768,425,1.0
1768,1194,1.0
1768,1323,1.0
1768,1000,1.0
1768,1769,1.0
1768,1898,1.0
1768,619,1.0
1768,3112,1.0
1768,3497,1.0
1768,2218,1.0
1768,2347,1.0
1768,4072,1.0
1768,2793,1.0
1768,2922,1.0
1768,3691,1.0
1769,425,1.0
1769,1194,1.0
1769,1323,1.0
1769,44,1.0
1769,745,1.0
1769,874,1.0
1769,1643,1.0
1769,2028,1.0
1769,3497,1.0
1769,2218,1.0
1769,2347,1.0
1769,3116,1.0
1769,3817,1.0
1769,3946,1.0
1769,2667,1.0
1769,3052,1.0
1770,1194,1.0
1770,1323,1.0
1770,44,1.0
1770,429,1.0
1770,1898,1.0
1770,619,1.0
1770,1004,1.0
1770,1773,1.0
1770,2218,1.0
1770,2347,1.0
1770,3116,1.0
1770,3501,1.0
1770,2922,1.0
1770,3691,1.0
1770,4076,1.0
1770,2797,1.0
1771,1323,1.0
1771,44,1.0
1771,429,1.0
1771,1198,1.0
1771,1643,1.0
1771,2028,1.0
1771,749,1.0
1771,878,1.0
1771,2347,1.0
1771,3116,1.0
1771,3501,1.0
1771,2222,1.0
1771,2667,1.0
1771,3052,1.0
1771,3821,1.0
1771,3950,1.0
1772,44,1.0
1772,429,1.0
1772,1198,1.0
1772,1327,1.0
1772,1004,1.0
1772,1773,1.0
1772,1902,1.0
1772,623,1.0
1772,3116,1.0
1772,3501,1.0
1772,2222,1.0
1772,2351,1.0
1772,4076,1.0
1772,2797,1.0
1772,2926,1.0
1772,3695,1.0
1773,429,1.0
1773,1198,1.0
1773,1327,1.0
1773,48,1.0
1773,749,1.0
1773,878,1.0
1773,1647,1.0
1773,2032,1.0
1773,3501,1.0
1773,2222,1.0
1773,2351,1.0
1773,3120,1.0
1773,3821,1.0
1773,3950,1.0
1773,2671,1.0
1773,3056,1.0
1774,1198,1.0
1774,1327,1.0
1774,48,1.0
1774,433,1.0
1774,1902,1.0
1774,623,1.0
1774,1008,1.0
1774,1777,1.0
1774,2222,1.0
1774,2351,1.0
1774,3120,1.0
1774,3505,1.0
1774,2926,1.0
1774,3695,1.0
1774,4080,1.0
1774,2801,1.0
1775,1327,1.0
1775,48,1.0
1775,433,1.0
1775,1202,1.0
1775,1647,1.0
1775,2032,1.0
1775,753,1.0
1775,882,1.0
1775,2351,1.0
1775,3120,1.0
1775,3505,1.0
1775,2226,1.0
1775,2671,1.0
1775,3056,1.0
1775,3825,1.0
1775,3954,1.0
1776,48,1.0
1776,433,1.0
1776,1202,1.0
1776,1331,1.0
1776,1008,1.0
1776,1777,1.0
1776,1906,1.0
1776,627,1.0
1776,3120,1.0
1776,3505,1.0
1776,2226,1.0
1776,2355,1.0
1776,4080,1.0
1776,2801,1.0
1776,2930,1.0
1776,3699,1.0
1777,433,1.0
1777,1202,1.0
1777,1331,1.0
1777,52,1.0
1777,753,1.0
1777,882,1.0
1777,1651,1.0
1777,2036,1.0
1777,3505,1.0
1777,2226,1.0
1777,2355,1.0
1777,3124,1.0
1777,3825,1.0
1777,3954,1.0
1777,2675,1.0
1777,3060,1.0
1778,1202,1.0
1778,1331,1.0
1778,52,1.0
1778,437,1.0
1778,1906,1.0
1778,627,1.0
1778,1012,1.0
1778,1781,1.0
1778,2226,1.0
1778,2355,1.0
1778,3124,1.0
1778,3509,1.0
1778,2930,1.0
1778,3699,1.0
1778,4084,1.0
1778,2805,1.0
1779,1331,1.0
1779,52,1.0
1779,437,1.0
1779,1206,1.0
1779,1651,1.0
1779,2036,1.0
1779,757,1.0
1779,886,1.0
1779,2355,1.0
1779,3124,1.0
1779,3509,1.0
1779,2230,1.0
1779,2675,1.0
1779,3060,1.0
1779,3829,1.0
1779,3958,1.0
1780,52,1.0
1780,437,1.0
1780,1206,1.0
1780,1335,1.0
1780,1012,1.0
1780,1781,1.0
1780,1910,1.0
1780,631,1.0
1780,3124,1.0
1780,3509,1.0
1780,2230,1.0
1780,2359,1.0
1780,4084,1.0
1780,2805,1.0
1780,2934,1.0
1780,3703,1.0
1781,437,1.0
1781,1206,1.0
1781,1335,1.0
1781,56,1.0
1781,757,1.0
1781,886,1.0
1781,1655,1.0
1781,2040,1.0
1781,3509,1.0
1781,2230,1.0
1781,2359,1.0
1781,3128,1.0
1781,3829,1.0
1781,3958,1.0
1781,2679,1.0
1781,3064,1.0
1782,1206,1.0
1782,1335,1.0
1782,56,1.0
1782,441,1.0
1782,1910,1.0
1782,631,1.0
1782,1016,1.0
1782,1785,1.0
1782,2230,1.0
1782,2359,1.0
1782,3128,1.0
1782,3513,1.0
1782,2934,1.0
1782,3703,1.0
1782,4088,1.0
1782,2809,1.0
1783,1335,1.0
1783,56,1.0
1783,441,1.0
1783,1210,1.0
1783,1655,1.0
1783,2040,1.0
1783,761,1.0
1783,890,1.0
1783,2359,1.0
1783,3128,1.0
1783,3513,1.0
1783,2234,1.0
1783,2679,1.0
1783,3064,1.0
1783,3833,1.0
1783,3962,1.0
1784,56,1.0
1784,441,1.0
1784,1210,1.0
1784,1339,1.0
1784,1016,1.0
1784,1785,1.0
1784,1914,1.0
1784,635,1.0
1784,3128,1.0
1784,3513,1.0
1784,2234,1.0
1784,2363,1.0
1784,4088,1.0
1784,2809,1.0
1784,2938,1.0
1784,3707,1.0
1785,441,1.0
1785,1210,1.0
1785,1339,1.0
1785,60,1.0
1785,761,1.0
1785,890,1.0
1785,1659,1.0
1785,2044,1.0
1785,3513,1.0
1785,2234,1.0
1785,2363,1.0
1785,3132,1.0
1785,3833,1.0
1785,3962,1.0
1785,2683,1.0
1785,3068,1.0
1786,1210,1.0
1786,1339,1.0
1786,60,1.0
1786,445,1.0
1786,1914,1.0
1786,635,1.0
1786,1020,1.0
1786,1789,1.0
1786,2234,1.0
1786,2363,1.0
1786,3132,1.0
1786,3517,1.0
1786,2938,1.0
1786,3707,1.0
1786,4092,1.0
1786,2813,1.0
1787,1339,1.0
1787,60,1.0
1787,445,1.0
1787,1214,1.0
1787,1659,1.0
1787,2044,1.0
1787,765,1.0
1787,894,1.0
1787,2363,1.0
1787,3132,1.0
1787,3517,1.0
1787,2238,1.0
1787,2683,1.0
1787,3068,1.0
1787,3837,1.0
1787,3966,1.0
1788,60,1.0
1788,445,1.0
1788,1214,1.0
1788,1343,1.0
1788,1020,1.0
1788,1789,1.0
1788,1918,1.0
1788,639,1.0
1788,3132,1.0
1788,3517,1.0
1788,2238,1.0
1788,2367,1.0
1788,4092,1.0
1788,2813,1.0
1788,2942,1.0
1788,3711,1.0
1789,445,1.0
1789,1214,1.0
1789,1343,1.0
1789,0,1.0
1789,765,1.0
1789,894,1.0
1789,1663,1.0
1789,1984,1.0
1789,3517,1.0
1789,2238,1.0
1789,2367,1.0
1789,3072,1.0
1789,3837,1.0
1789,3966,1.0
1789,2687,1.0
1789,3008,1.0
1790,1214,1.0
1790,1343,1.0
1790,0,1.0
1790,385,1.0
1790,1918,1.0
1790,639,1.0
1790,960,1.0
1790,1729,1.0
1790,2238,1.0
1790,2367,1.0
1790,3072,1.0
1790,3457,1.0
1790,2942,1.0
1790,3711,1.0
1790,4032,1.0
1790,2753,1.0
1791,1343,1.0
1791,0,1.0
1791,385,1.0
1791,1154,1.0
1791,1663,1.0
1791,1984,1.0
1791,705,1.0
1791,834,1.0
1791,2367,1.0
1791,3072,1.0
1791,3457,1.0
1791,2178,1.0
1791,2687,1.0
1791,3008,1.0
1791,3777,1.0
1791,3906,1.0
1792,0,1.0
1792,385,1.0
1792,1154,1.0
1792,1283,1.0
1792,960,1.0
1792,1729,1.0
1792,1858,1.0
1792,579,1.0
1792,3072,1.0
1792,3457,1.0
1792,2178,1.0
1792,2307,1.0
1792,4032,1.0
1792,2753,1.0
1792,2882,1.0
1792,3651,1.0
1793,385,1.0
1793,1154,1.0
1793,1283,1.0
1793,4,1.0
1793,705,1.0
1793,834,1.0
1793,1603,1.0
1793,1988,1.0
1793,3457,1.0
1793,2178,1.0
1793,2307,1.0
1793,3076,1.0
1793,3777,1.0
1793,3906,1.0
1793,2627,1.0
1793,3012,1.0
1794,1154,1.0
1794,1283,1.0
1794,4,1.0
1794,389,1.0
1794,1858,1.0
1794,579,1.0
1794,964,1.0
1794,1733,1.0
1794,2178,1.0
1794,2307,1.0
1794,3076,1.0
1794,3461,1.0
1794,2882,1.0
1794,3651,1.0
1794,4036,1.0
1794,2757,1.0
1795,1283,1.0
1795,4,1.0
1795,389,1.0
1795,1158,1.0
1795,1603,1.0
1795,1988,1.0
1795,709,1.0
1795,838,1.0
1795,2307,1.0
1795,3076,1.0
1795,3461,1.0
1795,2182,1.0
1795,2627,1.0
1795,3012,1.0
1795,3781,1.0
1795,3910,1.0
1796,4,1.0
1796,389,1.0
1796,1158,1.0
1796,1287,1.0
1796,964,1.0
1796,1733,1.0
1796,1862,1.0
1796,583,1.0
1796,3076,1.0
1796,3461,1.0
1796,2182,1.0
1796,2311,1.0
1796,4036,1.0
1796,2757,1.0
1796,2886,1.0
1796,3655,1.0
1797,389,1.0
1797,1158,1.0
1797,1287,1.0
1797,8,1.0
1797,709,1.0
1797,838,1.0
1797,1607,1.0
1797,1992,1.0
1797,3461,1.0
1797,2182,1.0
1797,2311,1.0
1797,3080,1.0
1797,3781,1.0
1797,3910,1.0
1797,2631,1.0
1797,3016,1.0
1798,1158,1.0
1798,1287,1.0
1798,8,1.0
1798,393,1.0
1798,1862,1.0
1798,583,1.0
1798,968,1.0
1798,1737,1.0
1798,2182,1.0
1798,2311,1.0
1798,3080,1.0
1798,3465,1.0
1798,2886,1.0
1798,3655,1.0
1798,4040,1.0
1798,2761,1.0
1799,1287,1.0
1799,8,1.0
1799,393,1.0
1799,1162,1.0
1799,1607,1.0
1799,1992,1.0
1799,713,1.0
1799,842,1.0
1799,2311,1.0
1799,3080,1.0
1799,3465,1.0
1799,2186,1.0
1799,2631,1.0
1799,3016,1.0
1799,3785,1.0
1799,3914,1.0
1800,8,1.0
1800,393,1.0
1800,1162,1.0
1800,1291,1.0
1800,968,1.0
1800,1737,1.0
1800,1866,1.0
1800,587,1.0
1800,3080,1.0
1800,3465,1.0
1800,2186,1.0
1800,2315,1.0
1800,4040,1.0
1800,2761,1.0
1800,2890,1.0
1800,3659,1.0
1801,393,1.0
1801,1162,1.0
1801,1291,1.0
1801,12,1.0
1801,713,1.0
1801,842,1.0
1801,1611,1.0
1801,1996,1.0
1801,3465,1.0
1801,2186,1.0
1801,2315,1.0
1801,3084,1.0
1801,3785,1.0
1801,3914,1.0
1801,2635,1.0
1801,3020,1.0
1802,1162,1.0
1802,1291,1.0
1802,12,1.0
1802,397,1.0
1802,1866,1.0
1802,587,1.0
1802,972,1.0
1802,1741,1.0
1802,2186,1.0
1802,2315,1.0
1802,3084,1.0
1802,3469,1.0
1802,2890,1.0
1802,3659,1.0
1802,4044,1.0
1802,2765,1.0
1803,1291,1.0
1803,12,1.0
1803,397,1.0
1803,1166,1.0
1803,1611,1.0
1803,1996,1.0
1803,717,1.0
1803,846,1.0
1803,2315,1.0
1803,3084,1.0
1803,3469,1.0
1803,2190,1.0
1803,2635,1.0
1803,3020,1.0
1803,3789,1.0
1803,3918,1.0
1804,12,1.0
1804,397,1.0
1804,1166,1.0
1804,1295,1.0
1804,972,1.0
1804,1741,1.0
1804,1870,1.0
1804,591,1.0
1804,3084,1.0
1804,3469,1.0
1804,2190,1.0
1804,2319,1.0
1804,4044,1.0
1804,2765,1.0
1804,2894,1.0
1804,3663,1.0
1805,397,1.0
1805,1166,1.0
1805,1295,1.0
1805,16,1.0
1805,717,1.0
1805,846,1.0
1805,1615,1.0
1805,2000,1.0
1805,3469,1.0
1805,2190,1.0
1805,2319,1.0
1805,3088,1.0
1805,3789,1.0
1805,3918,1.0
1805,2639,1.0
1805,3024,1.0
1806,1166,1.0
1806,1295,1.0
1806,16,1.0
1806,401,1.0
1806,1870,1.0
1806,591,1.0
1806,976,1.0
1806,1745,1.0
1806,2190,1.0
1806,2319,1.0
1806,3088,1.0
1806,3473,1.0
1806,2894,1.0
1806,3663,1.0
1806,4048,1.0
1806,2769,1.0
1807,1295,1.0
1807,16,1.0
1807,401,1.0
1807,1170,1.0
1807,1615,1.0
1807,2000,1.0
1807,721,1.0
1807,850,1.0
1807,2319,1.0
1807,3088,1.0
1807,3473,1.0
1807,2194,1.0
1807,2639,1.0
1807,3024,1.0
1807,3793,1.0
1807,3922,1.0
1808,16,1.0
1808,401,1.0
1808,1170,1.0
1808,1299,1.0
1808,976,1.0
1808,1745,1.0
1808,1874,1.0
1808,595,1.0
1808,3088,1.0
1808,3473,1.0
1808,2194,1.0
1808,2323,1.0
1808,4048,1.0
1808,2769,1.0
1808,2898,1.0
1808,3667,1.0
1809,401,1.0
1809,1170,1.0
1809,1299,1.0
1809,20,1.0
1809,721,1.0
1809,850,1.0
1809,1619,1.0
1809,2004,1.0
1809,3473,1.0
1809,2194,1.0
1809,2323,1.0
1809,3092,1.0
1809,3793,1.0
1809,3922,1.0
1809,2643,1.0
1809,3028,1.0
1810,1170,1.0
1810,1299,1.0
1810,20,1.0
1810,405,1.0
1810,1874,1.0
1810,595,1.0
1810,980,1.0
1810,1749,1.0
1810,2194,1.0
1810,2323,1.0
1810,3092,1.0
1810,3477,1.0
1810,2898,1.0
1810,3667,1.0
1810,4052,1.0
1810,2773,1.0
1811,1299,1.0
1811,20,1.0
1811,405,1.0
1811,1174,1.0
1811,1619,1.0
1811,2004,1.0
1811,725,1.0
1811,854,1.0
1811,2323,1.0
1811,3092,1.0
1811,3477,1.0
1811,2198,1.0
1811,2643,1.0
1811,3028,1.0
1811,3797,1.0
1811,3926,1.0
1812,20,1.0
1812,405,1.0
1812,1174,1.0
1812,1303,1.0
1812,980,1.0
1812,1749,1.0
1812,1878,1.0
1812,599,1.0
1812,3092,1.0
1812,3477,1.0
1812,2198,1.0
1812,2327,1.0
1812,4052,1.0
1812,2773,1.0
1812,2902,1.0
1812,3671,1.0
1813,405,1.0
1813,1174,1.0
1813,1303,1.0
1813,24,1.0
1813,725,1.0
1813,854,1.0
1813,1623,1.0
1813,2008,1.0
1813,3477,1.0
1813,2198,1.0
1813,2327,1.0
1813,3096,1.0
1813,3797,1.0
1813,3926,1.0
1813,2647,1.0
1813,3032,1.0
1814,1174,1.0
1814,1303,1.0
1814,24,1.0
1814,409,1.0
1814,1878,1.0
1814,599,1.0
1814,984,1.0
1814,1753,1.0
1814,2198,1.0
1814,2327,1.0
1814,3096,1.0
1814,3481,1.0
1814,2902,1.0
1814,3671,1.0
1814,4056,1.0
1814,2777,1.0
1815,1303,1.0
1815,24,1.0
1815,409,1.0
1815,1178,1.0
1815,1623,1.0
1815,2008,1.0
1815,729,1.0
1815,858,1.0
1815,2327,1.0
1815,3096,1.0
1815,3481,1.0
1815,2202,1.0
1815,2647,1.0
1815,3032,1.0
1815,3801,1.0
1815,3930,1.0
1816,24,1.0
1816,409,1.0
1816,1178,1.0
1816,1307,1.0
1816,984,1.0
1816,1753,1.0
1816,1882,1.0
1816,603,1.0
1816,3096,1.0
1816,3481,1.0
1816,2202,1.0
1816,2331,1.0
1816,4056,1.0
1816,2777,1.0
1816,2906,1.0
1816,3675,1.0
1817,409,1.0
1817,1178,1.0
1817,1307,1.0
1817,28,1.0
1817,729,1.0
1817,858,1.0
1817,1627,1.0
1817,2012,1.0
1817,3481,1.0
1817,2202,1.0
1817,2331,1.0
1817,3100,1.0
1817,3801,1.0
1817,3930,1.0
1817,2651,1.0
1817,3036,1.0
1818,1178,1.0
1818,1307,1.0
1818,28,1.0
1818,413,1.0
1818,1882,1.0
1818,603,1.0
1818,988,1.0
1818,1757,1.0
1818,2202,1.0
1818,2331,1.0
1818,3100,1.0
1818,3485,1.0
1818,2906,1.0
1818,3675,1.0
1818,4060,1.0
1818,2781,1.0
1819,1307,1.0
1819,28,1.0
1819,413,1.0
1819,1182,1.0
1819,1627,1.0
1819,2012,1.0
1819,733,1.0
1819,862,1.0
1819,2331,1.0
1819,3100,1.0
1819,3485,1.0
1819,2206,1.0
1819,2651,1.0
1819,3036,1.0
1819,3805,1.0
1819,3934,1.0
1820,28,1.0
1820,413,1.0
1820,1182,1.0
1820,1311,1.0
1820,988,1.0
1820,1757,1.0
1820,1886,1.0
1820,607,1.0
1820,3100,1.0
1820,3485,1.0
1820,2206,1.0
1820,2335,1.0
1820,4060,1.0
1820,2781,1.0
1820,2910,1.0
1820,3679,1.0
1821,413,1.0
1821,1182,1.0
1821,1311,1.0
1821,32,1.0
1821,733,1.0
1821,862,1.0
1821,1631,1.0
1821,2016,1.0
1821,3485,1.0
1821,2206,1.0
1821,2335,1.0
1821,3104,1.0
1821,3805,1.0
1821,3934,1.0
1821,2655,1.0
1821,3040,1.0
1822,1182,1.0
1822,1311,1.0
1822,32,1.0
1822,417,1.0
1822,1886,1.0
1822,607,1.0
1822,992,1.0
1822,1761,1.0
1822,2206,1.0
1822,2335,1.0
1822,3104,1.0
1822,3489,1.0
1822,2910,1.0
1822,3679,1.0
1822,4064,1.0
1822,2785,1.0
1823,1311,1.0
1823,32,1.0
1823,417,1.0
1823,1186,1.0
1823,1631,1.0
1823,2016,1.0
1823,737,1.0
1823,866,1.0
1823,2335,1.0
1823,3104,1.0
1823,3489,1.0
1823,2210,1.0
1823,2655,1.0
1823,3040,1.0
1823,3809,1.0
1823,3938,1.0
1824,32,1.0
1824,417,1.0
1824,1186,1.0
1824,1315,1.0
1824,992,1.0
1824,1761,1.0
1824,1890,1.0
1824,611,1.0
1824,3104,1.0
1824,3489,1.0
1824,2210,1.0
1824,2339,1.0
1824,4064,1.0
1824,2785,1.0
1824,2914,1.0
1824,3683,1.0
1825,417,1.0
1825,1186,1.0
1825,1315,1.0
1825,36,1.0
1825,737,1.0
1825,866,1.0
1825,1635,1.0
1825,2020,1.0
1825,3489,1.0
1825,2210,1.0
1825,2339,1.0
1825,3108,1.0
1825,3809,1.0
1825,3938,1.0
1825,2659,1.0
1825,3044,1.0
1826,1186,1.0
1826,1315,1.0
1826,36,1.0
1826,421,1.0
1826,1890,1.0
1826,611,1.0
1826,996,1.0
1826,1765,1.0
1826,2210,1.0
1826,2339,1.0
1826,3108,1.0
1826,3493,1.0
1826,2914,1.0
1826,3683,1.0
1826,4068,1.0
1826,2789,1.0
1827,1315,1.0
1827,36,1.0
1827,421,1.0
1827,1190,1.0
1827,1635,1.0
1827,2020,1.0
1827,741,1.0
1827,870,1.0
1827,2339,1.0
1827,3108,1.0
1827,3493,1.0
1827,2214,1.0
1827,2659,1.0
1827,3044,1.0
1827,3813,1.0
1827,3942,1.0
1828,36,1.0
1828,421,1.0
1828,1190,1.0
1828,1319,1.0
1828,996,1.0
1828,1765,1.0
1828,1894,1.0
1828,615,1.0
1828,3108,1.0
1828,3493,1.0
1828,2214,1.0
1828,2343,1.0
1828,4068,1.0
1828,2789,1.0
1828,2918,1.0
1828,3687,1.0
1829,421,1.0
1829,1190,1.0
1829,1319,1.0
1829,40,1.0
1829,741,1.0
1829,870,1.0
1829,1639,1.0
1829,2024,1.0
1829,3493,1.0
1829,2214,1.0
1829,2343,1.0
1829,3112,1.0
1829,3813,1.0
1829,3942,1.0
1829,2663,1.0
1829,3048,1.0
1830,1190,1.0
1830,1319,1.0
1830,40,1.0
1830,425,1.0
1830,1894,1.0
1830,615,1.0
1830,1000,1.0
1830,1769,1.0
1830,2214,1.0
1830,2343,1.0
1830,3112,1.0
1830,3497,1.0
1830,2918,1.0
1830,3687,1.0
1830,4072,1.0
1830,2793,1.0
1831,1319,1.0
1831,40,1.0
1831,425,1.0
1831,1194,1.0
1831,1639,1.0
1831,2024,1.0
1831,745,1.0
1831,874,1.0
1831,2343,1.0
1831,3112,1.0
1831,3497,1.0
1831,2218,1.0
1831,2663,1.0
1831,3048,1.0
1831,3817,1.0
1831,3946,1.0
1832,40,1.0
1832,425,1.0
1832,1194,1.0
1832,1323,1.0
1832,1000,1.0
1832,1769,1.0
1832,1898,1.0
1832,619,1.0
1832,3112,1.0
1832,3497,1.0
1832,2218,1.0
1832,2347,1.0
1832,4072,1.0
1832,2793,1.0
1832,2922,1.0
1832,3691,1.0
1833,425,1.0
1833,1194,1.0
1833,1323,1.0
1833,44,1.0
1833,745,1.0
1833,874,1.0
1833,1643,1.0
1833,2028,1.0
1833,3497,1.0
1833,2218,1.0
1833,2347,1.0
1833,3116,1.0
1833,3817,1.0
1833,3946,1.0
1833,2667,1.0
1833,3052,1.0
1834,1194,1.0
1834,1323,1.0
1834,44,1.0
1834,429,1.0
1834,1898,1.0
1834,619,1.0
1834,1004,1.0
1834,1773,1.0
1834,2218,1.0
1834,2347,1.0
1834,3116,1.0
1834,3501,1.0
1834,2922,1.0
1834,3691,1.0
1834,4076,1.0
1834,2797,1.0
1835,1323,1.0
1835,44,1.0
1835,429,1.0
1835,1198,1.0
1835,1643,1.0
1835,2028,1.0
1835,749,1.0
1835,878,1.0
1835,2347,1.0
1835,3116,1.0
1835,3501,1.0
1835,2222,1.0
1835,2667,1.0
1835,3052,1.0
1835,3821,1.0
1835,3950,1.0
1836,44,1.0
1836,429,1.0
1836,1198,1.0
1836,1327,1.0
1836,1004,1.0
1836,1773,1.0
1836,1902,1.0
1836,623,1.0
1836,3116,1.0
1836,3501,1.0
1836,2222,1.0
1836,2351,1.0
1836,4076,1.0
1836,2797,1.0
1836,2926,1.0
1836,3695,1.0
1837,429,1.0
1837,1198,1.0
1837,1327,1.0
1837,48,1.0
1837,749,1.0
1837,878,1.0
1837,1647,1.0
1837,2032,1.0
1837,3501,1.0
1837,2222,1.0
1837,2351,1.0
1837,3120,1.0
1837,3821,1.0
1837,3950,1.0
1837,2671,1.0
1837,3056,1.0
1838,1198,1.0
1838,1327,1.0
1838,48,1.0
1838,433,1.0
1838,1902,1.0
1838,623,1.0
1838,1008,1.0
1838,1777,1.0
1838,2222,1.0
1838,2351,1.0
1838,3120,1.0
1838,3505,1.0
1838,2926,1.0
1838,3695,1.0
1838,4080,1.0
1838,2801,1.0
1839,1327,1.0
1839,48,1.0
1839,433,1.0
1839,1202,1.0
1839,1647,1.0
1839,2032,1.0
1839,753,1.0
1839,882,1.0
1839,2351,1.0
1839,3120,1.0
1839,3505,1.0
1839,2226,1.0
1839,2671,1.0
1839,3056,1.0
1839,3825,1.0
1839,3954,1.0
1840,48,1.0
1840,433,1.0
1840,1202,1.0
1840,1331,1.0
1840,1008,1.0
1840,1777,1.0
1840,1906,1.0
1840,627,1.0
1840,3120,1.0
1840,3505,1.0
1840,2226,1.0
1840,2355,1.0
1840,4080,1.0
1840,2801,1.0
1840,2930,1.0
1840,3699,1.0
1841,433,1.0
1841,1202,1.0
1841,1331,1.0
1841,52,1.0
1841,753,1.0
1841,882,1.0
1841,1651,1.0
1841,2036,1.0
1841,3505,1.0
1841,2226,1.0
1841,2355,1.0
1841,3124,1.0
1841,3825,1.0
1841,3954,1.0
1841,2675,1.0
1841,3060,1.0
1842,1202,1.0
1842,1331,1.0
1842,52,1.0
1842,437,1.0
1842,1906,1.0
1842,627,1.0
1842,1012,1.0
1842,1781,1.0
1842,2226,1.0
1842,2355,1.0
1842,3124,1.0
1842,3509,1.0
1842,2930,1.0
1842,3699,1.0
1842,4084,1.0
1842,2805,1.0
1843,1331,1.0
1843,52,1.0
1843,437,1.0
1843,1206,1.0
1843,1651,1.0
1843,2036,1.0
1843,757,1.0
1843,886,1.0
1843,2355,1.0
1843,3124,1.0
1843,3509,1.0
1843,2230,1.0
1843,2675,1.0
1843,3060,1.0
1843,3829,1.0
1843,3958,1.0
1844,52,1.0
1844,437,1.0
1844,1206,1.0
1844,1335,1.0
1844,1012,1.0
1844,1781,1.0
1844,1910,1.0
1844,631,1.0
1844,3124,1.0
1844,3509,1.0
1844,2230,1.0
1844,2359,1.0
1844,4084,1.0
1844,2805,1.0
1844,2934,1.0
1844,3703,1.0
1845,437,1.0
1845,1206,1.0
1845,1335,1.0
1845,56,1.0
1845,757,1.0
1845,886,1.0
1845,1655,1.0
1845,2040,1.0
1845,3509,1.0
1845,2230,1.0
1845,2359,1.0
1845,3128,1.0
1845,3829,1.0
1845,3958,1.0
1845,2679,1.0
1845,3064,1.0
1846,1206,1.0
1846,1335,1.0
1846,56,1.0
1846,441,1.0
1846,1910,1.0
1846,631,1.0
1846,1016,1.0
1846,1785,1.0
1846,2230,1.0
1846,2359,1.0
1846,3128,1.0
1846,3513,1.0
1846,2934,1.0
1846,3703,1.0
1846,4088,1.0
1846,2809,1.0
1847,1335,1.0
1847,56,1.0
1847,441,1.0
1847,1210,1.0
1847,1655,1.0
1847,2040,1.0
1847,761,1.0
1847,890,1.0
1847,2359,1.0
1847,3128,1.0
1847,3513,1.0
1847,2234,1.0
1847,2679,1.0
1847,3064,1.0
1847,3833,1.0
1847,3962,1.0
1848,56,1.0
1848,441,1.0
1848,1210,1.0
1848,1339,1.0
1848,1016,1.0
1848,1785,1.0
1848,1914,1.0
1848,635,1.0
1848,3128,1.0
1848,3513,1.0
1848,2234,1.0
1848,2363,1.0
1848,4088,1.0
1848,2809,1.0
1848,2938,1.0
1848,3707,1.0
1849,441,1.0
1849,1210,1.0
1849,1339,1.0
1849,60,1.0
1849,761,1.0
1849,890,1.0
1849,1659,1.0
1849,2044,1.0
1849,3513,1.0
1849,2234,1.0
1849,2363,1.0
1849,3132,1.0
1849,3833,1.0
1849,3962,1.0
1849,2683,1.0
1849,3068,1.0
1850,1210,1.0
1850,1339,1.0
1850,60,1.0
1850,445,1.0
1850,1914,1.0
1850,635,1.0
1850,1020,1.0
1850,1789,1.0
1850,2234,1.0
1850,2363,1.0
1850,3132,1.0
1850,3517,1.0
1850,2938,1.0
1850,3707,1.0
1850,4092,1.0
1850,2813,1.0
1851,1339,1.0
1851,60,1.0
1851,445,1.0
1851,1214,1.0
1851,1659,1.0
1851,2044,1.0
1851,765,1.0
1851,894,1.0
1851,2363,1.0
1851,3132,1.0
1851,3517,1.0
1851,2238,1.0
1851,2683,1.0
1851,3068,1.0
1851,3837,1.0
1851,3966,1.0
1852,60,1.0
1852,445,1.0
1852,1214,1.0
1852,1343,1.0
1852,1020,1.0
1852,1789,1.0
1852,1918,1.0
1852,639,1.0
1852,3132,1.0
1852,3517,1.0
1852,2238,1.0
1852,2367,1.0
1852,4092,1.0
1852,2813,1.0
1852,2942,1.0
1852,3711,1.0
1853,445,1.0
1853,1214,1.0
1853,1343,1.0
1853,0,1.0
1853,765,1.0
1853,894,1.0
1853,1663,1.0
1853,1984,1.0
1853,3517,1.0
1853,2238,1.0
1853,2367,1.0
1853,3072,1.0
1853,3837,1.0
1853,3966,1.0
1853,2687,1.0
1853,3008,1.0
1854,1214,1.0
1854,1343,1.0
1854,0,1.0
1854,385,1.0
1854,1918,1.0
1854,639,1.0
1854,960,1.0
1854,1729,1.0
1854,2238,1.0
1854,2367,1.0
1854,3072,1.0
1854,3457,1.0
1854,2942,1.0
1854,3711,1.0
1854,4032,1.0
1854,2753,1.0
1855,1343,1.0
1855,0,1.0
1855,385,1.0
1855,1154,1.0
1855,1663,1.0
1855,1984,1.0
1855,705,1.0
1855,834,1.0
1855,2367,1.0
1855,3072,1.0
1855,3457,1.0
1855,2178,1.0
1855,2687,1.0
1855,3008,1.0
1855,3777,1.0
1855,3906,1.0
1856,0,1.0
1856,385,1.0
1856,1154,1.0
1856,1283,1.0
1856,960,1.0
1856,1729,1.0
1856,1858,1.0
1856,579,1.0
1856,3072,1.0
1856,3457,1.0
1856,2178,1.0
1856,2307,1.0
1856,4032,1.0
1856,2753,1.0
1856,2882,1.0
1856,3651,1.0
1857,385,1.0
1857,1154,1.0
1857,1283,1.0
1857,4,1.0
1857,705,1.0
1857,834,1.0
1857,1603,1.0
1857,1988,1.0
1857,3457,1.0
1857,2178,1.0
1857,2307,1.0
1857,3076,1.0
1857,3777,1.0
1857,3906,1.0
1857,2627,1.0
1857,3012,1.0
1858,1154,1.0
1858,1283,1.0
1858,4,1.0
1858,389,1.0
1858,1858,1.0
1858,579,1.0
1858,964,1.0
1858,1733,1.0
1858,2178,1.0
1858,2307,1.0
1858,3076,1.0
1858,3461,1.0
1858,2882,1.0
1858,3651,1.0
1858,4036,1.0
1858,2757,1.0
1859,1283,1.0
1859,4,1.0
1859,389,1.0
1859,1158,1.0
1859,1603,1.0
1859,1988,1.0
1859,709,1.0
1859,838,1.0
1859,2307,1.0
1859,3076,1.0
1859,3461,1.0
1859,2182,1.0
1859,2627,1.0
1859,3012,1.0
1859,3781,1.0
1859,3910,1.0
1860,4,1.0
1860,389,1.0
1860,1158,1.0
1860,1287,1.0
1860,964,1.0
1860,1733,1.0
1860,1862,1.0
1860,583,1.0
1860,3076,1.0
1860,3461,1.0
1860,2182,1.0
1860,2311,1.0
1860,4036,1.0
1860,2757,1.0
1860,2886,1.0
1860,3655,1.0
1861,389,1.0
1861,1158,1.0
1861,1287,1.0
1861,8,1.0
1861,709,1.0
1861,838,1.0
1861,1607,1.0
1861,1992,1.0
1861,3461,1.0
1861,2182,1.0
1861,2311,1.0
1861,3080,1.0
1861,3781,1.0
1861,3910,1.0
1861,2631,1.0
1861,3016,1.0
1862,1158,1.0
1862,1287,1.0
1862,8,1.0
1862,393,1.0
1862,1862,1.0
1862,583,1.0
1862,968,1.0
1862,1737,1.0
1862,2182,1.0
1862,2311,1.0
1862,3080,1.0
1862,3465,1.0
1862,2886,1.0
1862,3655,1.0
1862,4040,1.0
1862,2761,1.0
1863,1287,1.0
1863,8,1.0
1863,393,1.0
1863,1162,1.0
1863,1607,1.0
1863,1992,1.0
1863,713,1.0
1863,842,1.0
1863,2311,1.0
1863,3080,1.0
1863,3465,1.0
1863,2186,1.0
1863,2631,1.0
1863,3016,1.0
1863,3785,1.0
1863,3914,1.0
1864,8,1.0
1864,393,1.0
1864,1162,1.0
1864,1291,1.0
1864,968,1.0
1864,1737,1.0
1864,1866,1.0
1864,587,1.0
1864,3080,1.0
1864,3465,1.0
1864,2186,1.0
1864,2315,1.0
1864,4040,1.0
1864,2761,1.0
1864,2890,1.0
1864,3659,1.0
1865,393,1.0
1865,1162,1.0
1865,1291,1.0
1865,12,1.0
1865,713,1.0
1865,842,1.0
1865,1611,1.0
1865,1996,1.0
1865,3465,1.0
1865,2186,1.0
1865,2315,1.0
1865,3084,1.0
1865,3785,1.0
1865,3914,1.0
1865,2635,1.0
1865,3020,1.0
1866,1162,1.0
1866,1291,1.0
1866,12,1.0
1866,397,1.0
1866,1866,1.0
1866,587,1.0
1866,972,1.0
1866,1741,1.0
1866,2186,1.0
1866,2315,1.0
1866,3084,1.0
1866,3469,1.0
1866,2890,1.0
1866,3659,1.0
1866,4044,1.0
1866,2765,1.0
1867,1291,1.0
1867,12,1.0
1867,397,1.0
1867,1166,1.0
1867,1611,1.0
1867,1996,1.0
1867,717,1.0
1867,846,1.0
1867,2315,1.0
1867,3084,1.0
1867,3469,1.0
1867,2190,1.0
1867,2635,1.0
1867,3020,1.0
1867,3789,1.0
1867,3918,1.0
1868,12,1.0
1868,397,1.0
1868,1166,1.0
1868,1295,1.0
1868,972,1.0
1868,1741,1.0
1868,1870,1.0
1868,591,1.0
1868,3084,1.0
1868,3469,1.0
1868,2190,1.0
1868,2319,1.0
1868,4044,1.0
1868,2765,1.0
1868,2894,1.0
1868,3663,1.0
1869,397,1.0
1869,1166,1.0
1869,1295,1.0
1869,16,1.0
1869,717,1.0
1869,846,1.0
1869,1615,1.0
1869,2000,1.0
1869,3469,1.0
1869,2190,1.0
1869,2319,1.0
1869,3088,1.0
1869,3789,1.0
1869,3918,1.0
1869,2639,1.0
1869,3024,1.0
1870,1166,1.0
1870,1295,1.0
1870,16,1.0
1870,401,1.0
1870,1870,1.0
1870,591,1.0
1870,976,1.0
1870,1745,1.0
1870,2190,1.0
1870,2319,1.0
1870,3088,1.0
1870,3473,1.0
1870,2894,1.0
1870,3663,1.0
1870,4048,1.0
1870,2769,1.0
1871,1295,1.0
1871,16,1.0
1871,401,1.0
1871,1170,1.0
1871,1615,1.0
1871,2000,1.0
1871,721,1.0
1871,850,1.0
1871,2319,1.0
1871,3088,1.0
1871,3473,1.0
1871,2194,1.0
1871,2639,1.0
1871,3024,1.0
1871,3793,1.0
1871,3922,1.0
1872,16,1.0
1872,401,1.0
1872,1170,1.0
1872,1299,1.0
1872,976,1.0
1872,1745,1.0
1872,1874,1.0
1872,595,1.0
1872,3088,1.0
1872,3473,1.0
1872,2194,1.0
1872,2323,1.0
1872,4048,1.0
1872,2769,1.0
1872,2898,1.0
1872,3667,1.0
1873,401,1.0
1873,1170,1.0
1873,1299,1.0
1873,20,1.0
1873,721,1.0
1873,850,1.0
1873,1619,1.0
1873,2004,1.0
1873,3473,1.0
1873,2194,1.0
1873,2323,1.0
1873,3092,1.0
1873,3793,1.0
1873,3922,1.0
1873,2643,1.0
1873,3028,1.0
1874,1170,1.0
1874,1299,1.0
1874,20,1.0
1874,405,1.0
1874,1874,1.0
1874,595,1.0
1874,980,1.0
1874,1749,1.0
1874,2194,1.0
1874,2323,1.0
1874,3092,1.0
1874,3477,1.0
1874,2898,1.0
1874,3667,1.0
1874,4052,1.0
1874,2773,1.0
1875,1299,1.0
1875,20,1.0
1875,405,1.0
1875,1174,1.0
1875,1619,1.0
1875,2004,1.0
1875,725,1.0
1875,854,1.0
1875,2323,1.0
1875,3092,1.0
1875,3477,1.0
1875,2198,1.0
1875,2643,1.0
1875,3028,1.0
1875,3797,1.0
1875,3926,1.0
1876,20,1.0
1876,405,1.0
1876,1174,1.0
1876,1303,1.0
1876,980,1.0
1876,1749,1.0
1876,1878,1.0
1876,599,1.0
1876,3092,1.0
1876,3477,1.0
1876,2198,1.0
1876,2327,1.0
1876,4052,1.0
1876,2773,1.0
1876,2902,1.0
1876,3671,1.0
1877,405,1.0
1877,1174,1.0
1877,1303,1.0
1877,24,1.0
1877,725,1.0
1877,854,1.0
1877,1623,1.0
1877,2008,1.0
1877,3477,1.0
1877,2198,1.0
1877,2327,1.0
1877,3096,1.0
1877,3797,1.0
1877,3926,1.0
1877,2647,1.0
1877,3032,1.0
1878,1174,1.0
1878,1303,1.0
1878,24,1.0
1878,409,1.0
1878,1878,1.0
1878,599,1.0
1878,984,1.0
1878,1753,1.0
1878,2198,1.0
1878,2327,1.0
1878,3096,1.0
1878,3481,1.0
1878,2902,1.0
1878,3671,1.0
1878,4056,1.0
1878,2777,1.0
1879,1303,1.0
1879,24,1.0
1879,409,1.0
1879,1178,1.0
1879,1623,1.0
1879,2008,1.0
1879,729,1.0
1879,858,1.0
1879,2327,1.0
1879,3096,1.0
1879,3481,1.0
1879,2202,1.0
1879,2647,1.0
1879,3032,1.0
1879,3801,1.0
1879,3930,1.0
1880,24,1.0
1880,409,1.0
1880,1178,1.0
1880,1307,1.0
1880,984,1.0
1880,1753,1.0
1880,1882,1.0
1880,603,1.0
1880,3096,1.0
1880,3481,1.0
1880,2202,1.0
1880,2331,1.0
1880,4056,1.0
1880,2777,1.0
1880,2906,1.0
1880,3675,1.0
1881,409,1.0
1881,1178,1.0
1881,1307,1.0
1881,28,1.0
1881,729,1.0
1881,858,1.0
1881,1627,1.0
1881,2012,1.0
1881,3481,1.0
1881,2202,1.0
1881,2331,1.0
1881,3100,1.0
1881,3801,1.0
1881,3930,1.0
1881,2651,1.0
1881,3036,1.0
1882,1178,1.0
1882,1307,1.0
1882,28,1.0
1882,413,1.0
1882,1882,1.0
1882,603,1.0
1882,988,1.0
1882,1757,1.0
1882,2202,1.0
1882,2331,1.0
1882,3100,1.0
1882,3485,1.0
1882,2906,1.0
1882,3675,1.0
1882,4060,1.0
1882,2781,1.0
1883,1307,1.0
1883,28,1.0
1883,413,1.0
1883,1182,1.0
1883,1627,1.0
1883,2012,1.0
1883,733,1.0
1883,862,1.0
1883,2331,1.0
1883,3100,1.0
1883,3485,1.0
1883,2206,1.0
1883,2651,1.0
1883,3036,1.0
1883,3805,1.0
1883,3934,1.0
1884,28,1.0
1884,413,1.0
1884,1182,1.0
1884,1311,1.0
1884,988,1.0
1884,1757,1.0
1884,1886,1.0
1884,607,1.0
1884,3100,1.0
1884,3485,1.0
1884,2206,1.0
1884,2335,1.0
1884,4060,1.0
1884,2781,1.0
1884,2910,1.0
1884,3679,1.0
1885,413,1.0
1885,1182,1.0
1885,1311,1.0
1885,32,1.0
1885,733,1.0
1885,862,1.0
1885,1631,1.0
1885,2016,1.0
1885,3485,1.0
1885,2206,1.0
1885,2335,1.0
1885,3104,1.0
1885,3805,1.0
1885,3934,1.0
1885,2655,1.0
1885,3040,1.0
1886,1182,1.0
1886,1311,1.0
1886,32,1.0
1886,417,1.0
1886,1886,1.0
1886,607,1.0
1886,992,1.0
1886,1761,1.0
1886,2206,1.0
1886,2335,1.0
1886,3104,1.0
1886,3489,1.0
1886,2910,1.0
1886,3679,1.0
1886,4064,1.0
1886,2785,1.0
1887,1311,1.0
1887,32,1.0
1887,417,1.0
1887,1186,1.0
1887,1631,1.0
1887,2016,1.0
1887,737,1.0
1887,866,1.0
1887,2335,1.0
1887,3104,1.0
1887,3489,1.0
1887,2210,1.0
1887,2655,1.0
1887,3040,1.0
1887,3809,1.0
1887,3938,1.0
1888,32,1.0
1888,417,1.0
1888,1186,1.0
1888,1315,1.0
1888,992,1.0
1888,1761,1.0
1888,1890,1.0
1888,611,1.0
1888,3104,1.0
1888,3489,1.0
1888,2210,1.0
1888,2339,1.0
1888,4064,1.0
1888,2785,1.0
1888,2914,1.0
1888,3683,1.0
1889,417,1.0
1889,1186,1.0
1889,1315,1.0
1889,36,1.0
1889,737,1.0
1889,866,1.0
1889,1635,1.0
1889,2020,1.0
1889,3489,1.0
1889,2210,1.0
1889,2339,1.0
1889,3108,1.0
1889,3809,1.0
1889,3938,1.0
1889,2659,1.0
1889,3044,1.0
1890,1186,1.0
1890,1315,1.0
1890,36,1.0
1890,421,1.0
1890,1890,1.0
1890,611,1.0
1890,996,1.0
1890,1765,1.0
1890,2210,1.0
1890,2339,1.0
1890,3108,1.0
1890,3493,1.0
1890,2914,1.0
1890,3683,1.0
1890,4068,1.0
1890,2789,1.0
1891,1315,1.0
1891,36,1.0
1891,421,1.0
1891,1190,1.0
1891,1635,1.0
1891,2020,1.0
1891,741,1.0
1891,870,1.0
1891,2339,1.0
1891,3108,1.0
1891,3493,1.0
1891,2214,1.0
1891,2659,1.0
1891,3044,1.0
1891,3813,1.0
1891,3942,1.0
1892,36,1.0
1892,421,1.0
1892,1190,1.0
1892,1319,1.0
1892,996,1.0
1892,1765,1.0
1892,1894,1.0
1892,615,1.0
1892,3108,1.0
1892,3493,1.0
1892,2214,1.0
1892,2343,1.0
1892,4068,1.0
1892,2789,1.0
1892,2918,1.0
1892,3687,1.0
1893,421,1.0
1893,1190,1.0
1893,1319,1.0
1893,40,1.0
1893,741,1.0
1893,870,1.0
1893,1639,1.0
1893,2024,1.0
1893,3493,1.0
1893,2214,1.0
1893,2343,1.0
1893,3112,1.0
1893,3813,1.0
1893,3942,1.0
1893,2663,1.0
1893,3048,1.0
1894,1190,1.0
1894,1319,1.0
1894,40,1.0
1894,425,1.0
1894,1894,1.0
1894,615,1.0
1894,1000,1.0
1894,1769,1.0
1894,2214,1.0
1894,2343,1.0
1894,3112,1.0
1894,3497,1.0
1894,2918,1.0
1894,3687,1.0
1894,4072,1.0
1894,2793,1.0
1895,1319,1.0
1895,40,1.0
1895,425,1.0
1895,1194,1.0
1895,1639,1.0
1895,2024,1.0
1895,745,1.0
1895,874,1.0
1895,2343,1.0
1895,3112,1.0
1895,3497,1.0
1895,2218,1.0
1895,2663,1.0
1895,3048,1.0
1895,3817,1.0
1895,3946,1.0
1896,40,1.0
1896,425,1.0
1896,1194,1.0
1896,1323,1.0
1896,1000,1.0
1896,1769,1.0
1896,1898,1.0
1896,619,1.0
1896,3112,1.0
1896,3497,1.0
1896,2218,1.0
1896,2347,1.0
1896,4072,1.0
1896,2793,1.0
1896,2922,1.0
1896,3691,1.0
1897,425,1.0
1897,1194,1.0
1897,1323,1.0
1897,44,1.0
1897,745,1.0
1897,874,1.0
1897,1643,1.0
1897,2028,1.0
1897,3497,1.0
1897,2218,1.0
1897,2347,1.0
1897,3116,1.0
1897,3817,1.0
1897,3946,1.0
1897,2667,1.0
1897,3052,1.0
1898,1194,1.0
1898,1323,1.0
1898,44,1.0
1898,429,1.0
1898,1898,1.0
1898,619,1.0
1898,1004,1.0
1898,1773,1.0
1898,2218,1.0
1898,2347,1.0
1898,3116,1.0
1898,3501,1.0
1898,2922,1.0
1898,3691,1.0
1898,4076,1.0
1898,2797,1.0
1899,1323,1.0
1899,44,1.0
1899,429,1.0
1899,1198,1.0
1899,1643,1.0
1899,2028,1.0
1899,749,1.0
1899,878,1.0
1899,2347,1.0
1899,3116,1.0
1899,3501,1.0
1899,2222,1.0
1899,2667,1.0
1899,3052,1.0
1899,3821,1.0
1899,3950,1.0
1900,44,1.0
1900,429,1.0
1900,1198,1.0
1900,1327,1.0
1900,1004,1.0
1900,1773,1.0
1900,1902,1.0
1900,623,1.0
1900,3116,1.0
1900,3501,1.0
1900,2222,1.0
1900,2351,1.0
1900,4076,1.0
1900,2797,1.0
1900,2926,1.0
1900,3695,1.0
1901,429,1.0
1901,1198,1.0
1901,1327,1.0
1901,48,1.0
1901,749,1.0
1901,878,1.0
1901,1647,1.0
1901,2032,1.0
1901,3501,1.0
1901,2222,1.0
1901,2351,1.0
1901,3120,1.0
1901,3821,1.0
1901,3950,1.0
1901,2671,1.0
1901,3056,1.0
1902,1198,1.0
1902,1327,1.0
1902,48,1.0
1902,433,1.0
1902,1902,1.0
1902,623,1.0
1902,1008,1.0
1902,1777,1.0
1902,2222,1.0
1902,2351,1.0
1902,3120,1.0
1902,3505,1.0
1902,2926,1.0
1902,3695,1.0
1902,4080,1.0
1902,2801,1.0
1903,1327,1.0
1903,48,1.0
1903,433,1.0
1903,1202,1.0
1903,1647,1.0
1903,2032,1.0
1903,753,1.0
1903,882,1.0
1903,2351,1.0
1903,3120,1.0
1903,3505,1.0
1903,2226,1.0
1903,2671,1.0
1903,3056,1.0
1903,3825,1.0
1903,3954,1.0
1904,48,1.0
1904,433,1.0
1904,1202,1.0
1904,1331,1.0
1904,1008,1.0
1904,1777,1.0
1904,1906,1.0
1904,627,1.0
1904,3120,1.0
1904,3505,1.0
1904,2226,1.0
1904,2355,1.0
1904,4080,1.0
1904,2801,1.0
1904,2930,1.0
1904,3699,1.0
1905,433,1.0
1905,1202,1.0
1905,1331,1.0
1905,52,1.0
1905,753,1.0
1905,882,1.0
1905,1651,1.0
1905,2036,1.0
1905,3505,1.0
1905,2226,1.0
1905,2355,1.0
1905,3124,1.0
1905,3825,1.0
1905,3954,1.0
1905,2675,1.0
1905,3060,1.0
1906,1202,1.0
1906,1331,1.0
1906,52,1.0
1906,437,1.0
1906,1906,1.0
1906,627,1.0
1906,1012,1.0
1906,1781,1.0
1906,2226,1.0
1906,2355,1.0
1906,3124,1.0
1906,3509,1.0
1906,2930,1.0
1906,3699,1.0
1906,4084,1.0
1906,2805,1.0
1907,1331,1.0
1907,52,1.0
1907,437,1.0
1907,1206,1.0
1907,1651,1.0
1907,2036,1.0
1907,757,1.0
1907,886,1.0
1907,2355,1.0
1907,3124,1.0
1907,3509,1.0
1907,2230,1.0
1907,2675,1.0
1907,3060,1.0
1907,3829,1.0
1907,3958,1.0
1908,52,1.0
1908,437,1.0
1908,1206,1.0
1908,1335,1.0
1908,1012,1.0
1908,1781,1.0
1908,1910,1.0
1908,631,1.0
1908,3124,1.0
1908,3509,1.0
1908,2230,1.0
1908,2359,1.0
1908,4084,1.0
1908,2805,1.0
1908,2934,1.0
1908,3703,1.0
1909,437,1.0
1909,1206,1.0
1909,1335,1.0
1909,56,1.0
1909,757,1.0
1909,886,1.0
1909,1655,1.0
1909,2040,1.0
1909,3509,1.0
1909,2230,1.0
1909,2359,1.0
1909,3128,1.0
1909,3829,1.0
1909,3958,1.0
1909,2679,1.0
1909,3064,1.0
1910,1206,1.0
1910,1335,1.0
1910,56,1.0
1910,441,1.0
1910,1910,1.0
1910,631,1.0
1910,1016,1.0
1910,1785,1.0
1910,2230,1.0
1910,2359,1.0
1910,3128,1.0
1910,3513,1.0
1910,2934,1.0
1910,3703,1.0
1910,4088,1.0
1910,2809,1.0
1911,1335,1.0
1911,56,1.0
1911,441,1.0
1911,1210,1.0
1911,1655,1.0
1911,2040,1.0
1911,761,1.0
1911,890,1.0
1911,2359,1.0
1911,3128,1.0
1911,3513,1.0
1911,2234,1.0
1911,2679,1.0
1911,3064,1.0
1911,3833,1.0
1911,3962,1.0
1912,56,1.0
1912,441,1.0
1912,1210,1.0
1912,1339,1.0
1912,1016,1.0
1912,1785,1.0
1912,1914,1.0
1912,635,1.0
1912,3128,1.0
1912,3513,1.0
1912,2234,1.0
1912,2363,1.0
1912,4088,1.0
1912,2809,1.0
1912,2938,1.0
1912,3707,1.0
1913,441,1.0
1913,1210,1.0
1913,1339,1.0
1913,60,1.0
1913,761,1.0
1913,890,1.0
1913,1659,1.0
1913,2044,1.0
1913,3513,1.0
1913,2234,1.0
1913,2363,1.0
1913,3132,1.0
1913,3833,1.0
1913,3962,1.0
1913,2683,1.0
1913,3068,1.0
1914,1210,1.0
1914,1339,1.0
1914,60,1.0
1914,445,1.0
1914,1914,1.0
1914,635,1.0
1914,1020,1.0
1914,1789,1.0
1914,2234,1.0
1914,2363,1.0
1914,3132,1.0
1914,3517,1.0
1914,2938,1.0
1914,3707,1.0
1914,4092,1.0
1914,2813,1.0
1915,1339,1.0
1915,60,1.0
1915,445,1.0
1915,1214,1.0
1915,1659,1.0
1915,2044,1.0
1915,765,1.0
1915,894,1.0
1915,2363,1.0
1915,3132,1.0
1915,3517,1.0
1915,2238,1.0
1915,2683,1.0
1915,3068,1.0
1915,3837,1.0
1915,3966,1.0
1916,60,1.0
1916,445,1.0
1916,1214,1.0
1916,1343,1.0
1916,1020,1.0
1916,1789,1.0
1916,1918,1.0
1916,639,1.0
1916,3132,1.0
1916,3517,1.0
1916,2238,1.0
1916,2367,1.0
1916,4092,1.0
1916,2813,1.0
1916,2942,1.0
1916,3711,1.0
1917,445,1.0
1917,1214,1.0
1917,1343,1.0
1917,0,1.0
1917,765,1.0
1917,894,1.0
1917,1663,1.0
1917,1984,1.0
1917,3517,1.0
1917,2238,1.0
1917,2367,1.0
1917,3072,1.0
1917,3837,1.0
1917,3966,1.0
1917,2687,1.0
1917,3008,1.0
1918,1214,1.0
1918,1343,1.0
1918,0,1.0
1918,385,1.0
1918,1918,1.0
1918,639,1.0
1918,960,1.0
1918,1729,1.0
1918,2238,1.0
1918,2367,1.0
1918,3072,1.0
1918,3457,1.0
1918,2942,1.0
1918,3711,1.0
1918,4032,1.0
1918,2753,1.0
1919,1343,1.0
1919,0,1.0
1919,385,1.0
1919,1154,1.0
1919,1663,1.0
1919,1984,1.0
1919,705,1.0
1919,834,1.0
1919,2367,1.0
1919,3072,1.0
1919,3457,1.0
1919,2178,1.0
1919,2687,1.0
1919,3008,1.0
1919,3777,1.0
1919,3906,1.0
1920,0,1.0
1920,385,1.0
1920,1154,1.0
1920,1283,1.0
1920,960,1.0
1920,1729,1.0
1920,1858,1.0
1920,579,1.0
1920,3072,1.0
1920,3457,1.0
1920,2178,1.0
1920,2307,1.0
1920,4032,1.0
1920,2753,1.0
1920,2882,1.0
1920,3651,1.0
1921,385,1.0
1921,1154,1.0
1921,1283,1.0
1921,4,1.0
1921,705,1.0
1921,834,1.0
1921,1603,1.0
1921,1988,1.0
1921,3457,1.0
1921,2178,1.0
1921,2307,1.0
1921,3076,1.0
1921,3777,1.0
1921,3906,1.0
1921,2627,1.0
1921,3012,1.0
1922,1154,1.0
1922,1283,1.0
1922,4,1.0
1922,389,1.0
1922,1858,1.0
1922,579,1.0
1922,964,1.0
1922,1733,1.0
1922,2178,1.0
1922,2307,1.0
1922,3076,1.0
1922,3461,1.0
1922,2882,1.0
1922,3651,1.0
1922,4036,1.0
1922,2757,1.0
1923,1283,1.0
1923,4,1.0
1923,389,1.0
1923,1158,1.0
1923,1603,1.0
1923,1988,1.0
1923,709,1.0
1923,838,1.0
1923,2307,1.0
1923,3076,1.0
1923,3461,1.0
1923,2182,1.0
1923,2627,1.0
1923,3012,1.0
1923,3781,1.0
1923,3910,1.0
1924,4,1.0
1924,389,1.0
1924,1158,1.0
1924,1287,1.0
1924,964,1.0
1924,1733,1.0
1924,1862,1.0
1924,583,1.0
1924,3076,1.0
1924,3461,1.0
1924,2182,1.0
1924,2311,1.0
1924,4036,1.0
1924,2757,1.0
1924,2886,1.0
1924,3655,1.0
1925,389,1.0
1925,1158,1.0
1925,1287,1.0
1925,8,1.0
1925,709,1.0
1925,838,1.0
1925,1607,1.0
1925,1992,1.0
1925,3461,1.0
1925,2182,1.0
1925,2311,1.0
1925,3080,1.0
1925,3781,1.0
1925,3910,1.0
1925,2631,1.0
1925,3016,1.0
1926,1158,1.0
1926,1287,1.0
1926,8,1.0
1926,393,1.0
1926,1862,1.0
1926,583,1.0
1926,968,1.0
1926,1737,1.0
1926,2182,1.0
1926,2311,1.0
1926,3080,1.0
1926,3465,1.0
1926,2886,1.0
1926,3655,1.0
1926,4040,1.0
1926,2761,1.0
1927,1287,1.0
1927,8,1.0
1927,393,1.0
1927,1162,1.0
1927,1607,1.0
1927,1992,1.0
1927,713,1.0
1927,842,1.0
1927,2311,1.0
1927,3080,1.0
1927,3465,1.0
1927,2186,1.0
1927,2631,1.0
1927,3016,1.0
1927,3785,1.0
1927,3914,1.0
1928,8,1.0
1928,393,1.0
1928,1162,1.0
1928,1291,1.0
1928,968,1.0
1928,1737,1.0
1928,1866,1.0
1928,587,1.0
1928,3080,1.0
1928,3465,1.0
1928,2186,1.0
1928,2315,1.0
1928,4040,1.0
1928,2761,1.0
1928,2890,1.0
1928,3659,1.0
1929,393,1.0
1929,1162,1.0
1929,1291,1.0
1929,12,1.0
1929,713,1.0
1929,842,1.0
1929,1611,1.0
1929,1996,1.0
1929,3465,1.0
1929,2186,1.0
1929,2315,1.0
1929,3084,1.0
1929,3785,1.0
1929,3914,1.0
1929,2635,1.0
1929,3020,1.0
1930,1162,1.0
1930,1291,1.0
1930,12,1.0
1930,397,1.0
1930,1866,1.0
1930,587,1.0
1930,972,1.0
1930,1741,1.0
1930,2186,1.0
1930,2315,1.0
1930,3084,1.0
1930,3469,1.0
1930,2890,1.0
1930,3659,1.0
1930,4044,1.0
1930,2765,1.0
1931,1291,1.0
1931,12,1.0
1931,397,1.0
1931,1166,1.0
1931,1611,1.0
1931,1996,1.0
1931,717,1.0
1931,846,1.0
1931,2315,1.0
1931,3084,1.0
1931,3469,1.0
1931,2190,1.0
1931,2635,1.0
1931,3020,1.0
1931,3789,1.0
1931,3918,1.0
1932,12,1.0
1932,397,1.0
1932,1166,1.0
1932,1295,1.0
1932,972,1.0
1932,1741,1.0
1932,1870,1.0
1932,591,1.0
1932,3084,1.0
1932,3469,1.0
1932,2190,1.0
1932,2319,1.0
1932,4044,1.0
1932,2765,1.0
1932,2894,1.0
1932,3663,1.0
1933,397,1.0
1933,1166,1.0
1933,1295,1.0
1933,16,1.0
1933,717,1.0
1933,846,1.0
1933,1615,1.0
1933,2000,1.0
1933,3469,1.0
1933,2190,1.0
1933,2319,1.0
1933,3088,1.0
1933,3789,1.0
1933,3918,1.0
1933,2639,1.0
1933,3024,1.0
1934,1166,1.0
1934,1295,1.0
1934,16,1.0
1934,401,1.0
1934,1870,1.0
1934,591,1.0
1934,976,1.0
1934,1745,1.0
1934,2190,1.0
1934,2319,1.0
1934,3088,1.0
1934,3473,1.0
1934,2894,1.0
1934,3663,1.0
1934,4048,1.0
1934,2769,1.0
1935,1295,1.0
1935,16,1.0
1935,401,1.0
1935,1170,1.0
1935,1615,1.0
1935,2000,1.0
1935,721,1.0
1935,850,1.0
1935,2319,1.0
1935,3088,1.0
1935,3473,1.0
1935,2194,1.0
1935,2639,1.0
1935,3024,1.0
1935,3793,1.0
1935,3922,1.0
1936,16,1.0
1936,401,1.0
1936,1170,1.0
1936,1299,1.0
1936,976,1.0
1936,1745,1.0
1936,1874,1.0
1936,595,1.0
1936,3088,1.0
1936,3473,1.0
1936,2194,1.0
1936,2323,1.0
1936,4048,1.0
1936,2769,1.0
1936,2898,1.0
1936,3667,1.0
1937,401,1.0
1937,1170,1.0
1937,1299,1.0
1937,20,1.0
1937,721,1.0
1937,850,1.0
1937,1619,1.0
1937,2004,1.0
1937,3473,1.0
1937,2194,1.0
1937,2323,1.0
1937,3092,1.0
1937,3793,1.0
1937,3922,1.0
1937,2643,1.0
1937,3028,1.0
1938,1170,1.0
1938,1299,1.0
1938,20,1.0
1938,405,1.0
1938,1874,1.0
1938,595,1.0
1938,980,1.0
1938,1749,1.0
1938,2194,1.0
1938,2323,1.0
1938,3092,1.0
1938,3477,1.0
1938,2898,1.0
1938,3667,1.0
1938,4052,1.0
1938,2773,1.0
1939,1299,1.0
1939,20,1.0
1939,405,1.0
1939,1174,1.0
1939,1619,1.0
1939,2004,1.0
1939,725,1.0
1939,854,1.0
1939,2323,1.0
1939,3092,1.0
1939,3477,1.0
1939,2198,1.0
1939,2643,1.0
1939,3028,1.0
1939,3797,1.0
1939,3926,1.0
1940,20,1.0
1940,405,1.0
1940,1174,1.0
1940,1303,1.0
1940,980,1.0
1940,1749,1.0
1940,1878,1.0
1940,599,1.0
1940,3092,1.0
1940,3477,1.0
1940,2198,1.0
1940,2327,1.0
1940,4052,1.0
1940,2773,1.0
1940,2902,1.0
1940,3671,1.0
1941,405,1.0
1941,1174,1.0
1941,1303,1.0
1941,24,1.0
1941,725,1.0
1941,854,1.0
1941,1623,1.0
1941,2008,1.0
1941,3477,1.0
1941,2198,1.0
1941,2327,1.0
1941,3096,1.0
1941,3797,1.0
1941,3926,1.0
1941,2647,1.0
1941,3032,1.0
1942,1174,1.0
1942,1303,1.0
1942,24,1.0
1942,409,1.0
1942,1878,1.0
1942,599,1.0
1942,984,1.0
1942,1753,1.0
1942,2198,1.0
1942,2327,1.0
1942,3096,1.0
1942,3481,1.0
1942,2902,1.0
1942,3671,1.0
1942,4056,1.0
1942,2777,1.0
1943,1303,1.0
1943,24,1.0
1943,409,1.0
1943,1178,1.0
1943,1623,1.0
1943,2008,1.0
1943,729,1.0
1943,858,1.0
1943,2327,1.0
1943,3096,1.0
1943,3481,1.0
1943,2202,1.0
1943,2647,1.0
1943,3032,1.0
1943,3801,1.0
1943,3930,1.0
1944,24,1.0
1944,409,1.0
1944,1178,1.0
1944,1307,1.0
1944,984,1.0
1944,1753,1.0
1944,1882,1.0
1944,603,1.0
1944,3096,1.0
1944,3481,1.0
1944,2202,1.0
1944,2331,1.0
1944,4056,1.0
1944,2777,1.0
1944,2906,1.0
1944,3675,1.0
1945,409,1.0
1945,1178,1.0
1945,1307,1.0
1945,28,1.0
1945,729,1.0
1945,858,1.0
1945,1627,1.0
1945,2012,1.0
1945,3481,1.0
1945,2202,1.0
1945,2331,1.0
1945,3100,1.0
1945,3801,1.0
1945,3930,1.0
1945,2651,1.0
1945,3036,1.0
1946,1178,1.0
1946,1307,1.0
1946,28,1.0
1946,413,1.0
1946,1882,1.0
1946,603,1.0
1946,988,1.0
1946,1757,1.0
1946,2202,1.0
1946,2331,1.0
1946,3100,1.0
1946,3485,1.0
1946,2906,1.0
1946,3675,1.0
1946,4060,1.0
1946,2781,1.0
1947,1307,1.0
1947,28,1.0
1947,413,1.0
1947,1182,1.0
1947,1627,1.0
1947,2012,1.0
1947,733,1.0
1947,862,1.0
1947,2331,1.0
1947,3100,1.0
1947,3485,1.0
1947,2206,1.0
1947,2651,1.0
1947,3036,1.0
1947,3805,1.0
1947,3934,1.0
1948,28,1.0
1948,413,1.0
1948,1182,1.0
1948,1311,1.0
1948,988,1.0
1948,1757,1.0
1948,1886,1.0
1948,607,1.0
1948,3100,1.0
1948,3485,1.0
1948,2206,1.0
1948,2335,1.0
1948,4060,1.0
1948,2781,1.0
1948,2910,1.0
1948,3679,1.0
1949,413,1.0
1949,1182,1.0
1949,1311,1.0
1949,32,1.0
1949,733,1.0
1949,862,1.0
1949,1631,1.0
1949,2016,1.0
1949,3485,1.0
1949,2206,1.0
1949,2335,1.0
1949,3104,1.0
1949,3805,1.0
1949,3934,1.0
1949,2655,1.0
1949,3040,1.0
1950,1182,1.0
1950,1311,1.0
1950,32,1.0
1950,417,1.0
1950,1886,1.0
1950,607,1.0
1950,992,1.0
1950,1761,1.0
1950,2206,1.0
1950,2335,1.0
1950,3104,1.0
1950,3489,1.0
1950,2910,1.0
1950,3679,1.0
1950,4064,1.0
1950,2785,1.0
1951,1311,1.0
1951,32,1.0
1951,417,1.0
1951,1186,1.0
1951,1631,1.0
1951,2016,1.0
1951,737,1.0
1951,866,1.0
1951,2335,1.0
1951,3104,1.0
1951,3489,1.0
1951,2210,1.0
1951,2655,1.0
1951,3040,1.0
1951,3809,1.0
1951,3938,1.0
1952,32,1.0
1952,417,1.0
1952,1186,1.0
1952,1315,1.0
1952,992,1.0
1952,1761,1.0
1952,1890,1.0
1952,611,1.0
1952,3104,1.0
1952,3489,1.0
1952,2210,1.0
1952,2339,1.0
1952,4064,1.0
1952,2785,1.0
1952,2914,1.0
1952,3683,1.0
1953,417,1.0
1953,1186,1.0
1953,1315,1.0
1953,36,1.0
1953,737,1.0
1953,866,1.0
1953,1635,1.0
1953,2020,1.0
1953,3489,1.0
1953,2210,1.0
1953,2339,1.0
1953,3108,1.0
1953,3809,1.0
1953,3938,1.0
1953,2659,1.0
1953,3044,1.0
1954,1186,1.0
1954,1315,1.0
1954,36,1.0
1954,421,1.0
1954,1890,1.0
1954,611,1.0
1954,996,1.0
1954,1765,1.0
1954,2210,1.0
1954,2339,1.0
1954,3108,1.0
1954,3493,1.0
1954,2914,1.0
1954,3683,1.0
1954,4068,1.0
1954,2789,1.0
1955,1315,1.0
1955,36,1.0
1955,421,1.0
1955,1190,1.0
1955,1635,1.0
1955,2020,1.0
1955,741,1.0
1955,870,1.0
1955,2339,1.0
1955,3108,1.0
1955,3493,1.0
1955,2214,1.0
1955,2659,1.0
1955,3044,1.0
1955,3813,1.0
1955,3942,1.0
1956,36,1.0
1956,421,1.0
1956,1190,1.0
1956,1319,1.0
1956,996,1.0
1956,1765,1.0
1956,1894,1.0
1956,615,1.0
1956,3108,1.0
1956,3493,1.0
1956,2214,1.0
1956,2343,1.0
1956,4068,1.0
1956,2789,1.0
1956,2918,1.0
1956,3687,1.0
1957,421,1.0
1957,1190,1.0
1957,1319,1.0
1957,40,1.0
1957,741,1.0
1957,870,1.0
1957,1639,1.0
1957,2024,1.0
1957,3493,1.0
1957,2214,1.0
1957,2343,1.0
1957,3112,1.0
1957,3813,1.0
1957,3942,1.0
1957,2663,1.0
1957,3048,1.0
1958,1190,1.0
1958,1319,1.0
1958,40,1.0
1958,425,1.0
1958,1894,1.0
1958,615,1.0
1958,1000,1.0
1958,1769,1.0
1958,2214,1.0
1958,2343,1.0
1958,3112,1.0
1958,3497,1.0
1958,2918,1.0
1958,3687,1.0
1958,4072,1.0
1958,2793,1.0
1959,1319,1.0
1959,40,1.0
1959,425,1.0
1959,1194,1.0
1959,1639,1.0
1959,2024,1.0
1959,745,1.0
1959,874,1.0
1959,2343,1.0
1959,3112,1.0
1959,3497,1.0
1959,2218,1.0
1959,2663,1.0
1959,3048,1.0
1959,3817,1.0
1959,3946,1.0
1960,40,1.0
1960,425,1.0
1960,1194,1.0
1960,1323,1.0
1960,1000,1.0
1960,1769,1.0
1960,1898,1.0
1960,619,1.0
1960,3112,1.0
1960,3497,1.0
1960,2218,1.0
1960,2347,1.0
1960,4072,1.0
1960,2793,1.0
1960,2922,1.0
1960,3691,1.0
1961,425,1.0
1961,1194,1.0
1961,1323,1.0
1961,44,1.0
1961,745,1.0
1961,874,1.0
1961,1643,1.0
1961,2028,1.0
1961,3497,1.0
1961,2218,1.0
1961,2347,1.0
1961,3116,1.0
1961,3817,1.0
1961,3946,1.0
1961,2667,1.0
1961,3052,1.0
1962,1194,1.0
1962,1323,1.0
1962,44,1.0
1962,429,1.0
1962,1898,1.0
1962,619,1.0
1962,1004,1.0
1962,1773,1.0
1962,2218,1.0
1962,2347,1.0
1962,3116,1.0
1962,3501,1.0
1962,2922,1.0
1962,3691,1.0
1962,4076,1.0
1962,2797,1.0
1963,1323,1.0
1963,44,1.0
1963,429,1.0
1963,1198,1.0
1963,1643,1.0
1963,2028,1.0
1963,749,1.0
1963,878,1.0
1963,2347,1.0
1963,3116,1.0
1963,3501,1.0
1963,2222,1.0
1963,2667,1.0
1963,3052,1.0
1963,3821,1.0
1963,3950,1.0
1964,44,1.0
1964,429,1.0
1964,1198,1.0
1964,1327,1.0
1964,1004,1.0
1964,1773,1.0
1964,1902,1.0
1964,623,1.0
1964,3116,1.0
1964,3501,1.0
1964,2222,1.0
1964,2351,1.0
1964,4076,1.0
1964,2797,1.0
1964,2926,1.0
1964,3695,1.0
1965,429,1.0
1965,1198,1.0
1965,1327,1.0
1965,48,1.0
1965,749,1.0
1965,878,1.0
1965,1647,1.0
1965,2032,1.0
1965,3501,1.0
1965,2222,1.0
1965,2351,1.0
1965,3120,1.0
1965,3821,1.0
1965,3950,1.0
1965,2671,1.0
1965,3056,1.0
1966,1198,1.0
1966,1327,1.0
1966,48,1.0
1966,433,1.0
1966,1902,1.0
1966,623,1.0
1966,1008,1.0
1966,1777,1.0
1966,2222,1.0
1966,2351,1.0
1966,3120,1.0
1966,3505,1.0
1966,2926,1.0
1966,3695,1.0
1966,4080,1.0
1966,2801,1.0
1967,1327,1.0
1967,48,1.0
1967,433,1.0
1967,1202,1.0
1967,1647,1.0
1967,2032,1.0
1967,753,1.0
1967,882,1.0
1967,2351,1.0
1967,3120,1.0
1967,3505,1.0
1967,2226,1.0
1967,2671,1.0
1967,3056,1.0
1967,3825,1.0
1967,3954,1.0
1968,48,1.0
1968,433,1.0
1968,1202,1.0
1968,1331,1.0
1968,1008,1.0
1968,1777,1.0
1968,1906,1.0
1968,627,1.0
1968,3120,1.0
1968,3505,1.0
1968,2226,1.0
1968,2355,1.0
1968,4080,1.0
1968,2801,1.0
1968,2930,1.0
1968,3699,1.0
1969,433,1.0
1969,1202,1.0
1969,1331,1.0
1969,52,1.0
1969,753,1.0
1969,882,1.0
1969,1651,1.0
1969,2036,1.0
1969,3505,1.0
1969,2226,1.0
1969,2355,1.0
1969,3124,1.0
1969,3825,1.0
1969,3954,1.0
1969,2675,1.0
1969,3060,1.0
1970,1202,1.0
1970,1331,1.0
1970,52,1.0
1970,437,1.0
1970,1906,1.0
1970,627,1.0
1970,1012,1.0
1970,1781,1.0
1970,2226,1.0
1970,2355,1.0
1970,3124,1.0
1970,3509,1.0
1970,2930,1.0
1970,3699,1.0
1970,4084,1.0
1970,2805,1.0
1971,1331,1.0
1971,52,1.0
1971,437,1.0
1971,1206,1.0
1971,1651,1.0
1971,2036,1.0
1971,757,1.0
1971,886,1.0
1971,2355,1.0
1971,3124,1.0
1971,3509,1.0
1971,2230,1.0
1971,2675,1.0
1971,3060,1.0
1971,3829,1.0
1971,3958,1.0
1972,52,1.0
1972,437,1.0
1972,1206,1.0
1972,1335,1.0
1972,1012,1.0
1972,1781,1.0
1972,1910,1.0
1972,631,1.0
1972,3124,1.0
1972,3509,1.0
1972,2230,1.0
1972,2359,1.0
1972,4084,1.0
1972,2805,1.0
1972,2934,1.0
1972,3703,1.0
1973,437,1.0
1973,1206,1.0
1973,1335,1.0
1973,56,1.0
1973,757,1.0
1973,886,1.0
1973,1655,1.0
1973,2040,1.0
1973,3509,1.0
1973,2230,1.0
1973,2359,1.0
1973,3128,1.0
1973,3829,1.0
1973,3958,1.0
1973,2679,1.0
1973,3064,1.0
1974,1206,1.0
1974,1335,1.0
1974,56,1.0
1974,441,1.0
1974,1910,1.0
1974,631,1.0
1974,1016,1.0
1974,1785,1.0
1974,2230,1.0
1974,2359,1.0
1974,3128,1.0
1974,3513,1.0
1974,2934,1.0
1974,3703,1.0
1974,4088,1.0
1974,2809,1.0
1975,1335,1.0
1975,56,1.0
1975,441,1.0
1975,1210,1.0
1975,1655,1.0
1975,2040,1.0
1975,761,1.0
1975,890,1.0
1975,2359,1.0
1975,3128,1.0
1975,3513,1.0
1975,2234,1.0
1975,2679,1.0
1975,3064,1.0
1975,3833,1.0
1975,3962,1.0
1976,56,1.0
1976,441,1.0
1976,1210,1.0
1976,1339,1.0
1976,1016,1.0
1976,1785,1.0
1976,1914,1.0
1976,635,1.0
1976,3128,1.0
1976,3513,1.0
1976,2234,1.0
1976,2363,1.0
1976,4088,1.0
1976,2809,1.0
1976,2938,1.0
1976,3707,1.0
1977,441,1.0
1977,1210,1.0
1977,1339,1.0
1977,60,1.0
1977,761,1.0
1977,890,1.0
1977,1659,1.0
1977,2044,1.0
1977,3513,1.0
1977,2234,1.0
1977,2363,1.0
1977,3132,1.0
1977,3833,1.0
1977,3962,1.0
1977,2683,1.0
1977,3068,1.0
1978,1210,1.0
1978,1339,1.0
1978,60,1.0
1978,445,1.0
1978,1914,1.0
1978,635,1.0
1978,1020,1.0
1978,1789,1.0
1978,2234,1.0
1978,2363,1.0
1978,3132,1.0
1978,3517,1.0
1978,2938,1.0
1978,3707,1.0
1978,4092,1.0
1978,2813,1.0
1979,1339,1.0
1979,60,1.0
1979,445,1.0
1979,1214,1.0
1979,1659,1.0
1979,2044,1.0
1979,765,1.0
1979,894,1.0
1979,2363,1.0
1979,3132,1.0
1979,3517,1.0
1979,2238,1.0
1979,2683,1.0
1979,3068,1.0
1979,3837,1.0
1979,3966,1.0
1980,60,1.0
1980,445,1.0
1980,1214,1.0
1980,1343,1.0
1980,1020,1.0
1980,1789,1.0
1980,1918,1.0
1980,639,1.0
1980,3132,1.0
1980,3517,1.0
1980,2238,1.0
1980,2367,1.0
1980,4092,1.0
1980,2813,1.0
1980,2942,1.0
1980,3711,1.0
1981,445,1.0
1981,1214,1.0
1981,1343,1.0
1981,0,1.0
1981,765,1.0
1981,894,1.0
1981,1663,1.0
1981,1984,1.0
1981,3517,1.0
1981,2238,1.0
1981,2367,1.0
1981,3072,1.0
1981,3837,1.0
1981,3966,1.0
1981,2687,1.0
1981,3008,1.0
1982,1214,1.0
1982,1343,1.0
1982,0,1.0
1982,385,1.0
1982,1918,1.0
1982,639,1.0
1982,960,1.0
1982,1729,1.0
1982,2238,1.0
1982,2367,1.0
1982,3072,1.0
1982,3457,1.0
1982,2942,1.0
1982,3711,1.0
1982,4032,1.0
1982,2753,1.0
1983,1343,1.0
1983,0,1.0
1983,385,1.0
1983,1154,1.0
1983,1663,1.0
1983,1984,1.0
1983,705,1.0
1983,834,1.0
1983,2367,1.0
1983,3072,1.0
1983,3457,1.0
1983,2178,1.0
1983,2687,1.0
1983,3008,1.0
1983,3777,1.0
1983,3906,1.0
1984,0,1.0
1984,385,1.0
1984,1154,1.0
1984,1283,1.0
1984,960,1.0
1984,1729,1.0
1984,1858,1.0
1984,579,1.0
1984,3072,1.0
1984,3457,1.0
1984,2178,1.0
1984,2307,1.0
1984,4032,1.0
1984,2753,1.0
1984,2882,1.0
1984,3651,1.0
1985,385,1.0
1985,1154,1.0
1985,1283,1.0
1985,4,1.0
1985,705,1.0
1985,834,1.0
1985,1603,1.0
1985,1988,1.0
1985,3457,1.0
1985,2178,1.0
1985,2307,1.0
1985,3076,1.0
1985,3777,1.0
1985,3906,1.0
1985,2627,1.0
1985,3012,1.0
1986,1154,1.0
1986,1283,1.0
1986,4,1.0
1986,389,1.0
1986,1858,1.0
1986,579,1.0
1986,964,1.0
1986,1733,1.0
1986,2178,1.0
1986,2307,1.0
1986,3076,1.0
1986,3461,1.0
1986,2882,1.0
1986,3651,1.0
1986,4036,1.0
1986,2757,1.0
1987,1283,1.0
1987,4,1.0
1987,389,1.0
1987,1158,1.0
1987,1603,1.0
1987,1988,1.0
1987,709,1.0
1987,838,1.0
1987,2307,1.0
1987,3076,1.0
1987,3461,1.0
1987,2182,1.0
1987,2627,1.0
1987,3012,1.0
1987,3781,1.0
1987,3910,1.0
1988,4,1.0
1988,389,1.0
1988,1158,1.0
1988,1287,1.0
1988,964,1.0
1988,1733,1.0
1988,1862,1.0
1988,583,1.0
1988,3076,1.0
1988,3461,1.0
1988,2182,1.0
1988,2311,1.0
1988,4036,1.0
1988,2757,1.0
1988,2886,1.0
1988,3655,1.0
1989,389,1.0
1989,1158,1.0
1989,1287,1.0
1989,8,1.0
1989,709,1.0
1989,838,1.0
1989,1607,1.0
1989,1992,1.0
1989,3461,1.0
1989,2182,1.0
1989,2311,1.0
1989,3080,1.0
1989,3781,1.0
1989,3910,1.0
1989,2631,1.0
1989,3016,1.0
1990,1158,1.0
1990,1287,1.0
1990,8,1.0
1990,393,1.0
1990,1862,1.0
1990,583,1.0
1990,968,1.0
1990,1737,1.0
1990,2182,1.0
1990,2311,1.0
1990,3080,1.0
1990,3465,1.0
1990,2886,1.0
1990,3655,1.0
1990,4040,1.0
1990,2761,1.0
1991,1287,1.0
1991,8,1.0
1991,393,1.0
1991,1162,1.0
1991,1607,1.0
1991,1992,1.0
1991,713,1.0
1991,842,1.0
1991,2311,1.0
1991,3080,1.0
1991,3465,1.0
1991,2186,1.0
1991,2631,1.0
1991,3016,1.0
1991,3785,1.0
1991,3914,1.0
1992,8,1.0
1992,393,1.0
1992,1162,1.0
1992,1291,1.0
1992,968,1.0
1992,1737,1.0
1992,1866,1.0
1992,587,1.0
1992,3080,1.0
1992,3465,1.0
1992,2186,1.0
1992,2315,1.0
1992,4040,1.0
1992,2761,1.0
1992,2890,1.0
1992,3659,1.0
1993,393,1.0
1993,1162,1.0
1993,1291,1.0
1993,12,1.0
1993,713,1.0
1993,842,1.0
1993,1611,1.0
1993,1996,1.0
1993,3465,1.0
1993,2186,1.0
1993,2315,1.0
1993,3084,1.0
1993,3785,1.0
1993,3914,1.0
1993,2635,1.0
1993,3020,1.0
1994,1162,1.0
1994,1291,1.0
1994,12,1.0
1994,397,1.0
1994,1866,1.0
1994,587,1.0
1994,972,1.0
1994,1741,1.0
1994,2186,1.0
1994,2315,1.0
1994,3084,1.0
1994,3469,1.0
1994,2890,1.0
1994,3659,1.0
1994,4044,1.0
1994,2765,1.0
1995,1291,1.0
1995,12,1.0
1995,397,1.0
1995,1166,1.0
1995,1611,1.0
1995,1996,1.0
1995,717,1.0
1995,846,1.0
1995,2315,1.0
1995,3084,1.0
1995,3469,1.0
1995,2190,1.0
1995,2635,1.0
1995,3020,1.0
1995,3789,1.0
1995,3918,1.0
1996,12,1.0
1996,397,1.0
1996,1166,1.0
1996,1295,1.0
1996,972,1.0
1996,1741,1.0
1996,1870,1.0
1996,591,1.0
1996,3084,1.0
1996,3469,1.0
1996,2190,1.0
1996,2319,1.0
1996,4044,1.0
1996,2765,1.0
1996,2894,1.0
1996,3663,1.0
1997,397,1.0
1997,1166,1.0
1997,1295,1.0
1997,16,1.0
1997,717,1.0
1997,846,1.0
1997,1615,1.0
1997,2000,1.0
1997,3469,1.0
1997,2190,1.0
1997,2319,1.0
1997,3088,1.0
1997,3789,1.0
1997,3918,1.0
1997,2639,1.0
1997,3024,1.0
1998,1166,1.0
1998,1295,1.0
1998,16,1.0
1998,401,1.0
1998,1870,1.0
1998,591,1.0
1998,976,1.0
1998,1745,1.0
1998,2190,1.0
1998,2319,1.0
1998,3088,1.0
1998,3473,1.0
1998,2894,1.0
1998,3663,1.0
1998,4048,1.0
1998,2769,1.0
1999,1295,1.0
1999,16,1.0
1999,401,1.0
1999,1170,1.0
1999,1615,1.0
1999,2000,1.0
1999,721,1.0
1999,850,1.0
1999,2319,1.0
1999,3088,1.0
1999,3473,1.0
1999,2194,1.0
1999,2639,1.0
1999,3024,1.0
1999,3793,1.0
1999,3922,1.0
2000,16,1.0
2000,401,1.0
2000,1170,1.0
2000,1299,1.0
2000,976,1.0
2000,1745,1.0
2000,1874,1.0
2000,595,1.0
2000,3088,1.0
2000,3473,1.0
2000,2194,1.0
2000,2323,1.0
2000,4048,1.0
2000,2769,1.0
2000,2898,1.0
2000,3667,1.0
2001,401,1.0
2001,1170,1.0
2001,1299,1.0
2001,20,1.0
2001,721,1.0
2001,850,1.0
2001,1619,1.0
2001,2004,1.0
2001,3473,1.0
2001,2194,1.0
2001,2323,1.0
2001,3092,1.0
2001,3793,1.0
2001,3922,1.0
2001,2643,1.0
2001,3028,1.0
2002,1170,1.0
2002,1299,1.0
2002,20,1.0
2002,405,1.0
2002,1874,1.0
2002,595,1.0
2002,980,1.0
2002,1749,1.0
2002,2194,1.0
2002,2323,1.0
2002,3092,1.0
2002,3477,1.0
2002,2898,1.0
2002,3667,1.0
2002,4052,1.0
2002,2773,1.0
2003,1299,1.0
2003,20,1.0
2003,405,1.0
2003,1174,1.0
2003,1619,1.0
2003,2004,1.0
2003,725,1.0
2003,854,1.0
2003,2323,1.0
2003,3092,1.0
2003,3477,1.0
2003,2198,1.0
2003,2643,1.0
2003,3028,1.0
2003,3797,1.0
2003,3926,1.0
2004,20,1.0
2004,405,1.0
2004,1174,1.0
2004,1303,1.0
2004,980,1.0
2004,1749,1.0
2004,1878,1.0
2004,599,1.0
2004,3092,1.0
2004,3477,1.0
2004,2198,1.0
2004,2327,1.0
2004,4052,1.0
2004,2773,1.0
2004,2902,1.0
2004,3671,1.0
2005,405,1.0
2005,1174,1.0
2005,1303,1.0
2005,24,1.0
2005,725,1.0
2005,854,1.0
2005,1623,1.0
2005,2008,1.0
2005,3477,1.0
2005,2198,1.0
2005,2327,1.0
2005,3096,1.0
2005,3797,1.0
2005,3926,1.0
2005,2647,1.0
2005,3032,1.0
2006,1174,1.0
2006,1303,1.0
2006,24,1.0
2006,409,1.0
2006,1878,1.0
2006,599,1.0
2006,984,1.0
2006,1753,1.0
2006,2198,1.0
2006,2327,1.0
2006,3096,1.0
2006,3481,1.0
2006,2902,1.0
2006,3671,1.0
2006,4056,1.0
2006,2777,1.0
2007,1303,1.0
2007,24,1.0
2007,409,1.0
2007,1178,1.0
2007,1623,1.0
2007,2008,1.0
2007,729,1.0
2007,858,1.0
2007,2327,1.0
2007,3096,1.0
2007,3481,1.0
2007,2202,1.0
2007,2647,1.0
2007,3032,1.0
2007,3801,1.0
2007,3930,1.0
2008,24,1.0
2008,409,1.0
2008,1178,1.0
2008,1307,1.0
2008,984,1.0
2008,1753,1.0
2008,1882,1.0
2008,603,1.0
2008,3096,1.0
2008,3481,1.0
2008,2202,1.0
2008,2331,1.0
2008,4056,1.0
2008,2777,1.0
2008,2906,1.0
2008,3675,1.0
2009,409,1.0
2009,1178,1.0
2009,1307,1.0
2009,28,1.0
2009,729,1.0
2009,858,1.0
2009,1627,1.0
2009,2012,1.0
2009,3481,1.0
2009,2202,1.0
2009,2331,1.0
2009,3100,1.0
2009,3801,1.0
2009,3930,1.0
2009,2651,1.0
2009,3036,1.0
2010,1178,1.0
2010,1307,1.0
2010,28,1.0
2010,413,1.0
2010,1882,1.0
2010,603,1.0
2010,988,1.0
2010,1757,1.0
2010,2202,1.0
2010,2331,1.0
2010,3100,1.0
2010,3485,1.0
2010,2906,1.0
2010,3675,1.0
2010,4060,1.0
2010,2781,1.0
2011,1307,1.0
2011,28,1.0
2011,413,1.0
2011,1182,1.0
2011,1627,1.0
2011,2012,1.0
2011,733,1.0
2011,862,1.0
2011,2331,1.0
2011,3100,1.0
2011,3485,1.0
2011,2206,1.0
2011,2651,1.0
2011,3036,1.0
2011,3805,1.0
2011,3934,1.0
2012,28,1.0
2012,413,1.0
2012,1182,1.0
2012,1311,1.0
2012,988,1.0
2012,1757,1.0
2012,1886,1.0
2012,607,1.0
2012,3100,1.0
2012,3485,1.0
2012,2206,1.0
2012,2335,1.0
2012,4060,1.0
2012,2781,1.0
2012,2910,1.0
2012,3679,1.0
2013,413,1.0
2013,1182,1.0
2013,1311,1.0
2013,32,1.0
2013,733,1.0
2013,862,1.0
2013,1631,1.0
2013,2016,1.0
2013,3485,1.0
2013,2206,1.0
2013,2335,1.0
2013,3104,1.0
2013,3805,1.0
2013,3934,1.0
2013,2655,1.0
2013,3040,1.0
2014,1182,1.0
2014,1311,1.0
2014,32,1.0
2014,417,1.0
2014,1886,1.0
2014,607,1.0
2014,992,1.0
2014,1761,1.0
2014,2206,1.0
2014,2335,1.0
2014,3104,1.0
2014,3489,1.0
2014,2910,1.0
2014,3679,1.0
2014,4064,1.0
2014,2785,1.0
2015,1311,1.0
2015,32,1.0
2015,417,1.0
2015,1186,1.0
2015,1631,1.0
2015,2016,1.0
2015,737,1.0
2015,866,1.0
2015,2335,1.0
2015,3104,1.0
2015,3489,1.0
2015,2210,1.0
2015,2655,1.0
2015,3040,1.0
2015,3809,1.0
2015,3938,1.0
2016,32,1.0
2016,417,1.0
2016,1186,1.0
2016,1315,1.0
2016,992,1.0
2016,1761,1.0
2016,1890,1.0
2016,611,1.0
2016,3104,1.0
2016,3489,1.0
2016,2210,1.0
2016,2339,1.0
2016,4064,1.0
2016,2785,1.0
2016,2914,1.0
2016,3683,1.0
2017,417,1.0
2017,1186,1.0
2017,1315,1.0
2017,36,1.0
2017,737,1.0
2017,866,1.0
2017,1635,1.0
2017,2020,1.0
2017,3489,1.0
2017,2210,1.0
2017,2339,1.0
2017,3108,1.0
2017,3809,1.0
2017,3938,1.0
2017,2659,1.0
2017,3044,1.0
2018,1186,1.0
2018,1315,1.0
2018,36,1.0
2018,421,1.0
2018,1890,1.0
2018,611,1.0
2018,996,1.0
2018,1765,1.0
2018,2210,1.0
2018,2339,1.0
2018,3108,1.0
2018,3493,1.0
2018,2914,1.0
2018,3683,1.0
2018,4068,1.0
2018,2789,1.0
2019,1315,1.0
2019,36,1.0
2019,421,1.0
2019,1190,1.0
2019,1635,1.0
2019,2020,1.0
2019,741,1.0
2019,870,1.0
2019,2339,1.0
2019,3108,1.0
2019,3493,1.0
2019,2214,1.0
2019,2659,1.0
2019,3044,1.0
2019,3813,1.0
2019,3942,1.0
2020,36,1.0
2020,421,1.0
2020,1190,1.0
2020,1319,1.0
2020,996,1.0
2020,1765,1.0
2020,1894,1.0
2020,615,1.0
2020,3108,1.0
2020,3493,1.0
2020,2214,1.0
2020,2343,1.0
2020,4068,1.0
2020,2789,1.0
2020,2918,1.0
2020,3687,1.0
2021,421,1.0
2021,1190,1.0
2021,1319,1.0
2021,40,1.0
2021,741,1.0
2021,870,1.0
2021,1639,1.0
2021,2024,1.0
2021,3493,1.0
2021,2214,1.0
2021,2343,1.0
2021,3112,1.0
2021,3813,1.0
2021,3942,1.0
2021,2663,1.0
2021,3048,1.0
2022,1190,1.0
2022,1319,1.0
2022,40,1.0
2022,425,1.0
2022,1894,1.0
2022,615,1.0
2022,1000,1.0
2022,1769,1.0
2022,2214,1.0
2022,2343,1.0
2022,3112,1.0
2022,3497,1.0
2022,2918,1.0
2022,3687,1.0
2022,4072,1.0
2022,2793,1.0
2023,1319,1.0
2023,40,1.0
2023,425,1.0
2023,1194,1.0
2023,1639,1.0
2023,2024,1.0
2023,745,1.0
2023,874,1.0
2023,2343,1.0
2023,3112,1.0
2023,3497,1.0
2023,2218,1.0
2023,2663,1.0
2023,3048,1.0
2023,3817,1.0
2023,3946,1.0
2024,40,1.0
2024,425,1.0
2024,1194,1.0
2024,1323,1.0
2024,1000,1.0
2024,1769,1.0
2024,1898,1.0
2024,619,1.0
2024,3112,1.0
2024,3497,1.0
2024,2218,1.0
2024,2347,1.0
2024,4072,1.0
2024,2793,1.0
2024,2922,1.0
2024,3691,1.0
2025,425,1.0
2025,1194,1.0
2025,1323,1.0
2025,44,1.0
2025,745,1.0
2025,874,1.0
2025,1643,1.0
2025,2028,1.0
2025,3497,1.0
2025,2218,1.0
2025,2347,1.0
2025,3116,1.0
2025,3817,1.0
2025,3946,1.0
2025,2667,1.0
2025,3052,1.0
2026,1194,1.0
2026,1323,1.0
2026,44,1.0
2026,429,1.0
2026,1898,1.0
2026,619,1.0
2026,1004,1.0
2026,1773,1.0
2026,2218,1.0
2026,2347,1.0
2026,3116,1.0
2026,3501,1.0
2026,2922,1.0
2026,3691,1.0
2026,4076,1.0
2026,2797,1.0
2027,1323,1.0
2027,44,1.0
2027,429,1.0
2027,1198,1.0
2027,1643,1.0
2027,2028,1.0
2027,749,1.0
2027,878,1.0
2027,2347,1.0
2027,3116,1.0
2027,3501,1.0
2027,2222,1.0
2027,2667,1.0
2027,3052,1.0
2027,3821,1.0
2027,3950,1.0
2028,44,1.0
2028,429,1.0
2028,1198,1.0
2028,1327,1.0
2028,1004,1.0
2028,1773,1.0
2028,1902,1.0
2028,623,1.0
2028,3116,1.0
2028,3501,1.0
2028,2222,1.0
2028,2351,1.0
2028,4076,1.0
2028,2797,1.0
2028,2926,1.0
2028,3695,1.0
2029,429,1.0
2029,1198,1.0
2029,1327,1.0
2029,48,1.0
2029,749,1.0
2029,878,1.0
2029,1647,1.0
2029,2032,1.0
2029,3501,1.0
2029,2222,1.0
2029,2351,1.0
2029,3120,1.0
2029,3821,1.0
2029,3950,1.0
2029,2671,1.0
2029,3056,1.0
2030,1198,1.0
2030,1327,1.0
2030,48,1.0
2030,433,1.0
2030,1902,1.0
2030,623,1.0
2030,1008,1.0
2030,1777,1.0
2030,2222,1.0
2030,2351,1.0
2030,3120,1.0
2030,3505,1.0
2030,2926,1.0
2030,3695,1.0
2030,4080,1.0
2030,2801,1.0
2031,1327,1.0
2031,48,1.0
2031,433,1.0
2031,1202,1.0
2031,1647,1.0
2031,2032,1.0
2031,753,1.0
2031,882,1.0
2031,2351,1.0
2031,3120,1.0
2031,3505,1.0
2031,2226,1.0
2031,2671,1.0
2031,3056,1.0
2031,3825,1.0
2031,3954,1.0
2032,48,1.0
2032,433,1.0
2032,1202,1.0
2032,1331,1.0
2032,1008,1.0
2032,1777,1.0
2032,1906,1.0
2032,627,1.0
2032,3120,1.0
2032,3505,1.0
2032,2226,1.0
2032,2355,1.0
2032,4080,1.0
2032,2801,1.0
2032,2930,1.0
2032,3699,1.0
2033,433,1.0
2033,1202,1.0
2033,1331,1.0
2033,52,1.0
2033,753,1.0
2033,882,1.0
2033,1651,1.0
2033,2036,1.0
2033,3505,1.0
2033,2226,1.0
2033,2355,1.0
2033,3124,1.0
2033,3825,1.0
2033,3954,1.0
2033,2675,1.0
2033,3060,1.0
2034,1202,1.0
2034,1331,1.0
2034,52,1.0
2034,437,1.0
2034,1906,1.0
2034,627,1.0
2034,1012,1.0
2034,1781,1.0
2034,2226,1.0
2034,2355,1.0
2034,3124,1.0
2034,3509,1.0
2034,2930,1.0
2034,3699,1.0
2034,4084,1.0
2034,2805,1.0
2035,1331,1.0
2035,52,1.0
2035,437,1.0
2035,1206,1.0
2035,1651,1.0
2035,2036,1.0
2035,757,1.0
2035,886,1.0
2035,2355,1.0
2035,3124,1.0
2035,3509,1.0
2035,2230,1.0
2035,2675,1.0
2035,3060,1.0
2035,3829,1.0
2035,3958,1.0
2036,52,1.0
2036,437,1.0
2036,1206,1.0
2036,1335,1.0
2036,1012,1.0
2036,1781,1.0
2036,1910,1.0
2036,631,1.0
2036,3124,1.0
2036,3509,1.0
2036,2230,1.0
2036,2359,1.0
2036,4084,1.0
2036,2805,1.0
2036,2934,1.0
2036,3703,1.0
2037,437,1.0
2037,1206,1.0
2037,1335,1.0
2037,56,1.0
2037,757,1.0
2037,886,1.0
2037,1655,1.0
2037,2040,1.0
2037,3509,1.0
2037,2230,1.0
2037,2359,1.0
2037,3128,1.0
2037,3829,1.0
2037,3958,1.0
2037,2679,1.0
2037,3064,1.0
2038,1206,1.0
2038,1335,1.0
2038,56,1.0
2038,441,1.0
2038,1910,1.0
2038,631,1.0
2038,1016,1.0
2038,1785,1.0
2038,2230,1.0
2038,2359,1.0
2038,3128,1.0
2038,3513,1.0
2038,2934,1.0
2038,3703,1.0
2038,4088,1.0
2038,2809,1.0
2039,1335,1.0
2039,56,1.0
2039,441,1.0
2039,1210,1.0
2039,1655,1.0
2039,2040,1.0
2039,761,1.0
2039,890,1.0
2039,2359,1.0
2039,3128,1.0
2039,3513,1.0
2039,2234,1.0
2039,2679,1.0
2039,3064,1.0
2039,3833,1.0
2039,3962,1.0
2040,56,1.0
2040,441,1.0
2040,1210,1.0
2040,1339,1.0
2040,1016,1.0
2040,1785,1.0
2040,1914,1.0
2040,635,1.0
2040,3128,1.0
2040,3513,1.0
2040,2234,1.0
2040,2363,1.0
2040,4088,1.0
2040,2809,1.0
2040,2938,1.0
2040,3707,1.0
2041,441,1.0
2041,1210,1.0
2041,1339,1.0
2041,60,1.0
2041,761,1.0
2041,890,1.0
2041,1659,1.0
2041,2044,1.0
2041,3513,1.0
2041,2234,1.0
2041,2363,1.0
2041,3132,1.0
2041,3833,1.0
2041,3962,1.0
2041,2683,1.0
2041,3068,1.0
2042,1210,1.0
2042,1339,1.0
2042,60,1.0
2042,445,1.0
2042,1914,1.0
2042,635,1.0
2042,1020,1.0
2042,1789,1.0
2042,2234,1.0
2042,2363,1.0
2042,3132,1.0
2042,3517,1.0
2042,2938,1.0
2042,3707,1.0
2042,4092,1.0
2042,2813,1.0
2043,1339,1.0
2043,60,1.0
2043,445,1.0
2043,1214,1.0
2043,1659,1.0
2043,2044,1.0
2043,765,1.0
2043,894,1.0
2043,2363,1.0
2043,3132,1.0
2043,3517,1.0
2043,2238,1.0
2043,2683,1.0
2043,3068,1.0
2043,3837,1.0
2043,3966,1.0
2044,60,1.0
2044,445,1.0
2044,1214,1.0
2044,1343,1.0
2044,1020,1.0
2044,1789,1.0
2044,1918,1.0
2044,639,1.0
2044,3132,1.0
2044,3517,1.0
2044,2238,1.0
2044,2367,1.0
2044,4092,1.0
2044,2813,1.0
2044,2942,1.0
2044,3711,1.0
2045,445,1.0
2045,1214,1.0
2045,1343,1.0
2045,0,1.0
2045,765,1.0
2045,894,1.0
2045,1663,1.0
2045,1984,1.0
2045,3517,1.0
2045,2238,1.0
2045,2367,1.0
2045,3072,1.0
2045,3837,1.0
2045,3966,1.0
2045,2687,1.0
2045,3008,1.0
2046,1214,1.0
2046,1343,1.0
2046,0,1.0
2046,385,1.0
2046,1918,1.0
2046,639,1.0
2046,960,1.0
2046,1729,1.0
2046,2238,1.0
2046,2367,1.0
2046,3072,1.0
2046,3457,1.0
2046,2942,1.0
2046,3711,1.0
2046,4032,1.0
2046,2753,1.0
2047,1343,1.0
2047,0,1.0
2047,385,1.0
2047,1154,1.0
2047,1663,1.0
2047,1984,1.0
2047,705,1.0
2047,834,1.0
2047,2367,1.0
2047,3072,1.0
2047,3457,1.0
2047,2178,1.0
2047,2687,1.0
2047,3008,1.0
2047,3777,1.0
2047,3906,1.0
2048,0,1.0
2048,385,1.0
2048,1154,1.0
2048,1283,1.0
2048,960,1.0
2048,1729,1.0
2048,1858,1.0
2048,579,1.0
2048,3072,1.0
2048,3457,1.0
2048,2178,1.0
2048,2307,1.0
2048,4032,1.0
2048,2753,1.0
2048,2882,1.0
2048,3651,1.0
2049,385,1.0
2049,1154,1.0
2049,1283,1.0
2049,4,1.0
2049,705,1.0
2049,834,1.0
2049,1603,1.0
2049,1988,1.0
2049,3457,1.0
2049,2178,1.0
2049,2307,1.0
2049,3076,1.0
2049,3777,1.0
2049,3906,1.0
2049,2627,1.0
2049,3012,1.0
2050,1154,1.0
2050,1283,1.0
2050,4,1.0
2050,389,1.0
2050,1858,1.0
2050,579,1.0
2050,964,1.0
2050,1733,1.0
2050,2178,1.0
2050,2307,1.0
2050,3076,1.0
2050,3461,1.0
2050,2882,1.0
2050,3651,1.0
2050,4036,1.0
2050,2757,1.0
2051,1283,1.0
2051,4,1.0
2051,389,1.0
2051,1158,1.0
2051,1603,1.0
2051,1988,1.0
2051,709,1.0
2051,838,1.0
2051,2307,1.0
2051,3076,1.0
2051,3461,1.0
2051,2182,1.0
2051,2627,1.0
2051,3012,1.0
2051,3781,1.0
2051,3910,1.0
2052,4,1.0
2052,389,1.0
2052,1158,1.0
2052,1287,1.0
2052,964,1.0
2052,1733,1.0
2052,1862,1.0
2052,583,1.0
2052,3076,1.0
2052,3461,1.0
2052,2182,1.0
2052,2311,1.0
2052,4036,1.0
2052,2757,1.0
2052,2886,1.0
2052,3655,1.0
2053,389,1.0
2053,1158,1.0
2053,1287,1.0
2053,8,1.0
2053,709,1.0
2053,838,1.0
2053,1607,1.0
2053,1992,1.0
2053,3461,1.0
2053,2182,1.0
2053,2311,1.0
2053,3080,1.0
2053,3781,1.0
2053,3910,1.0
2053,2631,1.0
2053,3016,1.0
2054,1158,1.0
2054,1287,1.0
2054,8,1.0
2054,393,1.0
2054,1862,1.0
2054,583,1.0
2054,968,1.0
2054,1737,1.0
2054,2182,1.0
2054,2311,1.0
2054,3080,1.0
2054,3465,1.0
2054,2886,1.0
2054,3655,1.0
2054,4040,1.0
2054,2761,1.0
2055,1287,1.0
2055,8,1.0
2055,393,1.0
2055,1162,1.0
2055,1607,1.0
2055,1992,1.0
2055,713,1.0
2055,842,1.0
2055,2311,1.0
2055,3080,1.0
2055,3465,1.0
2055,2186,1.0
2055,2631,1.0
2055,3016,1.0
2055,3785,1.0
2055,3914,1.0
2056,8,1.0
2056,393,1.0
2056,1162,1.0
2056,1291,1.0
2056,968,1.0
2056,1737,1.0
2056,1866,1.0
2056,587,1.0
2056,3080,1.0
2056,3465,1.0
2056,2186,1.0
2056,2315,1.0
2056,4040,1.0
2056,2761,1.0
2056,2890,1.0
2056,3659,1.0
2057,393,1.0
2057,1162,1.0
2057,1291,1.0
2057,12,1.0
2057,713,1.0
2057,842,1.0
2057,1611,1.0
2057,1996,1.0
2057,3465,1.0
2057,2186,1.0
2057,2315,1.0
2057,3084,1.0
2057,3785,1.0
2057,3914,1.0
2057,2635,1.0
2057,3020,1.0
2058,1162,1.0
2058,1291,1.0
2058,12,1.0
2058,397,1.0
2058,1866,1.0
2058,587,1.0
2058,972,1.0
2058,1741,1.0
2058,2186,1.0
2058,2315,1.0
2058,3084,1.0
2058,3469,1.0
2058,2890,1.0
2058,3659,1.0
2058,4044,1.0
2058,2765,1.0
2059,1291,1.0
2059,12,1.0
2059,397,1.0
2059,1166,1.0
2059,1611,1.0
2059,1996,1.0
2059,717,1.0
2059,846,1.0
2059,2315,1.0
2059,3084,1.0
2059,3469,1.0
2059,2190,1.0
2059,2635,1.0
2059,3020,1.0
2059,3789,1.0
2059,3918,1.0
2060,12,1.0
2060,397,1.0
2060,1166,1.0
2060,1295,1.0
2060,972,1.0
2060,1741,1.0
2060,1870,1.0
2060,591,1.0
2060,3084,1.0
2060,3469,1.0
2060,2190,1.0
2060,2319,1.0
2060,4044,1.0
2060,2765,1.0
2060,2894,1.0
2060,3663,1.0
2061,397,1.0
2061,1166,1.0
2061,1295,1.0
2061,16,1.0
2061,717,1.0
2061,846,1.0
2061,1615,1.0
2061,2000,1.0
2061,3469,1.0
2061,2190,1.0
2061,2319,1.0
2061,3088,1.0
2061,3789,1.0
2061,3918,1.0
2061,2639,1.0
2061,3024,1.0
2062,1166,1.0
2062,1295,1.0
2062,16,1.0
2062,401,1.0
2062,1870,1.0
2062,591,1.0
2062,976,1.0
2062,1745,1.0
2062,2190,1.0
2062,2319,1.0
2062,3088,1.0
2062,3473,1.0
2062,2894,1.0
2062,3663,1.0
2062,4048,1.0
2062,2769,1.0
2063,1295,1.0
2063,16,1.0
2063,401,1.0
2063,1170,1.0
2063,1615,1.0
2063,2000,1.0
2063,721,1.0
2063,850,1.0
2063,2319,1.0
2063,3088,1.0
2063,3473,1.0
2063,2194,1.0
2063,2639,1.0
2063,3024,1.0
2063,3793,1.0
2063,3922,1.0
2064,16,1.0
2064,401,1.0
2064,1170,1.0
2064,1299,1.0
2064,976,1.0
2064,1745,1.0
2064,1874,1.0
2064,595,1.0
2064,3088,1.0
2064,3473,1.0
2064,2194,1.0
2064,2323,1.0
2064,4048,1.0
2064,2769,1.0
2064,2898,1.0
2064,3667,1.0
2065,401,1.0
2065,1170,1.0
2065,1299,1.0
2065,20,1.0
2065,721,1.0
2065,850,1.0
2065,1619,1.0
2065,2004,1.0
2065,3473,1.0
2065,2194,1.0
2065,2323,1.0
2065,3092,1.0
2065,3793,1.0
2065,3922,1.0
2065,2643,1.0
2065,3028,1.0
2066,1170,1.0
2066,1299,1.0
2066,20,1.0
2066,405,1.0
2066,1874,1.0
2066,595,1.0
2066,980,1.0
2066,1749,1.0
2066,2194,1.0
2066,2323,1.0
2066,3092,1.0
2066,3477,1.0
2066,2898,1.0
2066,3667,1.0
2066,4052,1.0
2066,2773,1.0
2067,1299,1.0
2067,20,1.0
2067,405,1.0
2067,1174,1.0
2067,1619,1.0
2067,2004,1.0
2067,725,1.0
2067,854,1.0
2067,2323,1.0
2067,3092,1.0
2067,3477,1.0
2067,2198,1.0
2067,2643,1.0
2067,3028,1.0
2067,3797,1.0
2067,3926,1.0
2068,20,1.0
2068,405,1.0
2068,1174,1.0
2068,1303,1.0
2068,980,1.0
2068,1749,1.0
2068,1878,1.0
2068,599,1.0
2068,3092,1.0
2068,3477,1.0
2068,2198,1.0
2068,2327,1.0
2068,4052,1.0
2068,2773,1.0
2068,2902,1.0
2068,3671,1.0
2069,405,1.0
2069,1174,1.0
2069,1303,1.0
2069,24,1.0
2069,725,1.0
2069,854,1.0
2069,1623,1.0
2069,2008,1.0
2069,3477,1.0
2069,2198,1.0
2069,2327,1.0
2069,3096,1.0
2069,3797,1.0
2069,3926,1.0
2069,2647,1.0
2069,3032,1.0
2070,1174,1.0
2070,1303,1.0
2070,24,1.0
2070,409,1.0
2070,1878,1.0
2070,599,1.0
2070,984,1.0
2070,1753,1.0
2070,2198,1.0
2070,2327,1.0
2070,3096,1.0
2070,3481,1.0
2070,2902,1.0
2070,3671,1.0
2070,4056,1.0
2070,2777,1.0
2071,1303,1.0
2071,24,1.0
2071,409,1.0
2071,1178,1.0
2071,1623,1.0
2071,2008,1.0
2071,729,1.0
2071,858,1.0
2071,2327,1.0
2071,3096,1.0
2071,3481,1.0
2071,2202,1.0
2071,2647,1.0
2071,3032,1.0
2071,3801,1.0
2071,3930,1.0
2072,24,1.0
2072,409,1.0
2072,1178,1.0
2072,1307,1.0
2072,984,1.0
2072,1753,1.0
2072,1882,1.0
2072,603,1.0
2072,3096,1.0
2072,3481,1.0
2072,2202,1.0
2072,2331,1.0
2072,4056,1.0
2072,2777,1.0
2072,2906,1.0
2072,3675,1.0
2073,409,1.0
2073,1178,1.0
2073,1307,1.0
2073,28,1.0
2073,729,1.0
2073,858,1.0
2073,1627,1.0
2073,2012,1.0
2073,3481,1.0
2073,2202,1.0
2073,2331,1.0
2073,3100,1.0
2073,3801,1.0
2073,3930,1.0
2073,2651,1.0
2073,3036,1.0
2074,1178,1.0
2074,1307,1.0
2074,28,1.0
2074,413,1.0
2074,1882,1.0
2074,603,1.0
2074,988,1.0
2074,1757,1.0
2074,2202,1.0
2074,2331,1.0
2074,3100,1.0
2074,3485,1.0
2074,2906,1.0
2074,3675,1.0
2074,4060,1.0
2074,2781,1.0
2075,1307,1.0
2075,28,1.0
2075,413,1.0
2075,1182,1.0
2075,1627,1.0
2075,2012,1.0
2075,733,1.0
2075,862,1.0
2075,2331,1.0
2075,3100,1.0
2075,3485,1.0
2075,2206,1.0
2075,2651,1.0
2075,3036,1.0
2075,3805,1.0
2075,3934,1.0
2076,28,1.0
2076,413,1.0
2076,1182,1.0
2076,1311,1.0
2076,988,1.0
2076,1757,1.0
2076,1886,1.0
2076,607,1.0
2076,3100,1.0
2076,3485,1.0
2076,2206,1.0
2076,2335,1.0
2076,4060,1.0
2076,2781,1.0
2076,2910,1.0
2076,3679,1.0
2077,413,1.0
2077,1182,1.0
2077,1311,1.0
2077,32,1.0
2077,733,1.0
2077,862,1.0
2077,1631,1.0
2077,2016,1.0
2077,3485,1.0
2077,2206,1.0
2077,2335,1.0
2077,3104,1.0
2077,3805,1.0
2077,3934,1.0
2077,2655,1.0
2077,3040,1.0
2078,1182,1.0
2078,1311,1.0
2078,32,1.0
2078,417,1.0
2078,1886,1.0
2078,607,1.0
2078,992,1.0
2078,1761,1.0
2078,2206,1.0
2078,2335,1.0
2078,3104,1.0
2078,3489,1.0
2078,2910,1.0
2078,3679,1.0
2078,4064,1.0
2078,2785,1.0
2079,1311,1.0
2079,32,1.0
2079,417,1.0
2079,1186,1.0
2079,1631,1.0
2079,2016,1.0
2079,737,1.0
2079,866,1.0
2079,2335,1.0
2079,3104,1.0
2079,3489,1.0
2079,2210,1.0
2079,2655,1.0
2079,3040,1.0
2079,3809,1.0
2079,3938,1.0
2080,32,1.0
2080,417,1.0
2080,1186,1.0
2080,1315,1.0
2080,992,1.0
2080,1761,1.0
2080,1890,1.0
2080,611,1.0
2080,3104,1.0
2080,3489,1.0
2080,2210,1.0
2080,2339,1.0
2080,4064,1.0
2080,2785,1.0
2080,2914,1.0
2080,3683,1.0
2081,417,1.0
2081,1186,1.0
2081,1315,1.0
2081,36,1.0
2081,737,1.0
2081,866,1.0
2081,1635,1.0
2081,2020,1.0
2081,3489,1.0
2081,2210,1.0
2081,2339,1.0
2081,3108,1.0
2081,3809,1.0
2081,3938,1.0
2081,2659,1.0
2081,3044,1.0
2082,1186,1.0
2082,1315,1.0
2082,36,1.0
2082,421,1.0
2082,1890,1.0
2082,611,1.0
2082,996,1.0
2082,1765,1.0
2082,2210,1.0
2082,2339,1.0
2082,3108,1.0
2082,3493,1.0
2082,2914,1.0
2082,3683,1.0
2082,4068,1.0
2082,2789,1.0
2083,1315,1.0
2083,36,1.0
2083,421,1.0
2083,1190,1.0
2083,1635,1.0
2083,2020,1.0
2083,741,1.0
2083,870,1.0
2083,2339,1.0
2083,3108,1.0
2083,3493,1.0
2083,2214,1.0
2083,2659,1.0
2083,3044,1.0
2083,3813,1.0
2083,3942,1.0
2084,36,1.0
2084,421,1.0
2084,1190,1.0
2084,1319,1.0
2084,996,1.0
2084,1765,1.0
2084,1894,1.0
2084,615,1.0
2084,3108,1.0
2084,3493,1.0
2084,2214,1.0
2084,2343,1.0
2084,4068,1.0
2084,2789,1.0
2084,2918,1.0
2084,3687,1.0
2085,421,1.0
2085,1190,1.0
2085,1319,1.0
2085,40,1.0
2085,741,1.0
2085,870,1.0
2085,1639,1.0
2085,2024,1.0
2085,3493,1.0
2085,2214,1.0
2085,2343,1.0
2085,3112,1.0
2085,3813,1.0
2085,3942,1.0
2085,2663,1.0
2085,3048,1.0
2086,1190,1.0
2086,1319,1.0
2086,40,1.0
2086,425,1.0
2086,1894,1.0
2086,615,1.0
2086,1000,1.0
2086,1769,1.0
2086,2214,1.0
2086,2343,1.0
2086,3112,1.0
2086,3497,1.0
2086,2918,1.0
2086,3687,1.0
2086,4072,1.0
2086,2793,1.0
2087,1319,1.0
2087,40,1.0
2087,425,1.0
2087,1194,1.0
2087,1639,1.0
2087,2024,1.0
2087,745,1.0
2087,874,1.0
2087,2343,1.0
2087,3112,1.0
2087,3497,1.0
2087,2218,1.0
2087,2663,1.0
2087,3048,1.0
2087,3817,1.0
2087,3946,1.0
2088,40,1.0
2088,425,1.0
2088,1194,1.0
2088,1323,1.0
2088,1000,1.0
2088,1769,1.0
2088,1898,1.0
2088,619,1.0
2088,3112,1.0
2088,3497,1.0
2088,2218,1.0
2088,2347,1.0
2088,4072,1.0
2088,2793,1.0
2088,2922,1.0
2088,3691,1.0
2089,425,1.0
2089,1194,1.0
2089,1323,1.0
2089,44,1.0
2089,745,1.0
2089,874,1.0
2089,1643,1.0
2089,2028,1.0
2089,3497,1.0
2089,2218,1.0
2089,2347,1.0
2089,3116,1.0
2089,3817,1.0
2089,3946,1.0
2089,2667,1.0
2089,3052,1.0
2090,1194,1.0
2090,1323,1.0
2090,44,1.0
2090,429,1.0
2090,1898,1.0
2090,619,1.0
2090,1004,1.0
2090,1773,1.0
2090,2218,1.0
2090,2347,1.0
2090,3116,1.0
2090,3501,1.0
2090,2922,1.0
2090,3691,1.0
2090,4076,1.0
2090,2797,1.0
2091,1323,1.0
2091,44,1.0
2091,429,1.0
2091,1198,1.0
2091,1643,1.0
2091,2028,1.0
2091,749,1.0
2091,878,1.0
2091,2347,1.0
2091,3116,1.0
2091,3501,1.0
2091,2222,1.0
2091,2667,1.0
2091,3052,1.0
2091,3821,1.0
2091,3950,1.0
2092,44,1.0
2092,429,1.0
2092,1198,1.0
2092,1327,1.0
2092,1004,1.0
2092,1773,1.0
2092,1902,1.0
2092,623,1.0
2092,3116,1.0
2092,3501,1.0
2092,2222,1.0
2092,2351,1.0
2092,4076,1.0
2092,2797,1.0
2092,2926,1.0
2092,3695,1.0
2093,429,1.0
2093,1198,1.0
2093,1327,1.0
2093,48,1.0
2093,749,1.0
2093,878,1.0
2093,1647,1.0
2093,2032,1.0
2093,3501,1.0
2093,2222,1.0
2093,2351,1.0
2093,3120,1.0
2093,3821,1.0
2093,3950,1.0
2093,2671,1.0
2093,3056,1.0
2094,1198,1.0
2094,1327,1.0
2094,48,1.0
2094,433,1.0
2094,1902,1.0
2094,623,1.0
2094,1008,1.0
2094,1777,1.0
2094,2222,1.0
2094,2351,1.0
2094,3120,1.0
2094,3505,1.0
2094,2926,1.0
2094,3695,1.0
2094,4080,1.0
2094,2801,1.0
2095,1327,1.0
2095,48,1.0
2095,433,1.0
2095,1202,1.0
2095,1647,1.0
2095,2032,1.0
2095,753,1.0
2095,882,1.0
2095,2351,1.0
2095,3120,1.0
2095,3505,1.0
2095,2226,1.0
2095,2671,1.0
2095,3056,1.0
2095,3825,1.0
2095,3954,1.0
2096,48,1.0
2096,433,1.0
2096,1202,1.0
2096,1331,1.0
2096,1008,1.0
2096,1777,1.0
2096,1906,1.0
2096,627,1.0
2096,3120,1.0
2096,3505,1.0
2096,2226,1.0
2096,2355,1.0
2096,4080,1.0
2096,2801,1.0
2096,2930,1.0
2096,3699,1.0
2097,433,1.0
2097,1202,1.0
2097,1331,1.0
2097,52,1.0
2097,753,1.0
2097,882,1.0
2097,1651,1.0
2097,2036,1.0
2097,3505,1.0
2097,2226,1.0
2097,2355,1.0
2097,3124,1.0
2097,3825,1.0
2097,3954,1.0
2097,2675,1.0
2097,3060,1.0
2098,1202,1.0
2098,1331,1.0
2098,52,1.0
2098,437,1.0
2098,1906,1.0
2098,627,1.0
2098,1012,1.0
2098,1781,1.0
2098,2226,1.0
2098,2355,1.0
2098,3124,1.0
2098,3509,1.0
2098,2930,1.0
2098,3699,1.0
2098,4084,1.0
2098,2805,1.0
2099,1331,1.0
2099,52,1.0
2099,437,1.0
2099,1206,1.0
2099,1651,1.0
2099,2036,1.0
2099,757,1.0
2099,886,1.0
2099,2355,1.0
2099,3124,1.0
2099,3509,1.0
2099,2230,1.0
2099,2675,1.0
2099,3060,1.0
2099,3829,1.0
2099,3958,1.0
2100,52,1.0
2100,437,1.0
2100,1206,1.0
2100,1335,1.0
2100,1012,1.0
2100,1781,1.0
2100,1910,1.0
2100,631,1.0
2100,3124,1.0
2100,3509,1.0
2100,2230,1.0
2100,2359,1.0
2100,4084,1.0
2100,2805,1.0
2100,2934,1.0
2100,3703,1.0
2101,437,1.0
2101,1206,1.0
2101,1335,1.0
2101,56,1.0
2101,757,1.0
2101,886,1.0
2101,1655,1.0
2101,2040,1.0
2101,3509,1.0
2101,2230,1.0
2101,2359,1.0
2101,3128,1.0
2101,3829,1.0
2101,3958,1.0
2101,2679,1.0
2101,3064,1.0
2102,1206,1.0
2102,1335,1.0
2102,56,1.0
2102,441,1.0
2102,1910,1.0
2102,631,1.0
2102,1016,1.0
2102,1785,1.0
2102,2230,1.0
2102,2359,1.0
2102,3128,1.0
2102,3513,1.0
2102,2934,1.0
2102,3703,1.0
2102,4088,1.0
2102,2809,1.0
2103,1335,1.0
2103,56,1.0
2103,441,1.0
2103,1210,1.0
2103,1655,1.0
2103,2040,1.0
2103,761,1.0
2103,890,1.0
2103,2359,1.0
2103,3128,1.0
2103,3513,1.0
2103,2234,1.0
2103,2679,1.0
2103,3064,1.0
2103,3833,1.0
2103,3962,1.0
2104,56,1.0
2104,441,1.0
2104,1210,1.0
2104,1339,1.0
2104,1016,1.0
2104,1785,1.0
2104,1914,1.0
2104,635,1.0
2104,3128,1.0
2104,3513,1.0
2104,2234,1.0
2104,2363,1.0
2104,4088,1.0
2104,2809,1.0
2104,2938,1.0
2104,3707,1.0
2105,441,1.0
2105,1210,1.0
2105,1339,1.0
2105,60,1.0
2105,761,1.0
2105,890,1.0
2105,1659,1.0
2105,2044,1.0
2105,3513,1.0
2105,2234,1.0
2105,2363,1.0
2105,3132,1.0
2105,3833,1.0
2105,3962,1.0
2105,2683,1.0
2105,3068,1.0
2106,1210,1.0
2106,1339,1.0
2106,60,1.0
2106,445,1.0
2106,1914,1.0
2106,635,1.0
2106,1020,1.0
2106,1789,1.0
2106,2234,1.0
2106,2363,1.0
2106,3132,1.0
2106,3517,1.0
2106,2938,1.0
2106,3707,1.0
2106,4092,1.0
2106,2813,1.0
2107,1339,1.0
2107,60,1.0
2107,445,1.0
2107,1214,1.0
2107,1659,1.0
2107,2044,1.0
2107,765,1.0
2107,894,1.0
2107,2363,1.0
2107,3132,1.0
2107,3517,1.0
2107,2238,1.0
2107,2683,1.0
2107,3068,1.0
2107,3837,1.0
2107,3966,1.0
2108,60,1.0
2108,445,1.0
2108,1214,1.0
2108,1343,1.0
2108,1020,1.0
2108,1789,1.0
2108,1918,1.0
2108,639,1.0
2108,3132,1.0
2108,3517,1.0
2108,2238,1.0
2108,2367,1.0
2108,4092,1.0
2108,2813,1.0
2108,2942,1.0
2108,3711,1.0
2109,445,1.0
2109,1214,1.0
2109,1343,1.0
2109,0,1.0
2109,765,1.0
2109,894,1.0
2109,1663,1.0
2109,1984,1.0
2109,3517,1.0
2109,2238,1.0
2109,2367,1.0
2109,3072,1.0
2109,3837,1.0
2109,3966,1.0
2109,2687,1.0
2109,3008,1.0
2110,1214,1.0
2110,1343,1.0
2110,0,1.0
2110,385,1.0
2110,1918,1.0
2110,639,1.0
2110,960,1.0
2110,1729,1.0
2110,2238,1.0
2110,2367,1.0
2110,3072,1.0
2110,3457,1.0
2110,2942,1.0
2110,3711,1.0
2110,4032,1.0
2110,2753,1.0
2111,1343,1.0
2111,0,1.0
2111,385,1.0
2111,1154,1.0
2111,1663,1.0
2111,1984,1.0
2111,705,1.0
2111,834,1.0
2111,2367,1.0
2111,3072,1.0
2111,3457,1.0
2111,2178,1.0
2111,2687,1.0
2111,3008,1.0
2111,3777,1.0
2111,3906,1.0
2112,0,1.0
2112,385,1.0
2112,1154,1.0
2112,1283,1.0
2112,960,1.0
2112,1729,1.0
2112,1858,1.0
2112,579,1.0
2112,3072,1.0
2112,3457,1.0
2112,2178,1.0
2112,2307,1.0
2112,4032,1.0
2112,2753,1.0
2112,2882,1.0
2112,3651,1.0
2113,385,1.0
2113,1154,1.0
2113,1283,1.0
2113,4,1.0
2113,705,1.0
2113,834,1.0
2113,1603,1.0
2113,1988,1.0
2113,3457,1.0
2113,2178,1.0
2113,2307,1.0
2113,3076,1.0
2113,3777,1.0
2113,3906,1.0
2113,2627,1.0
2113,3012,1.0
2114,1154,1.0
2114,1283,1.0
2114,4,1.0
2114,389,1.0
2114,1858,1.0
2114,579,1.0
2114,964,1.0
2114,1733,1.0
2114,2178,1.0
2114,2307,1.0
2114,3076,1.0
2114,3461,1.0
2114,2882,1.0
2114,3651,1.0
2114,4036,1.0
2114,2757,1.0
2115,1283,1.0
2115,4,1.0
2115,389,1.0
2115,1158,1.0
2115,1603,1.0
2115,1988,1.0
2115,709,1.0
2115,838,1.0
2115,2307,1.0
2115,3076,1.0
2115,3461,1.0
2115,2182,1.0
2115,2627,1.0
2115,3012,1.0
2115,3781,1.0
2115,3910,1.0
2116,4,1.0
2116,389,1.0
2116,1158,1.0
2116,1287,1.0
2116,964,1.0
2116,1733,1.0
2116,1862,1.0
2116,583,1.0
2116,3076,1.0
2116,3461,1.0
2116,2182,1.0
2116,2311,1.0
2116,4036,1.0
2116,2757,1.0
2116,2886,1.0
2116,3655,1.0
2117,389,1.0
2117,1158,1.0
2117,1287,1.0
2117,8,1.0
2117,709,1.0
2117,838,1.0
2117,1607,1.0
2117,1992,1.0
2117,3461,1.0
2117,2182,1.0
2117,2311,1.0
2117,3080,1.0
2117,3781,1.0
2117,3910,1.0
2117,2631,1.0
2117,3016,1.0
2118,1158,1.0
2118,1287,1.0
2118,8,1.0
2118,393,1.0
2118,1862,1.0
2118,583,1.0
2118,968,1.0
2118,1737,1.0
2118,2182,1.0
2118,2311,1.0
2118,3080,1.0
2118,3465,1.0
2118,2886,1.0
2118,3655,1.0
2118,4040,1.0
2118,2761,1.0
2119,1287,1.0
2119,8,1.0
2119,393,1.0
2119,1162,1.0
2119,1607,1.0
2119,1992,1.0
2119,713,1.0
2119,842,1.0
2119,2311,1.0
2119,3080,1.0
2119,3465,1.0
2119,2186,1.0
2119,2631,1.0
2119,3016,1.0
2119,3785,1.0
2119,3914,1.0
2120,8,1.0
2120,393,1.0
2120,1162,1.0
2120,1291,1.0
2120,968,1.0
2120,1737,1.0
2120,1866,1.0
2120,587,1.0
2120,3080,1.0
2120,3465,1.0
2120,2186,1.0
2120,2315,1.0
2120,4040,1.0
2120,2761,1.0
2120,2890,1.0
2120,3659,1.0
2121,393,1.0
2121,1162,1.0
2121,1291,1.0
2121,12,1.0
2121,713,1.0
2121,842,1.0
2121,1611,1.0
2121,1996,1.0
2121,3465,1.0
2121,2186,1.0
2121,2315,1.0
2121,3084,1.0
2121,3785,1.0
2121,3914,1.0
2121,2635,1.0
2121,3020,1.0
2122,1162,1.0
2122,1291,1.0
2122,12,1.0
2122,397,1.0
2122,1866,1.0
2122,587,1.0
2122,972,1.0
2122,1741,1.0
2122,2186,1.0
2122,2315,1.0
2122,3084,1.0
2122,3469,1.0
2122,2890,1.0
2122,3659,1.0
2122,4044,1.0
2122,2765,1.0
2123,1291,1.0
2123,12,1.0
2123,397,1.0
2123,1166,1.0
2123,1611,1.0
2123,1996,1.0
2123,717,1.0
2123,846,1.0
2123,2315,1.0
2123,3084,1.0
2123,3469,1.0
2123,2190,1.0
2123,2635,1.0
2123,3020,1.0
2123,3789,1.0
2123,3918,1.0
2124,12,1.0
2124,397,1.0
2124,1166,1.0
2124,1295,1.0
2124,972,1.0
2124,1741,1.0
2124,1870,1.0
2124,591,1.0
2124,3084,1.0
2124,3469,1.0
2124,2190,1.0
2124,2319,1.0
2124,4044,1.0
2124,2765,1.0
2124,2894,1.0
2124,3663,1.0
2125,397,1.0
2125,1166,1.0
2125,1295,1.0
2125,16,1.0
2125,717,1.0
2125,846,1.0
2125,1615,1.0
2125,2000,1.0
2125,3469,1.0
2125,2190,1.0
2125,2319,1.0
2125,3088,1.0
2125,3789,1.0
2125,3918,1.0
2125,2639,1.0
2125,3024,1.0
2126,1166,1.0
2126,1295,1.0
2126,16,1.0
2126,401,1.0
2126,1870,1.0
2126,591,1.0
2126,976,1.0
2126,1745,1.0
2126,2190,1.0
2126,2319,1.0
2126,3088,1.0
2126,3473,1.0
2126,2894,1.0
2126,3663,1.0
2126,4048,1.0
2126,2769,1.0
2127,1295,1.0
2127,16,1.0
2127,401,1.0
2127,1170,1.0
2127,1615,1.0
2127,2000,1.0
2127,721,1.0
2127,850,1.0
2127,2319,1.0
2127,3088,1.0
2127,3473,1.0
2127,2194,1.0
2127,2639,1.0
2127,3024,1.0
2127,3793,1.0
2127,3922,1.0
2128,16,1.0
2128,401,1.0
2128,1170,1.0
2128,1299,1.0
2128,976,1.0
2128,1745,1.0
2128,1874,1.0
2128,595,1.0
2128,3088,1.0
2128,3473,1.0
2128,2194,1.0
2128,2323,1.0
2128,4048,1.0
2128,2769,1.0
2128,2898,1.0
2128,3667,1.0
2129,401,1.0
2129,1170,1.0
2129,1299,1.0
2129,20,1.0
2129,721,1.0
2129,850,1.0
2129,1619,1.0
2129,2004,1.0
2129,3473,1.0
2129,2194,1.0
2129,2323,1.0
2129,3092,1.0
2129,3793,1.0
2129,3922,1.0
2129,2643,1.0
2129,3028,1.0
2130,1170,1.0
2130,1299,1.0
2130,20,1.0
2130,405,1.0
2130,1874,1.0
2130,595,1.0
2130,980,1.0
2130,1749,1.0
2130,2194,1.0
2130,2323,1.0
2130,3092,1.0
2130,3477,1.0
2130,2898,1.0
2130,3667,1.0
2130,4052,1.0
2130,2773,1.0
2131,1299,1.0
2131,20,1.0
2131,405,1.0
2131,1174,1.0
2131,1619,1.0
2131,2004,1.0
2131,725,1.0
2131,854,1.0
2131,2323,1.0
2131,3092,1.0
2131,3477,1.0
2131,2198,1.0
2131,2643,1.0
2131,3028,1.0
2131,3797,1.0
2131,3926,1.0
2132,20,1.0
2132,405,1.0
2132,1174,1.0
2132,1303,1.0
2132,980,1.0
2132,1749,1.0
2132,1878,1.0
2132,599,1.0
2132,3092,1.0
2132,3477,1.0
2132,2198,1.0
2132,2327,1.0
2132,4052,1.0
2132,2773,1.0
2132,2902,1.0
2132,3671,1.0
2133,405,1.0
2133,1174,1.0
2133,1303,1.0
2133,24,1.0
2133,725,1.0
2133,854,1.0
2133,1623,1.0
2133,2008,1.0
2133,3477,1.0
2133,2198,1.0
2133,2327,1.0
2133,3096,1.0
2133,3797,1.0
2133,3926,1.0
2133,2647,1.0
2133,3032,1.0
2134,1174,1.0
2134,1303,1.0
2134,24,1.0
2134,409,1.0
2134,1878,1.0
2134,599,1.0
2134,984,1.0
2134,1753,1.0
2134,2198,1.0
2134,2327,1.0
2134,3096,1.0
2134,3481,1.0
2134,2902,1.0
2134,3671,1.0
2134,4056,1.0
2134,2777,1.0
2135,1303,1.0
2135,24,1.0
2135,409,1.0
2135,1178,1.0
2135,1623,1.0
2135,2008,1.0
2135,729,1.0
2135,858,1.0
2135,2327,1.0
2135,3096,1.0
2135,3481,1.0
2135,2202,1.0
2135,2647,1.0
2135,3032,1.0
2135,3801,1.0
2135,3930,1.0
2136,24,1.0
2136,409,1.0
2136,1178,1.0
2136,1307,1.0
2136,984,1.0
2136,1753,1.0
2136,1882,1.0
2136,603,1.0
2136,3096,1.0
2136,3481,1.0
2136,2202,1.0
2136,2331,1.0
2136,4056,1.0
2136,2777,1.0
2136,2906,1.0
2136,3675,1.0
2137,409,1.0
2137,1178,1.0
2137,1307,1.0
2137,28,1.0
2137,729,1.0
2137,858,1.0
2137,1627,1.0
2137,2012,1.0
2137,3481,1.0
2137,2202,1.0
2137,2331,1.0
2137,3100,1.0
2137,3801,1.0
2137,3930,1.0
2137,2651,1.0
2137,3036,1.0
2138,1178,1.0
2138,1307,1.0
2138,28,1.0
2138,413,1.0
2138,1882,1.0
2138,603,1.0
2138,988,1.0
2138,1757,1.0
2138,2202,1.0
2138,2331,1.0
2138,3100,1.0
2138,3485,1.0
2138,2906,1.0
2138,3675,1.0
2138,4060,1.0
2138,2781,1.0
2139,1307,1.0
2139,28,1.0
2139,413,1.0
2139,1182,1.0
2139,1627,1.0
2139,2012,1.0
2139,733,1.0
2139,862,1.0
2139,2331,1.0
2139,3100,1.0
2139,3485,1.0
2139,2206,1.0
2139,2651,1.0
2139,3036,1.0
2139,3805,1.0
2139,3934,1.0
2140,28,1.0
2140,413,1.0
2140,1182,1.0
2140,1311,1.0
2140,988,1.0
2140,1757,1.0
2140,1886,1.0
2140,607,1.0
2140,3100,1.0
2140,3485,1.0
2140,2206,1.0
2140,2335,1.0
2140,4060,1.0
2140,2781,1.0
2140,2910,1.0
2140,3679,1.0
2141,413,1.0
2141,1182,1.0
2141,1311,1.0
2141,32,1.0
2141,733,1.0
2141,862,1.0
2141,1631,1.0
2141,2016,1.0
2141,3485,1.0
2141,2206,1.0
2141,2335,1.0
2141,3104,1.0
2141,3805,1.0
2141,3934,1.0
2141,2655,1.0
2141,3040,1.0
2142,1182,1.0
2142,1311,1.0
2142,32,1.0
2142,417,1.0
2142,1886,1.0
2142,607,1.0
2142,992,1.0
2142,1761,1.0
2142,2206,1.0
2142,2335,1.0
2142,3104,1.0
2142,3489,1.0
2142,2910,1.0
2142,3679,1.0
2142,4064,1.0
2142,2785,1.0
2143,1311,1.0
2143,32,1.0
2143,417,1.0
2143,1186,1.0
2143,1631,1.0
2143,2016,1.0
2143,737,1.0
2143,866,1.0
2143,2335,1.0
2143,3104,1.0
2143,3489,1.0
2143,2210,1.0
2143,2655,1.0
2143,3040,1.0
2143,3809,1.0
2143,3938,1.0
2144,32,1.0
2144,417,1.0
2144,1186,1.0
2144,1315,1.0
2144,992,1.0
2144,1761,1.0
2144,1890,1.0
2144,611,1.0
2144,3104,1.0
2144,3489,1.0
2144,2210,1.0
2144,2339,1.0
2144,4064,1.0
2144,2785,1.0
2144,2914,1.0
2144,3683,1.0
2145,417,1.0
2145,1186,1.0
2145,1315,1.0
2145,36,1.0
2145,737,1.0
2145,866,1.0
2145,1635,1.0
2145,2020,1.0
2145,3489,1.0
2145,2210,1.0
2145,2339,1.0
2145,3108,1.0
2145,3809,1.0
2145,3938,1.0
2145,2659,1.0
2145,3044,1.0
2146,1186,1.0
2146,1315,1.0
2146,36,1.0
2146,421,1.0
2146,1890,1.0
2146,611,1.0
2146,996,1.0
2146,1765,1.0
2146,2210,1.0
2146,2339,1.0
2146,3108,1.0
2146,3493,1.0
2146,2914,1.0
2146,3683,1.0
2146,4068,1.0
2146,2789,1.0
2147,1315,1.0
2147,36,1.0
2147,421,1.0
2147,1190,1.0
2147,1635,1.0
2147,2020,1.0
2147,741,1.0
2147,870,1.0
2147,2339,1.0
2147,3108,1.0
2147,3493,1.0
2147,2214,1.0
2147,2659,1.0
2147,3044,1.0
2147,3813,1.0
2147,3942,1.0
2148,36,1.0
2148,421,1.0
2148,1190,1.0
2148,1319,1.0
2148,996,1.0
2148,1765,1.0
2148,1894,1.0
2148,615,1.0
2148,3108,1.0
2148,3493,1.0
2148,2214,1.0
2148,2343,1.0
2148,4068,1.0
2148,2789,1.0
2148,2918,1.0
2148,3687,1.0
2149,421,1.0
2149,1190,1.0
2149,1319,1.0
2149,40,1.0
2149,741,1.0
2149,870,1.0
2149,1639,1.0
2149,2024,1.0
2149,3493,1.0
2149,2214,1.0
2149,2343,1.0
2149,3112,1.0
2149,3813,1.0
2149,3942,1.0
2149,2663,1.0
2149,3048,1.0
2150,1190,1.0
2150,1319,1.0
2150,40,1.0
2150,425,1.0
2150,1894,1.0
2150,615,1.0
2150,1000,1.0
2150,1769,1.0
2150,2214,1.0
2150,2343,1.0
2150,3112,1.0
2150,3497,1.0
2150,2918,1.0
2150,3687,1.0
2150,4072,1.0
2150,2793,1.0
2151,1319,1.0
2151,40,1.0
2151,425,1.0
2151,1194,1.0
2151,1639,1.0
2151,2024,1.0
2151,745,1.0
2151,874,1.0
2151,2343,1.0
2151,3112,1.0
2151,3497,1.0
2151,2218,1.0
2151,2663,1.0
2151,3048,1.0
2151,3817,1.0
2151,3946,1.0
2152,40,1.0
2152,425,1.0
2152,1194,1.0
2152,1323,1.0
2152,1000,1.0
2152,1769,1.0
2152,1898,1.0
2152,619,1.0
2152,3112,1.0
2152,3497,1.0
2152,2218,1.0
2152,2347,1.0
2152,4072,1.0
2152,2793,1.0
2152,2922,1.0
2152,3691,1.0
2153,425,1.0
2153,1194,1.0
2153,1323,1.0
2153,44,1.0
2153,745,1.0
2153,874,1.0
2153,1643,1.0
2153,2028,1.0
2153,3497,1.0
2153,2218,1.0
2153,2347,1.0
2153,3116,1.0
2153,3817,1.0
2153,3946,1.0
2153,2667,1.0
2153,3052,1.0
2154,1194,1.0
2154,1323,1.0
2154,44,1.0
2154,429,1.0
2154,1898,1.0
2154,619,1.0
2154,1004,1.0
2154,1773,1.0
2154,2218,1.0
2154,2347,1.0
2154,3116,1.0
2154,3501,1.0
2154,2922,1.0
2154,3691,1.0
2154,4076,1.0
2154,2797,1.0
2155,1323,1.0
2155,44,1.0
2155,429,1.0
2155,1198,1.0
2155,1643,1.0
2155,2028,1.0
2155,749,1.0
2155,878,1.0
2155,2347,1.0
2155,3116,1.0
2155,3501,1.0
2155,2222,1.0
2155,2667,1.0
2155,3052,1.0
2155,3821,1.0
2155,3950,1.0
2156,44,1.0
2156,429,1.0
2156,1198,1.0
2156,1327,1.0
2156,1004,1.0
2156,1773,1.0
2156,1902,1.0
2156,623,1.0
2156,3116,1.0
2156,3501,1.0
2156,2222,1.0
2156,2351,1.0
2156,4076,1.0
2156,2797,1.0
2156,2926,1.0
2156,3695,1.0
2157,429,1.0
2157,1198,1.0
2157,1327,1.0
2157,48,1.0
2157,749,1.0
2157,878,1.0
2157,1647,1.0
2157,2032,1.0
2157,3501,1.0
2157,2222,1.0
2157,2351,1.0
2157,3120,1.0
2157,3821,1.0
2157,3950,1.0
2157,2671,1.0
2157,3056,1.0
2158,1198,1.0
2158,1327,1.0
2158,48,1.0
2158,433,1.0
2158,1902,1.0
2158,623,1.0
2158,1008,1.0
2158,1777,1.0
2158,2222,1.0
2158,2351,1.0
2158,3120,1.0
2158,3505,1.0
2158,2926,1.0
2158,3695,1.0
2158,4080,1.0
2158,2801,1.0
2159,1327,1.0
2159,48,1.0
2159,433,1.0
2159,1202,1.0
2159,1647,1.0
2159,2032,1.0
2159,753,1.0
2159,882,1.0
2159,2351,1.0
2159,3120,1.0
2159,3505,1.0
2159,2226,1.0
2159,2671,1.0
2159,3056,1.0
2159,3825,1.0
2159,3954,1.0
2160,48,1.0
2160,433,1.0
2160,1202,1.0
2160,1331,1.0
2160,1008,1.0
2160,1777,1.0
2160,1906,1.0
2160,627,1.0
2160,3120,1.0
2160,3505,1.0
2160,2226,1.0
2160,2355,1.0
2160,4080,1.0
2160,2801,1.0
2160,2930,1.0
2160,3699,1.0
2161,433,1.0
2161,1202,1.0
2161,1331,1.0
2161,52,1.0
2161,753,1.0
2161,882,1.0
2161,1651,1.0
2161,2036,1.0
2161,3505,1.0
2161,2226,1.0
2161,2355,1.0
2161,3124,1.0
2161,3825,1.0
2161,3954,1.0
2161,2675,1.0
2161,3060,1.0
2162,1202,1.0
2162,1331,1.0
2162,52,1.0
2162,437,1.0
2162,1906,1.0
2162,627,1.0
2162,1012,1.0
2162,1781,1.0
2162,2226,1.0
2162,2355,1.0
2162,3124,1.0
2162,3509,1.0
2162,2930,1.0
2162,3699,1.0
2162,4084,1.0
2162,2805,1.0
2163,1331,1.0
2163,52,1.0
2163,437,1.0
2163,1206,1.0
2163,1651,1.0
2163,2036,1.0
2163,757,1.0
2163,886,1.0
2163,2355,1.0
2163,3124,1.0
2163,3509,1.0
2163,2230,1.0
2163,2675,1.0
2163,3060,1.0
2163,3829,1.0
2163,3958,1.0
2164,52,1.0
2164,437,1.0
2164,1206,1.0
2164,1335,1.0
2164,1012,1.0
2164,1781,1.0
2164,1910,1.0
2164,631,1.0
2164,3124,1.0
2164,3509,1.0
2164,2230,1.0
2164,2359,1.0
2164,4084,1.0
2164,2805,1.0
2164,2934,1.0
2164,3703,1.0
2165,437,1.0
2165,1206,1.0
2165,1335,1.0
2165,56,1.0
2165,757,1.0
2165,886,1.0
2165,1655,1.0
2165,2040,1.0
2165,3509,1.0
2165,2230,1.0
2165,2359,1.0
2165,3128,1.0
2165,3829,1.0
2165,3958,1.0
2165,2679,1.0
2165,3064,1.0
2166,1206,1.0
2166,1335,1.0
2166,56,1.0
2166,441,1.0
2166,1910,1.0
2166,631,1.0
2166,1016,1.0
2166,1785,1.0
2166,2230,1.0
2166,2359,1.0
2166,3128,1.0
2166,3513,1.0
2166,2934,1.0
2166,3703,1.0
2166,4088,1.0
2166,2809,1.0
2167,1335,1.0
2167,56,1.0
2167,441,1.0
2167,1210,1.0
2167,1655,1.0
2167,2040,1.0
2167,761,1.0
2167,890,1.0
2167,2359,1.0
2167,3128,1.0
2167,3513,1.0
2167,2234,1.0
2167,2679,1.0
2167,3064,1.0
2167,3833,1.0
2167,3962,1.0
2168,56,1.0
2168,441,1.0
2168,1210,1.0
2168,1339,1.0
2168,1016,1.0
2168,1785,1.0
2168,1914,1.0
2168,635,1.0
2168,3128,1.0
2168,3513,1.0
2168,2234,1.0
2168,2363,1.0
2168,4088,1.0
2168,2809,1.0
2168,2938,1.0
2168,3707,1.0
2169,441,1.0
2169,1210,1.0
2169,1339,1.0
2169,60,1.0
2169,761,1.0
2169,890,1.0
2169,1659,1.0
2169,2044,1.0
2169,3513,1.0
2169,2234,1.0
2169,2363,1.0
2169,3132,1.0
2169,3833,1.0
2169,3962,1.0
2169,2683,1.0
2169,3068,1.0
2170,1210,1.0
2170,1339,1.0
2170,60,1.0
2170,445,1.0
2170,1914,1.0
2170,635,1.0
2170,1020,1.0
2170,1789,1.0
2170,2234,1.0
2170,2363,1.0
2170,3132,1.0
2170,3517,1.0
2170,2938,1.0
2170,3707,1.0
2170,4092,1.0
2170,2813,1.0
2171,1339,1.0
2171,60,1.0
2171,445,1.0
2171,1214,1.0
2171,1659,1.0
2171,2044,1.0
2171,765,1.0
2171,894,1.0
2171,2363,1.0
2171,3132,1.0
2171,3517,1.0
2171,2238,1.0
2171,2683,1.0
2171,3068,1.0
2171,3837,1.0
2171,3966,1.0
2172,60,1.0
2172,445,1.0
2172,1214,1.0
2172,1343,1.0
2172,1020,1.0
2172,1789,1.0
2172,1918,1.0
2172,639,1.0
2172,3132,1.0
2172,3517,1.0
2172,2238,1.0
2172,2367,1.0
2172,4092,1.0
2172,2813,1.0
2172,2942,1.0
2172,3711,1.0
2173,445,1.0
2173,1214,1.0
2173,1343,1.0
2173,0,1.0
2173,765,1.0
2173,894,1.0
2173,1663,1.0
2173,1984,1.0
2173,3517,1.0
2173,2238,1.0
2173,2367,1.0
2173,3072,1.0
2173,3837,1.0
2173,3966,1.0
2173,2687,1.0
2173,3008,1.0
2174,1214,1.0
2174,1343,1.0
2174,0,1.0
2174,385,1.0
2174,1918,1.0
2174,639,1.0
2174,960,1.0
2174,1729,1.0
2174,2238,1.0
2174,2367,1.0
2174,3072,1.0
2174,3457,1.0
2174,2942,1.0
2174,3711,1.0
2174,4032,1.0
2174,2753,1.0
2175,1343,1.0
2175,0,1.0
2175,385,1.0
2175,1154,1.0
2175,1663,1.0
2175,1984,1.0
2175,705,1.0
2175,834,1.0
2175,2367,1.0
2175,3072,1.0
2175,3457,1.0
2175,2178,1.0
2175,2687,1.0
2175,3008,1.0
2175,3777,1.0
2175,3906,1.0
2176,0,1.0
2176,385,1.0
2176,1154,1.0
2176,1283,1.0
2176,960,1.0
2176,1729,1.0
2176,1858,1.0
2176,579,1.0
2176,3072,1.0
2176,3457,1.0
2176,2178,1.0
2176,2307,1.0
2176,4032,1.0
2176,2753,1.0
2176,2882,1.0
2176,3651,1.0
2177,385,1.0
2177,1154,1.0
2177,1283,1.0
2177,4,1.0
2177,705,1.0
2177,834,1.0
2177,1603,1.0
2177,1988,1.0
2177,3457,1.0
2177,2178,1.0
2177,2307,1.0
2177,3076,1.0
2177,3777,1.0
2177,3906,1.0
2177,2627,1.0
2177,3012,1.0
2178,1154,1.0
2178,1283,1.0
2178,4,1.0
2178,389,1.0
2178,1858,1.0
2178,579,1.0
2178,964,1.0
2178,1733,1.0
2178,2178,1.0
2178,2307,1.0
2178,3076,1.0
2178,3461,1.0
2178,2882,1.0
2178,3651,1.0
2178,4036,1.0
2178,2757,1.0
2179,1283,1.0
2179,4,1.0
2179,389,1.0
2179,1158,1.0
2179,1603,1.0
2179,1988,1.0
2179,709,1.0
2179,838,1.0
2179,2307,1.0
2179,3076,1.0
2179,3461,1.0
2179,2182,1.0
2179,2627,1.0
2179,3012,1.0
2179,3781,1.0
2179,3910,1.0
2180,4,1.0
2180,389,1.0
2180,1158,1.0
2180,1287,1.0
2180,964,1.0
2180,1733,1.0
2180,1862,1.0
2180,583,1.0
2180,3076,1.0
2180,3461,1.0
2180,2182,1.0
2180,2311,1.0
2180,4036,1.0
2180,2757,1.0
2180,2886,1.0
2180,3655,1.0
2181,389,1.0
2181,1158,1.0
2181,1287,1.0
2181,8,1.0
2181,709,1.0
2181,838,1.0
2181,1607,1.0
2181,1992,1.0
2181,3461,1.0
2181,2182,1.0
2181,2311,1.0
2181,3080,1.0
2181,3781,1.0
2181,3910,1.0
2181,2631,1.0
2181,3016,1.0
2182,1158,1.0
2182,1287,1.0
2182,8,1.0
2182,393,1.0
2182,1862,1.0
2182,583,1.0
2182,968,1.0
2182,1737,1.0
2182,2182,1.0
2182,2311,1.0
2182,3080,1.0
2182,3465,1.0
2182,2886,1.0
2182,3655,1.0
2182,4040,1.0
2182,2761,1.0
2183,1287,1.0
2183,8,1.0
2183,393,1.0
2183,1162,1.0
2183,1607,1.0
2183,1992,1.0
2183,713,1.0
2183,842,1.0
2183,2311,1.0
2183,3080,1.0
2183,3465,1.0
2183,2186,1.0
2183,2631,1.0
2183,3016,1.0
2183,3785,1.0
2183,3914,1.0
2184,8,1.0
2184,393,1.0
2184,1162,1.0
2184,1291,1.0
2184,968,1.0
2184,1737,1.0
2184,1866,1.0
2184,587,1.0
2184,3080,1.0
2184,3465,1.0
2184,2186,1.0
2184,2315,1.0
2184,4040,1.0
2184,2761,1.0
2184,2890,1.0
2184,3659,1.0
2185,393,1.0
2185,1162,1.0
2185,1291,1.0
2185,12,1.0
2185,713,1.0
2185,842,1.0
2185,1611,1.0
2185,1996,1.0
2185,3465,1.0
2185,2186,1.0
2185,2315,1.0
2185,3084,1.0
2185,3785,1.0
2185,3914,1.0
2185,2635,1.0
2185,3020,1.0
2186,1162,1.0
2186,1291,1.0
2186,12,1.0
2186,397,1.0
2186,1866,1.0
2186,587,1.0
2186,972,1.0
2186,1741,1.0
2186,2186,1.0
2186,2315,1.0
2186,3084,1.0
2186,3469,1.0
2186,2890,1.0
2186,3659,1.0
2186,4044,1.0
2186,2765,1.0
2187,1291,1.0
2187,12,1.0
2187,397,1.0
2187,1166,1.0
2187,1611,1.0
2187,1996,1.0
2187,717,1.0
2187,846,1.0
2187,2315,1.0
2187,3084,1.0
2187,3469,1.0
2187,2190,1.0
2187,2635,1.0
2187,3020,1.0
2187,3789,1.0
2187,3918,1.0
2188,12,1.0
2188,397,1.0
2188,1166,1.0
2188,1295,1.0
2188,972,1.0
2188,1741,1.0
2188,1870,1.0
2188,591,1.0
2188,3084,1.0
2188,3469,1.0
2188,2190,1.0
2188,2319,1.0
2188,4044,1.0
2188,2765,1.0
2188,2894,1.0
2188,3663,1.0
2189,397,1.0
2189,1166,1.0
2189,1295,1.0
2189,16,1.0
2189,717,1.0
2189,846,1.0
2189,1615,1.0
2189,2000,1.0
2189,3469,1.0
2189,2190,1.0
2189,2319,1.0
2189,3088,1.0
2189,3789,1.0
2189,3918,1.0
2189,2639,1.0
2189,3024,1.0
2190,1166,1.0
2190,1295,1.0
2190,16,1.0
2190,401,1.0
2190,1870,1.0
2190,591,1.0
2190,976,1.0
2190,1745,1.0
2190,2190,1.0
2190,2319,1.0
2190,3088,1.0
2190,3473,1.0
2190,2894,1.0
2190,3663,1.0
2190,4048,1.0
2190,2769,1.0
2191,1295,1.0
2191,16,1.0
2191,401,1.0
2191,1170,1.0
2191,1615,1.0
2191,2000,1.0
2191,721,1.0
2191,850,1.0
2191,2319,1.0
2191,3088,1.0
2191,3473,1.0
2191,2194,1.0
2191,2639,1.0
2191,3024,1.0
2191,3793,1.0
2191,3922,1.0
2192,16,1.0
2192,401,1.0
2192,1170,1.0
2192,1299,1.0
2192,976,1.0
2192,1745,1.0
2192,1874,1.0
2192,595,1.0
2192,3088,1.0
2192,3473,1.0
2192,2194,1.0
2192,2323,1.0
2192,4048,1.0
2192,2769,1.0
2192,2898,1.0
2192,3667,1.0
2193,401,1.0
2193,1170,1.0
2193,1299,1.0
2193,20,1.0
2193,721,1.0
2193,850,1.0
2193,1619,1.0
2193,2004,1.0
2193,3473,1.0
2193,2194,1.0
2193,2323,1.0
2193,3092,1.0
2193,3793,1.0
2193,3922,1.0
2193,2643,1.0
2193,3028,1.0
2194,1170,1.0
2194,1299,1.0
2194,20,1.0
2194,405,1.0
2194,1874,1.0
2194,595,1.0
2194,980,1.0
2194,1749,1.0
2194,2194,1.0
2194,2323,1.0
2194,3092,1.0
2194,3477,1.0
2194,2898,1.0
2194,3667,1.0
2194,4052,1.0
2194,2773,1.0
2195,1299,1.0
2195,20,1.0
2195,405,1.0
2195,1174,1.0
2195,1619,1.0
2195,2004,1.0
2195,725,1.0
2195,854,1.0
2195,2323,1.0
2195,3092,1.0
2195,3477,1.0
2195,2198,1.0
2195,2643,1.0
2195,3028,1.0
2195,3797,1.0
2195,3926,1.0
2196,20,1.0
2196,405,1.0
2196,1174,1.0
2196,1303,1.0
2196,980,1.0
2196,1749,1.0
2196,1878,1.0
2196,599,1.0
2196,3092,1.0
2196,3477,1.0
2196,2198,1.0
2196,2327,1.0
2196,4052,1.0
2196,2773,1.0
2196,2902,1.0
2196,3671,1.0
2197,405,1.0
2197,1174,1.0
2197,1303,1.0
2197,24,1.0
2197,725,1.0
2197,854,1.0
2197,1623,1.0
2197,2008,1.0
2197,3477,1.0
2197,2198,1.0
2197,2327,1.0
2197,3096,1.0
2197,3797,1.0
2197,3926,1.0
2197,2647,1.0
2197,3032,1.0
2198,1174,1.0
2198,1303,1.0
2198,24,1.0
2198,409,1.0
2198,1878,1.0
2198,599,1.0
2198,984,1.0
2198,1753,1.0
2198,2198,1.0
2198,2327,1.0
2198,3096,1.0
2198,3481,1.0
2198,2902,1.0
2198,3671,1.0
2198,4056,1.0
2198,2777,1.0
2199,1303,1.0
2199,24,1.0
2199,409,1.0
2199,1178,1.0
2199,1623,1.0
2199,2008,1.0
2199,729,1.0
2199,858,1.0
2199,2327,1.0
2199,3096,1.0
2199,3481,1.0
2199,2202,1.0
2199,2647,1.0
2199,3032,1.0
2199,3801,1.0
2199,3930,1.0
2200,24,1.0
2200,409,1.0
2200,1178,1.0
2200,1307,1.0
2200,984,1.0
2200,1753,1.0
2200,1882,1.0
2200,603,1.0
2200,3096,1.0
2200,3481,1.0
2200,2202,1.0
2200,2331,1.0
2200,4056,1.0
2200,2777,1.0
2200,2906,1.0
2200,3675,1.0
2201,409,1.0
2201,1178,1.0
2201,1307,1.0
2201,28,1.0
2201,729,1.0
2201,858,1.0
2201,1627,1.0
2201,2012,1.0
2201,3481,1.0
2201,2202,1.0
2201,2331,1.0
2201,3100,1.0
2201,3801,1.0
2201,3930,1.0
2201,2651,1.0
2201,3036,1.0
2202,1178,1.0
2202,1307,1.0
2202,28,1.0
2202,413,1.0
2202,1882,1.0
2202,603,1.0
2202,988,1.0
2202,1757,1.0
2202,2202,1.0
2202,2331,1.0
2202,3100,1.0
2202,3485,1.0
2202,2906,1.0
2202,3675,1.0
2202,4060,1.0
2202,2781,1.0
2203,1307,1.0
2203,28,1.0
2203,413,1.0
2203,1182,1.0
2203,1627,1.0
2203,2012,1.0
2203,733,1.0
2203,862,1.0
2203,2331,1.0
2203,3100,1.0
2203,3485,1.0
2203,2206,1.0
2203,2651,1.0
2203,3036,1.0
2203,3805,1.0
2203,3934,1.0
2204,28,1.0
2204,413,1.0
2204,1182,1.0
2204,1311,1.0
2204,988,1.0
2204,1757,1.0
2204,1886,1.0
2204,607,1.0
2204,3100,1.0
2204,3485,1.0
2204,2206,1.0
2204,2335,1.0
2204,4060,1.0
2204,2781,1.0
2204,2910,1.0
2204,3679,1.0
2205,413,1.0
2205,1182,1.0
2205,1311,1.0
2205,32,1.0
2205,733,1.0
2205,862,1.0
2205,1631,1.0
2205,2016,1.0
2205,3485,1.0
2205,2206,1.0
2205,2335,1.0
2205,3104,1.0
2205,3805,1.0
2205,3934,1.0
2205,2655,1.0
2205,3040,1.0
2206,1182,1.0
2206,1311,1.0
2206,32,1.0
2206,417,1.0
2206,1886,1.0
2206,607,1.0
2206,992,1.0
2206,1761,1.0
2206,2206,1.0
2206,2335,1.0
2206,3104,1.0
2206,3489,1.0
2206,2910,1.0
2206,3679,1.0
2206,4064,1.0
2206,2785,1.0
2207,1311,1.0
2207,32,1.0
2207,417,1.0
2207,1186,1.0
2207,1631,1.0
2207,2016,1.0
2207,737,1.0
2207,866,1.0
2207,2335,1.0
2207,3104,1.0
2207,3489,1.0
2207,2210,1.0
2207,2655,1.0
2207,3040,1.0
2207,3809,1.0
2207,3938,1.0
2208,32,1.0
2208,417,1.0
2208,1186,1.0
2208,1315,1.0
2208,992,1.0
2208,1761,1.0
2208,1890,1.0
2208,611,1.0
2208,3104,1.0
2208,3489,1.0
2208,2210,1.0
2208,2339,1.0
2208,4064,1.0
2208,2785,1.0
2208,2914,1.0
2208,3683,1.0
2209,417,1.0
2209,1186,1.0
2209,1315,1.0
2209,36,1.0
2209,737,1.0
2209,866,1.0
2209,1635,1.0
2209,2020,1.0
2209,3489,1.0
2209,2210,1.0
2209,2339,1.0
2209,3108,1.0
2209,3809,1.0
2209,3938,1.0
2209,2659,1.0
2209,3044,1.0
2210,1186,1.0
2210,1315,1.0
2210,36,1.0
2210,421,1.0
2210,1890,1.0
2210,611,1.0
2210,996,1.0
2210,1765,1.0
2210,2210,1.0
2210,2339,1.0
2210,3108,1.0
2210,3493,1.0
2210,2914,1.0
2210,3683,1.0
2210,4068,1.0
2210,2789,1.0
2211,1315,1.0
2211,36,1.0
2211,421,1.0
2211,1190,1.0
2211,1635,1.0
2211,2020,1.0
2211,741,1.0
2211,870,1.0
2211,2339,1.0
2211,3108,1.0
2211,3493,1.0
2211,2214,1.0
2211,2659,1.0
2211,3044,1.0
2211,3813,1.0
2211,3942,1.0
2212,36,1.0
2212,421,1.0
2212,1190,1.0
2212,1319,1.0
2212,996,1.0
2212,1765,1.0
2212,1894,1.0
2212,615,1.0
2212,3108,1.0
2212,3493,1.0
2212,2214,1.0
2212,2343,1.0
2212,4068,1.0
2212,2789,1.0
2212,2918,1.0
2212,3687,1.0
2213,421,1.0
2213,1190,1.0
2213,1319,1.0
2213,40,1.0
2213,741,1.0
2213,870,1.0
2213,1639,1.0
2213,2024,1.0
2213,3493,1.0
2213,2214,1.0
2213,2343,1.0
2213,3112,1.0
2213,3813,1.0
2213,3942,1.0
2213,2663,1.0
2213,3048,1.0
2214,1190,1.0
2214,1319,1.0
2214,40,1.0
2214,425,1.0
2214,1894,1.0
2214,615,1.0
2214,1000,1.0
2214,1769,1.0
2214,2214,1.0
2214,2343,1.0
2214,3112,1.0
2214,3497,1.0
2214,2918,1.0
2214,3687,1.0
2214,4072,1.0
2214,2793,1.0
2215,1319,1.0
2215,40,1.0
2215,425,1.0
2215,1194,1.0
2215,1639,1.0
2215,2024,1.0
2215,745,1.0
2215,874,1.0
2215,2343,1.0
2215,3112,1.0
2215,3497,1.0
2215,2218,1.0
2215,2663,1.0
2215,3048,1.0
2215,3817,1.0
2215,3946,1.0
2216,40,1.0
2216,425,1.0
2216,1194,1.0
2216,1323,1.0
2216,1000,1.0
2216,1769,1.0
2216,1898,1.0
2216,619,1.0
2216,3112,1.0
2216,3497,1.0
2216,2218,1.0
2216,2347,1.0
2216,4072,1.0
2216,2793,1.0
2216,2922,1.0
2216,3691,1.0
2217,425,1.0
2217,1194,1.0
2217,1323,1.0
2217,44,1.0
2217,745,1.0
2217,874,1.0
2217,1643,1.0
2217,2028,1.0
2217,3497,1.0
2217,2218,1.0
2217,2347,1.0
2217,3116,1.0
2217,3817,1.0
2217,3946,1.0
2217,2667,1.0
2217,3052,1.0
2218,1194,1.0
2218,1323,1.0
2218,44,1.0
2218,429,1.0
2218,1898,1.0
2218,619,1.0
2218,1004,1.0
2218,1773,1.0
2218,2218,1.0
2218,2347,1.0
2218,3116,1.0
2218,3501,1.0
2218,2922,1.0
2218,3691,1.0
2218,4076,1.0
2218,2797,1.0
2219,1323,1.0
2219,44,1.0
2219,429,1.0
2219,1198,1.0
2219,1643,1.0
2219,2028,1.0
2219,749,1.0
2219,878,1.0
2219,2347,1.0
2219,3116,1.0
2219,3501,1.0
2219,2222,1.0
2219,2667,1.0
2219,3052,1.0
2219,3821,1.0
2219,3950,1.0
2220,44,1.0
2220,429,1.0
2220,1198,1.0
2220,1327,1.0
2220,1004,1.0
2220,1773,1.0
2220,1902,1.0
2220,623,1.0
2220,3116,1.0
2220,3501,1.0
2220,2222,1.0
2220,2351,1.0
2220,4076,1.0
2220,2797,1.0
2220,2926,1.0
2220,3695,1.0
2221,429,1.0
2221,1198,1.0
2221,1327,1.0
2221,48,1.0
2221,749,1.0
2221,878,1.0
2221,1647,1.0
2221,2032,1.0
2221,3501,1.0
2221,2222,1.0
2221,2351,1.0
2221,3120,1.0
2221,3821,1.0
2221,3950,1.0
2221,2671,1.0
2221,3056,1.0
2222,1198,1.0
2222,1327,1.0
2222,48,1.0
2222,433,1.0
2222,1902,1.0
2222,623,1.0
2222,1008,1.0
2222,1777,1.0
2222,2222,1.0
2222,2351,1.0
2222,3120,1.0
2222,3505,1.0
2222,2926,1.0
2222,3695,1.0
2222,4080,1.0
2222,2801,1.0
2223,1327,1.0
2223,48,1.0
2223,433,1.0
2223,1202,1.0
2223,1647,1.0
2223,2032,1.0
2223,753,1.0
2223,882,1.0
2223,2351,1.0
2223,3120,1.0
2223,3505,1.0
2223,2226,1.0
2223,2671,1.0
2223,3056,1.0
2223,3825,1.0
2223,3954,1.0
2224,48,1.0
2224,433,1.0
2224,1202,1.0
2224,1331,1.0
2224,1008,1.0
2224,1777,1.0
2224,1906,1.0
2224,627,1.0
2224,3120,1.0
2224,3505,1.0
2224,2226,1.0
2224,2355,1.0
2224,4080,1.0
2224,2801,1.0
2224,2930,1.0
2224,3699,1.0
2225,433,1.0
2225,1202,1.0
2225,1331,1.0
2225,52,1.0
2225,753,1.0
2225,882,1.0
2225,1651,1.0
2225,2036,1.0
2225,3505,1.0
2225,2226,1.0
2225,2355,1.0
2225,3124,1.0
2225,3825,1.0
2225,3954,1.0
2225,2675,1.0
2225,3060,1.0
2226,1202,1.0
2226,1331,1.0
2226,52,1.0
2226,437,1.0
2226,1906,1.0
2226,627,1.0
2226,1012,1.0
2226,1781,1.0
2226,2226,1.0
2226,2355,1.0
2226,3124,1.0
2226,3509,1.0
2226,2930,1.0
2226,3699,1.0
2226,4084,1.0
2226,2805,1.0
2227,1331,1.0
2227,52,1.0
2227,437,1.0
2227,1206,1.0
2227,1651,1.0
2227,2036,1.0
2227,757,1.0
2227,886,1.0
2227,2355,1.0
2227,3124,1.0
2227,3509,1.0
2227,2230,1.0
2227,2675,1.0
2227,3060,1.0
2227,3829,1.0
2227,3958,1.0
2228,52,1.0
2228,437,1.0
2228,1206,1.0
2228,1335,1.0
2228,1012,1.0
2228,1781,1.0
2228,1910,1.0
2228,631,1.0
2228,3124,1.0
2228,3509,1.0
2228,2230,1.0
2228,2359,1.0
2228,4084,1.0
2228,2805,1.0
2228,2934,1.0
2228,3703,1.0
2229,437,1.0
2229,1206,1.0
2229,1335,1.0
2229,56,1.0
2229,757,1.0
2229,886,1.0
2229,1655,1.0
2229,2040,1.0
2229,3509,1.0
2229,2230,1.0
2229,2359,1.0
2229,3128,1.0
2229,3829,1.0
2229,3958,1.0
2229,2679,1.0
2229,3064,1.0
2230,1206,1.0
2230,1335,1.0
2230,56,1.0
2230,441,1.0
2230,1910,1.0
2230,631,1.0
2230,1016,1.0
2230,1785,1.0
2230,2230,1.0
2230,2359,1.0
2230,3128,1.0
2230,3513,1.0
2230,2934,1.0
2230,3703,1.0
2230,4088,1.0
2230,2809,1.0
2231,1335,1.0
2231,56,1.0
2231,441,1.0
2231,1210,1.0
2231,1655,1.0
2231,2040,1.0
2231,761,1.0
2231,890,1.0
2231,2359,1.0
2231,3128,1.0
2231,3513,1.0
2231,2234,1.0
2231,2679,1.0
2231,3064,1.0
2231,3833,1.0
2231,3962,1.0
2232,56,1.0
2232,441,1.0
2232,1210,1.0
2232,1339,1.0
2232,1016,1.0
2232,1785,1.0
2232,1914,1.0
2232,635,1.0
2232,3128,1.0
2232,3513,1.0
2232,2234,1.0
2232,2363,1.0
2232,4088,1.0
2232,2809,1.0
2232,2938,1.0
2232,3707,1.0
2233,441,1.0
2233,1210,1.0
2233,1339,1.0
2233,60,1.0
2233,761,1.0
2233,890,1.0
2233,1659,1.0
2233,2044,1.0
2233,3513,1.0
2233,2234,1.0
2233,2363,1.0
2233,3132,1.0
2233,3833,1.0
2233,3962,1.0
2233,2683,1.0
2233,3068,1.0
2234,1210,1.0
2234,1339,1.0
2234,60,1.0
2234,445,1.0
2234,1914,1.0
2234,635,1.0
2234,1020,1.0
2234,1789,1.0
2234,2234,1.0
2234,2363,1.0
2234,3132,1.0
2234,3517,1.0
2234,2938,1.0
2234,3707,1.0
2234,4092,1.0
2234,2813,1.0
2235,1339,1.0
2235,60,1.0
2235,445,1.0
2235,1214,1.0
2235,1659,1.0
2235,2044,1.0
2235,765,1.0
2235,894,1.0
2235,2363,1.0
2235,3132,1.0
2235,3517,1.0
2235,2238,1.0
2235,2683,1.0
2235,3068,1.0
2235,3837,1.0
2235,3966,1.0
2236,60,1.0
2236,445,1.0
2236,1214,1.0
2236,1343,1.0
2236,1020,1.0
2236,1789,1.0
2236,1918,1.0
2236,639,1.0
2236,3132,1.0
2236,3517,1.0
2236,2238,1.0
2236,2367,1.0
2236,4092,1.0
2236,2813,1.0
2236,2942,1.0
2236,3711,1.0
2237,445,1.0
2237,1214,1.0
2237,1343,1.0
2237,0,1.0
2237,765,1.0
2237,894,1.0
2237,1663,1.0
2237,1984,1.0
2237,3517,1.0
2237,2238,1.0
2237,2367,1.0
2237,3072,1.0
2237,3837,1.0
2237,3966,1.0
2237,2687,1.0
2237,3008,1.0
2238,1214,1.0
2238,1343,1.0
2238,0,1.0
2238,385,1.0
2238,1918,1.0
2238,639,1.0
2238,960,1.0
2238,1729,1.0
2238,2238,1.0
2238,2367,1.0
2238,3072,1.0
2238,3457,1.0
2238,2942,1.0
2238,3711,1.0
2238,4032,1.0
2238,2753,1.0
2239,1343,1.0
2239,0,1.0
2239,385,1.0
2239,1154,1.0
2239,1663,1.0
2239,1984,1.0
2239,705,1.0
2239,834,1.0
2239,2367,1.0
2239,3072,1.0
2239,3457,1.0
2239,2178,1.0
2239,2687,1.0
2239,3008,1.0
2239,3777,1.0
2239,3906,1.0
2240,0,1.0
2240,385,1.0
2240,1154,1.0
2240,1283,1.0
2240,960,1.0
2240,1729,1.0
2240,1858,1.0
2240,579,1.0
2240,3072,1.0
2240,3457,1.0
2240,2178,1.0
2240,2307,1.0
2240,4032,1.0
2240,2753,1.0
2240,2882,1.0
2240,3651,1.0
2241,385,1.0
2241,1154,1.0
2241,1283,1.0
2241,4,1.0
2241,705,1.0
2241,834,1.0
2241,1603,1.0
2241,1988,1.0
2241,3457,1.0
2241,2178,1.0
2241,2307,1.0
2241,3076,1.0
2241,3777,1.0
2241,3906,1.0
2241,2627,1.0
2241,3012,1.0
2242,1154,1.0
2242,1283,1.0
2242,4,1.0
2242,389,1.0
2242,1858,1.0
2242,579,1.0
2242,964,1.0
2242,1733,1.0
2242,2178,1.0
2242,2307,1.0
2242,3076,1.0
2242,3461,1.0
2242,2882,1.0
2242,3651,1.0
2242,4036,1.0
2242,2757,1.0
2243,1283,1.0
2243,4,1.0
2243,389,1.0
2243,1158,1.0
2243,1603,1.0
2243,1988,1.0
2243,709,1.0
2243,838,1.0
2243,2307,1.0
2243,3076,1.0
2243,3461,1.0
2243,2182,1.0
2243,2627,1.0
2243,3012,1.0
2243,3781,1.0
2243,3910,1.0
2244,4,1.0
2244,389,1.0
2244,1158,1.0
2244,1287,1.0
2244,964,1.0
2244,1733,1.0
2244,1862,1.0
2244,583,1.0
2244,3076,1.0
2244,3461,1.0
2244,2182,1.0
2244,2311,1.0
2244,4036,1.0
2244,2757,1.0
2244,2886,1.0
2244,3655,1.0
2245,389,1.0
2245,1158,1.0
2245,1287,1.0
2245,8,1.0
2245,709,1.0
2245,838,1.0
2245,1607,1.0
2245,1992,1.0
2245,3461,1.0
2245,2182,1.0
2245,2311,1.0
2245,3080,1.0
2245,3781,1.0
2245,3910,1.0
2245,2631,1.0
2245,3016,1.0
2246,1158,1.0
2246,1287,1.0
2246,8,1.0
2246,393,1.0
2246,1862,1.0
2246,583,1.0
2246,968,1.0
2246,1737,1.0
2246,2182,1.0
2246,2311,1.0
2246,3080,1.0
2246,3465,1.0
2246,2886,1.0
2246,3655,1.0
2246,4040,1.0
2246,2761,1.0
2247,1287,1.0
2247,8,1.0
2247,393,1.0
2247,1162,1.0
2247,1607,1.0
2247,1992,1.0
2247,713,1.0
2247,842,1.0
2247,2311,1.0
2247,3080,1.0
2247,3465,1.0
2247,2186,1.0
2247,2631,1.0
2247,3016,1.0
2247,3785,1.0
2247,3914,1.0
2248,8,1.0
2248,393,1.0
2248,1162,1.0
2248,1291,1.0
2248,968,1.0
2248,1737,1.0
2248,1866,1.0
2248,587,1.0
2248,3080,1.0
2248,3465,1.0
2248,2186,1.0
2248,2315,1.0
2248,4040,1.0
2248,2761,1.0
2248,2890,1.0
2248,3659,1.0
2249,393,1.0
2249,1162,1.0
2249,1291,1.0
2249,12,1.0
2249,713,1.0
2249,842,1.0
2249,1611,1.0
2249,1996,1.0
2249,3465,1.0
2249,2186,1.0
2249,2315,1.0
2249,3084,1.0
2249,3785,1.0
2249,3914,1.0
2249,2635,1.0
2249,3020,1.0
2250,1162,1.0
2250,1291,1.0
2250,12,1.0
2250,397,1.0
2250,1866,1.0
2250,587,1.0
2250,972,1.0
2250,1741,1.0
2250,2186,1.0
2250,2315,1.0
2250,3084,1.0
2250,3469,1.0
2250,2890,1.0
2250,3659,1.0
2250,4044,1.0
2250,2765,1.0
2251,1291,1.0
2251,12,1.0
2251,397,1.0
2251,1166,1.0
2251,1611,1.0
2251,1996,1.0
2251,717,1.0
2251,846,1.0
2251,2315,1.0
2251,3084,1.0
2251,3469,1.0
2251,2190,1.0
2251,2635,1.0
2251,3020,1.0
2251,3789,1.0
2251,3918,1.0
2252,12,1.0
2252,397,1.0
2252,1166,1.0
2252,1295,1.0
2252,972,1.0
2252,1741,1.0
2252,1870,1.0
2252,591,1.0
2252,3084,1.0
2252,3469,1.0
2252,2190,1.0
2252,2319,1.0
2252,4044,1.0
2252,2765,1.0
2252,2894,1.0
2252,3663,1.0
2253,397,1.0
2253,1166,1.0
2253,1295,1.0
2253,16,1.0
2253,717,1.0
2253,846,1.0
2253,1615,1.0
2253,2000,1.0
2253,3469,1.0
2253,2190,1.0
2253,2319,1.0
2253,3088,1.0
2253,3789,1.0
2253,3918,1.0
2253,2639,1.0
2253,3024,1.0
2254,1166,1.0
2254,1295,1.0
2254,16,1.0
2254,401,1.0
2254,1870,1.0
2254,591,1.0
2254,976,1.0
2254,1745,1.0
2254,2190,1.0
2254,2319,1.0
2254,3088,1.0
2254,3473,1.0
2254,2894,1.0
2254,3663,1.0
2254,4048,1.0
2254,2769,1.0
2255,1295,1.0
2255,16,1.0
2255,401,1.0
2255,1170,1.0
2255,1615,1.0
2255,2000,1.0
2255,721,1.0
2255,850,1.0
2255,2319,1.0
2255,3088,1.0
2255,3473,1.0
2255,2194,1.0
2255,2639,1.0
2255,3024,1.0
2255,3793,1.0
2255,3922,1.0
2256,16,1.0
2256,401,1.0
2256,1170,1.0
2256,1299,1.0
2256,976,1.0
2256,1745,1.0
2256,1874,1.0
2256,595,1.0
2256,3088,1.0
2256,3473,1.0
2256,2194,1.0
2256,2323,1.0
2256,4048,1.0
2256,2769,1.0
2256,2898,1.0
2256,3667,1.0
2257,401,1.0
2257,1170,1.0
2257,1299,1.0
2257,20,1.0
2257,721,1.0
2257,850,1.0
2257,1619,1.0
2257,2004,1.0
2257,3473,1.0
2257,2194,1.0
2257,2323,1.0
2257,3092,1.0
2257,3793,1.0
2257,3922,1.0
2257,2643,1.0
2257,3028,1.0
2258,1170,1.0
2258,1299,1.0
2258,20,1.0
2258,405,1.0
2258,1874,1.0
2258,595,1.0
2258,980,1.0
2258,1749,1.0
2258,2194,1.0
2258,2323,1.0
2258,3092,1.0
2258,3477,1.0
2258,2898,1.0
2258,3667,1.0
2258,4052,1.0
2258,2773,1.0
2259,1299,1.0
2259,20,1.0
2259,405,1.0
2259,1174,1.0
2259,1619,1.0
2259,2004,1.0
2259,725,1.0
2259,854,1.0
2259,2323,1.0
2259,3092,1.0
2259,3477,1.0
2259,2198,1.0
2259,2643,1.0
2259,3028,1.0
2259,3797,1.0
2259,3926,1.0
2260,20,1.0
2260,405,1.0
2260,1174,1.0
2260,1303,1.0
2260,980,1.0
2260,1749,1.0
2260,1878,1.0
2260,599,1.0
2260,3092,1.0
2260,3477,1.0
2260,2198,1.0
2260,2327,1.0
2260,4052,1.0
2260,2773,1.0
2260,2902,1.0
2260,3671,1.0
2261,405,1.0
2261,1174,1.0
2261,1303,1.0
2261,24,1.0
2261,725,1.0
2261,854,1.0
2261,1623,1.0
2261,2008,1.0
2261,3477,1.0
2261,2198,1.0
2261,2327,1.0
2261,3096,1.0
2261,3797,1.0
2261,3926,1.0
2261,2647,1.0
2261,3032,1.0
2262,1174,1.0
2262,1303,1.0
2262,24,1.0
2262,409,1.0
2262,1878,1.0
2262,599,1.0
2262,984,1.0
2262,1753,1.0
2262,2198,1.0
2262,2327,1.0
2262,3096,1.0
2262,3481,1.0
2262,2902,1.0
2262,3671,1.0
2262,4056,1.0
2262,2777,1.0
2263,1303,1.0
2263,24,1.0
2263,409,1.0
2263,1178,1.0
2263,1623,1.0
2263,2008,1.0
2263,729,1.0
2263,858,1.0
2263,2327,1.0
2263,3096,1.0
2263,3481,1.0
2263,2202,1.0
2263,2647,1.0
2263,3032,1.0
2263,3801,1.0
2263,3930,1.0
2264,24,1.0
2264,409,1.0
2264,1178,1.0
2264,1307,1.0
2264,984,1.0
2264,1753,1.0
2264,1882,1.0
2264,603,1.0
2264,3096,1.0
2264,3481,1.0
2264,2202,1.0
2264,2331,1.0
2264,4056,1.0
2264,2777,1.0
2264,2906,1.0
2264,3675,1.0
2265,409,1.0
2265,1178,1.0
2265,1307,1.0
2265,28,1.0
2265,729,1.0
2265,858,1.0
2265,1627,1.0
2265,2012,1.0
2265,3481,1.0
2265,2202,1.0
2265,2331,1.0
2265,3100,1.0
2265,3801,1.0
2265,3930,1.0
2265,2651,1.0
2265,3036,1.0
2266,1178,1.0
2266,1307,1.0
2266,28,1.0
2266,413,1.0
2266,1882,1.0
2266,603,1.0
2266,988,1.0
2266,1757,1.0
2266,2202,1.0
2266,2331,1.0
2266,3100,1.0
2266,3485,1.0
2266,2906,1.0
2266,3675,1.0
2266,4060,1.0
2266,2781,1.0
2267,1307,1.0
2267,28,1.0
2267,413,1.0
2267,1182,1.0
2267,1627,1.0
2267,2012,1.0
2267,733,1.0
2267,862,1.0
2267,2331,1.0
2267,3100,1.0
2267,3485,1.0
2267,2206,1.0
2267,2651,1.0
2267,3036,1.0
2267,3805,1.0
2267,3934,1.0
2268,28,1.0
2268,413,1.0
2268,1182,1.0
2268,1311,1.0
2268,988,1.0
2268,1757,1.0
2268,1886,1.0
2268,607,1.0
2268,3100,1.0
2268,3485,1.0
2268,2206,1.0
2268,2335,1.0
2268,4060,1.0
2268,2781,1.0
2268,2910,1.0
2268,3679,1.0
2269,413,1.0
2269,1182,1.0
2269,1311,1.0
2269,32,1.0
2269,733,1.0
2269,862,1.0
2269,1631,1.0
2269,2016,1.0
2269,3485,1.0
2269,2206,1.0
2269,2335,1.0
2269,3104,1.0
2269,3805,1.0
2269,3934,1.0
2269,2655,1.0
2269,3040,1.0
2270,1182,1.0
2270,1311,1.0
2270,32,1.0
2270,417,1.0
2270,1886,1.0
2270,607,1.0
2270,992,1.0
2270,1761,1.0
2270,2206,1.0
2270,2335,1.0
2270,3104,1.0
2270,3489,1.0
2270,2910,1.0
2270,3679,1.0
2270,4064,1.0
2270,2785,1.0
2271,1311,1.0
2271,32,1.0
2271,417,1.0
2271,1186,1.0
2271,1631,1.0
2271,2016,1.0
2271,737,1.0
2271,866,1.0
2271,2335,1.0
2271,3104,1.0
2271,3489,1.0
2271,2210,1.0
2271,2655,1.0
2271,3040,1.0
2271,3809,1.0
2271,3938,1.0
2272,32,1.0
2272,417,1.0
2272,1186,1.0
2272,1315,1.0
2272,992,1.0
2272,1761,1.0
2272,1890,1.0
2272,611,1.0
2272,3104,1.0
2272,3489,1.0
2272,2210,1.0
2272,2339,1.0
2272,4064,1.0
2272,2785,1.0
2272,2914,1.0
2272,3683,1.0
2273,417,1.0
2273,1186,1.0
2273,1315,1.0
2273,36,1.0
2273,737,1.0
2273,866,1.0
2273,1635,1.0
2273,2020,1.0
2273,3489,1.0
2273,2210,1.0
2273,2339,1.0
2273,3108,1.0
2273,3809,1.0
2273,3938,1.0
2273,2659,1.0
2273,3044,1.0
2274,1186,1.0
2274,1315,1.0
2274,36,1.0
2274,421,1.0
2274,1890,1.0
2274,611,1.0
2274,996,1.0
2274,1765,1.0
2274,2210,1.0
2274,2339,1.0
2274,3108,1.0
2274,3493,1.0
2274,2914,1.0
2274,3683,1.0
2274,4068,1.0
2274,2789,1.0
2275,1315,1.0
2275,36,1.0
2275,421,1.0
2275,1190,1.0
2275,1635,1.0
2275,2020,1.0
2275,741,1.0
2275,870,1.0
2275,2339,1.0
2275,3108,1.0
2275,3493,1.0
2275,2214,1.0
2275,2659,1.0
2275,3044,1.0
2275,3813,1.0
2275,3942,1.0
2276,36,1.0
2276,421,1.0
2276,1190,1.0
2276,1319,1.0
2276,996,1.0
2276,1765,1.0
2276,1894,1.0
2276,615,1.0
2276,3108,1.0
2276,3493,1.0
2276,2214,1.0
2276,2343,1.0
2276,4068,1.0
2276,2789,1.0
2276,2918,1.0
2276,3687,1.0
2277,421,1.0
2277,1190,1.0
2277,1319,1.0
2277,40,1.0
2277,741,1.0
2277,870,1.0
2277,1639,1.0
2277,2024,1.0
2277,3493,1.0
2277,2214,1.0
2277,2343,1.0
2277,3112,1.0
2277,3813,1.0
2277,3942,1.0
2277,2663,1.0
2277,3048,1.0
2278,1190,1.0
2278,1319,1.0
2278,40,1.0
2278,425,1.0
2278,1894,1.0
2278,615,1.0
2278,1000,1.0
2278,1769,1.0
2278,2214,1.0
2278,2343,1.0
2278,3112,1.0
2278,3497,1.0
2278,2918,1.0
2278,3687,1.0
2278,4072,1.0
2278,2793,1.0
2279,1319,1.0
2279,40,1.0
2279,425,1.0
2279,1194,1.0
2279,1639,1.0
2279,2024,1.0
2279,745,1.0
2279,874,1.0
2279,2343,1.0
2279,3112,1.0
2279,3497,1.0
2279,2218,1.0
2279,2663,1.0
2279,3048,1.0
2279,3817,1.0
2279,3946,1.0
2280,40,1.0
2280,425,1.0
2280,1194,1.0
2280,1323,1.0
2280,1000,1.0
2280,1769,1.0
2280,1898,1.0
2280,619,1.0
2280,3112,1.0
2280,3497,1.0
2280,2218,1.0
2280,2347,1.0
2280,4072,1.0
2280,2793,1.0
2280,2922,1.0
2280,3691,1.0
2281,425,1.0
2281,1194,1.0
2281,1323,1.0
2281,44,1.0
2281,745,1.0
2281,874,1.0
2281,1643,1.0
2281,2028,1.0
2281,3497,1.0
2281,2218,1.0
2281,2347,1.0
2281,3116,1.0
2281,3817,1.0
2281,3946,1.0
2281,2667,1.0
2281,3052,1.0
2282,1194,1.0
2282,1323,1.0
2282,44,1.0
2282,429,1.0
2282,1898,1.0
2282,619,1.0
2282,1004,1.0
2282,1773,1.0
2282,2218,1.0
2282,2347,1.0
2282,3116,1.0
2282,3501,1.0
2282,2922,1.0
2282,3691,1.0
2282,4076,1.0
2282,2797,1.0
2283,1323,1.0
2283,44,1.0
2283,429,1.0
2283,1198,1.0
2283,1643,1.0
2283,2028,1.0
2283,749,1.0
2283,878,1.0
2283,2347,1.0
2283,3116,1.0
2283,3501,1.0
2283,2222,1.0
2283,2667,1.0
2283,3052,1.0
2283,3821,1.0
2283,3950,1.0
2284,44,1.0
2284,429,1.0
2284,1198,1.0
2284,1327,1.0
2284,1004,1.0
2284,1773,1.0
2284,1902,1.0
2284,623,1.0
2284,3116,1.0
2284,3501,1.0
2284,2222,1.0
2284,2351,1.0
2284,4076,1.0
2284,2797,1.0
2284,2926,1.0
2284,3695,1.0
2285,429,1.0
2285,1198,1.0
2285,1327,1.0
2285,48,1.0
2285,749,1.0
2285,878,1.0
2285,1647,1.0
2285,2032,1.0
2285,3501,1.0
2285,2222,1.0
2285,2351,1.0
2285,3120,1.0
2285,3821,1.0
2285,3950,1.0
2285,2671,1.0
2285,3056,1.0
2286,1198,1.0
2286,1327,1.0
2286,48,1.0
2286,433,1.0
2286,1902,1.0
2286,623,1.0
2286,1008,1.0
2286,1777,1.0
2286,2222,1.0
2286,2351,1.0
2286,3120,1.0
2286,3505,1.0
2286,2926,1.0
2286,3695,1.0
2286,4080,1.0
2286,2801,1.0
2287,1327,1.0
2287,48,1.0
2287,433,1.0
2287,1202,1.0
2287,1647,1.0
2287,2032,1.0
2287,753,1.0
2287,882,1.0
2287,2351,1.0
2287,3120,1.0
2287,3505,1.0
2287,2226,1.0
2287,2671,1.0
2287,3056,1.0
2287,3825,1.0
2287,3954,1.0
2288,48,1.0
2288,433,1.0
2288,1202,1.0
2288,1331,1.0
2288,1008,1.0
2288,1777,1.0
2288,1906,1.0
2288,627,1.0
2288,3120,1.0
2288,3505,1.0
2288,2226,1.0
2288,2355,1.0
2288,4080,1.0
2288,2801,1.0
2288,2930,1.0
2288,3699,1.0
2289,433,1.0
2289,1202,1.0
2289,1331,1.0
2289,52,1.0
2289,753,1.0
2289,882,1.0
2289,1651,1.0
2289,2036,1.0
2289,3505,1.0
2289,2226,1.0
2289,2355,1.0
2289,3124,1.0
2289,3825,1.0
2289,3954,1.0
2289,2675,1.0
2289,3060,1.0
2290,1202,1.0
2290,1331,1.0
2290,52,1.0
2290,437,1.0
2290,1906,1.0
2290,627,1.0
2290,1012,1.0
2290,1781,1.0
2290,2226,1.0
2290,2355,1.0
2290,3124,1.0
2290,3509,1.0
2290,2930,1.0
2290,3699,1.0
2290,4084,1.0
2290,2805,1.0
2291,1331,1.0
2291,52,1.0
2291,437,1.0
2291,1206,1.0
2291,1651,1.0
2291,2036,1.0
2291,757,1.0
2291,886,1.0
2291,2355,1.0
2291,3124,1.0
2291,3509,1.0
2291,2230,1.0
2291,2675,1.0
2291,3060,1.0
2291,3829,1.0
2291,3958,1.0
2292,52,1.0
2292,437,1.0
2292,1206,1.0
2292,1335,1.0
2292,1012,1.0
2292,1781,1.0
2292,1910,1.0
2292,631,1.0
2292,3124,1.0
2292,3509,1.0
2292,2230,1.0
2292,2359,1.0
2292,4084,1.0
2292,2805,1.0
2292,2934,1.0
2292,3703,1.0
2293,437,1.0
2293,1206,1.0
2293,1335,1.0
2293,56,1.0
2293,757,1.0
2293,886,1.0
2293,1655,1.0
2293,2040,1.0
2293,3509,1.0
2293,2230,1.0
2293,2359,1.0
2293,3128,1.0
2293,3829,1.0
2293,3958,1.0
2293,2679,1.0
2293,3064,1.0
2294,1206,1.0
2294,1335,1.0
2294,56,1.0
2294,441,1.0
2294,1910,1.0
2294,631,1.0
2294,1016,1.0
2294,1785,1.0
2294,2230,1.0
2294,2359,1.0
2294,3128,1.0
2294,3513,1.0
2294,2934,1.0
2294,3703,1.0
2294,4088,1.0
2294,2809,1.0
2295,1335,1.0
2295,56,1.0
2295,441,1.0
2295,1210,1.0
2295,1655,1.0
2295,2040,1.0
2295,761,1.0
2295,890,1.0
2295,2359,1.0
2295,3128,1.0
2295,3513,1.0
2295,2234,1.0
2295,2679,1.0
2295,3064,1.0
2295,3833,1.0
2295,3962,1.0
2296,56,1.0
2296,441,1.0
2296,1210,1.0
2296,1339,1.0
2296,1016,1.0
2296,1785,1.0
2296,1914,1.0
2296,635,1.0
2296,3128,1.0
2296,3513,1.0
2296,2234,1.0
2296,2363,1.0
2296,4088,1.0
2296,2809,1.0
2296,2938,1.0
2296,3707,1.0
2297,441,1.0
2297,1210,1.0
2297,1339,1.0
2297,60,1.0
2297,761,1.0
2297,890,1.0
2297,1659,1.0
2297,2044,1.0
2297,3513,1.0
2297,2234,1.0
2297,2363,1.0
2297,3132,1.0
2297,3833,1.0
2297,3962,1.0
2297,2683,1.0
2297,3068,1.0
2298,1210,1.0
2298,1339,1.0
2298,60,1.0
2298,445,1.0
2298,1914,1.0
2298,635,1.0
2298,1020,1.0
2298,1789,1.0
2298,2234,1.0
2298,2363,1.0
2298,3132,1.0
2298,3517,1.0
2298,2938,1.0
2298,3707,1.0
2298,4092,1.0
2298,2813,1.0
2299,1339,1.0
2299,60,1.0
2299,445,1.0
2299,1214,1.0
2299,1659,1.0
2299,2044,1.0
2299,765,1.0
2299,894,1.0
2299,2363,1.0
2299,3132,1.0
2299,3517,1.0
2299,2238,1.0
2299,2683,1.0
2299,3068,1.0
2299,3837,1.0
2299,3966,1.0
2300,60,1.0
2300,445,1.0
2300,1214,1.0
2300,1343,1.0
2300,1020,1.0
2300,1789,1.0
2300,1918,1.0
2300,639,1.0
2300,3132,1.0
2300,3517,1.0
2300,2238,1.0
2300,2367,1.0
2300,4092,1.0
2300,2813,1.0
2300,2942,1.0
2300,3711,1.0
2301,445,1.0
2301,1214,1.0
2301,1343,1.0
2301,0,1.0
2301,765,1.0
2301,894,1.0
2301,1663,1.0
2301,1984,1.0
2301,3517,1.0
2301,2238,1.0
2301,2367,1.0
2301,3072,1.0
2301,3837,1.0
2301,3966,1.0
2301,2687,1.0
2301,3008,1.0
2302,1214,1.0
2302,1343,1.0
2302,0,1.0
2302,385,1.0
2302,1918,1.0
2302,639,1.0
2302,960,1.0
2302,1729,1.0
2302,2238,1.0
2302,2367,1.0
2302,3072,1.0
2302,3457,1.0
2302,2942,1.0
2302,3711,1.0
2302,4032,1.0
2302,2753,1.0
2303,1343,1.0
2303,0,1.0
2303,385,1.0
2303,1154,1.0
2303,1663,1.0
2303,1984,1.0
2303,705,1.0
2303,834,1.0
2303,2367,1.0
2303,3072,1.0
2303,3457,1.0
2303,2178,1.0
2303,2687,1.0
2303,3008,1.0
2303,3777,1.0
2303,3906,1.0
2304,0,1.0
2304,385,1.0
2304,1154,1.0
2304,1283,1.0
2304,960,1.0
2304,1729,1.0
2304,1858,1.0
2304,579,1.0
2304,3072,1.0
2304,3457,1.0
2304,2178,1.0
2304,2307,1.0
2304,4032,1.0
2304,2753,1.0
2304,2882,1.0
2304,3651,1.0
2305,385,1.0
2305,1154,1.0
2305,1283,1.0
2305,4,1.0
2305,705,1.0
2305,834,1.0
2305,1603,1.0
2305,1988,1.0
2305,3457,1.0
2305,2178,1.0
2305,2307,1.0
2305,3076,1.0
2305,3777,1.0
2305,3906,1.0
2305,2627,1.0
2305,3012,1.0
2306,1154,1.0
2306,1283,1.0
2306,4,1.0
2306,389,1.0
2306,1858,1.0
2306,579,1.0
2306,964,1.0
2306,1733,1.0
2306,2178,1.0
2306,2307,1.0
2306,3076,1.0
2306,3461,1.0
2306,2882,1.0
2306,3651,1.0
2306,4036,1.0
2306,2757,1.0
2307,1283,1.0
2307,4,1.0
2307,389,1.0
2307,1158,1.0
2307,1603,1.0
2307,1988,1.0
2307,709,1.0
2307,838,1.0
2307,2307,1.0
2307,3076,1.0
2307,3461,1.0
2307,2182,1.0
2307,2627,1.0
2307,3012,1.0
2307,3781,1.0
2307,3910,1.0
2308,4,1.0
2308,389,1.0
2308,1158,1.0
2308,1287,1.0
2308,964,1.0
2308,1733,1.0
2308,1862,1.0
2308,583,1.0
2308,3076,1.0
2308,3461,1.0
2308,2182,1.0
2308,2311,1.0
2308,4036,1.0
2308,2757,1.0
2308,2886,1.0
2308,3655,1.0
2309,389,1.0
2309,1158,1.0
2309,1287,1.0
2309,8,1.0
2309,709,1.0
2309,838,1.0
2309,1607,1.0
2309,1992,1.0
2309,3461,1.0
2309,2182,1.0
2309,2311,1.0
2309,3080,1.0
2309,3781,1.0
2309,3910,1.0
2309,2631,1.0
2309,3016,1.0
2310,1158,1.0
2310,1287,1.0
2310,8,1.0
2310,393,1.0
2310,1862,1.0
2310,583,1.0
2310,968,1.0
2310,1737,1.0
2310,2182,1.0
2310,2311,1.0
2310,3080,1.0
2310,3465,1.0
2310,2886,1.0
2310,3655,1.0
2310,4040,1.0
2310,2761,1.0
2311,1287,1.0
2311,8,1.0
2311,393,1.0
2311,1162,1.0
2311,1607,1.0
2311,1992,1.0
2311,713,1.0
2311,842,1.0
2311,2311,1.0
2311,3080,1.0
2311,3465,1.0
2311,2186,1.0
2311,2631,1.0
2311,3016,1.0
2311,3785,1.0
2311,3914,1.0
2312,8,1.0
2312,393,1.0
2312,1162,1.0
2312,1291,1.0
2312,968,1.0
2312,1737,1.0
2312,1866,1.0
2312,587,1.0
2312,3080,1.0
2312,3465,1.0
2312,2186,1.0
2312,2315,1.0
2312,4040,1.0
2312,2761,1.0
2312,2890,1.0
2312,3659,1.0
2313,393,1.0
2313,1162,1.0
2313,1291,1.0
2313,12,1.0
2313,713,1.0
2313,842,1.0
2313,1611,1.0
2313,1996,1.0
2313,3465,1.0
2313,2186,1.0
2313,2315,1.0
2313,3084,1.0
2313,3785,1.0
2313,3914,1.0
2313,2635,1.0
2313,3020,1.0
2314,1162,1.0
2314,1291,1.0
2314,12,1.0
2314,397,1.0
2314,1866,1.0
2314,587,1.0
2314,972,1.0
2314,1741,1.0
2314,2186,1.0
2314,2315,1.0
2314,3084,1.0
2314,3469,1.0
2314,2890,1.0
2314,3659,1.0
2314,4044,1.0
2314,2765,1.0
2315,1291,1.0
2315,12,1.0
2315,397,1.0
2315,1166,1.0
2315,1611,1.0
2315,1996,1.0
2315,717,1.0
2315,846,1.0
2315,2315,1.0
2315,3084,1.0
2315,3469,1.0
2315,2190,1.0
2315,2635,1.0
2315,3020,1.0
2315,3789,1.0
2315,3918,1.0
2316,12,1.0
2316,397,1.0
2316,1166,1.0
2316,1295,1.0
2316,972,1.0
2316,1741,1.0
2316,1870,1.0
2316,591,1.0
2316,3084,1.0
2316,3469,1.0
2316,2190,1.0
2316,2319,1.0
2316,4044,1.0
2316,2765,1.0
2316,2894,1.0
2316,3663,1.0
2317,397,1.0
2317,1166,1.0
2317,1295,1.0
2317,16,1.0
2317,717,1.0
2317,846,1.0
2317,1615,1.0
2317,2000,1.0
2317,3469,1.0
2317,2190,1.0
2317,2319,1.0
2317,3088,1.0
2317,3789,1.0
2317,3918,1.0
2317,2639,1.0
2317,3024,1.0
2318,1166,1.0
2318,1295,1.0
2318,16,1.0
2318,401,1.0
2318,1870,1.0
2318,591,1.0
2318,976,1.0
2318,1745,1.0
2318,2190,1.0
2318,2319,1.0
2318,3088,1.0
2318,3473,1.0
2318,2894,1.0
2318,3663,1.0
2318,4048,1.0
2318,2769,1.0
2319,1295,1.0
2319,16,1.0
2319,401,1.0
2319,1170,1.0
2319,1615,1.0
2319,2000,1.0
2319,721,1.0
2319,850,1.0
2319,2319,1.0
2319,3088,1.0
2319,3473,1.0
2319,2194,1.0
2319,2639,1.0
2319,3024,1.0
2319,3793,1.0
2319,3922,1.0
2320,16,1.0
2320,401,1.0
2320,1170,1.0
2320,1299,1.0
2320,976,1.0
2320,1745,1.0
2320,1874,1.0
2320,595,1.0
2320,3088,1.0
2320,3473,1.0
2320,2194,1.0
2320,2323,1.0
2320,4048,1.0
2320,2769,1.0
2320,2898,1.0
2320,3667,1.0
2321,401,1.0
2321,1170,1.0
2321,1299,1.0
2321,20,1.0
2321,721,1.0
2321,850,1.0
2321,1619,1.0
2321,2004,1.0
2321,3473,1.0
2321,2194,1.0
2321,2323,1.0
2321,3092,1.0
2321,3793,1.0
2321,3922,1.0
2321,2643,1.0
2321,3028,1.0
2322,1170,1.0
2322,1299,1.0
2322,20,1.0
2322,405,1.0
2322,1874,1.0
2322,595,1.0
2322,980,1.0
2322,1749,1.0
2322,2194,1.0
2322,2323,1.0
2322,3092,1.0
2322,3477,1.0
2322,2898,1.0
2322,3667,1.0
2322,4052,1.0
2322,2773,1.0
2323,1299,1.0
2323,20,1.0
2323,405,1.0
2323,1174,1.0
2323,1619,1.0
2323,2004,1.0
2323,725,1.0
2323,854,1.0
2323,2323,1.0
2323,3092,1.0
2323,3477,1.0
2323,2198,1.0
2323,2643,1.0
2323,3028,1.0
2323,3797,1.0
2323,3926,1.0
2324,20,1.0
2324,405,1.0
2324,1174,1.0
2324,1303,1.0
2324,980,1.0
2324,1749,1.0
2324,1878,1.0
2324,599,1.0
2324,3092,1.0
2324,3477,1.0
2324,2198,1.0
2324,2327,1.0
2324,4052,1.0
2324,2773,1.0
2324,2902,1.0
2324,3671,1.0
2325,405,1.0
2325,1174,1.0
2325,1303,1.0
2325,24,1.0
2325,725,1.0
2325,854,1.0
2325,1623,1.0
2325,2008,1.0
2325,3477,1.0
2325,2198,1.0
2325,2327,1.0
2325,3096,1.0
2325,3797,1.0
2325,3926,1.0
2325,2647,1.0
2325,3032,1.0
2326,1174,1.0
2326,1303,1.0
2326,24,1.0
2326,409,1.0
2326,1878,1.0
2326,599,1.0
2326,984,1.0
2326,1753,1.0
2326,2198,1.0
2326,2327,1.0
2326,3096,1.0
2326,3481,1.0
2326,2902,1.0
2326,3671,1.0
2326,4056,1.0
2326,2777,1.0
2327,1303,1.0
2327,24,1.0
2327,409,1.0
2327,1178,1.0
2327,1623,1.0
2327,2008,1.0
2327,729,1.0
2327,858,1.0
2327,2327,1.0
2327,3096,1.0
2327,3481,1.0
2327,2202,1.0
2327,2647,1.0
2327,3032,1.0
2327,3801,1.0
2327,3930,1.0
2328,24,1.0
2328,409,1.0
2328,1178,1.0
2328,1307,1.0
2328,984,1.0
2328,1753,1.0
2328,1882,1.0
2328,603,1.0
2328,3096,1.0
2328,3481,1.0
2328,2202,1.0
2328,2331,1.0
2328,4056,1.0
2328,2777,1.0
2328,2906,1.0
2328,3675,1.0
2329,409,1.0
2329,1178,1.0
2329,1307,1.0
2329,28,1.0
2329,729,1.0
2329,858,1.0
2329,1627,1.0
2329,2012,1.0
2329,3481,1.0
2329,2202,1.0
2329,2331,1.0
2329,3100,1.0
2329,3801,1.0
2329,3930,1.0
2329,2651,1.0
2329,3036,1.0
2330,1178,1.0
2330,1307,1.0
2330,28,1.0
2330,413,1.0
2330,1882,1.0
2330,603,1.0
2330,988,1.0
2330,1757,1.0
2330,2202,1.0
2330,2331,1.0
2330,3100,1.0
2330,3485,1.0
2330,2906,1.0
2330,3675,1.0
2330,4060,1.0
2330,2781,1.0
2331,1307,1.0
2331,28,1.0
2331,413,1.0
2331,1182,1.0
2331,1627,1.0
2331,2012,1.0
2331,733,1.0
2331,862,1.0
2331,2331,1.0
2331,3100,1.0
2331,3485,1.0
2331,2206,1.0
2331,2651,1.0
2331,3036,1.0
2331,3805,1.0
2331,3934,1.0
2332,28,1.0
2332,413,1.0
2332,1182,1.0
2332,1311,1.0
2332,988,1.0
2332,1757,1.0
2332,1886,1.0
2332,607,1.0
2332,3100,1.0
2332,3485,1.0
2332,2206,1.0
2332,2335,1.0
2332,4060,1.0
2332,2781,1.0
2332,2910,1.0
2332,3679,1.0
2333,413,1.0
2333,1182,1.0
2333,1311,1.0
2333,32,1.0
2333,733,1.0
2333,862,1.0
2333,1631,1.0
2333,2016,1.0
2333,3485,1.0
2333,2206,1.0
2333,2335,1.0
2333,3104,1.0
2333,3805,1.0
2333,3934,1.0
2333,2655,1.0
2333,3040,1.0
2334,1182,1.0
2334,1311,1.0
2334,32,1.0
2334,417,1.0
2334,1886,1.0
2334,607,1.0
2334,992,1.0
2334,1761,1.0
2334,2206,1.0
2334,2335,1.0
2334,3104,1.0
2334,3489,1.0
2334,2910,1.0
2334,3679,1.0
2334,4064,1.0
2334,2785,1.0
2335,1311,1.0
2335,32,1.0
2335,417,1.0
2335,1186,1.0
2335,1631,1.0
2335,2016,1.0
2335,737,1.0
2335,866,1.0
2335,2335,1.0
2335,3104,1.0
2335,3489,1.0
2335,2210,1.0
2335,2655,1.0
2335,3040,1.0
2335,3809,1.0
2335,3938,1.0
2336,32,1.0
2336,417,1.0
2336,1186,1.0
2336,1315,1.0
2336,992,1.0
2336,1761,1.0
2336,1890,1.0
2336,611,1.0
2336,3104,1.0
2336,3489,1.0
2336,2210,1.0
2336,2339,1.0
2336,4064,1.0
2336,2785,1.0
2336,2914,1.0
2336,3683,1.0
2337,417,1.0
2337,1186,1.0
2337,1315,1.0
2337,36,1.0
2337,737,1.0
2337,866,1.0
2337,1635,1.0
2337,2020,1.0
2337,3489,1.0
2337,2210,1.0
2337,2339,1.0
2337,3108,1.0
2337,3809,1.0
2337,3938,1.0
2337,2659,1.0
2337,3044,1.0
2338,1186,1.0
2338,1315,1.0
2338,36,1.0
2338,421,1.0
2338,1890,1.0
2338,611,1.0
2338,996,1.0
2338,1765,1.0
2338,2210,1.0
2338,2339,1.0
2338,3108,1.0
2338,3493,1.0
2338,2914,1.0
2338,3683,1.0
2338,4068,1.0
2338,2789,1.0
2339,1315,1.0
2339,36,1.0
2339,421,1.0
2339,1190,1.0
2339,1635,1.0
2339,2020,1.0
2339,741,1.0
2339,870,1.0
2339,2339,1.0
2339,3108,1.0
2339,3493,1.0
2339,2214,1.0
2339,2659,1.0
2339,3044,1.0
2339,3813,1.0
2339,3942,1.0
2340,36,1.0
2340,421,1.0
2340,1190,1.0
2340,1319,1.0
2340,996,1.0
2340,1765,1.0
2340,1894,1.0
2340,615,1.0
2340,3108,1.0
2340,3493,1.0
2340,2214,1.0
2340,2343,1.0
2340,4068,1.0
2340,2789,1.0
2340,2918,1.0
2340,3687,1.0
2341,421,1.0
2341,1190,1.0
2341,1319,1.0
2341,40,1.0
2341,741,1.0
2341,870,1.0
2341,1639,1.0
2341,2024,1.0
2341,3493,1.0
2341,2214,1.0
2341,2343,1.0
2341,3112,1.0
2341,3813,1.0
2341,3942,1.0
2341,2663,1.0
2341,3048,1.0
2342,1190,1.0
2342,1319,1.0
2342,40,1.0
2342,425,1.0
2342,1894,1.0
2342,615,1.0
2342,1000,1.0
2342,1769,1.0
2342,2214,1.0
2342,2343,1.0
2342,3112,1.0
2342,3497,1.0
2342,2918,1.0
2342,3687,1.0
2342,4072,1.0
2342,2793,1.0
2343,1319,1.0
2343,40,1.0
2343,425,1.0
2343,1194,1.0
2343,1639,1.0
2343,2024,1.0
2343,745,1.0
2343,874,1.0
2343,2343,1.0
2343,3112,1.0
2343,3497,1.0
2343,2218,1.0
2343,2663,1.0
2343,3048,1.0
2343,3817,1.0
2343,3946,1.0
2344,40,1.0
2344,425,1.0
2344,1194,1.0
2344,1323,1.0
2344,1000,1.0
2344,1769,1.0
2344,1898,1.0
2344,619,1.0
2344,3112,1.0
2344,3497,1.0
2344,2218,1.0
2344,2347,1.0
2344,4072,1.0
2344,2793,1.0
2344,2922,1.0
2344,3691,1.0
2345,425,1.0
2345,1194,1.0
2345,1323,1.0
2345,44,1.0
2345,745,1.0
2345,874,1.0
2345,1643,1.0
2345,2028,1.0
2345,3497,1.0
2345,2218,1.0
2345,2347,1.0
2345,3116,1.0
2345,3817,1.0
2345,3946,1.0
2345,2667,1.0
2345,3052,1.0
2346,1194,1.0
2346,1323,1.0
2346,44,1.0
2346,429,1.0
2346,1898,1.0
2346,619,1.0
2346,1004,1.0
2346,1773,1.0
2346,2218,1.0
2346,2347,1.0
2346,3116,1.0
2346,3501,1.0
2346,2922,1.0
2346,3691,1.0
2346,4076,1.0
2346,2797,1.0
2347,1323,1.0
2347,44,1.0
2347,429,1.0
2347,1198,1.0
2347,1643,1.0
2347,2028,1.0
2347,749,1.0
2347,878,1.0
2347,2347,1.0
2347,3116,1.0
2347,3501,1.0
2347,2222,1.0
2347,2667,1.0
2347,3052,1.0
2347,3821,1.0
2347,3950,1.0
2348,44,1.0
2348,429,1.0
2348,1198,1.0
2348,1327,1.0
2348,1004,1.0
2348,1773,1.0
2348,1902,1.0
2348,623,1.0
2348,3116,1.0
2348,3501,1.0
2348,2222,1.0
2348,2351,1.0
2348,4076,1.0
2348,2797,1.0
2348,2926,1.0
2348,3695,1.0
2349,429,1.0
2349,1198,1.0
2349,1327,1.0
2349,48,1.0
2349,749,1.0
2349,878,1.0
2349,1647,1.0
2349,2032,1.0
2349,3501,1.0
2349,2222,1.0
2349,2351,1.0
2349,3120,1.0
2349,3821,1.0
2349,3950,1.0
2349,2671,1.0
2349,3056,1.0
2350,1198,1.0
2350,1327,1.0
2350,48,1.0
2350,433,1.0
2350,1902,1.0
2350,623,1.0
2350,1008,1.0
2350,1777,1.0
2350,2222,1.0
2350,2351,1.0
2350,3120,1.0
2350,3505,1.0
2350,2926,1.0
2350,3695,1.0
2350,4080,1.0
2350,2801,1.0
2351,1327,1.0
2351,48,1.0
2351,433,1.0
2351,1202,1.0
2351,1647,1.0
2351,2032,1.0
2351,753,1.0
2351,882,1.0
2351,2351,1.0
2351,3120,1.0
2351,3505,1.0
2351,2226,1.0
2351,2671,1.0
2351,3056,1.0
2351,3825,1.0
2351,3954,1.0
2352,48,1.0
2352,433,1.0
2352,1202,1.0
2352,1331,1.0
2352,1008,1.0
2352,1777,1.0
2352,1906,1.0
2352,627,1.0
2352,3120,1.0
2352,3505,1.0
2352,2226,1.0
2352,2355,1.0
2352,4080,1.0
2352,2801,1.0
2352,2930,1.0
2352,3699,1.0
2353,433,1.0
2353,1202,1.0
2353,1331,1.0
2353,52,1.0
2353,753,1.0
2353,882,1.0
2353,1651,1.0
2353,2036,1.0
2353,3505,1.0
2353,2226,1.0
2353,2355,1.0
2353,3124,1.0
2353,3825,1.0
2353,3954,1.0
2353,2675,1.0
2353,3060,1.0
2354,1202,1.0
2354,1331,1.0
2354,52,1.0
2354,437,1.0
2354,1906,1.0
2354,627,1.0
2354,1012,1.0
2354,1781,1.0
2354,2226,1.0
2354,2355,1.0
2354,3124,1.0
2354,3509,1.0
2354,2930,1.0
2354,3699,1.0
2354,4084,1.0
2354,2805,1.0
2355,1331,1.0
2355,52,1.0
2355,437,1.0
2355,1206,1.0
2355,1651,1.0
2355,2036,1.0
2355,757,1.0
2355,886,1.0
2355,2355,1.0
2355,3124,1.0
2355,3509,1.0
2355,2230,1.0
2355,2675,1.0
2355,3060,1.0
2355,3829,1.0
2355,3958,1.0
2356,52,1.0
2356,437,1.0
2356,1206,1.0
2356,1335,1.0
2356,1012,1.0
2356,1781,1.0
2356,1910,1.0
2356,631,1.0
2356,3124,1.0
2356,3509,1.0
2356,2230,1.0
2356,2359,1.0
2356,4084,1.0
2356,2805,1.0
2356,2934,1.0
2356,3703,1.0
2357,437,1.0
2357,1206,1.0
2357,1335,1.0
2357,56,1.0
2357,757,1.0
2357,886,1.0
2357,1655,1.0
2357,2040,1.0
2357,3509,1.0
2357,2230,1.0
2357,2359,1.0
2357,3128,1.0
2357,3829,1.0
2357,3958,1.0
2357,2679,1.0
2357,3064,1.0
2358,1206,1.0
2358,1335,1.0
2358,56,1.0
2358,441,1.0
2358,1910,1.0
2358,631,1.0
2358,1016,1.0
2358,1785,1.0
2358,2230,1.0
2358,2359,1.0
2358,3128,1.0
2358,3513,1.0
2358,2934,1.0
2358,3703,1.0
2358,4088,1.0
2358,2809,1.0
2359,1335,1.0
2359,56,1.0
2359,441,1.0
2359,1210,1.0
2359,1655,1.0
2359,2040,1.0
2359,761,1.0
2359,890,1.0
2359,2359,1.0
2359,3128,1.0
2359,3513,1.0
2359,2234,1.0
2359,2679,1.0
2359,3064,1.0
2359,3833,1.0
2359,3962,1.0
2360,56,1.0
2360,441,1.0
2360,1210,1.0
2360,1339,1.0
2360,1016,1.0
2360,1785,1.0
2360,1914,1.0
2360,635,1.0
2360,3128,1.0
2360,3513,1.0
2360,2234,1.0
2360,2363,1.0
2360,4088,1.0
2360,2809,1.0
2360,2938,1.0
2360,3707,1.0
2361,441,1.0
2361,1210,1.0
2361,1339,1.0
2361,60,1.0
2361,761,1.0
2361,890,1.0
2361,1659,1.0
2361,2044,1.0
2361,3513,1.0
2361,2234,1.0
2361,2363,1.0
2361,3132,1.0
2361,3833,1.0
2361,3962,1.0
2361,2683,1.0
2361,3068,1.0
2362,1210,1.0
2362,1339,1.0
2362,60,1.0
2362,445,1.0
2362,1914,1.0
2362,635,1.0
2362,1020,1.0
2362,1789,1.0
2362,2234,1.0
2362,2363,1.0
2362,3132,1.0
2362,3517,1.0
2362,2938,1.0
2362,3707,1.0
2362,4092,1.0
2362,2813,1.0
2363,1339,1.0
2363,60,1.0
2363,445,1.0
2363,1214,1.0
2363,1659,1.0
2363,2044,1.0
2363,765,1.0
2363,894,1.0
2363,2363,1.0
2363,3132,1.0
2363,3517,1.0
2363,2238,1.0
2363,2683,1.0
2363,3068,1.0
2363,3837,1.0
2363,3966,1.0
2364,60,1.0
2364,445,1.0
2364,1214,1.0
2364,1343,1.0
2364,1020,1.0
2364,1789,1.0
2364,1918,1.0
2364,639,1.0
2364,3132,1.0
2364,3517,1.0
2364,2238,1.0
2364,2367,1.0
2364,4092,1.0
2364,2813,1.0
2364,2942,1.0
2364,3711,1.0
2365,445,1.0
2365,1214,1.0
2365,1343,1.0
2365,0,1.0
2365,765,1.0
2365,894,1.0
2365,1663,1.0
2365,1984,1.0
2365,3517,1.0
2365,2238,1.0
2365,2367,1.0
2365,3072,1.0
2365,3837,1.0
2365,3966,1.0
2365,2687,1.0
2365,3008,1.0
2366,1214,1.0
2366,1343,1.0
2366,0,1.0
2366,385,1.0
2366,1918,1.0
2366,639,1.0
2366,960,1.0
2366,1729,1.0
2366,2238,1.0
2366,2367,1.0
2366,3072,1.0
2366,3457,1.0
2366,2942,1.0
2366,3711,1.0
2366,4032,1.0
2366,2753,1.0
2367,1343,1.0
2367,0,1.0
2367,385,1.0
2367,1154,1.0
2367,1663,1.0
2367,1984,1.0
2367,705,1.0
2367,834,1.0
2367,2367,1.0
2367,3072,1.0
2367,3457,1.0
2367,2178,1.0
2367,2687,1.0
2367,3008,1.0
2367,3777,1.0
2367,3906,1.0
2368,0,1.0
2368,385,1.0
2368,1154,1.0
2368,1283,1.0
2368,960,1.0
2368,1729,1.0
2368,1858,1.0
2368,579,1.0
2368,3072,1.0
2368,3457,1.0
2368,2178,1.0
2368,2307,1.0
2368,4032,1.0
2368,2753,1.0
2368,2882,1.0
2368,3651,1.0
2369,385,1.0
2369,1154,1.0
2369,1283,1.0
2369,4,1.0
2369,705,1.0
2369,834,1.0
2369,1603,1.0
2369,1988,1.0
2369,3457,1.0
2369,2178,1.0
2369,2307,1.0
2369,3076,1.0
2369,3777,1.0
2369,3906,1.0
2369,2627,1.0
2369,3012,1.0
2370,1154,1.0
2370,1283,1.0
2370,4,1.0
2370,389,1.0
2370,1858,1.0
2370,579,1.0
2370,964,1.0
2370,1733,1.0
2370,2178,1.0
2370,2307,1.0
2370,3076,1.0
2370,3461,1.0
2370,2882,1.0
2370,3651,1.0
2370,4036,1.0
2370,2757,1.0
2371,1283,1.0
2371,4,1.0
2371,389,1.0
2371,1158,1.0
2371,1603,1.0
2371,1988,1.0
2371,709,1.0
2371,838,1.0
2371,2307,1.0
2371,3076,1.0
2371,3461,1.0
2371,2182,1.0
2371,2627,1.0
2371,3012,1.0
2371,3781,1.0
2371,3910,1.0
2372,4,1.0
2372,389,1.0
2372,1158,1.0
2372,1287,1.0
2372,964,1.0
2372,1733,1.0
2372,1862,1.0
2372,583,1.0
2372,3076,1.0
2372,3461,1.0
2372,2182,1.0
2372,2311,1.0
2372,4036,1.0
2372,2757,1.0
2372,2886,1.0
2372,3655,1.0
2373,389,1.0
2373,1158,1.0
2373,1287,1.0
2373,8,1.0
2373,709,1.0
2373,838,1.0
2373,1607,1.0
2373,1992,1.0
2373,3461,1.0
2373,2182,1.0
2373,2311,1.0
2373,3080,1.0
2373,3781,1.0
2373,3910,1.0
2373,2631,1.0
2373,3016,1.0
2374,1158,1.0
2374,1287,1.0
2374,8,1.0
2374,393,1.0
2374,1862,1.0
2374,583,1.0
2374,968,1.0
2374,1737,1.0
2374,2182,1.0
2374,2311,1.0
2374,3080,1.0
2374,3465,1.0
2374,2886,1.0
2374,3655,1.0
2374,4040,1.0
2374,2761,1.0
2375,1287,1.0
2375,8,1.0
2375,393,1.0
2375,1162,1.0
2375,1607,1.0
2375,1992,1.0
2375,713,1.0
2375,842,1.0
2375,2311,1.0
2375,3080,1.0
2375,3465,1.0
2375,2186,1.0
2375,2631,1.0
2375,3016,1.0
2375,3785,1.0
2375,3914,1.0
2376,8,1.0
2376,393,1.0
2376,1162,1.0
2376,1291,1.0
2376,968,1.0
2376,1737,1.0
2376,1866,1.0
2376,587,1.0
2376,3080,1.0
2376,3465,1.0
2376,2186,1.0
2376,2315,1.0
2376,4040,1.0
2376,2761,1.0
2376,2890,1.0
2376,3659,1.0
2377,393,1.0
2377,1162,1.0
2377,1291,1.0
2377,12,1.0
2377,713,1.0
2377,842,1.0
2377,1611,1.0
2377,1996,1.0
2377,3465,1.0
2377,2186,1.0
2377,2315,1.0
2377,3084,1.0
2377,3785,1.0
2377,3914,1.0
2377,2635,1.0
2377,3020,1.0
2378,1162,1.0
2378,1291,1.0
2378,12,1.0
2378,397,1.0
2378,1866,1.0
2378,587,1.0
2378,972,1.0
2378,1741,1.0
2378,2186,1.0
2378,2315,1.0
2378,3084,1.0
2378,3469,1.0
2378,2890,1.0
2378,3659,1.0
2378,4044,1.0
2378,2765,1.0
2379,1291,1.0
2379,12,1.0
2379,397,1.0
2379,1166,1.0
2379,1611,1.0
2379,1996,1.0
2379,717,1.0
2379,846,1.0
2379,2315,1.0
2379,3084,1.0
2379,3469,1.0
2379,2190,1.0
2379,2635,1.0
2379,3020,1.0
2379,3789,1.0
2379,3918,1.0
2380,12,1.0
2380,397,1.0
2380,1166,1.0
2380,1295,1.0
2380,972,1.0
2380,1741,1.0
2380,1870,1.0
2380,591,1.0
2380,3084,1.0
2380,3469,1.0
2380,2190,1.0
2380,2319,1.0
2380,4044,1.0
2380,2765,1.0
2380,2894,1.0
2380,3663,1.0
2381,397,1.0
2381,1166,1.0
2381,1295,1.0
2381,16,1.0
2381,717,1.0
2381,846,1.0
2381,1615,1.0
2381,2000,1.0
2381,3469,1.0
2381,2190,1.0
2381,2319,1.0
2381,3088,1.0
2381,3789,1.0
2381,3918,1.0
2381,2639,1.0
2381,3024,1.0
2382,1166,1.0
2382,1295,1.0
2382,16,1.0
2382,401,1.0
2382,1870,1.0
2382,591,1.0
2382,976,1.0
2382,1745,1.0
2382,2190,1.0
2382,2319,1.0
2382,3088,1.0
2382,3473,1.0
2382,2894,1.0
2382,3663,1.0
2382,4048,1.0
2382,2769,1.0
2383,1295,1.0
2383,16,1.0
2383,401,1.0
2383,1170,1.0
2383,1615,1.0
2383,2000,1.0
2383,721,1.0
2383,850,1.0
2383,2319,1.0
2383,3088,1.0
2383,3473,1.0
2383,2194,1.0
2383,2639,1.0
2383,3024,1.0
2383,3793,1.0
2383,3922,1.0
2384,16,1.0
2384,401,1.0
2384,1170,1.0
2384,1299,1.0
2384,976,1.0
2384,1745,1.0
2384,1874,1.0
2384,595,1.0
2384,3088,1.0
2384,3473,1.0
2384,2194,1.0
2384,2323,1.0
2384,4048,1.0
2384,2769,1.0
2384,2898,1.0
2384,3667,1.0
2385,401,1.0
2385,1170,1.0
2385,1299,1.0
2385,20,1.0
2385,721,1.0
2385,850,1.0
2385,1619,1.0
2385,2004,1.0
2385,3473,1.0
2385,2194,1.0
2385,2323,1.0
2385,3092,1.0
2385,3793,1.0
2385,3922,1.0
2385,2643,1.0
2385,3028,1.0
2386,1170,1.0
2386,1299,1.0
2386,20,1.0
2386,405,1.0
2386,1874,1.0
2386,595,1.0
2386,980,1.0
2386,1749,1.0
2386,2194,1.0
2386,2323,1.0
2386,3092,1.0
2386,3477,1.0
2386,2898,1.0
2386,3667,1.0
2386,4052,1.0
2386,2773,1.0
2387,1299,1.0
2387,20,1.0
2387,405,1.0
2387,1174,1.0
2387,1619,1.0
2387,2004,1.0
2387,725,1.0
2387,854,1.0
2387,2323,1.0
2387,3092,1.0
2387,3477,1.0
2387,2198,1.0
2387,2643,1.0
2387,3028,1.0
2387,3797,1.0
2387,3926,1.0
2388,20,1.0
2388,405,1.0
2388,1174,1.0
2388,1303,1.0
2388,980,1.0
2388,1749,1.0
2388,1878,1.0
2388,599,1.0
2388,3092,1.0
2388,3477,1.0
2388,2198,1.0
2388,2327,1.0
2388,4052,1.0
2388,2773,1.0
2388,2902,1.0
2388,3671,1.0
2389,405,1.0
2389,1174,1.0
2389,1303,1.0
2389,24,1.0
2389,725,1.0
2389,854,1.0
2389,1623,1.0
2389,2008,1.0
2389,3477,1.0
2389,2198,1.0
2389,2327,1.0
2389,3096,1.0
2389,3797,1.0
2389,3926,1.0
2389,2647,1.0
2389,3032,1.0
2390,1174,1.0
2390,1303,1.0
2390,24,1.0
2390,409,1.0
2390,1878,1.0
2390,599,1.0
2390,984,1.0
2390,1753,1.0
2390,2198,1.0
2390,2327,1.0
2390,3096,1.0
2390,3481,1.0
2390,2902,1.0
2390,3671,1.0
2390,4056,1.0
2390,2777,1.0
2391,1303,1.0
2391,24,1.0
2391,409,1.0
2391,1178,1.0
2391,1623,1.0
2391,2008,1.0
2391,729,1.0
2391,858,1.0
2391,2327,1.0
2391,3096,1.0
2391,3481,1.0
2391,2202,1.0
2391,2647,1.0
2391,3032,1.0
2391,3801,1.0
2391,3930,1.0
2392,24,1.0
2392,409,1.0
2392,1178,1.0
2392,1307,1.0
2392,984,1.0
2392,1753,1.0
2392,1882,1.0
2392,603,1.0
2392,3096,1.0
2392,3481,1.0
2392,2202,1.0
2392,2331,1.0
2392,4056,1.0
2392,2777,1.0
2392,2906,1.0
2392,3675,1.0
2393,409,1.0
2393,1178,1.0
2393,1307,1.0
2393,28,1.0
2393,729,1.0
2393,858,1.0
2393,1627,1.0
2393,2012,1.0
2393,3481,1.0
2393,2202,1.0
2393,2331,1.0
2393,3100,1.0
2393,3801,1.0
2393,3930,1.0
2393,2651,1.0
2393,3036,1.0
2394,1178,1.0
2394,1307,1.0
2394,28,1.0
2394,413,1.0
2394,1882,1.0
2394,603,1.0
2394,988,1.0
2394,1757,1.0
2394,2202,1.0
2394,2331,1.0
2394,3100,1.0
2394,3485,1.0
2394,2906,1.0
2394,3675,1.0
2394,4060,1.0
2394,2781,1.0
2395,1307,1.0
2395,28,1.0
2395,413,1.0
2395,1182,1.0
2395,1627,1.0
2395,2012,1.0
2395,733,1.0
2395,862,1.0
2395,2331,1.0
2395,3100,1.0
2395,3485,1.0
2395,2206,1.0
2395,2651,1.0
2395,3036,1.0
2395,3805,1.0
2395,3934,1.0
2396,28,1.0
2396,413,1.0
2396,1182,1.0
2396,1311,1.0
2396,988,1.0
2396,1757,1.0
2396,1886,1.0
2396,607,1.0
2396,3100,1.0
2396,3485,1.0
2396,2206,1.0
2396,2335,1.0
2396,4060,1.0
2396,2781,1.0
2396,2910,1.0
2396,3679,1.0
2397,413,1.0
2397,1182,1.0
2397,1311,1.0
2397,32,1.0
2397,733,1.0
2397,862,1.0
2397,1631,1.0
2397,2016,1.0
2397,3485,1.0
2397,2206,1.0
2397,2335,1.0
2397,3104,1.0
2397,3805,1.0
2397,3934,1.0
2397,2655,1.0
2397,3040,1.0
2398,1182,1.0
2398,1311,1.0
2398,32,1.0
2398,417,1.0
2398,1886,1.0
2398,607,1.0
2398,992,1.0
2398,1761,1.0
2398,2206,1.0
2398,2335,1.0
2398,3104,1.0
2398,3489,1.0
2398,2910,1.0
2398,3679,1.0
2398,4064,1.0
2398,2785,1.0
2399,1311,1.0
2399,32,1.0
2399,417,1.0
2399,1186,1.0
2399,1631,1.0
2399,2016,1.0
2399,737,1.0
2399,866,1.0
2399,2335,1.0
2399,3104,1.0
2399,3489,1.0
2399,2210,1.0
2399,2655,1.0
2399,3040,1.0
2399,3809,1.0
2399,3938,1.0
2400,32,1.0
2400,417,1.0
2400,1186,1.0
2400,1315,1.0
2400,992,1.0
2400,1761,1.0
2400,1890,1.0
2400,611,1.0
2400,3104,1.0
2400,3489,1.0
2400,2210,1.0
2400,2339,1.0
2400,4064,1.0
2400,2785,1.0
2400,2914,1.0
2400,3683,1.0
2401,417,1.0
2401,1186,1.0
2401,1315,1.0
2401,36,1.0
2401,737,1.0
2401,866,1.0
2401,1635,1.0
2401,2020,1.0
2401,3489,1.0
2401,2210,1.0
2401,2339,1.0
2401,3108,1.0
2401,3809,1.0
2401,3938,1.0
2401,2659,1.0
2401,3044,1.0
2402,1186,1.0
2402,1315,1.0
2402,36,1.0
2402,421,1.0
2402,1890,1.0
2402,611,1.0
2402,996,1.0
2402,1765,1.0
2402,2210,1.0
2402,2339,1.0
2402,3108,1.0
2402,3493,1.0
2402,2914,1.0
2402,3683,1.0
2402,4068,1.0
2402,2789,1.0
2403,1315,1.0
2403,36,1.0
2403,421,1.0
2403,1190,1.0
2403,1635,1.0
2403,2020,1.0
2403,741,1.0
2403,870,1.0
2403,2339,1.0
2403,3108,1.0
2403,3493,1.0
2403,2214,1.0
2403,2659,1.0
2403,3044,1.0
2403,3813,1.0
2403,3942,1.0
2404,36,1.0
2404,421,1.0
2404,1190,1.0
2404,1319,1.0
2404,996,1.0
2404,1765,1.0
2404,1894,1.0
2404,615,1.0
2404,3108,1.0
2404,3493,1.0
2404,2214,1.0
2404,2343,1.0
2404,4068,1.0
2404,2789,1.0
2404,2918,1.0
2404,3687,1.0
2405,421,1.0
2405,1190,1.0
2405,1319,1.0
2405,40,1.0
2405,741,1.0
2405,870,1.0
2405,1639,1.0
2405,2024,1.0
2405,3493,1.0
2405,2214,1.0
2405,2343,1.0
2405,3112,1.0
2405,3813,1.0
2405,3942,1.0
2405,2663,1.0
2405,3048,1.0
2406,1190,1.0
2406,1319,1.0
2406,40,1.0
2406,425,1.0
2406,1894,1.0
2406,615,1.0
2406,1000,1.0
2406,1769,1.0
2406,2214,1.0
2406,2343,1.0
2406,3112,1.0
2406,3497,1.0
2406,2918,1.0
2406,3687,1.0
2406,4072,1.0
2406,2793,1.0
2407,1319,1.0
2407,40,1.0
2407,425,1.0
2407,1194,1.0
2407,1639,1.0
2407,2024,1.0
2407,745,1.0
2407,874,1.0
2407,2343,1.0
2407,3112,1.0
2407,3497,1.0
2407,2218,1.0
2407,2663,1.0
2407,3048,1.0
2407,3817,1.0
2407,3946,1.0
2408,40,1.0
2408,425,1.0
2408,1194,1.0
2408,1323,1.0
2408,1000,1.0
2408,1769,1.0
2408,1898,1.0
2408,619,1.0
2408,3112,1.0
2408,3497,1.0
2408,2218,1.0
2408,2347,1.0
2408,4072,1.0
2408,2793,1.0
2408,2922,1.0
2408,3691,1.0
2409,425,1.0
2409,1194,1.0
2409,1323,1.0
2409,44,1.0
2409,745,1.0
2409,874,1.0
2409,1643,1.0
2409,2028,1.0
2409,3497,1.0
2409,2218,1.0
2409,2347,1.0
2409,3116,1.0
2409,3817,1.0
2409,3946,1.0
2409,2667,1.0
2409,3052,1.0
2410,1194,1.0
2410,1323,1.0
2410,44,1.0
2410,429,1.0
2410,1898,1.0
2410,619,1.0
2410,1004,1.0
2410,1773,1.0
2410,2218,1.0
2410,2347,1.0
2410,3116,1.0
2410,3501,1.0
2410,2922,1.0
2410,3691,1.0
2410,4076,1.0
2410,2797,1.0
2411,1323,1.0
2411,44,1.0
2411,429,1.0
2411,1198,1.0
2411,1643,1.0
2411,2028,1.0
2411,749,1.0
2411,878,1.0
2411,2347,1.0
2411,3116,1.0
2411,3501,1.0
2411,2222,1.0
2411,2667,1.0
2411,3052,1.0
2411,3821,1.0
2411,3950,1.0
2412,44,1.0
2412,429,1.0
2412,1198,1.0
2412,1327,1.0
2412,1004,1.0
2412,1773,1.0
2412,1902,1.0
2412,623,1.0
2412,3116,1.0
2412,3501,1.0
2412,2222,1.0
2412,2351,1.0
2412,4076,1.0
2412,2797,1.0
2412,2926,1.0
2412,3695,1.0
2413,429,1.0
2413,1198,1.0
2413,1327,1.0
2413,48,1.0
2413,749,1.0
2413,878,1.0
2413,1647,1.0
2413,2032,1.0
2413,3501,1.0
2413,2222,1.0
2413,2351,1.0
2413,3120,1.0
2413,3821,1.0
2413,3950,1.0
2413,2671,1.0
2413,3056,1.0
2414,1198,1.0
2414,1327,1.0
2414,48,1.0
2414,433,1.0
2414,1902,1.0
2414,623,1.0
2414,1008,1.0
2414,1777,1.0
2414,2222,1.0
2414,2351,1.0
2414,3120,1.0
2414,3505,1.0
2414,2926,1.0
2414,3695,1.0
2414,4080,1.0
2414,2801,1.0
2415,1327,1.0
2415,48,1.0
2415,433,1.0
2415,1202,1.0
2415,1647,1.0
2415,2032,1.0
2415,753,1.0
2415,882,1.0
2415,2351,1.0
2415,3120,1.0
2415,3505,1.0
2415,2226,1.0
2415,2671,1.0
2415,3056,1.0
2415,3825,1.0
2415,3954,1.0
2416,48,1.0
2416,433,1.0
2416,1202,1.0
2416,1331,1.0
2416,1008,1.0
2416,1777,1.0
2416,1906,1.0
2416,627,1.0
2416,3120,1.0
2416,3505,1.0
2416,2226,1.0
2416,2355,1.0
2416,4080,1.0
2416,2801,1.0
2416,2930,1.0
2416,3699,1.0
2417,433,1.0
2417,1202,1.0
2417,1331,1.0
2417,52,1.0
2417,753,1.0
2417,882,1.0
2417,1651,1.0
2417,2036,1.0
2417,3505,1.0
2417,2226,1.0
2417,2355,1.0
2417,3124,1.0
2417,3825,1.0
2417,3954,1.0
2417,2675,1.0
2417,3060,1.0
2418,1202,1.0
2418,1331,1.0
2418,52,1.0
2418,437,1.0
2418,1906,1.0
2418,627,1.0
2418,1012,1.0
2418,1781,1.0
2418,2226,1.0
2418,2355,1.0
2418,3124,1.0
2418,3509,1.0
2418,2930,1.0
2418,3699,1.0
2418,4084,1.0
2418,2805,1.0
2419,1331,1.0
2419,52,1.0
2419,437,1.0
2419,1206,1.0
2419,1651,1.0
2419,2036,1.0
2419,757,1.0
2419,886,1.0
2419,2355,1.0
2419,3124,1.0
2419,3509,1.0
2419,2230,1.0
2419,2675,1.0
2419,3060,1.0
2419,3829,1.0
2419,3958,1.0
2420,52,1.0
2420,437,1.0
2420,1206,1.0
2420,1335,1.0
2420,1012,1.0
2420,1781,1.0
2420,1910,1.0
2420,631,1.0
2420,3124,1.0
2420,3509,1.0
2420,2230,1.0
2420,2359,1.0
2420,4084,1.0
2420,2805,1.0
2420,2934,1.0
2420,3703,1.0
2421,437,1.0
2421,1206,1.0
2421,1335,1.0
2421,56,1.0
2421,757,1.0
2421,886,1.0
2421,1655,1.0
2421,2040,1.0
2421,3509,1.0
2421,2230,1.0
2421,2359,1.0
2421,3128,1.0
2421,3829,1.0
2421,3958,1.0
2421,2679,1.0
2421,3064,1.0
2422,1206,1.0
2422,1335,1.0
2422,56,1.0
2422,441,1.0
2422,1910,1.0
2422,631,1.0
2422,1016,1.0
2422,1785,1.0
2422,2230,1.0
2422,2359,1.0
2422,3128,1.0
2422,3513,1.0
2422,2934,1.0
2422,3703,1.0
2422,4088,1.0
2422,2809,1.0
2423,1335,1.0
2423,56,1.0
2423,441,1.0
2423,1210,1.0
2423,1655,1.0
2423,2040,1.0
2423,761,1.0
2423,890,1.0
2423,2359,1.0
2423,3128,1.0
2423,3513,1.0
2423,2234,1.0
2423,2679,1.0
2423,3064,1.0
2423,3833,1.0
2423,3962,1.0
2424,56,1.0
2424,441,1.0
2424,1210,1.0
2424,1339,1.0
2424,1016,1.0
2424,1785,1.0
2424,1914,1.0
2424,635,1.0
2424,3128,1.0
2424,3513,1.0
2424,2234,1.0
2424,2363,1.0
2424,4088,1.0
2424,2809,1.0
2424,2938,1.0
2424,3707,1.0
2425,441,1.0
2425,1210,1.0
2425,1339,1.0
2425,60,1.0
2425,761,1.0
2425,890,1.0
2425,1659,1.0
2425,2044,1.0
2425,3513,1.0
2425,2234,1.0
2425,2363,1.0
2425,3132,1.0
2425,3833,1.0
2425,3962,1.0
2425,2683,1.0
2425,3068,1.0
2426,1210,1.0
2426,1339,1.0
2426,60,1.0
2426,445,1.0
2426,1914,1.0
2426,635,1.0
2426,1020,1.0
2426,1789,1.0
2426,2234,1.0
2426,2363,1.0
2426,3132,1.0
2426,3517,1.0
2426,2938,1.0
2426,3707,1.0
2426,4092,1.0
2426,2813,1.0
2427,1339,1.0
2427,60,1.0
2427,445,1.0
2427,1214,1.0
2427,1659,1.0
2427,2044,1.0
2427,765,1.0
2427,894,1.0
2427,2363,1.0
2427,3132,1.0
2427,3517,1.0
2427,2238,1.0
2427,2683,1.0
2427,3068,1.0
2427,3837,1.0
2427,3966,1.0
2428,60,1.0
2428,445,1.0
2428,1214,1.0
2428,1343,1.0
2428,1020,1.0
2428,1789,1.0
2428,1918,1.0
2428,639,1.0
2428,3132,1.0
2428,3517,1.0
2428,2238,1.0
2428,2367,1.0
2428,4092,1.0
2428,2813,1.0
2428,2942,1.0
2428,3711,1.0
2429,445,1.0
2429,1214,1.0
2429,1343,1.0
2429,0,1.0
2429,765,1.0
2429,894,1.0
2429,1663,1.0
2429,1984,1.0
2429,3517,1.0
2429,2238,1.0
2429,2367,1.0
2429,3072,1.0
2429,3837,1.0
2429,3966,1.0
2429,2687,1.0
2429,3008,1.0
2430,1214,1.0
2430,1343,1.0
2430,0,1.0
2430,385,1.0
2430,1918,1.0
2430,639,1.0
2430,960,1.0
2430,1729,1.0
2430,2238,1.0
2430,2367,1.0
2430,3072,1.0
2430,3457,1.0
2430,2942,1.0
2430,3711,1.0
2430,4032,1.0
2430,2753,1.0
2431,1343,1.0
2431,0,1.0
2431,385,1.0
2431,1154,1.0
2431,1663,1.0
2431,1984,1.0
2431,705,1.0
2431,834,1.0
2431,2367,1.0
2431,3072,1.0
2431,3457,1.0
2431,2178,1.0
2431,2687,1.0
2431,3008,1.0
2431,3777,1.0
2431,3906,1.0
2432,0,1.0
2432,385,1.0
2432,1154,1.0
2432,1283,1.0
2432,960,1.0
2432,1729,1.0
2432,1858,1.0
2432,579,1.0
2432,3072,1.0
2432,3457,1.0
2432,2178,1.0
2432,2307,1.0
2432,4032,1.0
2432,2753,1.0
2432,2882,1.0
2432,3651,1.0
2433,385,1.0
2433,1154,1.0
2433,1283,1.0
2433,4,1.0
2433,705,1.0
2433,834,1.0
2433,1603,1.0
2433,1988,1.0
2433,3457,1.0
2433,2178,1.0
2433,2307,1.0
2433,3076,1.0
2433,3777,1.0
2433,3906,1.0
2433,2627,1.0
2433,3012,1.0
2434,1154,1.0
2434,1283,1.0
2434,4,1.0
2434,389,1.0
2434,1858,1.0
2434,579,1.0
2434,964,1.0
2434,1733,1.0
2434,2178,1.0
2434,2307,1.0
2434,3076,1.0
2434,3461,1.0
2434,2882,1.0
2434,3651,1.0
2434,4036,1.0
2434,2757,1.0
2435,1283,1.0
2435,4,1.0
2435,389,1.0
2435,1158,1.0
2435,1603,1.0
2435,1988,1.0
2435,709,1.0
2435,838,1.0
2435,2307,1.0
2435,3076,1.0
2435,3461,1.0
2435,2182,1.0
2435,2627,1.0
2435,3012,1.0
2435,3781,1.0
2435,3910,1.0
2436,4,1.0
2436,389,1.0
2436,1158,1.0
2436,1287,1.0
2436,964,1.0
2436,1733,1.0
2436,1862,1.0
2436,583,1.0
2436,3076,1.0
2436,3461,1.0
2436,2182,1.0
2436,2311,1.0
2436,4036,1.0
2436,2757,1.0
2436,2886,1.0
2436,3655,1.0
2437,389,1.0
2437,1158,1.0
2437,1287,1.0
2437,8,1.0
2437,709,1.0
2437,838,1.0
2437,1607,1.0
2437,1992,1.0
2437,3461,1.0
2437,2182,1.0
2437,2311,1.0
2437,3080,1.0
2437,3781,1.0
2437,3910,1.0
2437,2631,1.0
2437,3016,1.0
2438,1158,1.0
2438,1287,1.0
2438,8,1.0
2438,393,1.0
2438,1862,1.0
2438,583,1.0
2438,968,1.0
2438,1737,1.0
2438,2182,1.0
2438,2311,1.0
2438,3080,1.0
2438,3465,1.0
2438,2886,1.0
2438,3655,1.0
2438,4040,1.0
2438,2761,1.0
2439,1287,1.0
2439,8,1.0
2439,393,1.0
2439,1162,1.0
2439,1607,1.0
2439,1992,1.0
2439,713,1.0
2439,842,1.0
2439,2311,1.0
2439,3080,1.0
2439,3465,1.0
2439,2186,1.0
2439,2631,1.0
2439,3016,1.0
2439,3785,1.0
2439,3914,1.0
2440,8,1.0
2440,393,1.0
2440,1162,1.0
2440,1291,1.0
2440,968,1.0
2440,1737,1.0
2440,1866,1.0
2440,587,1.0
2440,3080,1.0
2440,3465,1.0
2440,2186,1.0
2440,2315,1.0
2440,4040,1.0
2440,2761,1.0
2440,2890,1.0
2440,3659,1.0
2441,393,1.0
2441,1162,1.0
2441,1291,1.0
2441,12,1.0
2441,713,1.0
2441,842,1.0
2441,1611,1.0
2441,1996,1.0
2441,3465,1.0
2441,2186,1.0
2441,2315,1.0
2441,3084,1.0
2441,3785,1.0
2441,3914,1.0
2441,2635,1.0
2441,3020,1.0
2442,1162,1.0
2442,1291,1.0
2442,12,1.0
2442,397,1.0
2442,1866,1.0
2442,587,1.0
2442,972,1.0
2442,1741,1.0
2442,2186,1.0
2442,2315,1.0
2442,3084,1.0
2442,3469,1.0
2442,2890,1.0
2442,3659,1.0
2442,4044,1.0
2442,2765,1.0
2443,1291,1.0
2443,12,1.0
2443,397,1.0
2443,1166,1.0
2443,1611,1.0
2443,1996,1.0
2443,717,1.0
2443,846,1.0
2443,2315,1.0
2443,3084,1.0
2443,3469,1.0
2443,2190,1.0
2443,2635,1.0
2443,3020,1.0
2443,3789,1.0
2443,3918,1.0
2444,12,1.0
2444,397,1.0
2444,1166,1.0
2444,1295,1.0
2444,972,1.0
2444,1741,1.0
2444,1870,1.0
2444,591,1.0
2444,3084,1.0
2444,3469,1.0
2444,2190,1.0
2444,2319,1.0
2444,4044,1.0
2444,2765,1.0
2444,2894,1.0
2444,3663,1.0
2445,397,1.0
2445,1166,1.0
2445,1295,1.0
2445,16,1.0
2445,717,1.0
2445,846,1.0
2445,1615,1.0
2445,2000,1.0
2445,3469,1.0
2445,2190,1.0
2445,2319,1.0
2445,3088,1.0
2445,3789,1.0
2445,3918,1.0
2445,2639,1.0
2445,3024,1.0
2446,1166,1.0
2446,1295,1.0
2446,16,1.0
2446,401,1.0
2446,1870,1.0
2446,591,1.0
2446,976,1.0
2446,1745,1.0
2446,2190,1.0
2446,2319,1.0
2446,3088,1.0
2446,3473,1.0
2446,2894,1.0
2446,3663,1.0
2446,4048,1.0
2446,2769,1.0
2447,1295,1.0
2447,16,1.0
2447,401,1.0
2447,1170,1.0
2447,1615,1.0
2447,2000,1.0
2447,721,1.0
2447,850,1.0
2447,2319,1.0
2447,3088,1.0
2447,3473,1.0
2447,2194,1.0
2447,2639,1.0
2447,3024,1.0
2447,3793,1.0
2447,3922,1.0
2448,16,1.0
2448,401,1.0
2448,1170,1.0
2448,1299,1.0
2448,976,1.0
2448,1745,1.0
2448,1874,1.0
2448,595,1.0
2448,3088,1.0
2448,3473,1.0
2448,2194,1.0
2448,2323,1.0
2448,4048,1.0
2448,2769,1.0
2448,2898,1.0
2448,3667,1.0
2449,401,1.0
2449,1170,1.0
2449,1299,1.0
2449,20,1.0
2449,721,1.0
2449,850,1.0
2449,1619,1.0
2449,2004,1.0
2449,3473,1.0
2449,2194,1.0
2449,2323,1.0
2449,3092,1.0
2449,3793,1.0
2449,3922,1.0
2449,2643,1.0
2449,3028,1.0
2450,1170,1.0
2450,1299,1.0
2450,20,1.0
2450,405,1.0
2450,1874,1.0
2450,595,1.0
2450,980,1.0
2450,1749,1.0
2450,2194,1.0
2450,2323,1.0
2450,3092,1.0
2450,3477,1.0
2450,2898,1.0
2450,3667,1.0
2450,4052,1.0
2450,2773,1.0
2451,1299,1.0
2451,20,1.0
2451,405,1.0
2451,1174,1.0
2451,1619,1.0
2451,2004,1.0
2451,725,1.0
2451,854,1.0
2451,2323,1.0
2451,3092,1.0
2451,3477,1.0
2451,2198,1.0
2451,2643,1.0
2451,3028,1.0
2451,3797,1.0
2451,3926,1.0
2452,20,1.0
2452,405,1.0
2452,1174,1.0
2452,1303,1.0
2452,980,1.0
2452,1749,1.0
2452,1878,1.0
2452,599,1.0
2452,3092,1.0
2452,3477,1.0
2452,2198,1.0
2452,2327,1.0
2452,4052,1.0
2452,2773,1.0
2452,2902,1.0
2452,3671,1.0
2453,405,1.0
2453,1174,1.0
2453,1303,1.0
2453,24,1.0
2453,725,1.0
2453,854,1.0
2453,1623,1.0
2453,2008,1.0
2453,3477,1.0
2453,2198,1.0
2453,2327,1.0
2453,3096,1.0
2453,3797,1.0
2453,3926,1.0
2453,2647,1.0
2453,3032,1.0
2454,1174,1.0
2454,1303,1.0
2454,24,1.0
2454,409,1.0
2454,1878,1.0
2454,599,1.0
2454,984,1.0
2454,1753,1.0
2454,2198,1.0
2454,2327,1.0
2454,3096,1.0
2454,3481,1.0
2454,2902,1.0
2454,3671,1.0
2454,4056,1.0
2454,2777,1.0
2455,1303,1.0
2455,24,1.0
2455,409,1.0
2455,1178,1.0
2455,1623,1.0
2455,2008,1.0
2455,729,1.0
2455,858,1.0
2455,2327,1.0
2455,3096,1.0
2455,3481,1.0
2455,2202,1.0
2455,2647,1.0
2455,3032,1.0
2455,3801,1.0
2455,3930,1.0
2456,24,1.0
2456,409,1.0
2456,1178,1.0
2456,1307,1.0
2456,984,1.0
2456,1753,1.0
2456,1882,1.0
2456,603,1.0
2456,3096,1.0
2456,3481,1.0
2456,2202,1.0
2456,2331,1.0
2456,4056,1.0
2456,2777,1.0
2456,2906,1.0
2456,3675,1.0
2457,409,1.0
2457,1178,1.0
2457,1307,1.0
2457,28,1.0
2457,729,1.0
2457,858,1.0
2457,1627,1.0
2457,2012,1.0
2457,3481,1.0
2457,2202,1.0
2457,2331,1.0
2457,3100,1.0
2457,3801,1.0
2457,3930,1.0
2457,2651,1.0
2457,3036,1.0
2458,1178,1.0
2458,1307,1.0
2458,28,1.0
2458,413,1.0
2458,1882,1.0
2458,603,1.0
2458,988,1.0
2458,1757,1.0
2458,2202,1.0
2458,2331,1.0
2458,3100,1.0
2458,3485,1.0
2458,2906,1.0
2458,3675,1.0
2458,4060,1.0
2458,2781,1.0
2459,1307,1.0
2459,28,1.0
2459,413,1.0
2459,1182,1.0
2459,1627,1.0
2459,2012,1.0
2459,733,1.0
2459,862,1.0
2459,2331,1.0
2459,3100,1.0
2459,3485,1.0
2459,2206,1.0
2459,2651,1.0
2459,3036,1.0
2459,3805,1.0
2459,3934,1.0
2460,28,1.0
2460,413,1.0
2460,1182,1.0
2460,1311,1.0
2460,988,1.0
2460,1757,1.0
2460,1886,1.0
2460,607,1.0
2460,3100,1.0
2460,3485,1.0
2460,2206,1.0
2460,2335,1.0
2460,4060,1.0
2460,2781,1.0
2460,2910,1.0
2460,3679,1.0
2461,413,1.0
2461,1182,1.0
2461,1311,1.0
2461,32,1.0
2461,733,1.0
2461,862,1.0
2461,1631,1.0
2461,2016,1.0
2461,3485,1.0
2461,2206,1.0
2461,2335,1.0
2461,3104,1.0
2461,3805,1.0
2461,3934,1.0
2461,2655,1.0
2461,3040,1.0
2462,1182,1.0
2462,1311,1.0
2462,32,1.0
2462,417,1.0
2462,1886,1.0
2462,607,1.0
2462,992,1.0
2462,1761,1.0
2462,2206,1.0
2462,2335,1.0
2462,3104,1.0
2462,3489,1.0
2462,2910,1.0
2462,3679,1.0
2462,4064,1.0
2462,2785,1.0
2463,1311,1.0
2463,32,1.0
2463,417,1.0
2463,1186,1.0
2463,1631,1.0
2463,2016,1.0
2463,737,1.0
2463,866,1.0
2463,2335,1.0
2463,3104,1.0
2463,3489,1.0
2463,2210,1.0
2463,2655,1.0
2463,3040,1.0
2463,3809,1.0
2463,3938,1.0
2464,32,1.0
2464,417,1.0
2464,1186,1.0
2464,1315,1.0
2464,992,1.0
2464,1761,1.0
2464,1890,1.0
2464,611,1.0
2464,3104,1.0
2464,3489,1.0
2464,2210,1.0
2464,2339,1.0
2464,4064,1.0
2464,2785,1.0
2464,2914,1.0
2464,3683,1.0
2465,417,1.0
2465,1186,1.0
2465,1315,1.0
2465,36,1.0
2465,737,1.0
2465,866,1.0
2465,1635,1.0
2465,2020,1.0
2465,3489,1.0
2465,2210,1.0
2465,2339,1.0
2465,3108,1.0
2465,3809,1.0
2465,3938,1.0
2465,2659,1.0
2465,3044,1.0
2466,1186,1.0
2466,1315,1.0
2466,36,1.0
2466,421,1.0
2466,1890,1.0
2466,611,1.0
2466,996,1.0
2466,1765,1.0
2466,2210,1.0
2466,2339,1.0
2466,3108,1.0
2466,3493,1.0
2466,2914,1.0
2466,3683,1.0
2466,4068,1.0
2466,2789,1.0
2467,1315,1.0
2467,36,1.0
2467,421,1.0
2467,1190,1.0
2467,1635,1.0
2467,2020,1.0
2467,741,1.0
2467,870,1.0
2467,2339,1.0
2467,3108,1.0
2467,3493,1.0
2467,2214,1.0
2467,2659,1.0
2467,3044,1.0
2467,3813,1.0
2467,3942,1.0
2468,36,1.0
2468,421,1.0
2468,1190,1.0
2468,1319,1.0
2468,996,1.0
2468,1765,1.0
2468,1894,1.0
2468,615,1.0
2468,3108,1.0
2468,3493,1.0
2468,2214,1.0
2468,2343,1.0
2468,4068,1.0
2468,2789,1.0
2468,2918,1.0
2468,3687,1.0
2469,421,1.0
2469,1190,1.0
2469,1319,1.0
2469,40,1.0
2469,741,1.0
2469,870,1.0
2469,1639,1.0
2469,2024,1.0
2469,3493,1.0
2469,2214,1.0
2469,2343,1.0
2469,3112,1.0
2469,3813,1.0
2469,3942,1.0
2469,2663,1.0
2469,3048,1.0
2470,1190,1.0
2470,1319,1.0
2470,40,1.0
2470,425,1.0
2470,1894,1.0
2470,615,1.0
2470,1000,1.0
2470,1769,1.0
2470,2214,1.0
2470,2343,1.0
2470,3112,1.0
2470,3497,1.0
2470,2918,1.0
2470,3687,1.0
2470,4072,1.0
2470,2793,1.0
2471,1319,1.0
2471,40,1.0
2471,425,1.0
2471,1194,1.0
2471,1639,1.0
2471,2024,1.0
2471,745,1.0
2471,874,1.0
2471,2343,1.0
2471,3112,1.0
2471,3497,1.0
2471,2218,1.0
2471,2663,1.0
2471,3048,1.0
2471,3817,1.0
2471,3946,1.0
2472,40,1.0
2472,425,1.0
2472,1194,1.0
2472,1323,1.0
2472,1000,1.0
2472,1769,1.0
2472,1898,1.0
2472,619,1.0
2472,3112,1.0
2472,3497,1.0
2472,2218,1.0
2472,2347,1.0
2472,4072,1.0
2472,2793,1.0
2472,2922,1.0
2472,3691,1.0
2473,425,1.0
2473,1194,1.0
2473,1323,1.0
2473,44,1.0
2473,745,1.0
2473,874,1.0
2473,1643,1.0
2473,2028,1.0
2473,3497,1.0
2473,2218,1.0
2473,2347,1.0
2473,3116,1.0
2473,3817,1.0
2473,3946,1.0
2473,2667,1.0
2473,3052,1.0
2474,1194,1.0
2474,1323,1.0
2474,44,1.0
2474,429,1.0
2474,1898,1.0
2474,619,1.0
2474,1004,1.0
2474,1773,1.0
2474,2218,1.0
2474,2347,1.0
2474,3116,1.0
2474,3501,1.0
2474,2922,1.0
2474,3691,1.0
2474,4076,1.0
2474,2797,1.0
2475,1323,1.0
2475,44,1.0
2475,429,1.0
2475,1198,1.0
2475,1643,1.0
2475,2028,1.0
2475,749,1.0
2475,878,1.0
2475,2347,1.0
2475,3116,1.0
2475,3501,1.0
2475,2222,1.0
2475,2667,1.0
2475,3052,1.0
2475,3821,1.0
2475,3950,1.0
2476,44,1.0
2476,429,1.0
2476,1198,1.0
2476,1327,1.0
2476,1004,1.0
2476,1773,1.0
2476,1902,1.0
2476,623,1.0
2476,3116,1.0
2476,3501,1.0
2476,2222,1.0
2476,2351,1.0
2476,4076,1.0
2476,2797,1.0
2476,2926,1.0
2476,3695,1.0
2477,429,1.0
2477,1198,1.0
2477,1327,1.0
2477,48,1.0
2477,749,1.0
2477,878,1.0
2477,1647,1.0
2477,2032,1.0
2477,3501,1.0
2477,2222,1.0
2477,2351,1.0
2477,3120,1.0
2477,3821,1.0
2477,3950,1.0
2477,2671,1.0
2477,3056,1.0
2478,1198,1.0
2478,1327,1.0
2478,48,1.0
2478,433,1.0
2478,1902,1.0
2478,623,1.0
2478,1008,1.0
2478,1777,1.0
2478,2222,1.0
2478,2351,1.0
2478,3120,1.0
2478,3505,1.0
2478,2926,1.0
2478,3695,1.0
2478,4080,1.0
2478,2801,1.0
2479,1327,1.0
2479,48,1.0
2479,433,1.0
2479,1202,1.0
2479,1647,1.0
2479,2032,1.0
2479,753,1.0
2479,882,1.0
2479,2351,1.0
2479,3120,1.0
2479,3505,1.0
2479,2226,1.0
2479,2671,1.0
2479,3056,1.0
2479,3825,1.0
2479,3954,1.0
2480,48,1.0
2480,433,1.0
2480,1202,1.0
2480,1331,1.0
2480,1008,1.0
2480,1777,1.0
2480,1906,1.0
2480,627,1.0
2480,3120,1.0
2480,3505,1.0
2480,2226,1.0
2480,2355,1.0
2480,4080,1.0
2480,2801,1.0
2480,2930,1.0
2480,3699,1.0
2481,433,1.0
2481,1202,1.0
2481,1331,1.0
2481,52,1.0
2481,753,1.0
2481,882,1.0
2481,1651,1.0
2481,2036,1.0
2481,3505,1.0
2481,2226,1.0
2481,2355,1.0
2481,3124,1.0
2481,3825,1.0
2481,3954,1.0
2481,2675,1.0
2481,3060,1.0
2482,1202,1.0
2482,1331,1.0
2482,52,1.0
2482,437,1.0
2482,1906,1.0
2482,627,1.0
2482,1012,1.0
2482,1781,1.0
2482,2226,1.0
2482,2355,1.0
2482,3124,1.0
2482,3509,1.0
2482,2930,1.0
2482,3699,1.0
2482,4084,1.0
2482,2805,1.0
2483,1331,1.0
2483,52,1.0
2483,437,1.0
2483,1206,1.0
2483,1651,1.0
2483,2036,1.0
2483,757,1.0
2483,886,1.0
2483,2355,1.0
2483,3124,1.0
2483,3509,1.0
2483,2230,1.0
2483,2675,1.0
2483,3060,1.0
2483,3829,1.0
2483,3958,1.0
2484,52,1.0
2484,437,1.0
2484,1206,1.0
2484,1335,1.0
2484,1012,1.0
2484,1781,1.0
2484,1910,1.0
2484,631,1.0
2484,3124,1.0
2484,3509,1.0
2484,2230,1.0
2484,2359,1.0
2484,4084,1.0
2484,2805,1.0
2484,2934,1.0
2484,3703,1.0
2485,437,1.0
2485,1206,1.0
2485,1335,1.0
2485,56,1.0
2485,757,1.0
2485,886,1.0
2485,1655,1.0
2485,2040,1.0
2485,3509,1.0
2485,2230,1.0
2485,2359,1.0
2485,3128,1.0
2485,3829,1.0
2485,3958,1.0
2485,2679,1.0
2485,3064,1.0
2486,1206,1.0
2486,1335,1.0
2486,56,1.0
2486,441,1.0
2486,1910,1.0
2486,631,1.0
2486,1016,1.0
2486,1785,1.0
2486,2230,1.0
2486,2359,1.0
2486,3128,1.0
2486,3513,1.0
2486,2934,1.0
2486,3703,1.0
2486,4088,1.0
2486,2809,1.0
2487,1335,1.0
2487,56,1.0
2487,441,1.0
2487,1210,1.0
2487,1655,1.0
2487,2040,1.0
2487,761,1.0
2487,890,1.0
2487,2359,1.0
2487,3128,1.0
2487,3513,1.0
2487,2234,1.0
2487,2679,1.0
2487,3064,1.0
2487,3833,1.0
2487,3962,1.0
2488,56,1.0
2488,441,1.0
2488,1210,1.0
2488,1339,1.0
2488,1016,1.0
2488,1785,1.0
2488,1914,1.0
2488,635,1.0
2488,3128,1.0
2488,3513,1.0
2488,2234,1.0
2488,2363,1.0
2488,4088,1.0
2488,2809,1.0
2488,2938,1.0
2488,3707,1.0
2489,441,1.0
2489,1210,1.0
2489,1339,1.0
2489,60,1.0
2489,761,1.0
2489,890,1.0
2489,1659,1.0
2489,2044,1.0
2489,3513,1.0
2489,2234,1.0
2489,2363,1.0
2489,3132,1.0
2489,3833,1.0
2489,3962,1.0
2489,2683,1.0
2489,3068,1.0
2490,1210,1.0
2490,1339,1.0
2490,60,1.0
2490,445,1.0
2490,1914,1.0
2490,635,1.0
2490,1020,1.0
2490,1789,1.0
2490,2234,1.0
2490,2363,1.0
2490,3132,1.0
2490,3517,1.0
2490,2938,1.0
2490,3707,1.0
2490,4092,1.0
2490,2813,1.0
2491,1339,1.0
2491,60,1.0
2491,445,1.0
2491,1214,1.0
2491,1659,1.0
2491,2044,1.0
2491,765,1.0
2491,894,1.0
2491,2363,1.0
2491,3132,1.0
2491,3517,1.0
2491,2238,1.0
2491,2683,1.0
2491,3068,1.0
2491,3837,1.0
2491,3966,1.0
2492,60,1.0
2492,445,1.0
2492,1214,1.0
2492,1343,1.0
2492,1020,1.0
2492,1789,1.0
2492,1918,1.0
2492,639,1.0
2492,3132,1.0
2492,3517,1.0
2492,2238,1.0
2492,2367,1.0
2492,4092,1.0
2492,2813,1.0
2492,2942,1.0
2492,3711,1.0
2493,445,1.0
2493,1214,1.0
2493,1343,1.0
2493,0,1.0
2493,765,1.0
2493,894,1.0
2493,1663,1.0
2493,1984,1.0
2493,3517,1.0
2493,2238,1.0
2493,2367,1.0
2493,3072,1.0
2493,3837,1.0
2493,3966,1.0
2493,2687,1.0
2493,3008,1.0
2494,1214,1.0
2494,1343,1.0
2494,0,1.0
2494,385,1.0
2494,1918,1.0
2494,639,1.0
2494,960,1.0
2494,1729,1.0
2494,2238,1.0
2494,2367,1.0
2494,3072,1.0
2494,3457,1.0
2494,2942,1.0
2494,3711,1.0
2494,4032,1.0
2494,2753,1.0
2495,1343,1.0
2495,0,1.0
2495,385,1.0
2495,1154,1.0
2495,1663,1.0
2495,1984,1.0
2495,705,1.0
2495,834,1.0
2495,2367,1.0
2495,3072,1.0
2495,3457,1.0
2495,2178,1.0
2495,2687,1.0
2495,3008,1.0
2495,3777,1.0
2495,3906,1.0
2496,0,1.0
2496,385,1.0
2496,1154,1.0
2496,1283,1.0
2496,960,1.0
2496,1729,1.0
2496,1858,1.0
2496,579,1.0
2496,3072,1.0
2496,3457,1.0
2496,2178,1.0
2496,2307,1.0
2496,4032,1.0
2496,2753,1.0
2496,2882,1.0
2496,3651,1.0
2497,385,1.0
2497,1154,1.0
2497,1283,1.0
2497,4,1.0
2497,705,1.0
2497,834,1.0
2497,1603,1.0
2497,1988,1.0
2497,3457,1.0
2497,2178,1.0
2497,2307,1.0
2497,3076,1.0
2497,3777,1.0
2497,3906,1.0
2497,2627,1.0
2497,3012,1.0
2498,1154,1.0
2498,1283,1.0
2498,4,1.0
2498,389,1.0
2498,1858,1.0
2498,579,1.0
2498,964,1.0
2498,1733,1.0
2498,2178,1.0
2498,2307,1.0
2498,3076,1.0
2498,3461,1.0
2498,2882,1.0
2498,3651,1.0
2498,4036,1.0
2498,2757,1.0
2499,1283,1.0
2499,4,1.0
2499,389,1.0
2499,1158,1.0
2499,1603,1.0
2499,1988,1.0
2499,709,1.0
2499,838,1.0
2499,2307,1.0
2499,3076,1.0
2499,3461,1.0
2499,2182,1.0
2499,2627,1.0
2499,3012,1.0
2499,3781,1.0
2499,3910,1.0
2500,4,1.0
2500,389,1.0
2500,1158,1.0
2500,1287,1.0
2500,964,1.0
2500,1733,1.0
2500,1862,1.0
2500,583,1.0
2500,3076,1.0
2500,3461,1.0
2500,2182,1.0
2500,2311,1.0
2500,4036,1.0
2500,2757,1.0
2500,2886,1.0
2500,3655,1.0
2501,389,1.0
2501,1158,1.0
2501,1287,1.0
2501,8,1.0
2501,709,1.0
2501,838,1.0
2501,1607,1.0
2501,1992,1.0
2501,3461,1.0
2501,2182,1.0
2501,2311,1.0
2501,3080,1.0
2501,3781,1.0
2501,3910,1.0
2501,2631,1.0
2501,3016,1.0
2502,1158,1.0
2502,1287,1.0
2502,8,1.0
2502,393,1.0
2502,1862,1.0
2502,583,1.0
2502,968,1.0
2502,1737,1.0
2502,2182,1.0
2502,2311,1.0
2502,3080,1.0
2502,3465,1.0
2502,2886,1.0
2502,3655,1.0
2502,4040,1.0
2502,2761,1.0
2503,1287,1.0
2503,8,1.0
2503,393,1.0
2503,1162,1.0
2503,1607,1.0
2503,1992,1.0
2503,713,1.0
2503,842,1.0
2503,2311,1.0
2503,3080,1.0
2503,3465,1.0
2503,2186,1.0
2503,2631,1.0
2503,3016,1.0
2503,3785,1.0
2503,3914,1.0
2504,8,1.0
2504,393,1.0
2504,1162,1.0
2504,1291,1.0
2504,968,1.0
2504,1737,1.0
2504,1866,1.0
2504,587,1.0
2504,3080,1.0
2504,3465,1.0
2504,2186,1.0
2504,2315,1.0
2504,4040,1.0
2504,2761,1.0
2504,2890,1.0
2504,3659,1.0
2505,393,1.0
2505,1162,1.0
2505,1291,1.0
2505,12,1.0
2505,713,1.0
2505,842,1.0
2505,1611,1.0
2505,1996,1.0
2505,3465,1.0
2505,2186,1.0
2505,2315,1.0
2505,3084,1.0
2505,3785,1.0
2505,3914,1.0
2505,2635,1.0
2505,3020,1.0
2506,1162,1.0
2506,1291,1.0
2506,12,1.0
2506,397,1.0
2506,1866,1.0
2506,587,1.0
2506,972,1.0
2506,1741,1.0
2506,2186,1.0
2506,2315,1.0
2506,3084,1.0
2506,3469,1.0
2506,2890,1.0
2506,3659,1.0
2506,4044,1.0
2506,2765,1.0
2507,1291,1.0
2507,12,1.0
2507,397,1.0
2507,1166,1.0
2507,1611,1.0
2507,1996,1.0
2507,717,1.0
2507,846,1.0
2507,2315,1.0
2507,3084,1.0
2507,3469,1.0
2507,2190,1.0
2507,2635,1.0
2507,3020,1.0
2507,3789,1.0
2507,3918,1.0
2508,12,1.0
2508,397,1.0
2508,1166,1.0
2508,1295,1.0
2508,972,1.0
2508,1741,1.0
2508,1870,1.0
2508,591,1.0
2508,3084,1.0
2508,3469,1.0
2508,2190,1.0
2508,2319,1.0
2508,4044,1.0
2508,2765,1.0
2508,2894,1.0
2508,3663,1.0
2509,397,1.0
2509,1166,1.0
2509,1295,1.0
2509,16,1.0
2509,717,1.0
2509,846,1.0
2509,1615,1.0
2509,2000,1.0
2509,3469,1.0
2509,2190,1.0
2509,2319,1.0
2509,3088,1.0
2509,3789,1.0
2509,3918,1.0
2509,2639,1.0
2509,3024,1.0
2510,1166,1.0
2510,1295,1.0
2510,16,1.0
2510,401,1.0
2510,1870,1.0
2510,591,1.0
2510,976,1.0
2510,1745,1.0
2510,2190,1.0
2510,2319,1.0
2510,3088,1.0
2510,3473,1.0
2510,2894,1.0
2510,3663,1.0
2510,4048,1.0
2510,2769,1.0
2511,1295,1.0
2511,16,1.0
2511,401,1.0
2511,1170,1.0
2511,1615,1.0
2511,2000,1.0
2511,721,1.0
2511,850,1.0
2511,2319,1.0
2511,3088,1.0
2511,3473,1.0
2511,2194,1.0
2511,2639,1.0
2511,3024,1.0
2511,3793,1.0
2511,3922,1.0
2512,16,1.0
2512,401,1.0
2512,1170,1.0
2512,1299,1.0
2512,976,1.0
2512,1745,1.0
2512,1874,1.0
2512,595,1.0
2512,3088,1.0
2512,3473,1.0
2512,2194,1.0
2512,2323,1.0
2512,4048,1.0
2512,2769,1.0
2512,2898,1.0
2512,3667,1.0
2513,401,1.0
2513,1170,1.0
2513,1299,1.0
2513,20,1.0
2513,721,1.0
2513,850,1.0
2513,1619,1.0
2513,2004,1.0
2513,3473,1.0
2513,2194,1.0
2513,2323,1.0
2513,3092,1.0
2513,3793,1.0
2513,3922,1.0
2513,2643,1.0
2513,3028,1.0
2514,1170,1.0
2514,1299,1.0
2514,20,1.0
2514,405,1.0
2514,1874,1.0
2514,595,1.0
2514,980,1.0
2514,1749,1.0
2514,2194,1.0
2514,2323,1.0
2514,3092,1.0
2514,3477,1.0
2514,2898,1.0
2514,3667,1.0
2514,4052,1.0
2514,2773,1.0
2515,1299,1.0
2515,20,1.0
2515,405,1.0
2515,1174,1.0
2515,1619,1.0
2515,2004,1.0
2515,725,1.0
2515,854,1.0
2515,2323,1.0
2515,3092,1.0
2515,3477,1.0
2515,2198,1.0
2515,2643,1.0
2515,3028,1.0
2515,3797,1.0
2515,3926,1.0
2516,20,1.0
2516,405,1.0
2516,1174,1.0
2516,1303,1.0
2516,980,1.0
2516,1749,1.0
2516,1878,1.0
2516,599,1.0
2516,3092,1.0
2516,3477,1.0
2516,2198,1.0
2516,2327,1.0
2516,4052,1.0
2516,2773,1.0
2516,2902,1.0
2516,3671,1.0
2517,405,1.0
2517,1174,1.0
2517,1303,1.0
2517,24,1.0
2517,725,1.0
2517,854,1.0
2517,1623,1.0
2517,2008,1.0
2517,3477,1.0
2517,2198,1.0
2517,2327,1.0
2517,3096,1.0
2517,3797,1.0
2517,3926,1.0
2517,2647,1.0
2517,3032,1.0
2518,1174,1.0
2518,1303,1.0
2518,24,1.0
2518,409,1.0
2518,1878,1.0
2518,599,1.0
2518,984,1.0
2518,1753,1.0
2518,2198,1.0
2518,2327,1.0
2518,3096,1.0
2518,3481,1.0
2518,2902,1.0
2518,3671,1.0
2518,4056,1.0
2518,2777,1.0
2519,1303,1.0
2519,24,1.0
2519,409,1.0
2519,1178,1.0
2519,1623,1.0
2519,2008,1.0
2519,729,1.0
2519,858,1.0
2519,2327,1.0
2519,3096,1.0
2519,3481,1.0
2519,2202,1.0
2519,2647,1.0
2519,3032,1.0
2519,3801,1.0
2519,3930,1.0
2520,24,1.0
2520,409,1.0
2520,1178,1.0
2520,1307,1.0
2520,984,1.0
2520,1753,1.0
2520,1882,1.0
2520,603,1.0
2520,3096,1.0
2520,3481,1.0
2520,2202,1.0
2520,2331,1.0
2520,4056,1.0
2520,2777,1.0
2520,2906,1.0
2520,3675,1.0
2521,409,1.0
2521,1178,1.0
2521,1307,1.0
2521,28,1.0
2521,729,1.0
2521,858,1.0
2521,1627,1.0
2521,2012,1.0
2521,3481,1.0
2521,2202,1.0
2521,2331,1.0
2521,3100,1.0
2521,3801,1.0
2521,3930,1.0
2521,2651,1.0
2521,3036,1.0
2522,1178,1.0
2522,1307,1.0
2522,28,1.0
2522,413,1.0
2522,1882,1.0
2522,603,1.0
2522,988,1.0
2522,1757,1.0
2522,2202,1.0
2522,2331,1.0
2522,3100,1.0
2522,3485,1.0
2522,2906,1.0
2522,3675,1.0
2522,4060,1.0
2522,2781,1.0
2523,1307,1.0
2523,28,1.0
2523,413,1.0
2523,1182,1.0
2523,1627,1.0
2523,2012,1.0
2523,733,1.0
2523,862,1.0
2523,2331,1.0
2523,3100,1.0
2523,3485,1.0
2523,2206,1.0
2523,2651,1.0
2523,3036,1.0
2523,3805,1.0
2523,3934,1.0
2524,28,1.0
2524,413,1.0
2524,1182,1.0
2524,1311,1.0
2524,988,1.0
2524,1757,1.0
2524,1886,1.0
2524,607,1.0
2524,3100,1.0
2524,3485,1.0
2524,2206,1.0
2524,2335,1.0
2524,4060,1.0
2524,2781,1.0
2524,2910,1.0
2524,3679,1.0
2525,413,1.0
2525,1182,1.0
2525,1311,1.0
2525,32,1.0
2525,733,1.0
2525,862,1.0
2525,1631,1.0
2525,2016,1.0
2525,3485,1.0
2525,2206,1.0
2525,2335,1.0
2525,3104,1.0
2525,3805,1.0
2525,3934,1.0
2525,2655,1.0
2525,3040,1.0
2526,1182,1.0
2526,1311,1.0
2526,32,1.0
2526,417,1.0
2526,1886,1.0
2526,607,1.0
2526,992,1.0
2526,1761,1.0
2526,2206,1.0
2526,2335,1.0
2526,3104,1.0
2526,3489,1.0
2526,2910,1.0
2526,3679,1.0
2526,4064,1.0
2526,2785,1.0
2527,1311,1.0
2527,32,1.0
2527,417,1.0
2527,1186,1.0
2527,1631,1.0
2527,2016,1.0
2527,737,1.0
2527,866,1.0
2527,2335,1.0
2527,3104,1.0
2527,3489,1.0
2527,2210,1.0
2527,2655,1.0
2527,3040,1.0
2527,3809,1.0
2527,3938,1.0
2528,32,1.0
2528,417,1.0
2528,1186,1.0
2528,1315,1.0
2528,992,1.0
2528,1761,1.0
2528,1890,1.0
2528,611,1.0
2528,3104,1.0
2528,3489,1.0
2528,2210,1.0
2528,2339,1.0
2528,4064,1.0
2528,2785,1.0
2528,2914,1.0
2528,3683,1.0
2529,417,1.0
2529,1186,1.0
2529,1315,1.0
2529,36,1.0
2529,737,1.0
2529,866,1.0
2529,1635,1.0
2529,2020,1.0
2529,3489,1.0
2529,2210,1.0
2529,2339,1.0
2529,3108,1.0
2529,3809,1.0
2529,3938,1.0
2529,2659,1.0
2529,3044,1.0
2530,1186,1.0
2530,1315,1.0
2530,36,1.0
2530,421,1.0
2530,1890,1.0
2530,611,1.0
2530,996,1.0
2530,1765,1.0
2530,2210,1.0
2530,2339,1.0
2530,3108,1.0
2530,3493,1.0
2530,2914,1.0
2530,3683,1.0
2530,4068,1.0
2530,2789,1.0
2531,1315,1.0
2531,36,1.0
2531,421,1.0
2531,1190,1.0
2531,1635,1.0
2531,2020,1.0
2531,741,1.0
2531,870,1.0
2531,2339,1.0
2531,3108,1.0
2531,3493,1.0
2531,2214,1.0
2531,2659,1.0
2531,3044,1.0
2531,3813,1.0
2531,3942,1.0
2532,36,1.0
2532,421,1.0
2532,1190,1.0
2532,1319,1.0
2532,996,1.0
2532,1765,1.0
2532,1894,1.0
2532,615,1.0
2532,3108,1.0
2532,3493,1.0
2532,2214,1.0
2532,2343,1.0
2532,4068,1.0
2532,2789,1.0
2532,2918,1.0
2532,3687,1.0
2533,421,1.0
2533,1190,1.0
2533,1319,1.0
2533,40,1.0
2533,741,1.0
2533,870,1.0
2533,1639,1.0
2533,2024,1.0
2533,3493,1.0
2533,2214,1.0
2533,2343,1.0
2533,3112,1.0
2533,3813,1.0
2533,3942,1.0
2533,2663,1.0
2533,3048,1.0
2534,1190,1.0
2534,1319,1.0
2534,40,1.0
2534,425,1.0
2534,1894,1.0
2534,615,1.0
2534,1000,1.0
2534,1769,1.0
2534,2214,1.0
2534,2343,1.0
2534,3112,1.0
2534,3497,1.0
2534,2918,1.0
2534,3687,1.0
2534,4072,1.0
2534,2793,1.0
2535,1319,1.0
2535,40,1.0
2535,425,1.0
2535,1194,1.0
2535,1639,1.0
2535,2024,1.0
2535,745,1.0
2535,874,1.0
2535,2343,1.0
2535,3112,1.0
2535,3497,1.0
2535,2218,1.0
2535,2663,1.0
2535,3048,1.0
2535,3817,1.0
2535,3946,1.0
2536,40,1.0
2536,425,1.0
2536,1194,1.0
2536,1323,1.0
2536,1000,1.0
2536,1769,1.0
2536,1898,1.0
2536,619,1.0
2536,3112,1.0
2536,3497,1.0
2536,2218,1.0
2536,2347,1.0
2536,4072,1.0
2536,2793,1.0
2536,2922,1.0
2536,3691,1.0
2537,425,1.0
2537,1194,1.0
2537,1323,1.0
2537,44,1.0
2537,745,1.0
2537,874,1.0
2537,1643,1.0
2537,2028,1.0
2537,3497,1.0
2537,2218,1.0
2537,2347,1.0
2537,3116,1.0
2537,3817,1.0
2537,3946,1.0
2537,2667,1.0
2537,3052,1.0
2538,1194,1.0
2538,1323,1.0
2538,44,1.0
2538,429,1.0
2538,1898,1.0
2538,619,1.0
2538,1004,1.0
2538,1773,1.0
2538,2218,1.0
2538,2347,1.0
2538,3116,1.0
2538,3501,1.0
2538,2922,1.0
2538,3691,1.0
2538,4076,1.0
2538,2797,1.0
2539,1323,1.0
2539,44,1.0
2539,429,1.0
2539,1198,1.0
2539,1643,1.0
2539,2028,1.0
2539,749,1.0
2539,878,1.0
2539,2347,1.0
2539,3116,1.0
2539,3501,1.0
2539,2222,1.0
2539,2667,1.0
2539,3052,1.0
2539,3821,1.0
2539,3950,1.0
2540,44,1.0
2540,429,1.0
2540,1198,1.0
2540,1327,1.0
2540,1004,1.0
2540,1773,1.0
2540,1902,1.0
2540,623,1.0
2540,3116,1.0
2540,3501,1.0
2540,2222,1.0
2540,2351,1.0
2540,4076,1.0
2540,2797,1.0
2540,2926,1.0
2540,3695,1.0
2541,429,1.0
2541,1198,1.0
2541,1327,1.0
2541,48,1.0
2541,749,1.0
2541,878,1.0
2541,1647,1.0
2541,2032,1.0
2541,3501,1.0
2541,2222,1.0
2541,2351,1.0
2541,3120,1.0
2541,3821,1.0
2541,3950,1.0
2541,2671,1.0
2541,3056,1.0
2542,1198,1.0
2542,1327,1.0
2542,48,1.0
2542,433,1.0
2542,1902,1.0
2542,623,1.0
2542,1008,1.0
2542,1777,1.0
2542,2222,1.0
2542,2351,1.0
2542,3120,1.0
2542,3505,1.0
2542,2926,1.0
2542,3695,1.0
2542,4080,1.0
2542,2801,1.0
2543,1327,1.0
2543,48,1.0
2543,433,1.0
2543,1202,1.0
2543,1647,1.0
2543,2032,1.0
2543,753,1.0
2543,882,1.0
2543,2351,1.0
2543,3120,1.0
2543,3505,1.0
2543,2226,1.0
2543,2671,1.0
2543,3056,1.0
2543,3825,1.0
2543,3954,1.0
2544,48,1.0
2544,433,1.0
2544,1202,1.0
2544,1331,1.0
2544,1008,1.0
2544,1777,1.0
2544,1906,1.0
2544,627,1.0
2544,3120,1.0
2544,3505,1.0
2544,2226,1.0
2544,2355,1.0
2544,4080,1.0
2544,2801,1.0
2544,2930,1.0
2544,3699,1.0
2545,433,1.0
2545,1202,1.0
2545,1331,1.0
2545,52,1.0
2545,753,1.0
2545,882,1.0
2545,1651,1.0
2545,2036,1.0
2545,3505,1.0
2545,2226,1.0
2545,2355,1.0
2545,3124,1.0
2545,3825,1.0
2545,3954,1.0
2545,2675,1.0
2545,3060,1.0
2546,1202,1.0
2546,1331,1.0
2546,52,1.0
2546,437,1.0
2546,1906,1.0
2546,627,1.0
2546,1012,1.0
2546,1781,1.0
2546,2226,1.0
2546,2355,1.0
2546,3124,1.0
2546,3509,1.0
2546,2930,1.0
2546,3699,1.0
2546,4084,1.0
2546,2805,1.0
2547,1331,1.0
2547,52,1.0
2547,437,1.0
2547,1206,1.0
2547,1651,1.0
2547,2036,1.0
2547,757,1.0
2547,886,1.0
2547,2355,1.0
2547,3124,1.0
2547,3509,1.0
2547,2230,1.0
2547,2675,1.0
2547,3060,1.0
2547,3829,1.0
2547,3958,1.0
2548,52,1.0
2548,437,1.0
2548,1206,1.0
2548,1335,1.0
2548,1012,1.0
2548,1781,1.0
2548,1910,1.0
2548,631,1.0
2548,3124,1.0
2548,3509,1.0
2548,2230,1.0
2548,2359,1.0
2548,4084,1.0
2548,2805,1.0
2548,2934,1.0
2548,3703,1.0
2549,437,1.0
2549,1206,1.0
2549,1335,1.0
2549,56,1.0
2549,757,1.0
2549,886,1.0
2549,1655,1.0
2549,2040,1.0
2549,3509,1.0
2549,2230,1.0
2549,2359,1.0
2549,3128,1.0
2549,3829,1.0
2549,3958,1.0
2549,2679,1.0
2549,3064,1.0
2550,1206,1.0
2550,1335,1.0
2550,56,1.0
2550,441,1.0
2550,1910,1.0
2550,631,1.0
2550,1016,1.0
2550,1785,1.0
2550,2230,1.0
2550,2359,1.0
2550,3128,1.0
2550,3513,1.0
2550,2934,1.0
2550,3703,1.0
2550,4088,1.0
2550,2809,1.0
2551,1335,1.0
2551,56,1.0
2551,441,1.0
2551,1210,1.0
2551,1655,1.0
2551,2040,1.0
2551,761,1.0
2551,890,1.0
2551,2359,1.0
2551,3128,1.0
2551,3513,1.0
2551,2234,1.0
2551,2679,1.0
2551,3064,1.0
2551,3833,1.0
2551,3962,1.0
2552,56,1.0
2552,441,1.0
2552,1210,1.0
2552,1339,1.0
2552,1016,1.0
2552,1785,1.0
2552,1914,1.0
2552,635,1.0
2552,3128,1.0
2552,3513,1.0
2552,2234,1.0
2552,2363,1.0
2552,4088,1.0
2552,2809,1.0
2552,2938,1.0
2552,3707,1.0
2553,441,1.0
2553,1210,1.0
2553,1339,1.0
2553,60,1.0
2553,761,1.0
2553,890,1.0
2553,1659,1.0
2553,2044,1.0
2553,3513,1.0
2553,2234,1.0
2553,2363,1.0
2553,3132,1.0
2553,3833,1.0
2553,3962,1.0
2553,2683,1.0
2553,3068,1.0
2554,1210,1.0
2554,1339,1.0
2554,60,1.0
2554,445,1.0
2554,1914,1.0
2554,635,1.0
2554,1020,1.0
2554,1789,1.0
2554,2234,1.0
2554,2363,1.0
2554,3132,1.0
2554,3517,1.0
2554,2938,1.0
2554,3707,1.0
2554,4092,1.0
2554,2813,1.0
2555,1339,1.0
2555,60,1.0
2555,445,1.0
2555,1214,1.0
2555,1659,1.0
2555,2044,1.0
2555,765,1.0
2555,894,1.0
2555,2363,1.0
2555,3132,1.0
2555,3517,1.0
2555,2238,1.0
2555,2683,1.0
2555,3068,1.0
2555,3837,1.0
2555,3966,1.0
2556,60,1.0
2556,445,1.0
2556,1214,1.0
2556,1343,1.0
2556,1020,1.0
2556,1789,1.0
2556,1918,1.0
2556,639,1.0
2556,3132,1.0
2556,3517,1.0
2556,2238,1.0
2556,2367,1.0
2556,4092,1.0
2556,2813,1.0
2556,2942,1.0
2556,3711,1.0
2557,445,1.0
2557,1214,1.0
2557,1343,1.0
2557,0,1.0
2557,765,1.0
2557,894,1.0
2557,1663,1.0
2557,1984,1.0
2557,3517,1.0
2557,2238,1.0
2557,2367,1.0
2557,3072,1.0
2557,3837,1.0
2557,3966,1.0
2557,2687,1.0
2557,3008,1.0
2558,1214,1.0
2558,1343,1.0
2558,0,1.0
2558,385,1.0
2558,1918,1.0
2558,639,1.0
2558,960,1.0
2558,1729,1.0
2558,2238,1.0
2558,2367,1.0
2558,3072,1.0
2558,3457,1.0
2558,2942,1.0
2558,3711,1.0
2558,4032,1.0
2558,2753,1.0
2559,1343,1.0
2559,0,1.0
2559,385,1.0
2559,1154,1.0
2559,1663,1.0
2559,1984,1.0
2559,705,1.0
2559,834,1.0
2559,2367,1.0
2559,3072,1.0
2559,3457,1.0
2559,2178,1.0
2559,2687,1.0
2559,3008,1.0
2559,3777,1.0
2559,3906,1.0
2560,0,1.0
2560,385,1.0
2560,1154,1.0
2560,1283,1.0
2560,960,1.0
2560,1729,1.0
2560,1858,1.0
2560,579,1.0
2560,3072,1.0
2560,3457,1.0
2560,2178,1.0
2560,2307,1.0
2560,4032,1.0
2560,2753,1.0
2560,2882,1.0
2560,3651,1.0
2561,385,1.0
2561,1154,1.0
2561,1283,1.0
2561,4,1.0
2561,705,1.0
2561,834,1.0
2561,1603,1.0
2561,1988,1.0
2561,3457,1.0
2561,2178,1.0
2561,2307,1.0
2561,3076,1.0
2561,3777,1.0
2561,3906,1.0
2561,2627,1.0
2561,3012,1.0
2562,1154,1.0
2562,1283,1.0
2562,4,1.0
2562,389,1.0
2562,1858,1.0
2562,579,1.0
2562,964,1.0
2562,1733,1.0
2562,2178,1.0
2562,2307,1.0
2562,3076,1.0
2562,3461,1.0
2562,2882,1.0
2562,3651,1.0
2562,4036,1.0
2562,2757,1.0
2563,1283,1.0
2563,4,1.0
2563,389,1.0
2563,1158,1.0
2563,1603,1.0
2563,1988,1.0
2563,709,1.0
2563,838,1.0
2563,2307,1.0
2563,3076,1.0
2563,3461,1.0
2563,2182,1.0
2563,2627,1.0
2563,3012,1.0
2563,3781,1.0
2563,3910,1.0
2564,4,1.0
2564,389,1.0
2564,1158,1.0
2564,1287,1.0
2564,964,1.0
2564,1733,1.0
2564,1862,1.0
2564,583,1.0
2564,3076,1.0
2564,3461,1.0
2564,2182,1.0
2564,2311,1.0
2564,4036,1.0
2564,2757,1.0
2564,2886,1.0
2564,3655,1.0
2565,389,1.0
2565,1158,1.0
2565,1287,1.0
2565,8,1.0
2565,709,1.0
2565,838,1.0
2565,1607,1.0
2565,1992,1.0
2565,3461,1.0
2565,2182,1.0
2565,2311,1.0
2565,3080,1.0
2565,3781,1.0
2565,3910,1.0
2565,2631,1.0
2565,3016,1.0
2566,1158,1.0
2566,1287,1.0
2566,8,1.0
2566,393,1.0
2566,1862,1.0
2566,583,1.0
2566,968,1.0
2566,1737,1.0
2566,2182,1.0
2566,2311,1.0
2566,3080,1.0
2566,3465,1.0
2566,2886,1.0
2566,3655,1.0
2566,4040,1.0
2566,2761,1.0
2567,1287,1.0
2567,8,1.0
2567,393,1.0
2567,1162,1.0
2567,1607,1.0
2567,1992,1.0
2567,713,1.0
2567,842,1.0
2567,2311,1.0
2567,3080,1.0
2567,3465,1.0
2567,2186,1.0
2567,2631,1.0
2567,3016,1.0
2567,3785,1.0
2567,3914,1.0
2568,8,1.0
2568,393,1.0
2568,1162,1.0
2568,1291,1.0
2568,968,1.0
2568,1737,1.0
2568,1866,1.0
2568,587,1.0
2568,3080,1.0
2568,3465,1.0
2568,2186,1.0
2568,2315,1.0
2568,4040,1.0
2568,2761,1.0
2568,2890,1.0
2568,3659,1.0
2569,393,1.0
2569,1162,1.0
2569,1291,1.0
2569,12,1.0
2569,713,1.0
2569,842,1.0
2569,1611,1.0
2569,1996,1.0
2569,3465,1.0
2569,2186,1.0
2569,2315,1.0
2569,3084,1.0
2569,3785,1.0
2569,3914,1.0
2569,2635,1.0
2569,3020,1.0
2570,1162,1.0
2570,1291,1.0
2570,12,1.0
2570,397,1.0
2570,1866,1.0
2570,587,1.0
2570,972,1.0
2570,1741,1.0
2570,2186,1.0
2570,2315,1.0
2570,3084,1.0
2570,3469,1.0
2570,2890,1.0
2570,3659,1.0
2570,4044,1.0
2570,2765,1.0
2571,1291,1.0
2571,12,1.0
2571,397,1.0
2571,1166,1.0
2571,1611,1.0
2571,1996,1.0
2571,717,1.0
2571,846,1.0
2571,2315,1.0
2571,3084,1.0
2571,3469,1.0
2571,2190,1.0
2571,2635,1.0
2571,3020,1.0
2571,3789,1.0
2571,3918,1.0
2572,12,1.0
2572,397,1.0
2572,1166,1.0
2572,1295,1.0
2572,972,1.0
2572,1741,1.0
2572,1870,1.0
2572,591,1.0
2572,3084,1.0
2572,3469,1.0
2572,2190,1.0
2572,2319,1.0
2572,4044,1.0
2572,2765,1.0
2572,2894,1.0
2572,3663,1.0
2573,397,1.0
2573,1166,1.0
2573,1295,1.0
2573,16,1.0
2573,717,1.0
2573,846,1.0
2573,1615,1.0
2573,2000,1.0
2573,3469,1.0
2573,2190,1.0
2573,2319,1.0
2573,3088,1.0
2573,3789,1.0
2573,3918,1.0
2573,2639,1.0
2573,3024,1.0
2574,1166,1.0
2574,1295,1.0
2574,16,1.0
2574,401,1.0
2574,1870,1.0
2574,591,1.0
2574,976,1.0
2574,1745,1.0
2574,2190,1.0
2574,2319,1.0
2574,3088,1.0
2574,3473,1.0
2574,2894,1.0
2574,3663,1.0
2574,4048,1.0
2574,2769,1.0
2575,1295,1.0
2575,16,1.0
2575,401,1.0
2575,1170,1.0
2575,1615,1.0
2575,2000,1.0
2575,721,1.0
2575,850,1.0
2575,2319,1.0
2575,3088,1.0
2575,3473,1.0
2575,2194,1.0
2575,2639,1.0
2575,3024,1.0
2575,3793,1.0
2575,3922,1.0
2576,16,1.0
2576,401,1.0
2576,1170,1.0
2576,1299,1.0
2576,976,1.0
2576,1745,1.0
2576,1874,1.0
2576,595,1.0
2576,3088,1.0
2576,3473,1.0
2576,2194,1.0
2576,2323,1.0
2576,4048,1.0
2576,2769,1.0
2576,2898,1.0
2576,3667,1.0
2577,401,1.0
2577,1170,1.0
2577,1299,1.0
2577,20,1.0
2577,721,1.0
2577,850,1.0
2577,1619,1.0
2577,2004,1.0
2577,3473,1.0
2577,2194,1.0
2577,2323,1.0
2577,3092,1.0
2577,3793,1.0
2577,3922,1.0
2577,2643,1.0
2577,3028,1.0
2578,1170,1.0
2578,1299,1.0
2578,20,1.0
2578,405,1.0
2578,1874,1.0
2578,595,1.0
2578,980,1.0
2578,1749,1.0
2578,2194,1.0
2578,2323,1.0
2578,3092,1.0
2578,3477,1.0
2578,2898,1.0
2578,3667,1.0
2578,4052,1.0
2578,2773,1.0
2579,1299,1.0
2579,20,1.0
2579,405,1.0
2579,1174,1.0
2579,1619,1.0
2579,2004,1.0
2579,725,1.0
2579,854,1.0
2579,2323,1.0
2579,3092,1.0
2579,3477,1.0
2579,2198,1.0
2579,2643,1.0
2579,3028,1.0
2579,3797,1.0
2579,3926,1.0
2580,20,1.0
2580,405,1.0
2580,1174,1.0
2580,1303,1.0
2580,980,1.0
2580,1749,1.0
2580,1878,1.0
2580,599,1.0
2580,3092,1.0
2580,3477,1.0
2580,2198,1.0
2580,2327,1.0
2580,4052,1.0
2580,2773,1.0
2580,2902,1.0
2580,3671,1.0
2581,405,1.0
2581,1174,1.0
2581,1303,1.0
2581,24,1.0
2581,725,1.0
2581,854,1.0
2581,1623,1.0
2581,2008,1.0
2581,3477,1.0
2581,2198,1.0
2581,2327,1.0
2581,3096,1.0
2581,3797,1.0
2581,3926,1.0
2581,2647,1.0
2581,3032,1.0
2582,1174,1.0
2582,1303,1.0
2582,24,1.0
2582,409,1.0
2582,1878,1.0
2582,599,1.0
2582,984,1.0
2582,1753,1.0
2582,2198,1.0
2582,2327,1.0
2582,3096,1.0
2582,3481,1.0
2582,2902,1.0
2582,3671,1.0
2582,4056,1.0
2582,2777,1.0
2583,1303,1.0
2583,24,1.0
2583,409,1.0
2583,1178,1.0
2583,1623,1.0
2583,2008,1.0
2583,729,1.0
2583,858,1.0
2583,2327,1.0
2583,3096,1.0
2583,3481,1.0
2583,2202,1.0
2583,2647,1.0
2583,3032,1.0
2583,3801,1.0
2583,3930,1.0
2584,24,1.0
2584,409,1.0
2584,1178,1.0
2584,1307,1.0
2584,984,1.0
2584,1753,1.0
2584,1882,1.0
2584,603,1.0
2584,3096,1.0
2584,3481,1.0
2584,2202,1.0
2584,2331,1.0
2584,4056,1.0
2584,2777,1.0
2584,2906,1.0
2584,3675,1.0
2585,409,1.0
2585,1178,1.0
2585,1307,1.0
2585,28,1.0
2585,729,1.0
2585,858,1.0
2585,1627,1.0
2585,2012,1.0
2585,3481,1.0
2585,2202,1.0
2585,2331,1.0
2585,3100,1.0
2585,3801,1.0
2585,3930,1.0
2585,2651,1.0
2585,3036,1.0
2586,1178,1.0
2586,1307,1.0
2586,28,1.0
2586,413,1.0
2586,1882,1.0
2586,603,1.0
2586,988,1.0
2586,1757,1.0
2586,2202,1.0
2586,2331,1.0
2586,3100,1.0
2586,3485,1.0
2586,2906,1.0
2586,3675,1.0
2586,4060,1.0
2586,2781,1.0
2587,1307,1.0
2587,28,1.0
2587,413,1.0
2587,1182,1.0
2587,1627,1.0
2587,2012,1.0
2587,733,1.0
2587,862,1.0
2587,2331,1.0
2587,3100,1.0
2587,3485,1.0
2587,2206,1.0
2587,2651,1.0
2587,3036,1.0
2587,3805,1.0
2587,3934,1.0
2588,28,1.0
2588,413,1.0
2588,1182,1.0
2588,1311,1.0
2588,988,1.0
2588,1757,1.0
2588,1886,1.0
2588,607,1.0
2588,3100,1.0
2588,3485,1.0
2588,2206,1.0
2588,2335,1.0
2588,4060,1.0
2588,2781,1.0
2588,2910,1.0
2588,3679,1.0
2589,413,1.0
2589,1182,1.0
2589,1311,1.0
2589,32,1.0
2589,733,1.0
2589,862,1.0
2589,1631,1.0
2589,2016,1.0
2589,3485,1.0
2589,2206,1.0
2589,2335,1.0
2589,3104,1.0
2589,3805,1.0
2589,3934,1.0
2589,2655,1.0
2589,3040,1.0
2590,1182,1.0
2590,1311,1.0
2590,32,1.0
2590,417,1.0
2590,1886,1.0
2590,607,1.0
2590,992,1.0
2590,1761,1.0
2590,2206,1.0
2590,2335,1.0
2590,3104,1.0
2590,3489,1.0
2590,2910,1.0
2590,3679,1.0
2590,4064,1.0
2590,2785,1.0
2591,1311,1.0
2591,32,1.0
2591,417,1.0
2591,1186,1.0
2591,1631,1.0
2591,2016,1.0
2591,737,1.0
2591,866,1.0
2591,2335,1.0
2591,3104,1.0
2591,3489,1.0
2591,2210,1.0
2591,2655,1.0
2591,3040,1.0
2591,3809,1.0
2591,3938,1.0
2592,32,1.0
2592,417,1.0
2592,1186,1.0
2592,1315,1.0
2592,992,1.0
2592,1761,1.0
2592,1890,1.0
2592,611,1.0
2592,3104,1.0
2592,3489,1.0
2592,2210,1.0
2592,2339,1.0
2592,4064,1.0
2592,2785,1.0
2592,2914,1.0
2592,3683,1.0
2593,417,1.0
2593,1186,1.0
2593,1315,1.0
2593,36,1.0
2593,737,1.0
2593,866,1.0
2593,1635,1.0
2593,2020,1.0
2593,3489,1.0
2593,2210,1.0
2593,2339,1.0
2593,3108,1.0
2593,3809,1.0
2593,3938,1.0
2593,2659,1.0
2593,3044,1.0
2594,1186,1.0
2594,1315,1.0
2594,36,1.0
2594,421,1.0
2594,1890,1.0
2594,611,1.0
2594,996,1.0
2594,1765,1.0
2594,2210,1.0
2594,2339,1.0
2594,3108,1.0
2594,3493,1.0
2594,2914,1.0
2594,3683,1.0
2594,4068,1.0
2594,2789,1.0
2595,1315,1.0
2595,36,1.0
2595,421,1.0
2595,1190,1.0
2595,1635,1.0
2595,2020,1.0
2595,741,1.0
2595,870,1.0
2595,2339,1.0
2595,3108,1.0
2595,3493,1.0
2595,2214,1.0
2595,2659,1.0
2595,3044,1.0
2595,3813,1.0
2595,3942,1.0
2596,36,1.0
2596,421,1.0
2596,1190,1.0
2596,1319,1.0
2596,996,1.0
2596,1765,1.0
2596,1894,1.0
2596,615,1.0
2596,3108,1.0
2596,3493,1.0
2596,2214,1.0
2596,2343,1.0
2596,4068,1.0
2596,2789,1.0
2596,2918,1.0
2596,3687,1.0
2597,421,1.0
2597,1190,1.0
2597,1319,1.0
2597,40,1.0
2597,741,1.0
2597,870,1.0
2597,1639,1.0
2597,2024,1.0
2597,3493,1.0
2597,2214,1.0
2597,2343,1.0
2597,3112,1.0
2597,3813,1.0
2597,3942,1.0
2597,2663,1.0
2597,3048,1.0
2598,1190,1.0
2598,1319,1.0
2598,40,1.0
2598,425,1.0
2598,1894,1.0
2598,615,1.0
2598,1000,1.0
2598,1769,1.0
2598,2214,1.0
2598,2343,1.0
2598,3112,1.0
2598,3497,1.0
2598,2918,1.0
2598,3687,1.0
2598,4072,1.0
2598,2793,1.0
2599,1319,1.0
2599,40,1.0
2599,425,1.0
2599,1194,1.0
2599,1639,1.0
2599,2024,1.0
2599,745,1.0
2599,874,1.0
2599,2343,1.0
2599,3112,1.0
2599,3497,1.0
2599,2218,1.0
2599,2663,1.0
2599,3048,1.0
2599,3817,1.0
2599,3946,1.0
2600,40,1.0
2600,425,1.0
2600,1194,1.0
2600,1323,1.0
2600,1000,1.0
2600,1769,1.0
2600,1898,1.0
2600,619,1.0
2600,3112,1.0
2600,3497,1.0
2600,2218,1.0
2600,2347,1.0
2600,4072,1.0
2600,2793,1.0
2600,2922,1.0
2600,3691,1.0
2601,425,1.0
2601,1194,1.0
2601,1323,1.0
2601,44,1.0
2601,745,1.0
2601,874,1.0
2601,1643,1.0
2601,2028,1.0
2601,3497,1.0
2601,2218,1.0
2601,2347,1.0
2601,3116,1.0
2601,3817,1.0
2601,3946,1.0
2601,2667,1.0
2601,3052,1.0
2602,1194,1.0
2602,1323,1.0
2602,44,1.0
2602,429,1.0
2602,1898,1.0
2602,619,1.0
2602,1004,1.0
2602,1773,1.0
2602,2218,1.0
2602,2347,1.0
2602,3116,1.0
2602,3501,1.0
2602,2922,1.0
2602,3691,1.0
2602,4076,1.0
2602,2797,1.0
2603,1323,1.0
2603,44,1.0
2603,429,1.0
2603,1198,1.0
2603,1643,1.0
2603,2028,1.0
2603,749,1.0
2603,878,1.0
2603,2347,1.0
2603,3116,1.0
2603,3501,1.0
2603,2222,1.0
2603,2667,1.0
2603,3052,1.0
2603,3821,1.0
2603,3950,1.0
2604,44,1.0
2604,429,1.0
2604,1198,1.0
2604,1327,1.0
2604,1004,1.0
2604,1773,1.0
2604,1902,1.0
2604,623,1.0
2604,3116,1.0
2604,3501,1.0
2604,2222,1.0
2604,2351,1.0
2604,4076,1.0
2604,2797,1.0
2604,2926,1.0
2604,3695,1.0
2605,429,1.0
2605,1198,1.0
2605,1327,1.0
2605,48,1.0
2605,749,1.0
2605,878,1.0
2605,1647,1.0
2605,2032,1.0
2605,3501,1.0
2605,2222,1.0
2605,2351,1.0
2605,3120,1.0
2605,3821,1.0
2605,3950,1.0
2605,2671,1.0
2605,3056,1.0
2606,1198,1.0
2606,1327,1.0
2606,48,1.0
2606,433,1.0
2606,1902,1.0
2606,623,1.0
2606,1008,1.0
2606,1777,1.0
2606,2222,1.0
2606,2351,1.0
2606,3120,1.0
2606,3505,1.0
2606,2926,1.0
2606,3695,1.0
2606,4080,1.0
2606,2801,1.0
2607,1327,1.0
2607,48,1.0
2607,433,1.0
2607,1202,1.0
2607,1647,1.0
2607,2032,1.0
2607,753,1.0
2607,882,1.0
2607,2351,1.0
2607,3120,1.0
2607,3505,1.0
2607,2226,1.0
2607,2671,1.0
2607,3056,1.0
2607,3825,1.0
2607,3954,1.0
2608,48,1.0
2608,433,1.0
2608,1202,1.0
2608,1331,1.0
2608,1008,1.0
2608,1777,1.0
2608,1906,1.0
2608,627,1.0
2608,3120,1.0
2608,3505,1.0
2608,2226,1.0
2608,2355,1.0
2608,4080,1.0
2608,2801,1.0
2608,2930,1.0
2608,3699,1.0
2609,433,1.0
2609,1202,1.0
2609,1331,1.0
2609,52,1.0
2609,753,1.0
2609,882,1.0
2609,1651,1.0
2609,2036,1.0
2609,3505,1.0
2609,2226,1.0
2609,2355,1.0
2609,3124,1.0
2609,3825,1.0
2609,3954,1.0
2609,2675,1.0
2609,3060,1.0
2610,1202,1.0
2610,1331,1.0
2610,52,1.0
2610,437,1.0
2610,1906,1.0
2610,627,1.0
2610,1012,1.0
2610,1781,1.0
2610,2226,1.0
2610,2355,1.0
2610,3124,1.0
2610,3509,1.0
2610,2930,1.0
2610,3699,1.0
2610,4084,1.0
2610,2805,1.0
2611,1331,1.0
2611,52,1.0
2611,437,1.0
2611,1206,1.0
2611,1651,1.0
2611,2036,1.0
2611,757,1.0
2611,886,1.0
2611,2355,1.0
2611,3124,1.0
2611,3509,1.0
2611,2230,1.0
2611,2675,1.0
2611,3060,1.0
2611,3829,1.0
2611,3958,1.0
2612,52,1.0
2612,437,1.0
2612,1206,1.0
2612,1335,1.0
2612,1012,1.0
2612,1781,1.0
2612,1910,1.0
2612,631,1.0
2612,3124,1.0
2612,3509,1.0
2612,2230,1.0
2612,2359,1.0
2612,4084,1.0
2612,2805,1.0
2612,2934,1.0
2612,3703,1.0
2613,437,1.0
2613,1206,1.0
2613,1335,1.0
2613,56,1.0
2613,757,1.0
2613,886,1.0
2613,1655,1.0
2613,2040,1.0
2613,3509,1.0
2613,2230,1.0
2613,2359,1.0
2613,3128,1.0
2613,3829,1.0
2613,3958,1.0
2613,2679,1.0
2613,3064,1.0
2614,1206,1.0
2614,1335,1.0
2614,56,1.0
2614,441,1.0
2614,1910,1.0
2614,631,1.0
2614,1016,1.0
2614,1785,1.0
2614,2230,1.0
2614,2359,1.0
2614,3128,1.0
2614,3513,1.0
2614,2934,1.0
2614,3703,1.0
2614,4088,1.0
2614,2809,1.0
2615,1335,1.0
2615,56,1.0
2615,441,1.0
2615,1210,1.0
2615,1655,1.0
2615,2040,1.0
2615,761,1.0
2615,890,1.0
2615,2359,1.0
2615,3128,1.0
2615,3513,1.0
2615,2234,1.0
2615,2679,1.0
2615,3064,1.0
2615,3833,1.0
2615,3962,1.0
2616,56,1.0
2616,441,1.0
2616,1210,1.0
2616,1339,1.0
2616,1016,1.0
2616,1785,1.0
2616,1914,1.0
2616,635,1.0
2616,3128,1.0
2616,3513,1.0
2616,2234,1.0
2616,2363,1.0
2616,4088,1.0
2616,2809,1.0
2616,2938,1.0
2616,3707,1.0
2617,441,1.0
2617,1210,1.0
2617,1339,1.0
2617,60,1.0
2617,761,1.0
2617,890,1.0
2617,1659,1.0
2617,2044,1.0
2617,3513,1.0
2617,2234,1.0
2617,2363,1.0
2617,3132,1.0
2617,3833,1.0
2617,3962,1.0
2617,2683,1.0
2617,3068,1.0
2618,1210,1.0
2618,1339,1.0
2618,60,1.0
2618,445,1.0
2618,1914,1.0
2618,635,1.0
2618,1020,1.0
2618,1789,1.0
2618,2234,1.0
2618,2363,1.0
2618,3132,1.0
2618,3517,1.0
2618,2938,1.0
2618,3707,1.0
2618,4092,1.0
2618,2813,1.0
2619,1339,1.0
2619,60,1.0
2619,445,1.0
2619,1214,1.0
2619,1659,1.0
2619,2044,1.0
2619,765,1.0
2619,894,1.0
2619,2363,1.0
2619,3132,1.0
2619,3517,1.0
2619,2238,1.0
2619,2683,1.0
2619,3068,1.0
2619,3837,1.0
2619,3966,1.0
2620,60,1.0
2620,445,1.0
2620,1214,1.0
2620,1343,1.0
2620,1020,1.0
2620,1789,1.0
2620,1918,1.0
2620,639,1.0
2620,3132,1.0
2620,3517,1.0
2620,2238,1.0
2620,2367,1.0
2620,4092,1.0
2620,2813,1.0
2620,2942,1.0
2620,3711,1.0
2621,445,1.0
2621,1214,1.0
2621,1343,1.0
2621,0,1.0
2621,765,1.0
2621,894,1.0
2621,1663,1.0
2621,1984,1.0
2621,3517,1.0
2621,2238,1.0
2621,2367,1.0
2621,3072,1.0
2621,3837,1.0
2621,3966,1.0
2621,2687,1.0
2621,3008,1.0
2622,1214,1.0
2622,1343,1.0
2622,0,1.0
2622,385,1.0
2622,1918,1.0
2622,639,1.0
2622,960,1.0
2622,1729,1.0
2622,2238,1.0
2622,2367,1.0
2622,3072,1.0
2622,3457,1.0
2622,2942,1.0
2622,3711,1.0
2622,4032,1.0
2622,2753,1.0
2623,1343,1.0
2623,0,1.0
2623,385,1.0
2623,1154,1.0
2623,1663,1.0
2623,1984,1.0
2623,705,1.0
2623,834,1.0
2623,2367,1.0
2623,3072,1.0
2623,3457,1.0
2623,2178,1.0
2623,2687,1.0
2623,3008,1.0
2623,3777,1.0
2623,3906,1.0
2624,0,1.0
2624,385,1.0
2624,1154,1.0
2624,1283,1.0
2624,960,1.0
2624,1729,1.0
2624,1858,1.0
2624,579,1.0
2624,3072,1.0
2624,3457,1.0
2624,2178,1.0
2624,2307,1.0
2624,4032,1.0
2624,2753,1.0
2624,2882,1.0
2624,3651,1.0
2625,385,1.0
2625,1154,1.0
2625,1283,1.0
2625,4,1.0
2625,705,1.0
2625,834,1.0
2625,1603,1.0
2625,1988,1.0
2625,3457,1.0
2625,2178,1.0
2625,2307,1.0
2625,3076,1.0
2625,3777,1.0
2625,3906,1.0
2625,2627,1.0
2625,3012,1.0
2626,1154,1.0
2626,1283,1.0
2626,4,1.0
2626,389,1.0
2626,1858,1.0
2626,579,1.0
2626,964,1.0
2626,1733,1.0
2626,2178,1.0
2626,2307,1.0
2626,3076,1.0
2626,3461,1.0
2626,2882,1.0
2626,3651,1.0
2626,4036,1.0
2626,2757,1.0
2627,1283,1.0
2627,4,1.0
2627,389,1.0
2627,1158,1.0
2627,1603,1.0
2627,1988,1.0
2627,709,1.0
2627,838,1.0
2627,2307,1.0
2627,3076,1.0
2627,3461,1.0
2627,2182,1.0
2627,2627,1.0
2627,3012,1.0
2627,3781,1.0
2627,3910,1.0
2628,4,1.0
2628,389,1.0
2628,1158,1.0
2628,1287,1.0
2628,964,1.0
2628,1733,1.0
2628,1862,1.0
2628,583,1.0
2628,3076,1.0
2628,3461,1.0
2628,2182,1.0
2628,2311,1.0
2628,4036,1.0
2628,2757,1.0
2628,2886,1.0
2628,3655,1.0
2629,389,1.0
2629,1158,1.0
2629,1287,1.0
2629,8,1.0
2629,709,1.0
2629,838,1.0
2629,1607,1.0
2629,1992,1.0
2629,3461,1.0
2629,2182,1.0
2629,2311,1.0
2629,3080,1.0
2629,3781,1.0
2629,3910,1.0
2629,2631,1.0
2629,3016,1.0
2630,1158,1.0
2630,1287,1.0
2630,8,1.0
2630,393,1.0
2630,1862,1.0
2630,583,1.0
2630,968,1.0
2630,1737,1.0
2630,2182,1.0
2630,2311,1.0
2630,3080,1.0
2630,3465,1.0
2630,2886,1.0
2630,3655,1.0
2630,4040,1.0
2630,2761,1.0
2631,1287,1.0
2631,8,1.0
2631,393,1.0
2631,1162,1.0
2631,1607,1.0
2631,1992,1.0
2631,713,1.0
2631,842,1.0
2631,2311,1.0
2631,3080,1.0
2631,3465,1.0
2631,2186,1.0
2631,2631,1.0
2631,3016,1.0
2631,3785,1.0
2631,3914,1.0
2632,8,1.0
2632,393,1.0
2632,1162,1.0
2632,1291,1.0
2632,968,1.0
2632,1737,1.0
2632,1866,1.0
2632,587,1.0
2632,3080,1.0
2632,3465,1.0
2632,2186,1.0
2632,2315,1.0
2632,4040,1.0
2632,2761,1.0
2632,2890,1.0
2632,3659,1.0
2633,393,1.0
2633,1162,1.0
2633,1291,1.0
2633,12,1.0
2633,713,1.0
2633,842,1.0
2633,1611,1.0
2633,1996,1.0
2633,3465,1.0
2633,2186,1.0
2633,2315,1.0
2633,3084,1.0
2633,3785,1.0
2633,3914,1.0
2633,2635,1.0
2633,3020,1.0
2634,1162,1.0
2634,1291,1.0
2634,12,1.0
2634,397,1.0
2634,1866,1.0
2634,587,1.0
2634,972,1.0
2634,1741,1.0
2634,2186,1.0
2634,2315,1.0
2634,3084,1.0
2634,3469,1.0
2634,2890,1.0
2634,3659,1.0
2634,4044,1.0
2634,2765,1.0
2635,1291,1.0
2635,12,1.0
2635,397,1.0
2635,1166,1.0
2635,1611,1.0
2635,1996,1.0
2635,717,1.0
2635,846,1.0
2635,2315,1.0
2635,3084,1.0
2635,3469,1.0
2635,2190,1.0
2635,2635,1.0
2635,3020,1.0
2635,3789,1.0
2635,3918,1.0
2636,12,1.0
2636,397,1.0
2636,1166,1.0
2636,1295,1.0
2636,972,1.0
2636,1741,1.0
2636,1870,1.0
2636,591,1.0
2636,3084,1.0
2636,3469,1.0
2636,2190,1.0
2636,2319,1.0
2636,4044,1.0
2636,2765,1.0
2636,2894,1.0
2636,3663,1.0
2637,397,1.0
2637,1166,1.0
2637,1295,1.0
2637,16,1.0
2637,717,1.0
2637,846,1.0
2637,1615,1.0
2637,2000,1.0
2637,3469,1.0
2637,2190,1.0
2637,2319,1.0
2637,3088,1.0
2637,3789,1.0
2637,3918,1.0
2637,2639,1.0
2637,3024,1.0
2638,1166,1.0
2638,1295,1.0
2638,16,1.0
2638,401,1.0
2638,1870,1.0
2638,591,1.0
2638,976,1.0
2638,1745,1.0
2638,2190,1.0
2638,2319,1.0
2638,3088,1.0
2638,3473,1.0
2638,2894,1.0
2638,3663,1.0
2638,4048,1.0
2638,2769,1.0
2639,1295,1.0
2639,16,1.0
2639,401,1.0
2639,1170,1.0
2639,1615,1.0
2639,2000,1.0
2639,721,1.0
2639,850,1.0
2639,2319,1.0
2639,3088,1.0
2639,3473,1.0
2639,2194,1.0
2639,2639,1.0
2639,3024,1.0
2639,3793,1.0
2639,3922,1.0
2640,16,1.0
2640,401,1.0
2640,1170,1.0
2640,1299,1.0
2640,976,1.0
2640,1745,1.0
2640,1874,1.0
2640,595,1.0
2640,3088,1.0
2640,3473,1.0
2640,2194,1.0
2640,2323,1.0
2640,4048,1.0
2640,2769,1.0
2640,2898,1.0
2640,3667,1.0
2641,401,1.0
2641,1170,1.0
2641,1299,1.0
2641,20,1.0
2641,721,1.0
2641,850,1.0
2641,1619,1.0
2641,2004,1.0
2641,3473,1.0
2641,2194,1.0
2641,2323,1.0
2641,3092,1.0
2641,3793,1.0
2641,3922,1.0
2641,2643,1.0
2641,3028,1.0
2642,1170,1.0
2642,1299,1.0
2642,20,1.0
2642,405,1.0
2642,1874,1.0
2642,595,1.0
2642,980,1.0
2642,1749,1.0
2642,2194,1.0
2642,2323,1.0
2642,3092,1.0
2642,3477,1.0
2642,2898,1.0
2642,3667,1.0
2642,4052,1.0
2642,2773,1.0
2643,1299,1.0
2643,20,1.0
2643,405,1.0
2643,1174,1.0
2643,1619,1.0
2643,2004,1.0
2643,725,1.0
2643,854,1.0
2643,2323,1.0
2643,3092,1.0
2643,3477,1.0
2643,2198,1.0
2643,2643,1.0
2643,3028,1.0
2643,3797,1.0
2643,3926,1.0
2644,20,1.0
2644,405,1.0
2644,1174,1.0
2644,1303,1.0
2644,980,1.0
2644,1749,1.0
2644,1878,1.0
2644,599,1.0
2644,3092,1.0
2644,3477,1.0
2644,2198,1.0
2644,2327,1.0
2644,4052,1.0
2644,2773,1.0
2644,2902,1.0
2644,3671,1.0
2645,405,1.0
2645,1174,1.0
2645,1303,1.0
2645,24,1.0
2645,725,1.0
2645,854,1.0
2645,1623,1.0
2645,2008,1.0
2645,3477,1.0
2645,2198,1.0
2645,2327,1.0
2645,3096,1.0
2645,3797,1.0
2645,3926,1.0
2645,2647,1.0
2645,3032,1.0
2646,1174,1.0
2646,1303,1.0
2646,24,1.0
2646,409,1.0
2646,1878,1.0
2646,599,1.0
2646,984,1.0
2646,1753,1.0
2646,2198,1.0
2646,2327,1.0
2646,3096,1.0
2646,3481,1.0
2646,2902,1.0
2646,3671,1.0
2646,4056,1.0
2646,2777,1.0
2647,1303,1.0
2647,24,1.0
2647,409,1.0
2647,1178,1.0
2647,1623,1.0
2647,2008,1.0
2647,729,1.0
2647,858,1.0
2647,2327,1.0
2647,3096,1.0
2647,3481,1.0
2647,2202,1.0
2647,2647,1.0
2647,3032,1.0
2647,3801,1.0
2647,3930,1.0
2648,24,1.0
2648,409,1.0
2648,1178,1.0
2648,1307,1.0
2648,984,1.0
2648,1753,1.0
2648,1882,1.0
2648,603,1.0
2648,3096,1.0
2648,3481,1.0
2648,2202,1.0
2648,2331,1.0
2648,4056,1.0
2648,2777,1.0
2648,2906,1.0
2648,3675,1.0
2649,409,1.0
2649,1178,1.0
2649,1307,1.0
2649,28,1.0
2649,729,1.0
2649,858,1.0
2649,1627,1.0
2649,2012,1.0
2649,3481,1.0
2649,2202,1.0
2649,2331,1.0
2649,3100,1.0
2649,3801,1.0
2649,3930,1.0
2649,2651,1.0
2649,3036,1.0
2650,1178,1.0
2650,1307,1.0
2650,28,1.0
2650,413,1.0
2650,1882,1.0
2650,603,1.0
2650,988,1.0
2650,1757,1.0
2650,2202,1.0
2650,2331,1.0
2650,3100,1.0
2650,3485,1.0
2650,2906,1.0
2650,3675,1.0
2650,4060,1.0
2650,2781,1.0
2651,1307,1.0
2651,28,1.0
2651,413,1.0
2651,1182,1.0
2651,1627,1.0
2651,2012,1.0
2651,733,1.0
2651,862,1.0
2651,2331,1.0
2651,3100,1.0
2651,3485,1.0
2651,2206,1.0
2651,2651,1.0
2651,3036,1.0
2651,3805,1.0
2651,3934,1.0
2652,28,1.0
2652,413,1.0
2652,1182,1.0
2652,1311,1.0
2652,988,1.0
2652,1757,1.0
2652,1886,1.0
2652,607,1.0
2652,3100,1.0
2652,3485,1.0
2652,2206,1.0
2652,2335,1.0
2652,4060,1.0
2652,2781,1.0
2652,2910,1.0
2652,3679,1.0
2653,413,1.0
2653,1182,1.0
2653,1311,1.0
2653,32,1.0
2653,733,1.0
2653,862,1.0
2653,1631,1.0
2653,2016,1.0
2653,3485,1.0
2653,2206,1.0
2653,2335,1.0
2653,3104,1.0
2653,3805,1.0
2653,3934,1.0
2653,2655,1.0
2653,3040,1.0
2654,1182,1.0
2654,1311,1.0
2654,32,1.0
2654,417,1.0
2654,1886,1.0
2654,607,1.0
2654,992,1.0
2654,1761,1.0
2654,2206,1.0
2654,2335,1.0
2654,3104,1.0
2654,3489,1.0
2654,2910,1.0
2654,3679,1.0
2654,4064,1.0
2654,2785,1.0
2655,1311,1.0
2655,32,1.0
2655,417,1.0
2655,1186,1.0
2655,1631,1.0
2655,2016,1.0
2655,737,1.0
2655,866,1.0
2655,2335,1.0
2655,3104,1.0
2655,3489,1.0
2655,2210,1.0
2655,2655,1.0
2655,3040,1.0
2655,3809,1.0
2655,3938,1.0
2656,32,1.0
2656,417,1.0
2656,1186,1.0
2656,1315,1.0
2656,992,1.0
2656,1761,1.0
2656,1890,1.0
2656,611,1.0
2656,3104,1.0
2656,3489,1.0
2656,2210,1.0
2656,2339,1.0
2656,4064,1.0
2656,2785,1.0
2656,2914,1.0
2656,3683,1.0
2657,417,1.0
2657,1186,1.0
2657,1315,1.0
2657,36,1.0
2657,737,1.0
2657,866,1.0
2657,1635,1.0
2657,2020,1.0
2657,3489,1.0
2657,2210,1.0
2657,2339,1.0
2657,3108,1.0
2657,3809,1.0
2657,3938,1.0
2657,2659,1.0
2657,3044,1.0
2658,1186,1.0
2658,1315,1.0
2658,36,1.0
2658,421,1.0
2658,1890,1.0
2658,611,1.0
2658,996,1.0
2658,1765,1.0
2658,2210,1.0
2658,2339,1.0
2658,3108,1.0
2658,3493,1.0
2658,2914,1.0
2658,3683,1.0
2658,4068,1.0
2658,2789,1.0
2659,1315,1.0
2659,36,1.0
2659,421,1.0
2659,1190,1.0
2659,1635,1.0
2659,2020,1.0
2659,741,1.0
2659,870,1.0
2659,2339,1.0
2659,3108,1.0
2659,3493,1.0
2659,2214,1.0
2659,2659,1.0
2659,3044,1.0
2659,3813,1.0
2659,3942,1.0
2660,36,1.0
2660,421,1.0
2660,1190,1.0
2660,1319,1.0
2660,996,1.0
2660,1765,1.0
2660,1894,1.0
2660,615,1.0
2660,3108,1.0
2660,3493,1.0
2660,2214,1.0
2660,2343,1.0
2660,4068,1.0
2660,2789,1.0
2660,2918,1.0
2660,3687,1.0
2661,421,1.0
2661,1190,1.0
2661,1319,1.0
2661,40,1.0
2661,741,1.0
2661,870,1.0
2661,1639,1.0
2661,2024,1.0
2661,3493,1.0
2661,2214,1.0
2661,2343,1.0
2661,3112,1.0
2661,3813,1.0
2661,3942,1.0
2661,2663,1.0
2661,3048,1.0
2662,1190,1.0
2662,1319,1.0
2662,40,1.0
2662,425,1.0
2662,1894,1.0
2662,615,1.0
2662,1000,1.0
2662,1769,1.0
2662,2214,1.0
2662,2343,1.0
2662,3112,1.0
2662,3497,1.0
2662,2918,1.0
2662,3687,1.0
2662,4072,1.0
2662,2793,1.0
2663,1319,1.0
2663,40,1.0
2663,425,1.0
2663,1194,1.0
2663,1639,1.0
2663,2024,1.0
2663,745,1.0
2663,874,1.0
2663,2343,1.0
2663,3112,1.0
2663,3497,1.0
2663,2218,1.0
2663,2663,1.0
2663,3048,1.0
2663,3817,1.0
2663,3946,1.0
2664,40,1.0
2664,425,1.0
2664,1194,1.0
2664,1323,1.0
2664,1000,1.0
2664,1769,1.0
2664,1898,1.0
2664,619,1.0
2664,3112,1.0
2664,3497,1.0
2664,2218,1.0
2664,2347,1.0
2664,4072,1.0
2664,2793,1.0
2664,2922,1.0
2664,3691,1.0
2665,425,1.0
2665,1194,1.0
2665,1323,1.0
2665,44,1.0
2665,745,1.0
2665,874,1.0
2665,1643,1.0
2665,2028,1.0
2665,3497,1.0
2665,2218,1.0
2665,2347,1.0
2665,3116,1.0
2665,3817,1.0
2665,3946,1.0
2665,2667,1.0
2665,3052,1.0
2666,1194,1.0
2666,1323,1.0
2666,44,1.0
2666,429,1.0
2666,1898,1.0
2666,619,1.0
2666,1004,1.0
2666,1773,1.0
2666,2218,1.0
2666,2347,1.0
2666,3116,1.0
2666,3501,1.0
2666,2922,1.0
2666,3691,1.0
2666,4076,1.0
2666,2797,1.0
2667,1323,1.0
2667,44,1.0
2667,429,1.0
2667,1198,1.0
2667,1643,1.0
2667,2028,1.0
2667,749,1.0
2667,878,1.0
2667,2347,1.0
2667,3116,1.0
2667,3501,1.0
2667,2222,1.0
2667,2667,1.0
2667,3052,1.0
2667,3821,1.0
2667,3950,1.0
2668,44,1.0
2668,429,1.0
2668,1198,1.0
2668,1327,1.0
2668,1004,1.0
2668,1773,1.0
2668,1902,1.0
2668,623,1.0
2668,3116,1.0
2668,3501,1.0
2668,2222,1.0
2668,2351,1.0
2668,4076,1.0
2668,2797,1.0
2668,2926,1.0
2668,3695,1.0
2669,429,1.0
2669,1198,1.0
2669,1327,1.0
2669,48,1.0
2669,749,1.0
2669,878,1.0
2669,1647,1.0
2669,2032,1.0
2669,3501,1.0
2669,2222,1.0
2669,2351,1.0
2669,3120,1.0
2669,3821,1.0
2669,3950,1.0
2669,2671,1.0
2669,3056,1.0
2670,1198,1.0
2670,1327,1.0
2670,48,1.0
2670,433,1.0
2670,1902,1.0
2670,623,1.0
2670,1008,1.0
2670,1777,1.0
2670,2222,1.0
2670,2351,1.0
2670,3120,1.0
2670,3505,1.0
2670,2926,1.0
2670,3695,1.0
2670,4080,1.0
2670,2801,1.0
2671,1327,1.0
2671,48,1.0
2671,433,1.0
2671,1202,1.0
2671,1647,1.0
2671,2032,1.0
2671,753,1.0
2671,882,1.0
2671,2351,1.0
2671,3120,1.0
2671,3505,1.0
2671,2226,1.0
2671,2671,1.0
2671,3056,1.0
2671,3825,1.0
2671,3954,1.0
2672,48,1.0
2672,433,1.0
2672,1202,1.0
2672,1331,1.0
2672,1008,1.0
2672,1777,1.0
2672,1906,1.0
2672,627,1.0
2672,3120,1.0
2672,3505,1.0
2672,2226,1.0
2672,2355,1.0
2672,4080,1.0
2672,2801,1.0
2672,2930,1.0
2672,3699,1.0
2673,433,1.0
2673,1202,1.0
2673,1331,1.0
2673,52,1.0
2673,753,1.0
2673,882,1.0
2673,1651,1.0
2673,2036,1.0
2673,3505,1.0
2673,2226,1.0
2673,2355,1.0
2673,3124,1.0
2673,3825,1.0
2673,3954,1.0
2673,2675,1.0
2673,3060,1.0
2674,1202,1.0
2674,1331,1.0
2674,52,1.0
2674,437,1.0
2674,1906,1.0
2674,627,1.0
2674,1012,1.0
2674,1781,1.0
2674,2226,1.0
2674,2355,1.0
2674,3124,1.0
2674,3509,1.0
2674,2930,1.0
2674,3699,1.0
2674,4084,1.0
2674,2805,1.0
2675,1331,1.0
2675,52,1.0
2675,437,1.0
2675,1206,1.0
2675,1651,1.0
2675,2036,1.0
2675,757,1.0
2675,886,1.0
2675,2355,1.0
2675,3124,1.0
2675,3509,1.0
2675,2230,1.0
2675,2675,1.0
2675,3060,1.0
2675,3829,1.0
2675,3958,1.0
2676,52,1.0
2676,437,1.0
2676,1206,1.0
2676,1335,1.0
2676,1012,1.0
2676,1781,1.0
2676,1910,1.0
2676,631,1.0
2676,3124,1.0
2676,3509,1.0
2676,2230,1.0
2676,2359,1.0
2676,4084,1.0
2676,2805,1.0
2676,2934,1.0
2676,3703,1.0
2677,437,1.0
2677,1206,1.0
2677,1335,1.0
2677,56,1.0
2677,757,1.0
2677,886,1.0
2677,1655,1.0
2677,2040,1.0
2677,3509,1.0
2677,2230,1.0
2677,2359,1.0
2677,3128,1.0
2677,3829,1.0
2677,3958,1.0
2677,2679,1.0
2677,3064,1.0
2678,1206,1.0
2678,1335,1.0
2678,56,1.0
2678,441,1.0
2678,1910,1.0
2678,631,1.0
2678,1016,1.0
2678,1785,1.0
2678,2230,1.0
2678,2359,1.0
2678,3128,1.0
2678,3513,1.0
2678,2934,1.0
2678,3703,1.0
2678,4088,1.0
2678,2809,1.0
2679,1335,1.0
2679,56,1.0
2679,441,1.0
2679,1210,1.0
2679,1655,1.0
2679,2040,1.0
2679,761,1.0
2679,890,1.0
2679,2359,1.0
2679,3128,1.0
2679,3513,1.0
2679,2234,1.0
2679,2679,1.0
2679,3064,1.0
2679,3833,1.0
2679,3962,1.0
2680,56,1.0
2680,441,1.0
2680,1210,1.0
2680,1339,1.0
2680,1016,1.0
2680,1785,1.0
2680,1914,1.0
2680,635,1.0
2680,3128,1.0
2680,3513,1.0
2680,2234,1.0
2680,2363,1.0
2680,4088,1.0
2680,2809,1.0
2680,2938,1.0
2680,3707,1.0
2681,441,1.0
2681,1210,1.0
2681,1339,1.0
2681,60,1.0
2681,761,1.0
2681,890,1.0
2681,1659,1.0
2681,2044,1.0
2681,3513,1.0
2681,2234,1.0
2681,2363,1.0
2681,3132,1.0
2681,3833,1.0
2681,3962,1.0
2681,2683,1.0
2681,3068,1.0
2682,1210,1.0
2682,1339,1.0
2682,60,1.0
2682,445,1.0
2682,1914,1.0
2682,635,1.0
2682,1020,1.0
2682,1789,1.0
2682,2234,1.0
2682,2363,1.0
2682,3132,1.0
2682,3517,1.0
2682,2938,1.0
2682,3707,1.0
2682,4092,1.0
2682,2813,1.0
2683,1339,1.0
2683,60,1.0
2683,445,1.0
2683,1214,1.0
2683,1659,1.0
2683,2044,1.0
2683,765,1.0
2683,894,1.0
2683,2363,1.0
2683,3132,1.0
2683,3517,1.0
2683,2238,1.0
2683,2683,1.0
2683,3068,1.0
2683,3837,1.0
2683,3966,1.0
2684,60,1.0
2684,445,1.0
2684,1214,1.0
2684,1343,1.0
2684,1020,1.0
2684,1789,1.0
2684,1918,1.0
2684,639,1.0
2684,3132,1.0
2684,3517,1.0
2684,2238,1.0
2684,2367,1.0
2684,4092,1.0
2684,2813,1.0
2684,2942,1.0
2684,3711,1.0
2685,445,1.0
2685,1214,1.0
2685,1343,1.0
2685,0,1.0
2685,765,1.0
2685,894,1.0
2685,1663,1.0
2685,1984,1.0
2685,3517,1.0
2685,2238,1.0
2685,2367,1.0
2685,3072,1.0
2685,3837,1.0
2685,3966,1.0
2685,2687,1.0
2685,3008,1.0
2686,1214,1.0
2686,1343,1.0
2686,0,1.0
2686,385,1.0
2686,1918,1.0
2686,639,1.0
2686,960,1.0
2686,1729,1.0
2686,2238,1.0
2686,2367,1.0
2686,3072,1.0
2686,3457,1.0
2686,2942,1.0
2686,3711,1.0
2686,4032,1.0
2686,2753,1.0
2687,1343,1.0
2687,0,1.0
2687,385,1.0
2687,1154,1.0
2687,1663,1.0
2687,1984,1.0
2687,705,1.0
2687,834,1.0
2687,2367,1.0
2687,3072,1.0
2687,3457,1.0
2687,2178,1.0
2687,2687,1.0
2687,3008,1.0
2687,3777,1.0
2687,3906,1.0
2688,0,1.0
2688,385,1.0
2688,1154,1.0
2688,1283,1.0
2688,960,1.0
2688,1729,1.0
2688,1858,1.0
2688,579,1.0
2688,3072,1.0
2688,3457,1.0
2688,2178,1.0
2688,2307,1.0
2688,4032,1.0
2688,2753,1.0
2688,2882,1.0
2688,3651,1.0
2689,385,1.0
2689,1154,1.0
2689,1283,1.0
2689,4,1.0
2689,705,1.0
2689,834,1.0
2689,1603,1.0
2689,1988,1.0
2689,3457,1.0
2689,2178,1.0
2689,2307,1.0
2689,3076,1.0
2689,3777,1.0
2689,3906,1.0
2689,2627,1.0
2689,3012,1.0
2690,1154,1.0
2690,1283,1.0
2690,4,1.0
2690,389,1.0
2690,1858,1.0
2690,579,1.0
2690,964,1.0
2690,1733,1.0
2690,2178,1.0
2690,2307,1.0
2690,3076,1.0
2690,3461,1.0
2690,2882,1.0
2690,3651,1.0
2690,4036,1.0
2690,2757,1.0
2691,1283,1.0
2691,4,1.0
2691,389,1.0
2691,1158,1.0
2691,1603,1.0
2691,1988,1.0
2691,709,1.0
2691,838,1.0
2691,2307,1.0
2691,3076,1.0
2691,3461,1.0
2691,2182,1.0
2691,2627,1.0
2691,3012,1.0
2691,3781,1.0
2691,3910,1.0
2692,4,1.0
2692,389,1.0
2692,1158,1.0
2692,1287,1.0
2692,964,1.0
2692,1733,1.0
2692,1862,1.0
2692,583,1.0
2692,3076,1.0
2692,3461,1.0
2692,2182,1.0
2692,2311,1.0
2692,4036,1.0
2692,2757,1.0
2692,2886,1.0
2692,3655,1.0
2693,389,1.0
2693,1158,1.0
2693,1287,1.0
2693,8,1.0
2693,709,1.0
2693,838,1.0
2693,1607,1.0
2693,1992,1.0
2693,3461,1.0
2693,2182,1.0
2693,2311,1.0
2693,3080,1.0
2693,3781,1.0
2693,3910,1.0
2693,2631,1.0
2693,3016,1.0
2694,1158,1.0
2694,1287,1.0
2694,8,1.0
2694,393,1.0
2694,1862,1.0
2694,583,1.0
2694,968,1.0
2694,1737,1.0
2694,2182,1.0
2694,2311,1.0
2694,3080,1.0
2694,3465,1.0
2694,2886,1.0
2694,3655,1.0
2694,4040,1.0
2694,2761,1.0
2695,1287,1.0
2695,8,1.0
2695,393,1.0
2695,1162,1.0
2695,1607,1.0
2695,1992,1.0
2695,713,1.0
2695,842,1.0
2695,2311,1.0
2695,3080,1.0
2695,3465,1.0
2695,2186,1.0
2695,2631,1.0
2695,3016,1.0
2695,3785,1.0
2695,3914,1.0
2696,8,1.0
2696,393,1.0
2696,1162,1.0
2696,1291,1.0
2696,968,1.0
2696,1737,1.0
2696,1866,1.0
2696,587,1.0
2696,3080,1.0
2696,3465,1.0
2696,2186,1.0
2696,2315,1.0
2696,4040,1.0
2696,2761,1.0
2696,2890,1.0
2696,3659,1.0
2697,393,1.0
2697,1162,1.0
2697,1291,1.0
2697,12,1.0
2697,713,1.0
2697,842,1.0
2697,1611,1.0
2697,1996,1.0
2697,3465,1.0
2697,2186,1.0
2697,2315,1.0
2697,3084,1.0
2697,3785,1.0
2697,3914,1.0
2697,2635,1.0
2697,3020,1.0
2698,1162,1.0
2698,1291,1.0
2698,12,1.0
2698,397,1.0
2698,1866,1.0
2698,587,1.0
2698,972,1.0
2698,1741,1.0
2698,2186,1.0
2698,2315,1.0
2698,3084,1.0
2698,3469,1.0
2698,2890,1.0
2698,3659,1.0
2698,4044,1.0
2698,2765,1.0
2699,1291,1.0
2699,12,1.0
2699,397,1.0
2699,1166,1.0
2699,1611,1.0
2699,1996,1.0
2699,717,1.0
2699,846,1.0
2699,2315,1.0
2699,3084,1.0
2699,3469,1.0
2699,2190,1.0
2699,2635,1.0
2699,3020,1.0
2699,3789,1.0
2699,3918,1.0
2700,12,1.0
2700,397,1.0
2700,1166,1.0
2700,1295,1.0
2700,972,1.0
2700,1741,1.0
2700,1870,1.0
2700,591,1.0
2700,3084,1.0
2700,3469,1.0
2700,2190,1.0
2700,2319,1.0
2700,4044,1.0
2700,2765,1.0
2700,2894,1.0
2700,3663,1.0
2701,397,1.0
2701,1166,1.0
2701,1295,1.0
2701,16,1.0
2701,717,1.0
2701,846,1.0
2701,1615,1.0
2701,2000,1.0
2701,3469,1.0
2701,2190,1.0
2701,2319,1.0
2701,3088,1.0
2701,3789,1.0
2701,3918,1.0
2701,2639,1.0
2701,3024,1.0
2702,1166,1.0
2702,1295,1.0
2702,16,1.0
2702,401,1.0
2702,1870,1.0
2702,591,1.0
2702,976,1.0
2702,1745,1.0
2702,2190,1.0
2702,2319,1.0
2702,3088,1.0
2702,3473,1.0
2702,2894,1.0
2702,3663,1.0
2702,4048,1.0
2702,2769,1.0
2703,1295,1.0
2703,16,1.0
2703,401,1.0
2703,1170,1.0
2703,1615,1.0
2703,2000,1.0
2703,721,1.0
2703,850,1.0
2703,2319,1.0
2703,3088,1.0
2703,3473,1.0
2703,2194,1.0
2703,2639,1.0
2703,3024,1.0
2703,3793,1.0
2703,3922,1.0
2704,16,1.0
2704,401,1.0
2704,1170,1.0
2704,1299,1.0
2704,976,1.0
2704,1745,1.0
2704,1874,1.0
2704,595,1.0
2704,3088,1.0
2704,3473,1.0
2704,2194,1.0
2704,2323,1.0
2704,4048,1.0
2704,2769,1.0
2704,2898,1.0
2704,3667,1.0
2705,401,1.0
2705,1170,1.0
2705,1299,1.0
2705,20,1.0
2705,721,1.0
2705,850,1.0
2705,1619,1.0
2705,2004,1.0
2705,3473,1.0
2705,2194,1.0
2705,2323,1.0
2705,3092,1.0
2705,3793,1.0
2705,3922,1.0
2705,2643,1.0
2705,3028,1.0
2706,1170,1.0
2706,1299,1.0
2706,20,1.0
2706,405,1.0
2706,1874,1.0
2706,595,1.0
2706,980,1.0
2706,1749,1.0
2706,2194,1.0
2706,2323,1.0
2706,3092,1.0
2706,3477,1.0
2706,2898,1.0
2706,3667,1.0
2706,4052,1.0
2706,2773,1.0
2707,1299,1.0
2707,20,1.0
2707,405,1.0
2707,1174,1.0
2707,1619,1.0
2707,2004,1.0
2707,725,1.0
2707,854,1.0
2707,2323,1.0
2707,3092,1.0
2707,3477,1.0
2707,2198,1.0
2707,2643,1.0
2707,3028,1.0
2707,3797,1.0
2707,3926,1.0
2708,20,1.0
2708,405,1.0
2708,1174,1.0
2708,1303,1.0
2708,980,1.0
2708,1749,1.0
2708,1878,1.0
2708,599,1.0
2708,3092,1.0
2708,3477,1.0
2708,2198,1.0
2708,2327,1.0
2708,4052,1.0
2708,2773,1.0
2708,2902,1.0
2708,3671,1.0
2709,405,1.0
2709,1174,1.0
2709,1303,1.0
2709,24,1.0
2709,725,1.0
2709,854,1.0
2709,1623,1.0
2709,2008,1.0
2709,3477,1.0
2709,2198,1.0
2709,2327,1.0
2709,3096,1.0
2709,3797,1.0
2709,3926,1.0
2709,2647,1.0
2709,3032,1.0
2710,1174,1.0
2710,1303,1.0
2710,24,1.0
2710,409,1.0
2710,1878,1.0
2710,599,1.0
2710,984,1.0
2710,1753,1.0
2710,2198,1.0
2710,2327,1.0
2710,3096,1.0
2710,3481,1.0
2710,2902,1.0
2710,3671,1.0
2710,4056,1.0
2710,2777,1.0
2711,1303,1.0
2711,24,1.0
2711,409,1.0
2711,1178,1.0
2711,1623,1.0
2711,2008,1.0
2711,729,1.0
2711,858,1.0
2711,2327,1.0
2711,3096,1.0
2711,3481,1.0
2711,2202,1.0
2711,2647,1.0
2711,3032,1.0
2711,3801,1.0
2711,3930,1.0
2712,24,1.0
2712,409,1.0
2712,1178,1.0
2712,1307,1.0
2712,984,1.0
2712,1753,1.0
2712,1882,1.0
2712,603,1.0
2712,3096,1.0
2712,3481,1.0
2712,2202,1.0
2712,2331,1.0
2712,4056,1.0
2712,2777,1.0
2712,2906,1.0
2712,3675,1.0
2713,409,1.0
2713,1178,1.0
2713,1307,1.0
2713,28,1.0
2713,729,1.0
2713,858,1.0
2713,1627,1.0
2713,2012,1.0
2713,3481,1.0
2713,2202,1.0
2713,2331,1.0
2713,3100,1.0
2713,3801,1.0
2713,3930,1.0
2713,2651,1.0
2713,3036,1.0
2714,1178,1.0
2714,1307,1.0
2714,28,1.0
2714,413,1.0
2714,1882,1.0
2714,603,1.0
2714,988,1.0
2714,1757,1.0
2714,2202,1.0
2714,2331,1.0
2714,3100,1.0
2714,3485,1.0
2714,2906,1.0
2714,3675,1.0
2714,4060,1.0
2714,2781,1.0
2715,1307,1.0
2715,28,1.0
2715,413,1.0
2715,1182,1.0
2715,1627,1.0
2715,2012,1.0
2715,733,1.0
2715,862,1.0
2715,2331,1.0
2715,3100,1.0
2715,3485,1.0
2715,2206,1.0
2715,2651,1.0
2715,3036,1.0
2715,3805,1.0
2715,3934,1.0
2716,28,1.0
2716,413,1.0
2716,1182,1.0
2716,1311,1.0
2716,988,1.0
2716,1757,1.0
2716,1886,1.0
2716,607,1.0
2716,3100,1.0
2716,3485,1.0
2716,2206,1.0
2716,2335,1.0
2716,4060,1.0
2716,2781,1.0
2716,2910,1.0
2716,3679,1.0
2717,413,1.0
2717,1182,1.0
2717,1311,1.0
2717,32,1.0
2717,733,1.0
2717,862,1.0
2717,1631,1.0
2717,2016,1.0
2717,3485,1.0
2717,2206,1.0
2717,2335,1.0
2717,3104,1.0
2717,3805,1.0
2717,3934,1.0
2717,2655,1.0
2717,3040,1.0
2718,1182,1.0
2718,1311,1.0
2718,32,1.0
2718,417,1.0
2718,1886,1.0
2718,607,1.0
2718,992,1.0
2718,1761,1.0
2718,2206,1.0
2718,2335,1.0
2718,3104,1.0
2718,3489,1.0
2718,2910,1.0
2718,3679,1.0
2718,4064,1.0
2718,2785,1.0
2719,1311,1.0
2719,32,1.0
2719,417,1.0
2719,1186,1.0
2719,1631,1.0
2719,2016,1.0
2719,737,1.0
2719,866,1.0
2719,2335,1.0
2719,3104,1.0
2719,3489,1.0
2719,2210,1.0
2719,2655,1.0
2719,3040,1.0
2719,3809,1.0
2719,3938,1.0
2720,32,1.0
2720,417,1.0
2720,1186,1.0
2720,1315,1.0
2720,992,1.0
2720,1761,1.0
2720,1890,1.0
2720,611,1.0
2720,3104,1.0
2720,3489,1.0
2720,2210,1.0
2720,2339,1.0
2720,4064,1.0
2720,2785,1.0
2720,2914,1.0
2720,3683,1.0
2721,417,1.0
2721,1186,1.0
2721,1315,1.0
2721,36,1.0
2721,737,1.0
2721,866,1.0
2721,1635,1.0
2721,2020,1.0
2721,3489,1.0
2721,2210,1.0
2721,2339,1.0
2721,3108,1.0
2721,3809,1.0
2721,3938,1.0
2721,2659,1.0
2721,3044,1.0
2722,1186,1.0
2722,1315,1.0
2722,36,1.0
2722,421,1.0
2722,1890,1.0
2722,611,1.0
2722,996,1.0
2722,1765,1.0
2722,2210,1.0
2722,2339,1.0
2722,3108,1.0
2722,3493,1.0
2722,2914,1.0
2722,3683,1.0
2722,4068,1.0
2722,2789,1.0
2723,1315,1.0
2723,36,1.0
2723,421,1.0
2723,1190,1.0
2723,1635,1.0
2723,2020,1.0
2723,741,1.0
2723,870,1.0
2723,2339,1.0
2723,3108,1.0
2723,3493,1.0
2723,2214,1.0
2723,2659,1.0
2723,3044,1.0
2723,3813,1.0
2723,3942,1.0
2724,36,1.0
2724,421,1.0
2724,1190,1.0
2724,1319,1.0
2724,996,1.0
2724,1765,1.0
2724,1894,1.0
2724,615,1.0
2724,3108,1.0
2724,3493,1.0
2724,2214,1.0
2724,2343,1.0
2724,4068,1.0
2724,2789,1.0
2724,2918,1.0
2724,3687,1.0
2725,421,1.0
2725,1190,1.0
2725,1319,1.0
2725,40,1.0
2725,741,1.0
2725,870,1.0
2725,1639,1.0
2725,2024,1.0
2725,3493,1.0
2725,2214,1.0
2725,2343,1.0
2725,3112,1.0
2725,3813,1.0
2725,3942,1.0
2725,2663,1.0
2725,3048,1.0
2726,1190,1.0
2726,1319,1.0
2726,40,1.0
2726,425,1.0
2726,1894,1.0
2726,615,1.0
2726,1000,1.0
2726,1769,1.0
2726,2214,1.0
2726,2343,1.0
2726,3112,1.0
2726,3497,1.0
2726,2918,1.0
2726,3687,1.0
2726,4072,1.0
2726,2793,1.0
2727,1319,1.0
2727,40,1.0
2727,425,1.0
2727,1194,1.0
2727,1639,1.0
2727,2024,1.0
2727,745,1.0
2727,874,1.0
2727,2343,1.0
2727,3112,1.0
2727,3497,1.0
2727,2218,1.0
2727,2663,1.0
2727,3048,1.0
2727,3817,1.0
2727,3946,1.0
2728,40,1.0
2728,425,1.0
2728,1194,1.0
2728,1323,1.0
2728,1000,1.0
2728,1769,1.0
2728,1898,1.0
2728,619,1.0
2728,3112,1.0
2728,3497,1.0
2728,2218,1.0
2728,2347,1.0
2728,4072,1.0
2728,2793,1.0
2728,2922,1.0
2728,3691,1.0
2729,425,1.0
2729,1194,1.0
2729,1323,1.0
2729,44,1.0
2729,745,1.0
2729,874,1.0
2729,1643,1.0
2729,2028,1.0
2729,3497,1.0
2729,2218,1.0
2729,2347,1.0
2729,3116,1.0
2729,3817,1.0
2729,3946,1.0
2729,2667,1.0
2729,3052,1.0
2730,1194,1.0
2730,1323,1.0
2730,44,1.0
2730,429,1.0
2730,1898,1.0
2730,619,1.0
2730,1004,1.0
2730,1773,1.0
2730,2218,1.0
2730,2347,1.0
2730,3116,1.0
2730,3501,1.0
2730,2922,1.0
2730,3691,1.0
2730,4076,1.0
2730,2797,1.0
2731,1323,1.0
2731,44,1.0
2731,429,1.0
2731,1198,1.0
2731,1643,1.0
2731,2028,1.0
2731,749,1.0
2731,878,1.0
2731,2347,1.0
2731,3116,1.0
2731,3501,1.0
2731,2222,1.0
2731,2667,1.0
2731,3052,1.0
2731,3821,1.0
2731,3950,1.0
2732,44,1.0
2732,429,1.0
2732,1198,1.0
2732,1327,1.0
2732,1004,1.0
2732,1773,1.0
2732,1902,1.0
2732,623,1.0
2732,3116,1.0
2732,3501,1.0
2732,2222,1.0
2732,2351,1.0
2732,4076,1.0
2732,2797,1.0
2732,2926,1.0
2732,3695,1.0
2733,429,1.0
2733,1198,1.0
2733,1327,1.0
2733,48,1.0
2733,749,1.0
2733,878,1.0
2733,1647,1.0
2733,2032,1.0
2733,3501,1.0
2733,2222,1.0
2733,2351,1.0
2733,3120,1.0
2733,3821,1.0
2733,3950,1.0
2733,2671,1.0
2733,3056,1.0
2734,1198,1.0
2734,1327,1.0
2734,48,1.0
2734,433,1.0
2734,1902,1.0
2734,623,1.0
2734,1008,1.0
2734,1777,1.0
2734,2222,1.0
2734,2351,1.0
2734,3120,1.0
2734,3505,1.0
2734,2926,1.0
2734,3695,1.0
2734,4080,1.0
2734,2801,1.0
2735,1327,1.0
2735,48,1.0
2735,433,1.0
2735,1202,1.0
2735,1647,1.0
2735,2032,1.0
2735,753,1.0
2735,882,1.0
2735,2351,1.0
2735,3120,1.0
2735,3505,1.0
2735,2226,1.0
2735,2671,1.0
2735,3056,1.0
2735,3825,1.0
2735,3954,1.0
2736,48,1.0
2736,433,1.0
2736,1202,1.0
2736,1331,1.0
2736,1008,1.0
2736,1777,1.0
2736,1906,1.0
2736,627,1.0
2736,3120,1.0
2736,3505,1.0
2736,2226,1.0
2736,2355,1.0
2736,4080,1.0
2736,2801,1.0
2736,2930,1.0
2736,3699,1.0
2737,433,1.0
2737,1202,1.0
2737,1331,1.0
2737,52,1.0
2737,753,1.0
2737,882,1.0
2737,1651,1.0
2737,2036,1.0
2737,3505,1.0
2737,2226,1.0
2737,2355,1.0
2737,3124,1.0
2737,3825,1.0
2737,3954,1.0
2737,2675,1.0
2737,3060,1.0
2738,1202,1.0
2738,1331,1.0
2738,52,1.0
2738,437,1.0
2738,1906,1.0
2738,627,1.0
2738,1012,1.0
2738,1781,1.0
2738,2226,1.0
2738,2355,1.0
2738,3124,1.0
2738,3509,1.0
2738,2930,1.0
2738,3699,1.0
2738,4084,1.0
2738,2805,1.0
2739,1331,1.0
2739,52,1.0
2739,437,1.0
2739,1206,1.0
2739,1651,1.0
2739,2036,1.0
2739,757,1.0
2739,886,1.0
2739,2355,1.0
2739,3124,1.0
2739,3509,1.0
2739,2230,1.0
2739,2675,1.0
2739,3060,1.0
2739,3829,1.0
2739,3958,1.0
2740,52,1.0
2740,437,1.0
2740,1206,1.0
2740,1335,1.0
2740,1012,1.0
2740,1781,1.0
2740,1910,1.0
2740,631,1.0
2740,3124,1.0
2740,3509,1.0
2740,2230,1.0
2740,2359,1.0
2740,4084,1.0
2740,2805,1.0
2740,2934,1.0
2740,3703,1.0
2741,437,1.0
2741,1206,1.0
2741,1335,1.0
2741,56,1.0
2741,757,1.0
2741,886,1.0
2741,1655,1.0
2741,2040,1.0
2741,3509,1.0
2741,2230,1.0
2741,2359,1.0
2741,3128,1.0
2741,3829,1.0
2741,3958,1.0
2741,2679,1.0
2741,3064,1.0
2742,1206,1.0
2742,1335,1.0
2742,56,1.0
2742,441,1.0
2742,1910,1.0
2742,631,1.0
2742,1016,1.0
2742,1785,1.0
2742,2230,1.0
2742,2359,1.0
2742,3128,1.0
2742,3513,1.0
2742,2934,1.0
2742,3703,1.0
2742,4088,1.0
2742,2809,1.0
2743,1335,1.0
2743,56,1.0
2743,441,1.0
2743,1210,1.0
2743,1655,1.0
2743,2040,1.0
2743,761,1.0
2743,890,1.0
2743,2359,1.0
2743,3128,1.0
2743,3513,1.0
2743,2234,1.0
2743,2679,1.0
2743,3064,1.0
2743,3833,1.0
2743,3962,1.0
2744,56,1.0
2744,441,1.0
2744,1210,1.0
2744,1339,1.0
2744,1016,1.0
2744,1785,1.0
2744,1914,1.0
2744,635,1.0
2744,3128,1.0
2744,3513,1.0
2744,2234,1.0
2744,2363,1.0
2744,4088,1.0
2744,2809,1.0
2744,2938,1.0
2744,3707,1.0
2745,441,1.0
2745,1210,1.0
2745,1339,1.0
2745,60,1.0
2745,761,1.0
2745,890,1.0
2745,1659,1.0
2745,2044,1.0
2745,3513,1.0
2745,2234,1.0
2745,2363,1.0
2745,3132,1.0
2745,3833,1.0
2745,3962,1.0
2745,2683,1.0
2745,3068,1.0
2746,1210,1.0
2746,1339,1.0
2746,60,1.0
2746,445,1.0
2746,1914,1.0
2746,635,1.0
2746,1020,1.0
2746,1789,1.0
2746,2234,1.0
2746,2363,1.0
2746,3132,1.0
2746,3517,1.0
2746,2938,1.0
2746,3707,1.0
2746,4092,1.0
2746,2813,1.0
2747,1339,1.0
2747,60,1.0
2747,445,1.0
2747,1214,1.0
2747,1659,1.0
2747,2044,1.0
2747,765,1.0
2747,894,1.0
2747,2363,1.0
2747,3132,1.0
2747,3517,1.0
2747,2238,1.0
2747,2683,1.0
2747,3068,1.0
2747,3837,1.0
2747,3966,1.0
2748,60,1.0
2748,445,1.0
2748,1214,1.0
2748,1343,1.0
2748,1020,1.0
2748,1789,1.0
2748,1918,1.0
2748,639,1.0
2748,3132,1.0
2748,3517,1.0
2748,2238,1.0
2748,2367,1.0
2748,4092,1.0
2748,2813,1.0
2748,2942,1.0
2748,3711,1.0
2749,445,1.0
2749,1214,1.0
2749,1343,1.0
2749,0,1.0
2749,765,1.0
2749,894,1.0
2749,1663,1.0
2749,1984,1.0
2749,3517,1.0
2749,2238,1.0
2749,2367,1.0
2749,3072,1.0
2749,3837,1.0
2749,3966,1.0
2749,2687,1.0
2749,3008,1.0
2750,1214,1.0
2750,1343,1.0
2750,0,1.0
2750,385,1.0
2750,1918,1.0
2750,639,1.0
2750,960,1.0
2750,1729,1.0
2750,2238,1.0
2750,2367,1.0
2750,3072,1.0
2750,3457,1.0
2750,2942,1.0
2750,3711,1.0
2750,4032,1.0
2750,2753,1.0
2751,1343,1.0
2751,0,1.0
2751,385,1.0
2751,1154,1.0
2751,1663,1.0
2751,1984,1.0
2751,705,1.0
2751,834,1.0
2751,2367,1.0
2751,3072,1.0
2751,3457,1.0
2751,2178,1.0
2751,2687,1.0
2751,3008,1.0
2751,3777,1.0
2751,3906,1.0
2752,0,1.0
2752,385,1.0
2752,1154,1.0
2752,1283,1.0
2752,960,1.0
2752,1729,1.0
2752,1858,1.0
2752,579,1.0
2752,3072,1.0
2752,3457,1.0
2752,2178,1.0
2752,2307,1.0
2752,4032,1.0
2752,2753,1.0
2752,2882,1.0
2752,3651,1.0
2753,385,1.0
2753,1154,1.0
2753,1283,1.0
2753,4,1.0
2753,705,1.0
2753,834,1.0
2753,1603,1.0
2753,1988,1.0
2753,3457,1.0
2753,2178,1.0
2753,2307,1.0
2753,3076,1.0
2753,3777,1.0
2753,3906,1.0
2753,2627,1.0
2753,3012,1.0
2754,1154,1.0
2754,1283,1.0
2754,4,1.0
2754,389,1.0
2754,1858,1.0
2754,579,1.0
2754,964,1.0
2754,1733,1.0
2754,2178,1.0
2754,2307,1.0
2754,3076,1.0
2754,3461,1.0
2754,2882,1.0
2754,3651,1.0
2754,4036,1.0
2754,2757,1.0
2755,1283,1.0
2755,4,1.0
2755,389,1.0
2755,1158,1.0
2755,1603,1.0
2755,1988,1.0
2755,709,1.0
2755,838,1.0
2755,2307,1.0
2755,3076,1.0
2755,3461,1.0
2755,2182,1.0
2755,2627,1.0
2755,3012,1.0
2755,3781,1.0
2755,3910,1.0
2756,4,1.0
2756,389,1.0
2756,1158,1.0
2756,1287,1.0
2756,964,1.0
2756,1733,1.0
2756,1862,1.0
2756,583,1.0
2756,3076,1.0
2756,3461,1.0
2756,2182,1.0
2756,2311,1.0
2756,4036,1.0
2756,2757,1.0
2756,2886,1.0
2756,3655,1.0
2757,389,1.0
2757,1158,1.0
2757,1287,1.0
2757,8,1.0
2757,709,1.0
2757,838,1.0
2757,1607,1.0
2757,1992,1.0
2757,3461,1.0
2757,2182,1.0
2757,2311,1.0
2757,3080,1.0
2757,3781,1.0
2757,3910,1.0
2757,2631,1.0
2757,3016,1.0
2758,1158,1.0
2758,1287,1.0
2758,8,1.0
2758,393,1.0
2758,1862,1.0
2758,583,1.0
2758,968,1.0
2758,1737,1.0
2758,2182,1.0
2758,2311,1.0
2758,3080,1.0
2758,3465,1.0
2758,2886,1.0
2758,3655,1.0
2758,4040,1.0
2758,2761,1.0
2759,1287,1.0
2759,8,1.0
2759,393,1.0
2759,1162,1.0
2759,1607,1.0
2759,1992,1.0
2759,713,1.0
2759,842,1.0
2759,2311,1.0
2759,3080,1.0
2759,3465,1.0
2759,2186,1.0
2759,2631,1.0
2759,3016,1.0
2759,3785,1.0
2759,3914,1.0
2760,8,1.0
2760,393,1.0
2760,1162,1.0
2760,1291,1.0
2760,968,1.0
2760,1737,1.0
2760,1866,1.0
2760,587,1.0
2760,3080,1.0
2760,3465,1.0
2760,2186,1.0
2760,2315,1.0
2760,4040,1.0
2760,2761,1.0
2760,2890,1.0
2760,3659,1.0
2761,393,1.0
2761,1162,1.0
2761,1291,1.0
2761,12,1.0
2761,713,1.0
2761,842,1.0
2761,1611,1.0
2761,1996,1.0
2761,3465,1.0
2761,2186,1.0
2761,2315,1.0
2761,3084,1.0
2761,3785,1.0
2761,3914,1.0
2761,2635,1.0
2761,3020,1.0
2762,1162,1.0
2762,1291,1.0
2762,12,1.0
2762,397,1.0
2762,1866,1.0
2762,587,1.0
2762,972,1.0
2762,1741,1.0
2762,2186,1.0
2762,2315,1.0
2762,3084,1.0
2762,3469,1.0
2762,2890,1.0
2762,3659,1.0
2762,4044,1.0
2762,2765,1.0
2763,1291,1.0
2763,12,1.0
2763,397,1.0
2763,1166,1.0
2763,1611,1.0
2763,1996,1.0
2763,717,1.0
2763,846,1.0
2763,2315,1.0
2763,3084,1.0
2763,3469,1.0
2763,2190,1.0
2763,2635,1.0
2763,3020,1.0
2763,3789,1.0
2763,3918,1.0
2764,12,1.0
2764,397,1.0
2764,1166,1.0
2764,1295,1.0
2764,972,1.0
2764,1741,1.0
2764,1870,1.0
2764,591,1.0
2764,3084,1.0
2764,3469,1.0
2764,2190,1.0
2764,2319,1.0
2764,4044,1.0
2764,2765,1.0
2764,2894,1.0
2764,3663,1.0
2765,397,1.0
2765,1166,1.0
2765,1295,1.0
2765,16,1.0
2765,717,1.0
2765,846,1.0
2765,1615,1.0
2765,2000,1.0
2765,3469,1.0
2765,2190,1.0
2765,2319,1.0
2765,3088,1.0
2765,3789,1.0
2765,3918,1.0
2765,2639,1.0
2765,3024,1.0
2766,1166,1.0
2766,1295,1.0
2766,16,1.0
2766,401,1.0
2766,1870,1.0
2766,591,1.0
2766,976,1.0
2766,1745,1.0
2766,2190,1.0
2766,2319,1.0
2766,3088,1.0
2766,3473,1.0
2766,2894,1.0
2766,3663,1.0
2766,4048,1.0
2766,2769,1.0
2767,1295,1.0
2767,16,1.0
2767,401,1.0
2767,1170,1.0
2767,1615,1.0
2767,2000,1.0
2767,721,1.0
2767,850,1.0
2767,2319,1.0
2767,3088,1.0
2767,3473,1.0
2767,2194,1.0
2767,2639,1.0
2767,3024,1.0
2767,3793,1.0
2767,3922,1.0
2768,16,1.0
2768,401,1.0
2768,1170,1.0
2768,1299,1.0
2768,976,1.0
2768,1745,1.0
2768,1874,1.0
2768,595,1.0
2768,3088,1.0
2768,3473,1.0
2768,2194,1.0
2768,2323,1.0
2768,4048,1.0
2768,2769,1.0
2768,2898,1.0
2768,3667,1.0
2769,401,1.0
2769,1170,1.0
2769,1299,1.0
2769,20,1.0
2769,721,1.0
2769,850,1.0
2769,1619,1.0
2769,2004,1.0
2769,3473,1.0
2769,2194,1.0
2769,2323,1.0
2769,3092,1.0
2769,3793,1.0
2769,3922,1.0
2769,2643,1.0
2769,3028,1.0
2770,1170,1.0
2770,1299,1.0
2770,20,1.0
2770,405,1.0
2770,1874,1.0
2770,595,1.0
2770,980,1.0
2770,1749,1.0
2770,2194,1.0
2770,2323,1.0
2770,3092,1.0
2770,3477,1.0
2770,2898,1.0
2770,3667,1.0
2770,4052,1.0
2770,2773,1.0
2771,1299,1.0
2771,20,1.0
2771,405,1.0
2771,1174,1.0
2771,1619,1.0
2771,2004,1.0
2771,725,1.0
2771,854,1.0
2771,2323,1.0
2771,3092,1.0
2771,3477,1.0
2771,2198,1.0
2771,2643,1.0
2771,3028,1.0
2771,3797,1.0
2771,3926,1.0
2772,20,1.0
2772,405,1.0
2772,1174,1.0
2772,1303,1.0
2772,980,1.0
2772,1749,1.0
2772,1878,1.0
2772,599,1.0
2772,3092,1.0
2772,3477,1.0
2772,2198,1.0
2772,2327,1.0
2772,4052,1.0
2772,2773,1.0
2772,2902,1.0
2772,3671,1.0
2773,405,1.0
2773,1174,1.0
2773,1303,1.0
2773,24,1.0
2773,725,1.0
2773,854,1.0
2773,1623,1.0
2773,2008,1.0
2773,3477,1.0
2773,2198,1.0
2773,2327,1.0
2773,3096,1.0
2773,3797,1.0
2773,3926,1.0
2773,2647,1.0
2773,3032,1.0
2774,1174,1.0
2774,1303,1.0
2774,24,1.0
2774,409,1.0
2774,1878,1.0
2774,599,1.0
2774,984,1.0
2774,1753,1.0
2774,2198,1.0
2774,2327,1.0
2774,3096,1.0
2774,3481,1.0
2774,2902,1.0
2774,3671,1.0
2774,4056,1.0
2774,2777,1.0
2775,1303,1.0
2775,24,1.0
2775,409,1.0
2775,1178,1.0
2775,1623,1.0
2775,2008,1.0
2775,729,1.0
2775,858,1.0
2775,2327,1.0
2775,3096,1.0
2775,3481,1.0
2775,2202,1.0
2775,2647,1.0
2775,3032,1.0
2775,3801,1.0
2775,3930,1.0
2776,24,1.0
2776,409,1.0
2776,1178,1.0
2776,1307,1.0
2776,984,1.0
2776,1753,1.0
2776,1882,1.0
2776,603,1.0
2776,3096,1.0
2776,3481,1.0
2776,2202,1.0
2776,2331,1.0
2776,4056,1.0
2776,2777,1.0
2776,2906,1.0
2776,3675,1.0
2777,409,1.0
2777,1178,1.0
2777,1307,1.0
2777,28,1.0
2777,729,1.0
2777,858,1.0
2777,1627,1.0
2777,2012,1.0
2777,3481,1.0
2777,2202,1.0
2777,2331,1.0
2777,3100,1.0
2777,3801,1.0
2777,3930,1.0
2777,2651,1.0
2777,3036,1.0
2778,1178,1.0
2778,1307,1.0
2778,28,1.0
2778,413,1.0
2778,1882,1.0
2778,603,1.0
2778,988,1.0
2778,1757,1.0
2778,2202,1.0
2778,2331,1.0
2778,3100,1.0
2778,3485,1.0
2778,2906,1.0
2778,3675,1.0
2778,4060,1.0
2778,2781,1.0
2779,1307,1.0
2779,28,1.0
2779,413,1.0
2779,1182,1.0
2779,1627,1.0
2779,2012,1.0
2779,733,1.0
2779,862,1.0
2779,2331,1.0
2779,3100,1.0
2779,3485,1.0
2779,2206,1.0
2779,2651,1.0
2779,3036,1.0
2779,3805,1.0
2779,3934,1.0
2780,28,1.0
2780,413,1.0
2780,1182,1.0
2780,1311,1.0
2780,988,1.0
2780,1757,1.0
2780,1886,1.0
2780,607,1.0
2780,3100,1.0
2780,3485,1.0
2780,2206,1.0
2780,2335,1.0
2780,4060,1.0
2780,2781,1.0
2780,2910,1.0
2780,3679,1.0
2781,413,1.0
2781,1182,1.0
2781,1311,1.0
2781,32,1.0
2781,733,1.0
2781,862,1.0
2781,1631,1.0
2781,2016,1.0
2781,3485,1.0
2781,2206,1.0
2781,2335,1.0
2781,3104,1.0
2781,3805,1.0
2781,3934,1.0
2781,2655,1.0
2781,3040,1.0
2782,1182,1.0
2782,1311,1.0
2782,32,1.0
2782,417,1.0
2782,1886,1.0
2782,607,1.0
2782,992,1.0
2782,1761,1.0
2782,2206,1.0
2782,2335,1.0
2782,3104,1.0
2782,3489,1.0
2782,2910,1.0
2782,3679,1.0
2782,4064,1.0
2782,2785,1.0
2783,1311,1.0
2783,32,1.0
2783,417,1.0
2783,1186,1.0
2783,1631,1.0
2783,2016,1.0
2783,737,1.0
2783,866,1.0
2783,2335,1.0
2783,3104,1.0
2783,3489,1.0
2783,2210,1.0
2783,2655,1.0
2783,3040,1.0
2783,3809,1.0
2783,3938,1.0
2784,32,1.0
2784,417,1.0
2784,1186,1.0
2784,1315,1.0
2784,992,1.0
2784,1761,1.0
2784,1890,1.0
2784,611,1.0
2784,3104,1.0
2784,3489,1.0
2784,2210,1.0
2784,2339,1.0
2784,4064,1.0
2784,2785,1.0
2784,2914,1.0
2784,3683,1.0
2785,417,1.0
2785,1186,1.0
2785,1315,1.0
2785,36,1.0
2785,737,1.0
2785,866,1.0
2785,1635,1.0
2785,2020,1.0
2785,3489,1.0
2785,2210,1.0
2785,2339,1.0
2785,3108,1.0
2785,3809,1.0
2785,3938,1.0
2785,2659,1.0
2785,3044,1.0
2786,1186,1.0
2786,1315,1.0
2786,36,1.0
2786,421,1.0
2786,1890,1.0
2786,611,1.0
2786,996,1.0
2786,1765,1.0
2786,2210,1.0
2786,2339,1.0
2786,3108,1.0
2786,3493,1.0
2786,2914,1.0
2786,3683,1.0
2786,4068,1.0
2786,2789,1.0
2787,1315,1.0
2787,36,1.0
2787,421,1.0
2787,1190,1.0
2787,1635,1.0
2787,2020,1.0
2787,741,1.0
2787,870,1.0
2787,2339,1.0
2787,3108,1.0
2787,3493,1.0
2787,2214,1.0
2787,2659,1.0
2787,3044,1.0
2787,3813,1.0
2787,3942,1.0
2788,36,1.0
2788,421,1.0
2788,1190,1.0
2788,1319,1.0
2788,996,1.0
2788,1765,1.0
2788,1894,1.0
2788,615,1.0
2788,3108,1.0
2788,3493,1.0
2788,2214,1.0
2788,2343,1.0
2788,4068,1.0
2788,2789,1.0
2788,2918,1.0
2788,3687,1.0
2789,421,1.0
2789,1190,1.0
2789,1319,1.0
2789,40,1.0
2789,741,1.0
2789,870,1.0
2789,1639,1.0
2789,2024,1.0
2789,3493,1.0
2789,2214,1.0
2789,2343,1.0
2789,3112,1.0
2789,3813,1.0
2789,3942,1.0
2789,2663,1.0
2789,3048,1.0
2790,1190,1.0
2790,1319,1.0
2790,40,1.0
2790,425,1.0
2790,1894,1.0
2790,615,1.0
2790,1000,1.0
2790,1769,1.0
2790,2214,1.0
2790,2343,1.0
2790,3112,1.0
2790,3497,1.0
2790,2918,1.0
2790,3687,1.0
2790,4072,1.0
2790,2793,1.0
2791,1319,1.0
2791,40,1.0
2791,425,1.0
2791,1194,1.0
2791,1639,1.0
2791,2024,1.0
2791,745,1.0
2791,874,1.0
2791,2343,1.0
2791,3112,1.0
2791,3497,1.0
2791,2218,1.0
2791,2663,1.0
2791,3048,1.0
2791,3817,1.0
2791,3946,1.0
2792,40,1.0
2792,425,1.0
2792,1194,1.0
2792,1323,1.0
2792,1000,1.0
2792,1769,1.0
2792,1898,1.0
2792,619,1.0
2792,3112,1.0
2792,3497,1.0
2792,2218,1.0
2792,2347,1.0
2792,4072,1.0
2792,2793,1.0
2792,2922,1.0
2792,3691,1.0
2793,425,1.0
2793,1194,1.0
2793,1323,1.0
2793,44,1.0
2793,745,1.0
2793,874,1.0
2793,1643,1.0
2793,2028,1.0
2793,3497,1.0
2793,2218,1.0
2793,2347,1.0
2793,3116,1.0
2793,3817,1.0
2793,3946,1.0
2793,2667,1.0
2793,3052,1.0
2794,1194,1.0
2794,1323,1.0
2794,44,1.0
2794,429,1.0
2794,1898,1.0
2794,619,1.0
2794,1004,1.0
2794,1773,1.0
2794,2218,1.0
2794,2347,1.0
2794,3116,1.0
2794,3501,1.0
2794,2922,1.0
2794,3691,1.0
2794,4076,1.0
2794,2797,1.0
2795,1323,1.0
2795,44,1.0
2795,429,1.0
2795,1198,1.0
2795,1643,1.0
2795,2028,1.0
2795,749,1.0
2795,878,1.0
2795,2347,1.0
2795,3116,1.0
2795,3501,1.0
2795,2222,1.0
2795,2667,1.0
2795,3052,1.0
2795,3821,1.0
2795,3950,1.0
2796,44,1.0
2796,429,1.0
2796,1198,1.0
2796,1327,1.0
2796,1004,1.0
2796,1773,1.0
2796,1902,1.0
2796,623,1.0
2796,3116,1.0
2796,3501,1.0
2796,2222,1.0
2796,2351,1.0
2796,4076,1.0
2796,2797,1.0
2796,2926,1.0
2796,3695,1.0
2797,429,1.0
2797,1198,1.0
2797,1327,1.0
2797,48,1.0
2797,749,1.0
2797,878,1.0
2797,1647,1.0
2797,2032,1.0
2797,3501,1.0
2797,2222,1.0
2797,2351,1.0
2797,3120,1.0
2797,3821,1.0
2797,3950,1.0
2797,2671,1.0
2797,3056,1.0
2798,1198,1.0
2798,1327,1.0
2798,48,1.0
2798,433,1.0
2798,1902,1.0
2798,623,1.0
2798,1008,1.0
2798,1777,1.0
2798,2222,1.0
2798,2351,1.0
2798,3120,1.0
2798,3505,1.0
2798,2926,1.0
2798,3695,1.0
2798,4080,1.0
2798,2801,1.0
2799,1327,1.0
2799,48,1.0
2799,433,1.0
2799,1202,1.0
2799,1647,1.0
2799,2032,1.0
2799,753,1.0
2799,882,1.0
2799,2351,1.0
2799,3120,1.0
2799,3505,1.0
2799,2226,1.0
2799,2671,1.0
2799,3056,1.0
2799,3825,1.0
2799,3954,1.0
2800,48,1.0
2800,433,1.0
2800,1202,1.0
2800,1331,1.0
2800,1008,1.0
2800,1777,1.0
2800,1906,1.0
2800,627,1.0
2800,3120,1.0
2800,3505,1.0
2800,2226,1.0
2800,2355,1.0
2800,4080,1.0
2800,2801,1.0
2800,2930,1.0
2800,3699,1.0
2801,433,1.0
2801,1202,1.0
2801,1331,1.0
2801,52,1.0
2801,753,1.0
2801,882,1.0
2801,1651,1.0
2801,2036,1.0
2801,3505,1.0
2801,2226,1.0
2801,2355,1.0
2801,3124,1.0
2801,3825,1.0
2801,3954,1.0
2801,2675,1.0
2801,3060,1.0
2802,1202,1.0
2802,1331,1.0
2802,52,1.0
2802,437,1.0
2802,1906,1.0
2802,627,1.0
2802,1012,1.0
2802,1781,1.0
2802,2226,1.0
2802,2355,1.0
2802,3124,1.0
2802,3509,1.0
2802,2930,1.0
2802,3699,1.0
2802,4084,1.0
2802,2805,1.0
2803,1331,1.0
2803,52,1.0
2803,437,1.0
2803,1206,1.0
2803,1651,1.0
2803,2036,1.0
2803,757,1.0
2803,886,1.0
2803,2355,1.0
2803,3124,1.0
2803,3509,1.0
2803,2230,1.0
2803,2675,1.0
2803,3060,1.0
2803,3829,1.0
2803,3958,1.0
2804,52,1.0
2804,437,1.0
2804,1206,1.0
2804,1335,1.0
2804,1012,1.0
2804,1781,1.0
2804,1910,1.0
2804,631,1.0
2804,3124,1.0
2804,3509,1.0
2804,2230,1.0
2804,2359,1.0
2804,4084,1.0
2804,2805,1.0
2804,2934,1.0
2804,3703,1.0
2805,437,1.0
2805,1206,1.0
2805,1335,1.0
2805,56,1.0
2805,757,1.0
2805,886,1.0
2805,1655,1.0
2805,2040,1.0
2805,3509,1.0
2805,2230,1.0
2805,2359,1.0
2805,3128,1.0
2805,3829,1.0
2805,3958,1.0
2805,2679,1.0
2805,3064,1.0
2806,1206,1.0
2806,1335,1.0
2806,56,1.0
2806,441,1.0
2806,1910,1.0
2806,631,1.0
2806,1016,1.0
2806,1785,1.0
2806,2230,1.0
2806,2359,1.0
2806,3128,1.0
2806,3513,1.0
2806,2934,1.0
2806,3703,1.0
2806,4088,1.0
2806,2809,1.0
2807,1335,1.0
2807,56,1.0
2807,441,1.0
2807,1210,1.0
2807,1655,1.0
2807,2040,1.0
2807,761,1.0
2807,890,1.0
2807,2359,1.0
2807,3128,1.0
2807,3513,1.0
2807,2234,1.0
2807,2679,1.0
2807,3064,1.0
2807,3833,1.0
2807,3962,1.0
2808,56,1.0
2808,441,1.0
2808,1210,1.0
2808,1339,1.0
2808,1016,1.0
2808,1785,1.0
2808,1914,1.0
2808,635,1.0
2808,3128,1.0
2808,3513,1.0
2808,2234,1.0
2808,2363,1.0
2808,4088,1.0
2808,2809,1.0
2808,2938,1.0
2808,3707,1.0
2809,441,1.0
2809,1210,1.0
2809,1339,1.0
2809,60,1.0
2809,761,1.0
2809,890,1.0
2809,1659,1.0
2809,2044,1.0
2809,3513,1.0
2809,2234,1.0
2809,2363,1.0
2809,3132,1.0
2809,3833,1.0
2809,3962,1.0
2809,2683,1.0
2809,3068,1.0
2810,1210,1.0
2810,1339,1.0
2810,60,1.0
2810,445,1.0
2810,1914,1.0
2810,635,1.0
2810,1020,1.0
2810,1789,1.0
2810,2234,1.0
2810,2363,1.0
2810,3132,1.0
2810,3517,1.0
2810,2938,1.0
2810,3707,1.0
2810,4092,1.0
2810,2813,1.0
2811,1339,1.0
2811,60,1.0
2811,445,1.0
2811,1214,1.0
2811,1659,1.0
2811,2044,1.0
2811,765,1.0
2811,894,1.0
2811,2363,1.0
2811,3132,1.0
2811,3517,1.0
2811,2238,1.0
2811,2683,1.0
2811,3068,1.0
2811,3837,1.0
2811,3966,1.0
2812,60,1.0
2812,445,1.0
2812,1214,1.0
2812,1343,1.0
2812,1020,1.0
2812,1789,1.0
2812,1918,1.0
2812,639,1.0
2812,3132,1.0
2812,3517,1.0
2812,2238,1.0
2812,2367,1.0
2812,4092,1.0
2812,2813,1.0
2812,2942,1.0
2812,3711,1.0
2813,445,1.0
2813,1214,1.0
2813,1343,1.0
2813,0,1.0
2813,765,1.0
2813,894,1.0
2813,1663,1.0
2813,1984,1.0
2813,3517,1.0
2813,2238,1.0
2813,2367,1.0
2813,3072,1.0
2813,3837,1.0
2813,3966,1.0
2813,2687,1.0
2813,3008,1.0
2814,1214,1.0
2814,1343,1.0
2814,0,1.0
2814,385,1.0
2814,1918,1.0
2814,639,1.0
2814,960,1.0
2814,1729,1.0
2814,2238,1.0
2814,2367,1.0
2814,3072,1.0
2814,3457,1.0
2814,2942,1.0
2814,3711,1.0
2814,4032,1.0
2814,2753,1.0
2815,1343,1.0
2815,0,1.0
2815,385,1.0
2815,1154,1.0
2815,1663,1.0
2815,1984,1.0
2815,705,1.0
2815,834,1.0
2815,2367,1.0
2815,3072,1.0
2815,3457,1.0
2815,2178,1.0
2815,2687,1.0
2815,3008,1.0
2815,3777,1.0
2815,3906,1.0
2816,0,1.0
2816,385,1.0
2816,1154,1.0
2816,1283,1.0
2816,960,1.0
2816,1729,1.0
2816,1858,1.0
2816,579,1.0
2816,3072,1.0
2816,3457,1.0
2816,2178,1.0
2816,2307,1.0
2816,4032,1.0
2816,2753,1.0
2816,2882,1.0
2816,3651,1.0
2817,385,1.0
2817,1154,1.0
2817,1283,1.0
2817,4,1.0
2817,705,1.0
2817,834,1.0
2817,1603,1.0
2817,1988,1.0
2817,3457,1.0
2817,2178,1.0
2817,2307,1.0
2817,3076,1.0
2817,3777,1.0
2817,3906,1.0
2817,2627,1.0
2817,3012,1.0
2818,1154,1.0
2818,1283,1.0
2818,4,1.0
2818,389,1.0
2818,1858,1.0
2818,579,1.0
2818,964,1.0
2818,1733,1.0
2818,2178,1.0
2818,2307,1.0
2818,3076,1.0
2818,3461,1.0
2818,2882,1.0
2818,3651,1.0
2818,4036,1.0
2818,2757,1.0
2819,1283,1.0
2819,4,1.0
2819,389,1.0
2819,1158,1.0
2819,1603,1.0
2819,1988,1.0
2819,709,1.0
2819,838,1.0
2819,2307,1.0
2819,3076,1.0
2819,3461,1.0
2819,2182,1.0
2819,2627,1.0
2819,3012,1.0
2819,3781,1.0
2819,3910,1.0
2820,4,1.0
2820,389,1.0
2820,1158,1.0
2820,1287,1.0
2820,964,1.0
2820,1733,1.0
2820,1862,1.0
2820,583,1.0
2820,3076,1.0
2820,3461,1.0
2820,2182,1.0
2820,2311,1.0
2820,4036,1.0
2820,2757,1.0
2820,2886,1.0
2820,3655,1.0
2821,389,1.0
2821,1158,1.0
2821,1287,1.0
2821,8,1.0
2821,709,1.0
2821,838,1.0
2821,1607,1.0
2821,1992,1.0
2821,3461,1.0
2821,2182,1.0
2821,2311,1.0
2821,3080,1.0
2821,3781,1.0
2821,3910,1.0
2821,2631,1.0
2821,3016,1.0
2822,1158,1.0
2822,1287,1.0
2822,8,1.0
2822,393,1.0
2822,1862,1.0
2822,583,1.0
2822,968,1.0
2822,1737,1.0
2822,2182,1.0
2822,2311,1.0
2822,3080,1.0
2822,3465,1.0
2822,2886,1.0
2822,3655,1.0
2822,4040,1.0
2822,2761,1.0
2823,1287,1.0
2823,8,1.0
2823,393,1.0
2823,1162,1.0
2823,1607,1.0
2823,1992,1.0
2823,713,1.0
2823,842,1.0
2823,2311,1.0
2823,3080,1.0
2823,3465,1.0
2823,2186,1.0
2823,2631,1.0
2823,3016,1.0
2823,3785,1.0
2823,3914,1.0
2824,8,1.0
2824,393,1.0
2824,1162,1.0
2824,1291,1.0
2824,968,1.0
2824,1737,1.0
2824,1866,1.0
2824,587,1.0
2824,3080,1.0
2824,3465,1.0
2824,2186,1.0
2824,2315,1.0
2824,4040,1.0
2824,2761,1.0
2824,2890,1.0
2824,3659,1.0
2825,393,1.0
2825,1162,1.0
2825,1291,1.0
2825,12,1.0
2825,713,1.0
2825,842,1.0
2825,1611,1.0
2825,1996,1.0
2825,3465,1.0
2825,2186,1.0
2825,2315,1.0
2825,3084,1.0
2825,3785,1.0
2825,3914,1.0
2825,2635,1.0
2825,3020,1.0
2826,1162,1.0
2826,1291,1.0
2826,12,1.0
2826,397,1.0
2826,1866,1.0
2826,587,1.0
2826,972,1.0
2826,1741,1.0
2826,2186,1.0
2826,2315,1.0
2826,3084,1.0
2826,3469,1.0
2826,2890,1.0
2826,3659,1.0
2826,4044,1.0
2826,2765,1.0
2827,1291,1.0
2827,12,1.0
2827,397,1.0
2827,1166,1.0
2827,1611,1.0
2827,1996,1.0
2827,717,1.0
2827,846,1.0
2827,2315,1.0
2827,3084,1.0
2827,3469,1.0
2827,2190,1.0
2827,2635,1.0
2827,3020,1.0
2827,3789,1.0
2827,3918,1.0
2828,12,1.0
2828,397,1.0
2828,1166,1.0
2828,1295,1.0
2828,972,1.0
2828,1741,1.0
2828,1870,1.0
2828,591,1.0
2828,3084,1.0
2828,3469,1.0
2828,2190,1.0
2828,2319,1.0
2828,4044,1.0
2828,2765,1.0
2828,2894,1.0
2828,3663,1.0
2829,397,1.0
2829,1166,1.0
2829,1295,1.0
2829,16,1.0
2829,717,1.0
2829,846,1.0
2829,1615,1.0
2829,2000,1.0
2829,3469,1.0
2829,2190,1.0
2829,2319,1.0
2829,3088,1.0
2829,3789,1.0
2829,3918,1.0
2829,2639,1.0
2829,3024,1.0
2830,1166,1.0
2830,1295,1.0
2830,16,1.0
2830,401,1.0
2830,1870,1.0
2830,591,1.0
2830,976,1.0
2830,1745,1.0
2830,2190,1.0
2830,2319,1.0
2830,3088,1.0
2830,3473,1.0
2830,2894,1.0
2830,3663,1.0
2830,4048,1.0
2830,2769,1.0
2831,1295,1.0
2831,16,1.0
2831,401,1.0
2831,1170,1.0
2831,1615,1.0
2831,2000,1.0
2831,721,1.0
2831,850,1.0
2831,2319,1.0
2831,3088,1.0
2831,3473,1.0
2831,2194,1.0
2831,2639,1.0
2831,3024,1.0
2831,3793,1.0
2831,3922,1.0
2832,16,1.0
2832,401,1.0
2832,1170,1.0
2832,1299,1.0
2832,976,1.0
2832,1745,1.0
2832,1874,1.0
2832,595,1.0
2832,3088,1.0
2832,3473,1.0
2832,2194,1.0
2832,2323,1.0
2832,4048,1.0
2832,2769,1.0
2832,2898,1.0
2832,3667,1.0
2833,401,1.0
2833,1170,1.0
2833,1299,1.0
2833,20,1.0
2833,721,1.0
2833,850,1.0
2833,1619,1.0
2833,2004,1.0
2833,3473,1.0
2833,2194,1.0
2833,2323,1.0
2833,3092,1.0
2833,3793,1.0
2833,3922,1.0
2833,2643,1.0
2833,3028,1.0
2834,1170,1.0
2834,1299,1.0
2834,20,1.0
2834,405,1.0
2834,1874,1.0
2834,595,1.0
2834,980,1.0
2834,1749,1.0
2834,2194,1.0
2834,2323,1.0
2834,3092,1.0
2834,3477,1.0
2834,2898,1.0
2834,3667,1.0
2834,4052,1.0
2834,2773,1.0
2835,1299,1.0
2835,20,1.0
2835,405,1.0
2835,1174,1.0
2835,1619,1.0
2835,2004,1.0
2835,725,1.0
2835,854,1.0
2835,2323,1.0
2835,3092,1.0
2835,3477,1.0
2835,2198,1.0
2835,2643,1.0
2835,3028,1.0
2835,3797,1.0
2835,3926,1.0
2836,20,1.0
2836,405,1.0
2836,1174,1.0
2836,1303,1.0
2836,980,1.0
2836,1749,1.0
2836,1878,1.0
2836,599,1.0
2836,3092,1.0
2836,3477,1.0
2836,2198,1.0
2836,2327,1.0
2836,4052,1.0
2836,2773,1.0
2836,2902,1.0
2836,3671,1.0
2837,405,1.0
2837,1174,1.0
2837,1303,1.0
2837,24,1.0
2837,725,1.0
2837,854,1.0
2837,1623,1.0
2837,2008,1.0
2837,3477,1.0
2837,2198,1.0
2837,2327,1.0
2837,3096,1.0
2837,3797,1.0
2837,3926,1.0
2837,2647,1.0
2837,3032,1.0
2838,1174,1.0
2838,1303,1.0
2838,24,1.0
2838,409,1.0
2838,1878,1.0
2838,599,1.0
2838,984,1.0
2838,1753,1.0
2838,2198,1.0
2838,2327,1.0
2838,3096,1.0
2838,3481,1.0
2838,2902,1.0
2838,3671,1.0
2838,4056,1.0
2838,2777,1.0
2839,1303,1.0
2839,24,1.0
2839,409,1.0
2839,1178,1.0
2839,1623,1.0
2839,2008,1.0
2839,729,1.0
2839,858,1.0
2839,2327,1.0
2839,3096,1.0
2839,3481,1.0
2839,2202,1.0
2839,2647,1.0
2839,3032,1.0
2839,3801,1.0
2839,3930,1.0
2840,24,1.0
2840,409,1.0
2840,1178,1.0
2840,1307,1.0
2840,984,1.0
2840,1753,1.0
2840,1882,1.0
2840,603,1.0
2840,3096,1.0
2840,3481,1.0
2840,2202,1.0
2840,2331,1.0
2840,4056,1.0
2840,2777,1.0
2840,2906,1.0
2840,3675,1.0
2841,409,1.0
2841,1178,1.0
2841,1307,1.0
2841,28,1.0
2841,729,1.0
2841,858,1.0
2841,1627,1.0
2841,2012,1.0
2841,3481,1.0
2841,2202,1.0
2841,2331,1.0
2841,3100,1.0
2841,3801,1.0
2841,3930,1.0
2841,2651,1.0
2841,3036,1.0
2842,1178,1.0
2842,1307,1.0
2842,28,1.0
2842,413,1.0
2842,1882,1.0
2842,603,1.0
2842,988,1.0
2842,1757,1.0
2842,2202,1.0
2842,2331,1.0
2842,3100,1.0
2842,3485,1.0
2842,2906,1.0
2842,3675,1.0
2842,4060,1.0
2842,2781,1.0
2843,1307,1.0
2843,28,1.0
2843,413,1.0
2843,1182,1.0
2843,1627,1.0
2843,2012,1.0
2843,733,1.0
2843,862,1.0
2843,2331,1.0
2843,3100,1.0
2843,3485,1.0
2843,2206,1.0
2843,2651,1.0
2843,3036,1.0
2843,3805,1.0
2843,3934,1.0
2844,28,1.0
2844,413,1.0
2844,1182,1.0
2844,1311,1.0
2844,988,1.0
2844,1757,1.0
2844,1886,1.0
2844,607,1.0
2844,3100,1.0
2844,3485,1.0
2844,2206,1.0
2844,2335,1.0
2844,4060,1.0
2844,2781,1.0
2844,2910,1.0
2844,3679,1.0
2845,413,1.0
2845,1182,1.0
2845,1311,1.0
2845,32,1.0
2845,733,1.0
2845,862,1.0
2845,1631,1.0
2845,2016,1.0
2845,3485,1.0
2845,2206,1.0
2845,2335,1.0
2845,3104,1.0
2845,3805,1.0
2845,3934,1.0
2845,2655,1.0
2845,3040,1.0
2846,1182,1.0
2846,1311,1.0
2846,32,1.0
2846,417,1.0
2846,1886,1.0
2846,607,1.0
2846,992,1.0
2846,1761,1.0
2846,2206,1.0
2846,2335,1.0
2846,3104,1.0
2846,3489,1.0
2846,2910,1.0
2846,3679,1.0
2846,4064,1.0
2846,2785,1.0
2847,1311,1.0
2847,32,1.0
2847,417,1.0
2847,1186,1.0
2847,1631,1.0
2847,2016,1.0
2847,737,1.0
2847,866,1.0
2847,2335,1.0
2847,3104,1.0
2847,3489,1.0
2847,2210,1.0
2847,2655,1.0
2847,3040,1.0
2847,3809,1.0
2847,3938,1.0
2848,32,1.0
2848,417,1.0
2848,1186,1.0
2848,1315,1.0
2848,992,1.0
2848,1761,1.0
2848,1890,1.0
2848,611,1.0
2848,3104,1.0
2848,3489,1.0
2848,2210,1.0
2848,2339,1.0
2848,4064,1.0
2848,2785,1.0
2848,2914,1.0
2848,3683,1.0
2849,417,1.0
2849,1186,1.0
2849,1315,1.0
2849,36,1.0
2849,737,1.0
2849,866,1.0
2849,1635,1.0
2849,2020,1.0
2849,3489,1.0
2849,2210,1.0
2849,2339,1.0
2849,3108,1.0
2849,3809,1.0
2849,3938,1.0
2849,2659,1.0
2849,3044,1.0
2850,1186,1.0
2850,1315,1.0
2850,36,1.0
2850,421,1.0
2850,1890,1.0
2850,611,1.0
2850,996,1.0
2850,1765,1.0
2850,2210,1.0
2850,2339,1.0
2850,3108,1.0
2850,3493,1.0
2850,2914,1.0
2850,3683,1.0
2850,4068,1.0
2850,2789,1.0
2851,1315,1.0
2851,36,1.0
2851,421,1.0
2851,1190,1.0
2851,1635,1.0
2851,2020,1.0
2851,741,1.0
2851,870,1.0
2851,2339,1.0
2851,3108,1.0
2851,3493,1.0
2851,2214,1.0
2851,2659,1.0
2851,3044,1.0
2851,3813,1.0
2851,3942,1.0
2852,36,1.0
2852,421,1.0
2852,1190,1.0
2852,1319,1.0
2852,996,1.0
2852,1765,1.0
2852,1894,1.0
2852,615,1.0
2852,3108,1.0
2852,3493,1.0
2852,2214,1.0
2852,2343,1.0
2852,4068,1.0
2852,2789,1.0
2852,2918,1.0
2852,3687,1.0
2853,421,1.0
2853,1190,1.0
2853,1319,1.0
2853,40,1.0
2853,741,1.0
2853,870,1.0
2853,1639,1.0
2853,2024,1.0
2853,3493,1.0
2853,2214,1.0
2853,2343,1.0
2853,3112,1.0
2853,3813,1.0
2853,3942,1.0
2853,2663,1.0
2853,3048,1.0
2854,1190,1.0
2854,1319,1.0
2854,40,1.0
2854,425,1.0
2854,1894,1.0
2854,615,1.0
2854,1000,1.0
2854,1769,1.0
2854,2214,1.0
2854,2343,1.0
2854,3112,1.0
2854,3497,1.0
2854,2918,1.0
2854,3687,1.0
2854,4072,1.0
2854,2793,1.0
2855,1319,1.0
2855,40,1.0
2855,425,1.0
2855,1194,1.0
2855,1639,1.0
2855,2024,1.0
2855,745,1.0
2855,874,1.0
2855,2343,1.0
2855,3112,1.0
2855,3497,1.0
2855,2218,1.0
2855,2663,1.0
2855,3048,1.0
2855,3817,1.0
2855,3946,1.0
2856,40,1.0
2856,425,1.0
2856,1194,1.0
2856,1323,1.0
2856,1000,1.0
2856,1769,1.0
2856,1898,1.0
2856,619,1.0
2856,3112,1.0
2856,3497,1.0
2856,2218,1.0
2856,2347,1.0
2856,4072,1.0
2856,2793,1.0
2856,2922,1.0
2856,3691,1.0
2857,425,1.0
2857,1194,1.0
2857,1323,1.0
2857,44,1.0
2857,745,1.0
2857,874,1.0
2857,1643,1.0
2857,2028,1.0
2857,3497,1.0
2857,2218,1.0
2857,2347,1.0
2857,3116,1.0
2857,3817,1.0
2857,3946,1.0
2857,2667,1.0
2857,3052,1.0
2858,1194,1.0
2858,1323,1.0
2858,44,1.0
2858,429,1.0
2858,1898,1.0
2858,619,1.0
2858,1004,1.0
2858,1773,1.0
2858,2218,1.0
2858,2347,1.0
2858,3116,1.0
2858,3501,1.0
2858,2922,1.0
2858,3691,1.0
2858,4076,1.0
2858,2797,1.0
2859,1323,1.0
2859,44,1.0
2859,429,1.0
2859,1198,1.0
2859,1643,1.0
2859,2028,1.0
2859,749,1.0
2859,878,1.0
2859,2347,1.0
2859,3116,1.0
2859,3501,1.0
2859,2222,1.0
2859,2667,1.0
2859,3052,1.0
2859,3821,1.0
2859,3950,1.0
2860,44,1.0
2860,429,1.0
2860,1198,1.0
2860,1327,1.0
2860,1004,1.0
2860,1773,1.0
2860,1902,1.0
2860,623,1.0
2860,3116,1.0
2860,3501,1.0
2860,2222,1.0
2860,2351,1.0
2860,4076,1.0
2860,2797,1.0
2860,2926,1.0
2860,3695,1.0
2861,429,1.0
2861,1198,1.0
2861,1327,1.0
2861,48,1.0
2861,749,1.0
2861,878,1.0
2861,1647,1.0
2861,2032,1.0
2861,3501,1.0
2861,2222,1.0
2861,2351,1.0
2861,3120,1.0
2861,3821,1.0
2861,3950,1.0
2861,2671,1.0
2861,3056,1.0
2862,1198,1.0
2862,1327,1.0
2862,48,1.0
2862,433,1.0
2862,1902,1.0
2862,623,1.0
2862,1008,1.0
2862,1777,1.0
2862,2222,1.0
2862,2351,1.0
2862,3120,1.0
2862,3505,1.0
2862,2926,1.0
2862,3695,1.0
2862,4080,1.0
2862,2801,1.0
2863,1327,1.0
2863,48,1.0
2863,433,1.0
2863,1202,1.0
2863,1647,1.0
2863,2032,1.0
2863,753,1.0
2863,882,1.0
2863,2351,1.0
2863,3120,1.0
2863,3505,1.0
2863,2226,1.0
2863,2671,1.0
2863,3056,1.0
2863,3825,1.0
2863,3954,1.0
2864,48,1.0
2864,433,1.0
2864,1202,1.0
2864,1331,1.0
2864,1008,1.0
2864,1777,1.0
2864,1906,1.0
2864,627,1.0
2864,3120,1.0
2864,3505,1.0
2864,2226,1.0
2864,2355,1.0
2864,4080,1.0
2864,2801,1.0
2864,2930,1.0
2864,3699,1.0
2865,433,1.0
2865,1202,1.0
2865,1331,1.0
2865,52,1.0
2865,753,1.0
2865,882,1.0
2865,1651,1.0
2865,2036,1.0
2865,3505,1.0
2865,2226,1.0
2865,2355,1.0
2865,3124,1.0
2865,3825,1.0
2865,3954,1.0
2865,2675,1.0
2865,3060,1.0
2866,1202,1.0
2866,1331,1.0
2866,52,1.0
2866,437,1.0
2866,1906,1.0
2866,627,1.0
2866,1012,1.0
2866,1781,1.0
2866,2226,1.0
2866,2355,1.0
2866,3124,1.0
2866,3509,1.0
2866,2930,1.0
2866,3699,1.0
2866,4084,1.0
2866,2805,1.0
2867,1331,1.0
2867,52,1.0
2867,437,1.0
2867,1206,1.0
2867,1651,1.0
2867,2036,1.0
2867,757,1.0
2867,886,1.0
2867,2355,1.0
2867,3124,1.0
2867,3509,1.0
2867,2230,1.0
2867,2675,1.0
2867,3060,1.0
2867,3829,1.0
2867,3958,1.0
2868,52,1.0
2868,437,1.0
2868,1206,1.0
2868,1335,1.0
2868,1012,1.0
2868,1781,1.0
2868,1910,1.0
2868,631,1.0
2868,3124,1.0
2868,3509,1.0
2868,2230,1.0
2868,2359,1.0
2868,4084,1.0
2868,2805,1.0
2868,2934,1.0
2868,3703,1.0
2869,437,1.0
2869,1206,1.0
2869,1335,1.0
2869,56,1.0
2869,757,1.0
2869,886,1.0
2869,1655,1.0
2869,2040,1.0
2869,3509,1.0
2869,2230,1.0
2869,2359,1.0
2869,3128,1.0
2869,3829,1.0
2869,3958,1.0
2869,2679,1.0
2869,3064,1.0
2870,1206,1.0
2870,1335,1.0
2870,56,1.0
2870,441,1.0
2870,1910,1.0
2870,631,1.0
2870,1016,1.0
2870,1785,1.0
2870,2230,1.0
2870,2359,1.0
2870,3128,1.0
2870,3513,1.0
2870,2934,1.0
2870,3703,1.0
2870,4088,1.0
2870,2809,1.0
2871,1335,1.0
2871,56,1.0
2871,441,1.0
2871,1210,1.0
2871,1655,1.0
2871,2040,1.0
2871,761,1.0
2871,890,1.0
2871,2359,1.0
2871,3128,1.0
2871,3513,1.0
2871,2234,1.0
2871,2679,1.0
2871,3064,1.0
2871,3833,1.0
2871,3962,1.0
2872,56,1.0
2872,441,1.0
2872,1210,1.0
2872,1339,1.0
2872,1016,1.0
2872,1785,1.0
2872,1914,1.0
2872,635,1.0
2872,3128,1.0
2872,3513,1.0
2872,2234,1.0
2872,2363,1.0
2872,4088,1.0
2872,2809,1.0
2872,2938,1.0
2872,3707,1.0
2873,441,1.0
2873,1210,1.0
2873,1339,1.0
2873,60,1.0
2873,761,1.0
2873,890,1.0
2873,1659,1.0
2873,2044,1.0
2873,3513,1.0
2873,2234,1.0
2873,2363,1.0
2873,3132,1.0
2873,3833,1.0
2873,3962,1.0
2873,2683,1.0
2873,3068,1.0
2874,1210,1.0
2874,1339,1.0
2874,60,1.0
2874,445,1.0
2874,1914,1.0
2874,635,1.0
2874,1020,1.0
2874,1789,1.0
2874,2234,1.0
2874,2363,1.0
2874,3132,1.0
2874,3517,1.0
2874,2938,1.0
2874,3707,1.0
2874,4092,1.0
2874,2813,1.0
2875,1339,1.0
2875,60,1.0
2875,445,1.0
2875,1214,1.0
2875,1659,1.0
2875,2044,1.0
2875,765,1.0
2875,894,1.0
2875,2363,1.0
2875,3132,1.0
2875,3517,1.0
2875,2238,1.0
2875,2683,1.0
2875,3068,1.0
2875,3837,1.0
2875,3966,1.0
2876,60,1.0
2876,445,1.0
2876,1214,1.0
2876,1343,1.0
2876,1020,1.0
2876,1789,1.0
2876,1918,1.0
2876,639,1.0
2876,3132,1.0
2876,3517,1.0
2876,2238,1.0
2876,2367,1.0
2876,4092,1.0
2876,2813,1.0
2876,2942,1.0
2876,3711,1.0
2877,445,1.0
2877,1214,1.0
2877,1343,1.0
2877,0,1.0
2877,765,1.0
2877,894,1.0
2877,1663,1.0
2877,1984,1.0
2877,3517,1.0
2877,2238,1.0
2877,2367,1.0
2877,3072,1.0
2877,3837,1.0
2877,3966,1.0
2877,2687,1.0
2877,3008,1.0
2878,1214,1.0
2878,1343,1.0
2878,0,1.0
2878,385,1.0
2878,1918,1.0
2878,639,1.0
2878,960,1.0
2878,1729,1.0
2878,2238,1.0
2878,2367,1.0
2878,3072,1.0
2878,3457,1.0
2878,2942,1.0
2878,3711,1.0
2878,4032,1.0
2878,2753,1.0
2879,1343,1.0
2879,0,1.0
2879,385,1.0
2879,1154,1.0
2879,1663,1.0
2879,1984,1.0
2879,705,1.0
2879,834,1.0
2879,2367,1.0
2879,3072,1.0
2879,3457,1.0
2879,2178,1.0
2879,2687,1.0
2879,3008,1.0
2879,3777,1.0
2879,3906,1.0
2880,0,1.0
2880,385,1.0
2880,1154,1.0
2880,1283,1.0
2880,960,1.0
2880,1729,1.0
2880,1858,1.0
2880,579,1.0
2880,3072,1.0
2880,3457,1.0
2880,2178,1.0
2880,2307,1.0
2880,4032,1.0
2880,2753,1.0
2880,2882,1.0
2880,3651,1.0
2881,385,1.0
2881,1154,1.0
2881,1283,1.0
2881,4,1.0
2881,705,1.0
2881,834,1.0
2881,1603,1.0
2881,1988,1.0
2881,3457,1.0
2881,2178,1.0
2881,2307,1.0
2881,3076,1.0
2881,3777,1.0
2881,3906,1.0
2881,2627,1.0
2881,3012,1.0
2882,1154,1.0
2882,1283,1.0
2882,4,1.0
2882,389,1.0
2882,1858,1.0
2882,579,1.0
2882,964,1.0
2882,1733,1.0
2882,2178,1.0
2882,2307,1.0
2882,3076,1.0
2882,3461,1.0
2882,2882,1.0
2882,3651,1.0
2882,4036,1.0
2882,2757,1.0
2883,1283,1.0
2883,4,1.0
2883,389,1.0
2883,1158,1.0
2883,1603,1.0
2883,1988,1.0
2883,709,1.0
2883,838,1.0
2883,2307,1.0
2883,3076,1.0
2883,3461,1.0
2883,2182,1.0
2883,2627,1.0
2883,3012,1.0
2883,3781,1.0
2883,3910,1.0
2884,4,1.0
2884,389,1.0
2884,1158,1.0
2884,1287,1.0
2884,964,1.0
2884,1733,1.0
2884,1862,1.0
2884,583,1.0
2884,3076,1.0
2884,3461,1.0
2884,2182,1.0
2884,2311,1.0
2884,4036,1.0
2884,2757,1.0
2884,2886,1.0
2884,3655,1.0
2885,389,1.0
2885,1158,1.0
2885,1287,1.0
2885,8,1.0
2885,709,1.0
2885,838,1.0
2885,1607,1.0
2885,1992,1.0
2885,3461,1.0
2885,2182,1.0
2885,2311,1.0
2885,3080,1.0
2885,3781,1.0
2885,3910,1.0
2885,2631,1.0
2885,3016,1.0
2886,1158,1.0
2886,1287,1.0
2886,8,1.0
2886,393,1.0
2886,1862,1.0
2886,583,1.0
2886,968,1.0
2886,1737,1.0
2886,2182,1.0
2886,2311,1.0
2886,3080,1.0
2886,3465,1.0
2886,2886,1.0
2886,3655,1.0
2886,4040,1.0
2886,2761,1.0
2887,1287,1.0
2887,8,1.0
2887,393,1.0
2887,1162,1.0
2887,1607,1.0
2887,1992,1.0
2887,713,1.0
2887,842,1.0
2887,2311,1.0
2887,3080,1.0
2887,3465,1.0
2887,2186,1.0
2887,2631,1.0
2887,3016,1.0
2887,3785,1.0
2887,3914,1.0
2888,8,1.0
2888,393,1.0
2888,1162,1.0
2888,1291,1.0
2888,968,1.0
2888,1737,1.0
2888,1866,1.0
2888,587,1.0
2888,3080,1.0
2888,3465,1.0
2888,2186,1.0
2888,2315,1.0
2888,4040,1.0
2888,2761,1.0
2888,2890,1.0
2888,3659,1.0
2889,393,1.0
2889,1162,1.0
2889,1291,1.0
2889,12,1.0
2889,713,1.0
2889,842,1.0
2889,1611,1.0
2889,1996,1.0
2889,3465,1.0
2889,2186,1.0
2889,2315,1.0
2889,3084,1.0
2889,3785,1.0
2889,3914,1.0
2889,2635,1.0
2889,3020,1.0
2890,1162,1.0
2890,1291,1.0
2890,12,1.0
2890,397,1.0
2890,1866,1.0
2890,587,1.0
2890,972,1.0
2890,1741,1.0
2890,2186,1.0
2890,2315,1.0
2890,3084,1.0
2890,3469,1.0
2890,2890,1.0
2890,3659,1.0
2890,4044,1.0
2890,2765,1.0
2891,1291,1.0
2891,12,1.0
2891,397,1.0
2891,1166,1.0
2891,1611,1.0
2891,1996,1.0
2891,717,1.0
2891,846,1.0
2891,2315,1.0
2891,3084,1.0
2891,3469,1.0
2891,2190,1.0
2891,2635,1.0
2891,3020,1.0
2891,3789,1.0
2891,3918,1.0
2892,12,1.0
2892,397,1.0
2892,1166,1.0
2892,1295,1.0
2892,972,1.0
2892,1741,1.0
2892,1870,1.0
2892,591,1.0
2892,3084,1.0
2892,3469,1.0
2892,2190,1.0
2892,2319,1.0
2892,4044,1.0
2892,2765,1.0
2892,2894,1.0
2892,3663,1.0
2893,397,1.0
2893,1166,1.0
2893,1295,1.0
2893,16,1.0
2893,717,1.0
2893,846,1.0
2893,1615,1.0
2893,2000,1.0
2893,3469,1.0
2893,2190,1.0
2893,2319,1.0
2893,3088,1.0
2893,3789,1.0
2893,3918,1.0
2893,2639,1.0
2893,3024,1.0
2894,1166,1.0
2894,1295,1.0
2894,16,1.0
2894,401,1.0
2894,1870,1.0
2894,591,1.0
2894,976,1.0
2894,1745,1.0
2894,2190,1.0
2894,2319,1.0
2894,3088,1.0
2894,3473,1.0
2894,2894,1.0
2894,3663,1.0
2894,4048,1.0
2894,2769,1.0
2895,1295,1.0
2895,16,1.0
2895,401,1.0
2895,1170,1.0
2895,1615,1.0
2895,2000,1.0
2895,721,1.0
2895,850,1.0
2895,2319,1.0
2895,3088,1.0
2895,3473,1.0
2895,2194,1.0
2895,2639,1.0
2895,3024,1.0
2895,3793,1.0
2895,3922,1.0
2896,16,1.0
2896,401,1.0
2896,1170,1.0
2896,1299,1.0
2896,976,1.0
2896,1745,1.0
2896,1874,1.0
2896,595,1.0
2896,3088,1.0
2896,3473,1.0
2896,2194,1.0
2896,2323,1.0
2896,4048,1.0
2896,2769,1.0
2896,2898,1.0
2896,3667,1.0
2897,401,1.0
2897,1170,1.0
2897,1299,1.0
2897,20,1.0
2897,721,1.0
2897,850,1.0
2897,1619,1.0
2897,2004,1.0
2897,3473,1.0
2897,2194,1.0
2897,2323,1.0
2897,3092,1.0
2897,3793,1.0
2897,3922,1.0
2897,2643,1.0
2897,3028,1.0
2898,1170,1.0
2898,1299,1.0
2898,20,1.0
2898,405,1.0
2898,1874,1.0
2898,595,1.0
2898,980,1.0
2898,1749,1.0
2898,2194,1.0
2898,2323,1.0
2898,3092,1.0
2898,3477,1.0
2898,2898,1.0
2898,3667,1.0
2898,4052,1.0
2898,2773,1.0
2899,1299,1.0
2899,20,1.0
2899,405,1.0
2899,1174,1.0
2899,1619,1.0
2899,2004,1.0
2899,725,1.0
2899,854,1.0
2899,2323,1.0
2899,3092,1.0
2899,3477,1.0
2899,2198,1.0
2899,2643,1.0
2899,3028,1.0
2899,3797,1.0
2899,3926,1.0
2900,20,1.0
2900,405,1.0
2900,1174,1.0
2900,1303,1.0
2900,980,1.0
2900,1749,1.0
2900,1878,1.0
2900,599,1.0
2900,3092,1.0
2900,3477,1.0
2900,2198,1.0
2900,2327,1.0
2900,4052,1.0
2900,2773,1.0
2900,2902,1.0
2900,3671,1.0
2901,405,1.0
2901,1174,1.0
2901,1303,1.0
2901,24,1.0
2901,725,1.0
2901,854,1.0
2901,1623,1.0
2901,2008,1.0
2901,3477,1.0
2901,2198,1.0
2901,2327,1.0
2901,3096,1.0
2901,3797,1.0
2901,3926,1.0
2901,2647,1.0
2901,3032,1.0
2902,1174,1.0
2902,1303,1.0
2902,24,1.0
2902,409,1.0
2902,1878,1.0
2902,599,1.0
2902,984,1.0
2902,1753,1.0
2902,2198,1.0
2902,2327,1.0
2902,3096,1.0
2902,3481,1.0
2902,2902,1.0
2902,3671,1.0
2902,4056,1.0
2902,2777,1.0
2903,1303,1.0
2903,24,1.0
2903,409,1.0
2903,1178,1.0
2903,1623,1.0
2903,2008,1.0
2903,729,1.0
2903,858,1.0
2903,2327,1.0
2903,3096,1.0
2903,3481,1.0
2903,2202,1.0
2903,2647,1.0
2903,3032,1.0
2903,3801,1.0
2903,3930,1.0
2904,24,1.0
2904,409,1.0
2904,1178,1.0
2904,1307,1.0
2904,984,1.0
2904,1753,1.0
2904,1882,1.0
2904,603,1.0
2904,3096,1.0
2904,3481,1.0
2904,2202,1.0
2904,2331,1.0
2904,4056,1.0
2904,2777,1.0
2904,2906,1.0
2904,3675,1.0
2905,409,1.0
2905,1178,1.0
2905,1307,1.0
2905,28,1.0
2905,729,1.0
2905,858,1.0
2905,1627,1.0
2905,2012,1.0
2905,3481,1.0
2905,2202,1.0
2905,2331,1.0
2905,3100,1.0
2905,3801,1.0
2905,3930,1.0
2905,2651,1.0
2905,3036,1.0
2906,1178,1.0
2906,1307,1.0
2906,28,1.0
2906,413,1.0
2906,1882,1.0
2906,603,1.0
2906,988,1.0
2906,1757,1.0
2906,2202,1.0
2906,2331,1.0
2906,3100,1.0
2906,3485,1.0
2906,2906,1.0
2906,3675,1.0
2906,4060,1.0
2906,2781,1.0
2907,1307,1.0
2907,28,1.0
2907,413,1.0
2907,1182,1.0
2907,1627,1.0
2907,2012,1.0
2907,733,1.0
2907,862,1.0
2907,2331,1.0
2907,3100,1.0
2907,3485,1.0
2907,2206,1.0
2907,2651,1.0
2907,3036,1.0
2907,3805,1.0
2907,3934,1.0
2908,28,1.0
2908,413,1.0
2908,1182,1.0
2908,1311,1.0
2908,988,1.0
2908,1757,1.0
2908,1886,1.0
2908,607,1.0
2908,3100,1.0
2908,3485,1.0
2908,2206,1.0
2908,2335,1.0
2908,4060,1.0
2908,2781,1.0
2908,2910,1.0
2908,3679,1.0
2909,413,1.0
2909,1182,1.0
2909,1311,1.0
2909,32,1.0
2909,733,1.0
2909,862,1.0
2909,1631,1.0
2909,2016,1.0
2909,3485,1.0
2909,2206,1.0
2909,2335,1.0
2909,3104,1.0
2909,3805,1.0
2909,3934,1.0
2909,2655,1.0
2909,3040,1.0
2910,1182,1.0
2910,1311,1.0
2910,32,1.0
2910,417,1.0
2910,1886,1.0
2910,607,1.0
2910,992,1.0
2910,1761,1.0
2910,2206,1.0
2910,2335,1.0
2910,3104,1.0
2910,3489,1.0
2910,2910,1.0
2910,3679,1.0
2910,4064,1.0
2910,2785,1.0
2911,1311,1.0
2911,32,1.0
2911,417,1.0
2911,1186,1.0
2911,1631,1.0
2911,2016,1.0
2911,737,1.0
2911,866,1.0
2911,2335,1.0
2911,3104,1.0
2911,3489,1.0
2911,2210,1.0
2911,2655,1.0
2911,3040,1.0
2911,3809,1.0
2911,3938,1.0
2912,32,1.0
2912,417,1.0
2912,1186,1.0
2912,1315,1.0
2912,992,1.0
2912,1761,1.0
2912,1890,1.0
2912,611,1.0
2912,3104,1.0
2912,3489,1.0
2912,2210,1.0
2912,2339,1.0
2912,4064,1.0
2912,2785,1.0
2912,2914,1.0
2912,3683,1.0
2913,417,1.0
2913,1186,1.0
2913,1315,1.0
2913,36,1.0
2913,737,1.0
2913,866,1.0
2913,1635,1.0
2913,2020,1.0
2913,3489,1.0
2913,2210,1.0
2913,2339,1.0
2913,3108,1.0
2913,3809,1.0
2913,3938,1.0
2913,2659,1.0
2913,3044,1.0
2914,1186,1.0
2914,1315,1.0
2914,36,1.0
2914,421,1.0
2914,1890,1.0
2914,611,1.0
2914,996,1.0
2914,1765,1.0
2914,2210,1.0
2914,2339,1.0
2914,3108,1.0
2914,3493,1.0
2914,2914,1.0
2914,3683,1.0
2914,4068,1.0
2914,2789,1.0
2915,1315,1.0
2915,36,1.0
2915,421,1.0
2915,1190,1.0
2915,1635,1.0
2915,2020,1.0
2915,741,1.0
2915,870,1.0
2915,2339,1.0
2915,3108,1.0
2915,3493,1.0
2915,2214,1.0
2915,2659,1.0
2915,3044,1.0
2915,3813,1.0
2915,3942,1.0
2916,36,1.0
2916,421,1.0
2916,1190,1.0
2916,1319,1.0
2916,996,1.0
2916,1765,1.0
2916,1894,1.0
2916,615,1.0
2916,3108,1.0
2916,3493,1.0
2916,2214,1.0
2916,2343,1.0
2916,4068,1.0
2916,2789,1.0
2916,2918,1.0
2916,3687,1.0
2917,421,1.0
2917,1190,1.0
2917,1319,1.0
2917,40,1.0
2917,741,1.0
2917,870,1.0
2917,1639,1.0
2917,2024,1.0
2917,3493,1.0
2917,2214,1.0
2917,2343,1.0
2917,3112,1.0
2917,3813,1.0
2917,3942,1.0
2917,2663,1.0
2917,3048,1.0
2918,1190,1.0
2918,1319,1.0
2918,40,1.0
2918,425,1.0
2918,1894,1.0
2918,615,1.0
2918,1000,1.0
2918,1769,1.0
2918,2214,1.0
2918,2343,1.0
2918,3112,1.0
2918,3497,1.0
2918,2918,1.0
2918,3687,1.0
2918,4072,1.0
2918,2793,1.0
2919,1319,1.0
2919,40,1.0
2919,425,1.0
2919,1194,1.0
2919,1639,1.0
2919,2024,1.0
2919,745,1.0
2919,874,1.0
2919,2343,1.0
2919,3112,1.0
2919,3497,1.0
2919,2218,1.0
2919,2663,1.0
2919,3048,1.0
2919,3817,1.0
2919,3946,1.0
2920,40,1.0
2920,425,1.0
2920,1194,1.0
2920,1323,1.0
2920,1000,1.0
2920,1769,1.0
2920,1898,1.0
2920,619,1.0
2920,3112,1.0
2920,3497,1.0
2920,2218,1.0
2920,2347,1.0
2920,4072,1.0
2920,2793,1.0
2920,2922,1.0
2920,3691,1.0
2921,425,1.0
2921,1194,1.0
2921,1323,1.0
2921,44,1.0
2921,745,1.0
2921,874,1.0
2921,1643,1.0
2921,2028,1.0
2921,3497,1.0
2921,2218,1.0
2921,2347,1.0
2921,3116,1.0
2921,3817,1.0
2921,3946,1.0
2921,2667,1.0
2921,3052,1.0
2922,1194,1.0
2922,1323,1.0
2922,44,1.0
2922,429,1.0
2922,1898,1.0
2922,619,1.0
2922,1004,1.0
2922,1773,1.0
2922,2218,1.0
2922,2347,1.0
2922,3116,1.0
2922,3501,1.0
2922,2922,1.0
2922,3691,1.0
2922,4076,1.0
2922,2797,1.0
2923,1323,1.0
2923,44,1.0
2923,429,1.0
2923,1198,1.0
2923,1643,1.0
2923,2028,1.0
2923,749,1.0
2923,878,1.0
2923,2347,1.0
2923,3116,1.0
2923,3501,1.0
2923,2222,1.0
2923,2667,1.0
2923,3052,1.0
2923,3821,1.0
2923,3950,1.0
2924,44,1.0
2924,429,1.0
2924,1198,1.0
2924,1327,1.0
2924,1004,1.0
2924,1773,1.0
2924,1902,1.0
2924,623,1.0
2924,3116,1.0
2924,3501,1.0
2924,2222,1.0
2924,2351,1.0
2924,4076,1.0
2924,2797,1.0
2924,2926,1.0
2924,3695,1.0
2925,429,1.0
2925,1198,1.0
2925,1327,1.0
2925,48,1.0
2925,749,1.0
2925,878,1.0
2925,1647,1.0
2925,2032,1.0
2925,3501,1.0
2925,2222,1.0
2925,2351,1.0
2925,3120,1.0
2925,3821,1.0
2925,3950,1.0
2925,2671,1.0
2925,3056,1.0
2926,1198,1.0
2926,1327,1.0
2926,48,1.0
2926,433,1.0
2926,1902,1.0
2926,623,1.0
2926,1008,1.0
2926,1777,1.0
2926,2222,1.0
2926,2351,1.0
2926,3120,1.0
2926,3505,1.0
2926,2926,1.0
2926,3695,1.0
2926,4080,1.0
2926,2801,1.0
2927,1327,1.0
2927,48,1.0
2927,433,1.0
2927,1202,1.0
2927,1647,1.0
2927,2032,1.0
2927,753,1.0
2927,882,1.0
2927,2351,1.0
2927,3120,1.0
2927,3505,1.0
2927,2226,1.0
2927,2671,1.0
2927,3056,1.0
2927,3825,1.0
2927,3954,1.0
2928,48,1.0
2928,433,1.0
2928,1202,1.0
2928,1331,1.0
2928,1008,1.0
2928,1777,1.0
2928,1906,1.0
2928,627,1.0
2928,3120,1.0
2928,3505,1.0
2928,2226,1.0
2928,2355,1.0
2928,4080,1.0
2928,2801,1.0
2928,2930,1.0
2928,3699,1.0
2929,433,1.0
2929,1202,1.0
2929,1331,1.0
2929,52,1.0
2929,753,1.0
2929,882,1.0
2929,1651,1.0
2929,2036,1.0
2929,3505,1.0
2929,2226,1.0
2929,2355,1.0
2929,3124,1.0
2929,3825,1.0
2929,3954,1.0
2929,2675,1.0
2929,3060,1.0
2930,1202,1.0
2930,1331,1.0
2930,52,1.0
2930,437,1.0
2930,1906,1.0
2930,627,1.0
2930,1012,1.0
2930,1781,1.0
2930,2226,1.0
2930,2355,1.0
2930,3124,1.0
2930,3509,1.0
2930,2930,1.0
2930,3699,1.0
2930,4084,1.0
2930,2805,1.0
2931,1331,1.0
2931,52,1.0
2931,437,1.0
2931,1206,1.0
2931,1651,1.0
2931,2036,1.0
2931,757,1.0
2931,886,1.0
2931,2355,1.0
2931,3124,1.0
2931,3509,1.0
2931,2230,1.0
2931,2675,1.0
2931,3060,1.0
2931,3829,1.0
2931,3958,1.0
2932,52,1.0
2932,437,1.0
2932,1206,1.0
2932,1335,1.0
2932,1012,1.0
2932,1781,1.0
2932,1910,1.0
2932,631,1.0
2932,3124,1.0
2932,3509,1.0
2932,2230,1.0
2932,2359,1.0
2932,4084,1.0
2932,2805,1.0
2932,2934,1.0
2932,3703,1.0
2933,437,1.0
2933,1206,1.0
2933,1335,1.0
2933,56,1.0
2933,757,1.0
2933,886,1.0
2933,1655,1.0
2933,2040,1.0
2933,3509,1.0
2933,2230,1.0
2933,2359,1.0
2933,3128,1.0
2933,3829,1.0
2933,3958,1.0
2933,2679,1.0
2933,3064,1.0
2934,1206,1.0
2934,1335,1.0
2934,56,1.0
2934,441,1.0
2934,1910,1.0
2934,631,1.0
2934,1016,1.0
2934,1785,1.0
2934,2230,1.0
2934,2359,1.0
2934,3128,1.0
2934,3513,1.0
2934,2934,1.0
2934,3703,1.0
2934,4088,1.0
2934,2809,1.0
2935,1335,1.0
2935,56,1.0
2935,441,1.0
2935,1210,1.0
2935,1655,1.0
2935,2040,1.0
2935,761,1.0
2935,890,1.0
2935,2359,1.0
2935,3128,1.0
2935,3513,1.0
2935,2234,1.0
2935,2679,1.0
2935,3064,1.0
2935,3833,1.0
2935,3962,1.0
2936,56,1.0
2936,441,1.0
2936,1210,1.0
2936,1339,1.0
2936,1016,1.0
2936,1785,1.0
2936,1914,1.0
2936,635,1.0
2936,3128,1.0
2936,3513,1.0
2936,2234,1.0
2936,2363,1.0
2936,4088,1.0
2936,2809,1.0
2936,2938,1.0
2936,3707,1.0
2937,441,1.0
2937,1210,1.0
2937,1339,1.0
2937,60,1.0
2937,761,1.0
2937,890,1.0
2937,1659,1.0
2937,2044,1.0
2937,3513,1.0
2937,2234,1.0
2937,2363,1.0
2937,3132,1.0
2937,3833,1.0
2937,3962,1.0
2937,2683,1.0
2937,3068,1.0
2938,1210,1.0
2938,1339,1.0
2938,60,1.0
2938,445,1.0
2938,1914,1.0
2938,635,1.0
2938,1020,1.0
2938,1789,1.0
2938,2234,1.0
2938,2363,1.0
2938,3132,1.0
2938,3517,1.0
2938,2938,1.0
2938,3707,1.0
2938,4092,1.0
2938,2813,1.0
2939,1339,1.0
2939,60,1.0
2939,445,1.0
2939,1214,1.0
2939,1659,1.0
2939,2044,1.0
2939,765,1.0
2939,894,1.0
2939,2363,1.0
2939,3132,1.0
2939,3517,1.0
2939,2238,1.0
2939,2683,1.0
2939,3068,1.0
2939,3837,1.0
2939,3966,1.0
2940,60,1.0
2940,445,1.0
2940,1214,1.0
2940,1343,1.0
2940,1020,1.0
2940,1789,1.0
2940,1918,1.0
2940,639,1.0
2940,3132,1.0
2940,3517,1.0
2940,2238,1.0
2940,2367,1.0
2940,4092,1.0
2940,2813,1.0
2940,2942,1.0
2940,3711,1.0
2941,445,1.0
2941,1214,1.0
2941,1343,1.0
2941,0,1.0
2941,765,1.0
2941,894,1.0
2941,1663,1.0
2941,1984,1.0
2941,3517,1.0
2941,2238,1.0
2941,2367,1.0
2941,3072,1.0
2941,3837,1.0
2941,3966,1.0
2941,2687,1.0
2941,3008,1.0
2942,1214,1.0
2942,1343,1.0
2942,0,1.0
2942,385,1.0
2942,1918,1.0
2942,639,1.0
2942,960,1.0
2942,1729,1.0
2942,2238,1.0
2942,2367,1.0
2942,3072,1.0
2942,3457,1.0
2942,2942,1.0
2942,3711,1.0
2942,4032,1.0
2942,2753,1.0
2943,1343,1.0
2943,0,1.0
2943,385,1.0
2943,1154,1.0
2943,1663,1.0
2943,1984,1.0
2943,705,1.0
2943,834,1.0
2943,2367,1.0
2943,3072,1.0
2943,3457,1.0
2943,2178,1.0
2943,2687,1.0
2943,3008,1.0
2943,3777,1.0
2943,3906,1.0
2944,0,1.0
2944,385,1.0
2944,1154,1.0
2944,1283,1.0
2944,960,1.0
2944,1729,1.0
2944,1858,1.0
2944,579,1.0
2944,3072,1.0
2944,3457,1.0
2944,2178,1.0
2944,2307,1.0
2944,4032,1.0
2944,2753,1.0
2944,2882,1.0
2944,3651,1.0
2945,385,1.0
2945,1154,1.0
2945,1283,1.0
2945,4,1.0
2945,705,1.0
2945,834,1.0
2945,1603,1.0
2945,1988,1.0
2945,3457,1.0
2945,2178,1.0
2945,2307,1.0
2945,3076,1.0
2945,3777,1.0
2945,3906,1.0
2945,2627,1.0
2945,3012,1.0
2946,1154,1.0
2946,1283,1.0
2946,4,1.0
2946,389,1.0
2946,1858,1.0
2946,579,1.0
2946,964,1.0
2946,1733,1.0
2946,2178,1.0
2946,2307,1.0
2946,3076,1.0
2946,3461,1.0
2946,2882,1.0
2946,3651,1.0
2946,4036,1.0
2946,2757,1.0
2947,1283,1.0
2947,4,1.0
2947,389,1.0
2947,1158,1.0
2947,1603,1.0
2947,1988,1.0
2947,709,1.0
2947,838,1.0
2947,2307,1.0
2947,3076,1.0
2947,3461,1.0
2947,2182,1.0
2947,2627,1.0
2947,3012,1.0
2947,3781,1.0
2947,3910,1.0
2948,4,1.0
2948,389,1.0
2948,1158,1.0
2948,1287,1.0
2948,964,1.0
2948,1733,1.0
2948,1862,1.0
2948,583,1.0
2948,3076,1.0
2948,3461,1.0
2948,2182,1.0
2948,2311,1.0
2948,4036,1.0
2948,2757,1.0
2948,2886,1.0
2948,3655,1.0
2949,389,1.0
2949,1158,1.0
2949,1287,1.0
2949,8,1.0
2949,709,1.0
2949,838,1.0
2949,1607,1.0
2949,1992,1.0
2949,3461,1.0
2949,2182,1.0
2949,2311,1.0
2949,3080,1.0
2949,3781,1.0
2949,3910,1.0
2949,2631,1.0
2949,3016,1.0
2950,1158,1.0
2950,1287,1.0
2950,8,1.0
2950,393,1.0
2950,1862,1.0
2950,583,1.0
2950,968,1.0
2950,1737,1.0
2950,2182,1.0
2950,2311,1.0
2950,3080,1.0
2950,3465,1.0
2950,2886,1.0
2950,3655,1.0
2950,4040,1.0
2950,2761,1.0
2951,1287,1.0
2951,8,1.0
2951,393,1.0
2951,1162,1.0
2951,1607,1.0
2951,1992,1.0
2951,713,1.0
2951,842,1.0
2951,2311,1.0
2951,3080,1.0
2951,3465,1.0
2951,2186,1.0
2951,2631,1.0
2951,3016,1.0
2951,3785,1.0
2951,3914,1.0
2952,8,1.0
2952,393,1.0
2952,1162,1.0
2952,1291,1.0
2952,968,1.0
2952,1737,1.0
2952,1866,1.0
2952,587,1.0
2952,3080,1.0
2952,3465,1.0
2952,2186,1.0
2952,2315,1.0
2952,4040,1.0
2952,2761,1.0
2952,2890,1.0
2952,3659,1.0
2953,393,1.0
2953,1162,1.0
2953,1291,1.0
2953,12,1.0
2953,713,1.0
2953,842,1.0
2953,1611,1.0
2953,1996,1.0
2953,3465,1.0
2953,2186,1.0
2953,2315,1.0
2953,3084,1.0
2953,3785,1.0
2953,3914,1.0
2953,2635,1.0
2953,3020,1.0
2954,1162,1.0
2954,1291,1.0
2954,12,1.0
2954,397,1.0
2954,1866,1.0
2954,587,1.0
2954,972,1.0
2954,1741,1.0
2954,2186,1.0
2954,2315,1.0
2954,3084,1.0
2954,3469,1.0
2954,2890,1.0
2954,3659,1.0
2954,4044,1.0
2954,2765,1.0
2955,1291,1.0
2955,12,1.0
2955,397,1.0
2955,1166,1.0
2955,1611,1.0
2955,1996,1.0
2955,717,1.0
2955,846,1.0
2955,2315,1.0
2955,3084,1.0
2955,3469,1.0
2955,2190,1.0
2955,2635,1.0
2955,3020,1.0
2955,3789,1.0
2955,3918,1.0
2956,12,1.0
2956,397,1.0
2956,1166,1.0
2956,1295,1.0
2956,972,1.0
2956,1741,1.0
2956,1870,1.0
2956,591,1.0
2956,3084,1.0
2956,3469,1.0
2956,2190,1.0
2956,2319,1.0
2956,4044,1.0
2956,2765,1.0
2956,2894,1.0
2956,3663,1.0
2957,397,1.0
2957,1166,1.0
2957,1295,1.0
2957,16,1.0
2957,717,1.0
2957,846,1.0
2957,1615,1.0
2957,2000,1.0
2957,3469,1.0
2957,2190,1.0
2957,2319,1.0
2957,3088,1.0
2957,3789,1.0
2957,3918,1.0
2957,2639,1.0
2957,3024,1.0
2958,1166,1.0
2958,1295,1.0
2958,16,1.0
2958,401,1.0
2958,1870,1.0
2958,591,1.0
2958,976,1.0
2958,1745,1.0
2958,2190,1.0
2958,2319,1.0
2958,3088,1.0
2958,3473,1.0
2958,2894,1.0
2958,3663,1.0
2958,4048,1.0
2958,2769,1.0
2959,1295,1.0
2959,16,1.0
2959,401,1.0
2959,1170,1.0
2959,1615,1.0
2959,2000,1.0
2959,721,1.0
2959,850,1.0
2959,2319,1.0
2959,3088,1.0
2959,3473,1.0
2959,2194,1.0
2959,2639,1.0
2959,3024,1.0
2959,3793,1.0
2959,3922,1.0
2960,16,1.0
2960,401,1.0
2960,1170,1.0
2960,1299,1.0
2960,976,1.0
2960,1745,1.0
2960,1874,1.0
2960,595,1.0
2960,3088,1.0
2960,3473,1.0
2960,2194,1.0
2960,2323,1.0
2960,4048,1.0
2960,2769,1.0
2960,2898,1.0
2960,3667,1.0
2961,401,1.0
2961,1170,1.0
2961,1299,1.0
2961,20,1.0
2961,721,1.0
2961,850,1.0
2961,1619,1.0
2961,2004,1.0
2961,3473,1.0
2961,2194,1.0
2961,2323,1.0
2961,3092,1.0
2961,3793,1.0
2961,3922,1.0
2961,2643,1.0
2961,3028,1.0
2962,1170,1.0
2962,1299,1.0
2962,20,1.0
2962,405,1.0
2962,1874,1.0
2962,595,1.0
2962,980,1.0
2962,1749,1.0
2962,2194,1.0
2962,2323,1.0
2962,3092,1.0
2962,3477,1.0
2962,2898,1.0
2962,3667,1.0
2962,4052,1.0
2962,2773,1.0
2963,1299,1.0
2963,20,1.0
2963,405,1.0
2963,1174,1.0
2963,1619,1.0
2963,2004,1.0
2963,725,1.0
2963,854,1.0
2963,2323,1.0
2963,3092,1.0
2963,3477,1.0
2963,2198,1.0
2963,2643,1.0
2963,3028,1.0
2963,3797,1.0
2963,3926,1.0
2964,20,1.0
2964,405,1.0
2964,1174,1.0
2964,1303,1.0
2964,980,1.0
2964,1749,1.0
2964,1878,1.0
2964,599,1.0
2964,3092,1.0
2964,3477,1.0
2964,2198,1.0
2964,2327,1.0
2964,4052,1.0
2964,2773,1.0
2964,2902,1.0
2964,3671,1.0
2965,405,1.0
2965,1174,1.0
2965,1303,1.0
2965,24,1.0
2965,725,1.0
2965,854,1.0
2965,1623,1.0
2965,2008,1.0
2965,3477,1.0
2965,2198,1.0
2965,2327,1.0
2965,3096,1.0
2965,3797,1.0
2965,3926,1.0
2965,2647,1.0
2965,3032,1.0
2966,1174,1.0
2966,1303,1.0
2966,24,1.0
2966,409,1.0
2966,1878,1.0
2966,599,1.0
2966,984,1.0
2966,1753,1.0
2966,2198,1.0
2966,2327,1.0
2966,3096,1.0
2966,3481,1.0
2966,2902,1.0
2966,3671,1.0
2966,4056,1.0
2966,2777,1.0
2967,1303,1.0
2967,24,1.0
2967,409,1.0
2967,1178,1.0
2967,1623,1.0
2967,2008,1.0
2967,729,1.0
2967,858,1.0
2967,2327,1.0
2967,3096,1.0
2967,3481,1.0
2967,2202,1.0
2967,2647,1.0
2967,3032,1.0
2967,3801,1.0
2967,3930,1.0
2968,24,1.0
2968,409,1.0
2968,1178,1.0
2968,1307,1.0
2968,984,1.0
2968,1753,1.0
2968,1882,1.0
2968,603,1.0
2968,3096,1.0
2968,3481,1.0
2968,2202,1.0
2968,2331,1.0
2968,4056,1.0
2968,2777,1.0
2968,2906,1.0
2968,3675,1.0
2969,409,1.0
2969,1178,1.0
2969,1307,1.0
2969,28,1.0
2969,729,1.0
2969,858,1.0
2969,1627,1.0
2969,2012,1.0
2969,3481,1.0
2969,2202,1.0
2969,2331,1.0
2969,3100,1.0
2969,3801,1.0
2969,3930,1.0
2969,2651,1.0
2969,3036,1.0
2970,1178,1.0
2970,1307,1.0
2970,28,1.0
2970,413,1.0
2970,1882,1.0
2970,603,1.0
2970,988,1.0
2970,1757,1.0
2970,2202,1.0
2970,2331,1.0
2970,3100,1.0
2970,3485,1.0
2970,2906,1.0
2970,3675,1.0
2970,4060,1.0
2970,2781,1.0
2971,1307,1.0
2971,28,1.0
2971,413,1.0
2971,1182,1.0
2971,1627,1.0
2971,2012,1.0
2971,733,1.0
2971,862,1.0
2971,2331,1.0
2971,3100,1.0
2971,3485,1.0
2971,2206,1.0
2971,2651,1.0
2971,3036,1.0
2971,3805,1.0
2971,3934,1.0
2972,28,1.0
2972,413,1.0
2972,1182,1.0
2972,1311,1.0
2972,988,1.0
2972,1757,1.0
2972,1886,1.0
2972,607,1.0
2972,3100,1.0
2972,3485,1.0
2972,2206,1.0
2972,2335,1.0
2972,4060,1.0
2972,2781,1.0
2972,2910,1.0
2972,3679,1.0
2973,413,1.0
2973,1182,1.0
2973,1311,1.0
2973,32,1.0
2973,733,1.0
2973,862,1.0
2973,1631,1.0
2973,2016,1.0
2973,3485,1.0
2973,2206,1.0
2973,2335,1.0
2973,3104,1.0
2973,3805,1.0
2973,3934,1.0
2973,2655,1.0
2973,3040,1.0
2974,1182,1.0
2974,1311,1.0
2974,32,1.0
2974,417,1.0
2974,1886,1.0
2974,607,1.0
2974,992,1.0
2974,1761,1.0
2974,2206,1.0
2974,2335,1.0
2974,3104,1.0
2974,3489,1.0
2974,2910,1.0
2974,3679,1.0
2974,4064,1.0
2974,2785,1.0
2975,1311,1.0
2975,32,1.0
2975,417,1.0
2975,1186,1.0
2975,1631,1.0
2975,2016,1.0
2975,737,1.0
2975,866,1.0
2975,2335,1.0
2975,3104,1.0
2975,3489,1.0
2975,2210,1.0
2975,2655,1.0
2975,3040,1.0
2975,3809,1.0
2975,3938,1.0
2976,32,1.0
2976,417,1.0
2976,1186,1.0
2976,1315,1.0
2976,992,1.0
2976,1761,1.0
2976,1890,1.0
2976,611,1.0
2976,3104,1.0
2976,3489,1.0
2976,2210,1.0
2976,2339,1.0
2976,4064,1.0
2976,2785,1.0
2976,2914,1.0
2976,3683,1.0
2977,417,1.0
2977,1186,1.0
2977,1315,1.0
2977,36,1.0
2977,737,1.0
2977,866,1.0
2977,1635,1.0
2977,2020,1.0
2977,3489,1.0
2977,2210,1.0
2977,2339,1.0
2977,3108,1.0
2977,3809,1.0
2977,3938,1.0
2977,2659,1.0
2977,3044,1.0
2978,1186,1.0
2978,1315,1.0
2978,36,1.0
2978,421,1.0
2978,1890,1.0
2978,611,1.0
2978,996,1.0
2978,1765,1.0
2978,2210,1.0
2978,2339,1.0
2978,3108,1.0
2978,3493,1.0
2978,2914,1.0
2978,3683,1.0
2978,4068,1.0
2978,2789,1.0
2979,1315,1.0
2979,36,1.0
2979,421,1.0
2979,1190,1.0
2979,1635,1.0
2979,2020,1.0
2979,741,1.0
2979,870,1.0
2979,2339,1.0
2979,3108,1.0
2979,3493,1.0
2979,2214,1.0
2979,2659,1.0
2979,3044,1.0
2979,3813,1.0
2979,3942,1.0
2980,36,1.0
2980,421,1.0
2980,1190,1.0
2980,1319,1.0
2980,996,1.0
2980,1765,1.0
2980,1894,1.0
2980,615,1.0
2980,3108,1.0
2980,3493,1.0
2980,2214,1.0
2980,2343,1.0
2980,4068,1.0
2980,2789,1.0
2980,2918,1.0
2980,3687,1.0
2981,421,1.0
2981,1190,1.0
2981,1319,1.0
2981,40,1.0
2981,741,1.0
2981,870,1.0
2981,1639,1.0
2981,2024,1.0
2981,3493,1.0
2981,2214,1.0
2981,2343,1.0
2981,3112,1.0
2981,3813,1.0
2981,3942,1.0
2981,2663,1.0
2981,3048,1.0
2982,1190,1.0
2982,1319,1.0
2982,40,1.0
2982,425,1.0
2982,1894,1.0
2982,615,1.0
2982,1000,1.0
2982,1769,1.0
2982,2214,1.0
2982,2343,1.0
2982,3112,1.0
2982,3497,1.0
2982,2918,1.0
2982,3687,1.0
2982,4072,1.0
2982,2793,1.0
2983,1319,1.0
2983,40,1.0
2983,425,1.0
2983,1194,1.0
2983,1639,1.0
2983,2024,1.0
2983,745,1.0
2983,874,1.0
2983,2343,1.0
2983,3112,1.0
2983,3497,1.0
2983,2218,1.0
2983,2663,1.0
2983,3048,1.0
2983,3817,1.0
2983,3946,1.0
2984,40,1.0
2984,425,1.0
2984,1194,1.0
2984,1323,1.0
2984,1000,1.0
2984,1769,1.0
2984,1898,1.0
2984,619,1.0
2984,3112,1.0
2984,3497,1.0
2984,2218,1.0
2984,2347,1.0
2984,4072,1.0
2984,2793,1.0
2984,2922,1.0
2984,3691,1.0
2985,425,1.0
2985,1194,1.0
2985,1323,1.0
2985,44,1.0
2985,745,1.0
2985,874,1.0
2985,1643,1.0
2985,2028,1.0
2985,3497,1.0
2985,2218,1.0
2985,2347,1.0
2985,3116,1.0
2985,3817,1.0
2985,3946,1.0
2985,2667,1.0
2985,3052,1.0
2986,1194,1.0
2986,1323,1.0
2986,44,1.0
2986,429,1.0
2986,1898,1.0
2986,619,1.0
2986,1004,1.0
2986,1773,1.0
2986,2218,1.0
2986,2347,1.0
2986,3116,1.0
2986,3501,1.0
2986,2922,1.0
2986,3691,1.0
2986,4076,1.0
2986,2797,1.0
2987,1323,1.0
2987,44,1.0
2987,429,1.0
2987,1198,1.0
2987,1643,1.0
2987,2028,1.0
2987,749,1.0
2987,878,1.0
2987,2347,1.0
2987,3116,1.0
2987,3501,1.0
2987,2222,1.0
2987,2667,1.0
2987,3052,1.0
2987,3821,1.0
2987,3950,1.0
2988,44,1.0
2988,429,1.0
2988,1198,1.0
2988,1327,1.0
2988,1004,1.0
2988,1773,1.0
2988,1902,1.0
2988,623,1.0
2988,3116,1.0
2988,3501,1.0
2988,2222,1.0
2988,2351,1.0
2988,4076,1.0
2988,2797,1.0
2988,2926,1.0
2988,3695,1.0
2989,429,1.0
2989,1198,1.0
2989,1327,1.0
2989,48,1.0
2989,749,1.0
2989,878,1.0
2989,1647,1.0
2989,2032,1.0
2989,3501,1.0
2989,2222,1.0
2989,2351,1.0
2989,3120,1.0
2989,3821,1.0
2989,3950,1.0
2989,2671,1.0
2989,3056,1.0
2990,1198,1.0
2990,1327,1.0
2990,48,1.0
2990,433,1.0
2990,1902,1.0
2990,623,1.0
2990,1008,1.0
2990,1777,1.0
2990,2222,1.0
2990,2351,1.0
2990,3120,1.0
2990,3505,1.0
2990,2926,1.0
2990,3695,1.0
2990,4080,1.0
2990,2801,1.0
2991,1327,1.0
2991,48,1.0
2991,433,1.0
2991,1202,1.0
2991,1647,1.0
2991,2032,1.0
2991,753,1.0
2991,882,1.0
2991,2351,1.0
2991,3120,1.0
2991,3505,1.0
2991,2226,1.0
2991,2671,1.0
2991,3056,1.0
2991,3825,1.0
2991,3954,1.0
2992,48,1.0
2992,433,1.0
2992,1202,1.0
2992,1331,1.0
2992,1008,1.0
2992,1777,1.0
2992,1906,1.0
2992,627,1.0
2992,3120,1.0
2992,3505,1.0
2992,2226,1.0
2992,2355,1.0
2992,4080,1.0
2992,2801,1.0
2992,2930,1.0
2992,3699,1.0
2993,433,1.0
2993,1202,1.0
2993,1331,1.0
2993,52,1.0
2993,753,1.0
2993,882,1.0
2993,1651,1.0
2993,2036,1.0
2993,3505,1.0
2993,2226,1.0
2993,2355,1.0
2993,3124,1.0
2993,3825,1.0
2993,3954,1.0
2993,2675,1.0
2993,3060,1.0
2994,1202,1.0
2994,1331,1.0
2994,52,1.0
2994,437,1.0
2994,1906,1.0
2994,627,1.0
2994,1012,1.0
2994,1781,1.0
2994,2226,1.0
2994,2355,1.0
2994,3124,1.0
2994,3509,1.0
2994,2930,1.0
2994,3699,1.0
2994,4084,1.0
2994,2805,1.0
2995,1331,1.0
2995,52,1.0
2995,437,1.0
2995,1206,1.0
2995,1651,1.0
2995,2036,1.0
2995,757,1.0
2995,886,1.0
2995,2355,1.0
2995,3124,1.0
2995,3509,1.0
2995,2230,1.0
2995,2675,1.0
2995,3060,1.0
2995,3829,1.0
2995,3958,1.0
2996,52,1.0
2996,437,1.0
2996,1206,1.0
2996,1335,1.0
2996,1012,1.0
2996,1781,1.0
2996,1910,1.0
2996,631,1.0
2996,3124,1.0
2996,3509,1.0
2996,2230,1.0
2996,2359,1.0
2996,4084,1.0
2996,2805,1.0
2996,2934,1.0
2996,3703,1.0
2997,437,1.0
2997,1206,1.0
2997,1335,1.0
2997,56,1.0
2997,757,1.0
2997,886,1.0
2997,1655,1.0
2997,2040,1.0
2997,3509,1.0
2997,2230,1.0
2997,2359,1.0
2997,3128,1.0
2997,3829,1.0
2997,3958,1.0
2997,2679,1.0
2997,3064,1.0
2998,1206,1.0
2998,1335,1.0
2998,56,1.0
2998,441,1.0
2998,1910,1.0
2998,631,1.0
2998,1016,1.0
2998,1785,1.0
2998,2230,1.0
2998,2359,1.0
2998,3128,1.0
2998,3513,1.0
2998,2934,1.0
2998,3703,1.0
2998,4088,1.0
2998,2809,1.0
2999,1335,1.0
2999,56,1.0
2999,441,1.0
2999,1210,1.0
2999,1655,1.0
2999,2040,1.0
2999,761,1.0
2999,890,1.0
2999,2359,1.0
2999,3128,1.0
2999,3513,1.0
2999,2234,1.0
2999,2679,1.0
2999,3064,1.0
2999,3833,1.0
2999,3962,1.0
3000,56,1.0
3000,441,1.0
3000,1210,1.0
3000,1339,1.0
3000,1016,1.0
3000,1785,1.0
3000,1914,1.0
3000,635,1.0
3000,3128,1.0
3000,3513,1.0
3000,2234,1.0
3000,2363,1.0
3000,4088,1.0
3000,2809,1.0
3000,2938,1.0
3000,3707,1.0
3001,441,1.0
3001,1210,1.0
3001,1339,1.0
3001,60,1.0
3001,761,1.0
3001,890,1.0
3001,1659,1.0
3001,2044,1.0
3001,3513,1.0
3001,2234,1.0
3001,2363,1.0
3001,3132,1.0
3001,3833,1.0
3001,3962,1.0
3001,2683,1.0
3001,3068,1.0
3002,1210,1.0
3002,1339,1.0
3002,60,1.0
3002,445,1.0
3002,1914,1.0
3002,635,1.0
3002,1020,1.0
3002,1789,1.0
3002,2234,1.0
3002,2363,1.0
3002,3132,1.0
3002,3517,1.0
3002,2938,1.0
3002,3707,1.0
3002,4092,1.0
3002,2813,1.0
3003,1339,1.0
3003,60,1.0
3003,445,1.0
3003,1214,1.0
3003,1659,1.0
3003,2044,1.0
3003,765,1.0
3003,894,1.0
3003,2363,1.0
3003,3132,1.0
3003,3517,1.0
3003,2238,1.0
3003,2683,1.0
3003,3068,1.0
3003,3837,1.0
3003,3966,1.0
3004,60,1.0
3004,445,1.0
3004,1214,1.0
3004,1343,1.0
3004,1020,1.0
3004,1789,1.0
3004,1918,1.0
3004,639,1.0
3004,3132,1.0
3004,3517,1.0
3004,2238,1.0
3004,2367,1.0
3004,4092,1.0
3004,2813,1.0
3004,2942,1.0
3004,3711,1.0
3005,445,1.0
3005,1214,1.0
3005,1343,1.0
3005,0,1.0
3005,765,1.0
3005,894,1.0
3005,1663,1.0
3005,1984,1.0
3005,3517,1.0
3005,2238,1.0
3005,2367,1.0
3005,3072,1.0
3005,3837,1.0
3005,3966,1.0
3005,2687,1.0
3005,3008,1.0
3006,1214,1.0
3006,1343,1.0
3006,0,1.0
3006,385,1.0
3006,1918,1.0
3006,639,1.0
3006,960,1.0
3006,1729,1.0
3006,2238,1.0
3006,2367,1.0
3006,3072,1.0
3006,3457,1.0
3006,2942,1.0
3006,3711,1.0
3006,4032,1.0
3006,2753,1.0
3007,1343,1.0
3007,0,1.0
3007,385,1.0
3007,1154,1.0
3007,1663,1.0
3007,1984,1.0
3007,705,1.0
3007,834,1.0
3007,2367,1.0
3007,3072,1.0
3007,3457,1.0
3007,2178,1.0
3007,2687,1.0
3007,3008,1.0
3007,3777,1.0
3007,3906,1.0
3008,0,1.0
3008,385,1.0
3008,1154,1.0
3008,1283,1.0
3008,960,1.0
3008,1729,1.0
3008,1858,1.0
3008,579,1.0
3008,3072,1.0
3008,3457,1.0
3008,2178,1.0
3008,2307,1.0
3008,4032,1.0
3008,2753,1.0
3008,2882,1.0
3008,3651,1.0
3009,385,1.0
3009,1154,1.0
3009,1283,1.0
3009,4,1.0
3009,705,1.0
3009,834,1.0
3009,1603,1.0
3009,1988,1.0
3009,3457,1.0
3009,2178,1.0
3009,2307,1.0
3009,3076,1.0
3009,3777,1.0
3009,3906,1.0
3009,2627,1.0
3009,3012,1.0
3010,1154,1.0
3010,1283,1.0
3010,4,1.0
3010,389,1.0
3010,1858,1.0
3010,579,1.0
3010,964,1.0
3010,1733,1.0
3010,2178,1.0
3010,2307,1.0
3010,3076,1.0
3010,3461,1.0
3010,2882,1.0
3010,3651,1.0
3010,4036,1.0
3010,2757,1.0
3011,1283,1.0
3011,4,1.0
3011,389,1.0
3011,1158,1.0
3011,1603,1.0
3011,1988,1.0
3011,709,1.0
3011,838,1.0
3011,2307,1.0
3011,3076,1.0
3011,3461,1.0
3011,2182,1.0
3011,2627,1.0
3011,3012,1.0
3011,3781,1.0
3011,3910,1.0
3012,4,1.0
3012,389,1.0
3012,1158,1.0
3012,1287,1.0
3012,964,1.0
3012,1733,1.0
3012,1862,1.0
3012,583,1.0
3012,3076,1.0
3012,3461,1.0
3012,2182,1.0
3012,2311,1.0
3012,4036,1.0
3012,2757,1.0
3012,2886,1.0
3012,3655,1.0
3013,389,1.0
3013,1158,1.0
3013,1287,1.0
3013,8,1.0
3013,709,1.0
3013,838,1.0
3013,1607,1.0
3013,1992,1.0
3013,3461,1.0
3013,2182,1.0
3013,2311,1.0
3013,3080,1.0
3013,3781,1.0
3013,3910,1.0
3013,2631,1.0
3013,3016,1.0
3014,1158,1.0
3014,1287,1.0
3014,8,1.0
3014,393,1.0
3014,1862,1.0
3014,583,1.0
3014,968,1.0
3014,1737,1.0
3014,2182,1.0
3014,2311,1.0
3014,3080,1.0
3014,3465,1.0
3014,2886,1.0
3014,3655,1.0
3014,4040,1.0
3014,2761,1.0
3015,1287,1.0
3015,8,1.0
3015,393,1.0
3015,1162,1.0
3015,1607,1.0
3015,1992,1.0
3015,713,1.0
3015,842,1.0
3015,2311,1.0
3015,3080,1.0
3015,3465,1.0
3015,2186,1.0
3015,2631,1.0
3015,3016,1.0
3015,3785,1.0
3015,3914,1.0
3016,8,1.0
3016,393,1.0
3016,1162,1.0
3016,1291,1.0
3016,968,1.0
3016,1737,1.0
3016,1866,1.0
3016,587,1.0
3016,3080,1.0
3016,3465,1.0
3016,2186,1.0
3016,2315,1.0
3016,4040,1.0
3016,2761,1.0
3016,2890,1.0
3016,3659,1.0
3017,393,1.0
3017,1162,1.0
3017,1291,1.0
3017,12,1.0
3017,713,1.0
3017,842,1.0
3017,1611,1.0
3017,1996,1.0
3017,3465,1.0
3017,2186,1.0
3017,2315,1.0
3017,3084,1.0
3017,3785,1.0
3017,3914,1.0
3017,2635,1.0
3017,3020,1.0
3018,1162,1.0
3018,1291,1.0
3018,12,1.0
3018,397,1.0
3018,1866,1.0
3018,587,1.0
3018,972,1.0
3018,1741,1.0
3018,2186,1.0
3018,2315,1.0
3018,3084,1.0
3018,3469,1.0
3018,2890,1.0
3018,3659,1.0
3018,4044,1.0
3018,2765,1.0
3019,1291,1.0
3019,12,1.0
3019,397,1.0
3019,1166,1.0
3019,1611,1.0
3019,1996,1.0
3019,717,1.0
3019,846,1.0
3019,2315,1.0
3019,3084,1.0
3019,3469,1.0
3019,2190,1.0
3019,2635,1.0
3019,3020,1.0
3019,3789,1.0
3019,3918,1.0
3020,12,1.0
3020,397,1.0
3020,1166,1.0
3020,1295,1.0
3020,972,1.0
3020,1741,1.0
3020,1870,1.0
3020,591,1.0
3020,3084,1.0
3020,3469,1.0
3020,2190,1.0
3020,2319,1.0
3020,4044,1.0
3020,2765,1.0
3020,2894,1.0
3020,3663,1.0
3021,397,1.0
3021,1166,1.0
3021,1295,1.0
3021,16,1.0
3021,717,1.0
3021,846,1.0
3021,1615,1.0
3021,2000,1.0
3021,3469,1.0
3021,2190,1.0
3021,2319,1.0
3021,3088,1.0
3021,3789,1.0
3021,3918,1.0
3021,2639,1.0
3021,3024,1.0
3022,1166,1.0
3022,1295,1.0
3022,16,1.0
3022,401,1.0
3022,1870,1.0
3022,591,1.0
3022,976,1.0
3022,1745,1.0
3022,2190,1.0
3022,2319,1.0
3022,3088,1.0
3022,3473,1.0
3022,2894,1.0
3022,3663,1.0
3022,4048,1.0
3022,2769,1.0
3023,1295,1.0
3023,16,1.0
3023,401,1.0
3023,1170,1.0
3023,1615,1.0
3023,2000,1.0
3023,721,1.0
3023,850,1.0
3023,2319,1.0
3023,3088,1.0
3023,3473,1.0
3023,2194,1.0
3023,2639,1.0
3023,3024,1.0
3023,3793,1.0
3023,3922,1.0
3024,16,1.0
3024,401,1.0
3024,1170,1.0
3024,1299,1.0
3024,976,1.0
3024,1745,1.0
3024,1874,1.0
3024,595,1.0
3024,3088,1.0
3024,3473,1.0
3024,2194,1.0
3024,2323,1.0
3024,4048,1.0
3024,2769,1.0
3024,2898,1.0
3024,3667,1.0
3025,401,1.0
3025,1170,1.0
3025,1299,1.0
3025,20,1.0
3025,721,1.0
3025,850,1.0
3025,1619,1.0
3025,2004,1.0
3025,3473,1.0
3025,2194,1.0
3025,2323,1.0
3025,3092,1.0
3025,3793,1.0
3025,3922,1.0
3025,2643,1.0
3025,3028,1.0
3026,1170,1.0
3026,1299,1.0
3026,20,1.0
3026,405,1.0
3026,1874,1.0
3026,595,1.0
3026,980,1.0
3026,1749,1.0
3026,2194,1.0
3026,2323,1.0
3026,3092,1.0
3026,3477,1.0
3026,2898,1.0
3026,3667,1.0
3026,4052,1.0
3026,2773,1.0
3027,1299,1.0
3027,20,1.0
3027,405,1.0
3027,1174,1.0
3027,1619,1.0
3027,2004,1.0
3027,725,1.0
3027,854,1.0
3027,2323,1.0
3027,3092,1.0
3027,3477,1.0
3027,2198,1.0
3027,2643,1.0
3027,3028,1.0
3027,3797,1.0
3027,3926,1.0
3028,20,1.0
3028,405,1.0
3028,1174,1.0
3028,1303,1.0
3028,980,1.0
3028,1749,1.0
3028,1878,1.0
3028,599,1.0
3028,3092,1.0
3028,3477,1.0
3028,2198,1.0
3028,2327,1.0
3028,4052,1.0
3028,2773,1.0
3028,2902,1.0
3028,3671,1.0
3029,405,1.0
3029,1174,1.0
3029,1303,1.0
3029,24,1.0
3029,725,1.0
3029,854,1.0
3029,1623,1.0
3029,2008,1.0
3029,3477,1.0
3029,2198,1.0
3029,2327,1.0
3029,3096,1.0
3029,3797,1.0
3029,3926,1.0
3029,2647,1.0
3029,3032,1.0
3030,1174,1.0
3030,1303,1.0
3030,24,1.0
3030,409,1.0
3030,1878,1.0
3030,599,1.0
3030,984,1.0
3030,1753,1.0
3030,2198,1.0
3030,2327,1.0
3030,3096,1.0
3030,3481,1.0
3030,2902,1.0
3030,3671,1.0
3030,4056,1.0
3030,2777,1.0
3031,1303,1.0
3031,24,1.0
3031,409,1.0
3031,1178,1.0
3031,1623,1.0
3031,2008,1.0
3031,729,1.0
3031,858,1.0
3031,2327,1.0
3031,3096,1.0
3031,3481,1.0
3031,2202,1.0
3031,2647,1.0
3031,3032,1.0
3031,3801,1.0
3031,3930,1.0
3032,24,1.0
3032,409,1.0
3032,1178,1.0
3032,1307,1.0
3032,984,1.0
3032,1753,1.0
3032,1882,1.0
3032,603,1.0
3032,3096,1.0
3032,3481,1.0
3032,2202,1.0
3032,2331,1.0
3032,4056,1.0
3032,2777,1.0
3032,2906,1.0
3032,3675,1.0
3033,409,1.0
3033,1178,1.0
3033,1307,1.0
3033,28,1.0
3033,729,1.0
3033,858,1.0
3033,1627,1.0
3033,2012,1.0
3033,3481,1.0
3033,2202,1.0
3033,2331,1.0
3033,3100,1.0
3033,3801,1.0
3033,3930,1.0
3033,2651,1.0
3033,3036,1.0
3034,1178,1.0
3034,1307,1.0
3034,28,1.0
3034,413,1.0
3034,1882,1.0
3034,603,1.0
3034,988,1.0
3034,1757,1.0
3034,2202,1.0
3034,2331,1.0
3034,3100,1.0
3034,3485,1.0
3034,2906,1.0
3034,3675,1.0
3034,4060,1.0
3034,2781,1.0
3035,1307,1.0
3035,28,1.0
3035,413,1.0
3035,1182,1.0
3035,1627,1.0
3035,2012,1.0
3035,733,1.0
3035,862,1.0
3035,2331,1.0
3035,3100,1.0
3035,3485,1.0
3035,2206,1.0
3035,2651,1.0
3035,3036,1.0
3035,3805,1.0
3035,3934,1.0
3036,28,1.0
3036,413,1.0
3036,1182,1.0
3036,1311,1.0
3036,988,1.0
3036,1757,1.0
3036,1886,1.0
3036,607,1.0
3036,3100,1.0
3036,3485,1.0
3036,2206,1.0
3036,2335,1.0
3036,4060,1.0
3036,2781,1.0
3036,2910,1.0
3036,3679,1.0
3037,413,1.0
3037,1182,1.0
3037,1311,1.0
3037,32,1.0
3037,733,1.0
3037,862,1.0
3037,1631,1.0
3037,2016,1.0
3037,3485,1.0
3037,2206,1.0
3037,2335,1.0
3037,3104,1.0
3037,3805,1.0
3037,3934,1.0
3037,2655,1.0
3037,3040,1.0
3038,1182,1.0
3038,1311,1.0
3038,32,1.0
3038,417,1.0
3038,1886,1.0
3038,607,1.0
3038,992,1.0
3038,1761,1.0
3038,2206,1.0
3038,2335,1.0
3038,3104,1.0
3038,3489,1.0
3038,2910,1.0
3038,3679,1.0
3038,4064,1.0
3038,2785,1.0
3039,1311,1.0
3039,32,1.0
3039,417,1.0
3039,1186,1.0
3039,1631,1.0
3039,2016,1.0
3039,737,1.0
3039,866,1.0
3039,2335,1.0
3039,3104,1.0
3039,3489,1.0
3039,2210,1.0
3039,2655,1.0
3039,3040,1.0
3039,3809,1.0
3039,3938,1.0
3040,32,1.0
3040,417,1.0
3040,1186,1.0
3040,1315,1.0
3040,992,1.0
3040,1761,1.0
3040,1890,1.0
3040,611,1.0
3040,3104,1.0
3040,3489,1.0
3040,2210,1.0
3040,2339,1.0
3040,4064,1.0
3040,2785,1.0
3040,2914,1.0
3040,3683,1.0
3041,417,1.0
3041,1186,1.0
3041,1315,1.0
3041,36,1.0
3041,737,1.0
3041,866,1.0
3041,1635,1.0
3041,2020,1.0
3041,3489,1.0
3041,2210,1.0
3041,2339,1.0
3041,3108,1.0
3041,3809,1.0
3041,3938,1.0
3041,2659,1.0
3041,3044,1.0
3042,1186,1.0
3042,1315,1.0
3042,36,1.0
3042,421,1.0
3042,1890,1.0
3042,611,1.0
3042,996,1.0
3042,1765,1.0
3042,2210,1.0
3042,2339,1.0
3042,3108,1.0
3042,3493,1.0
3042,2914,1.0
3042,3683,1.0
3042,4068,1.0
3042,2789,1.0
3043,1315,1.0
3043,36,1.0
3043,421,1.0
3043,1190,1.0
3043,1635,1.0
3043,2020,1.0
3043,741,1.0
3043,870,1.0
3043,2339,1.0
3043,3108,1.0
3043,3493,1.0
3043,2214,1.0
3043,2659,1.0
3043,3044,1.0
3043,3813,1.0
3043,3942,1.0
3044,36,1.0
3044,421,1.0
3044,1190,1.0
3044,1319,1.0
3044,996,1.0
3044,1765,1.0
3044,1894,1.0
3044,615,1.0
3044,3108,1.0
3044,3493,1.0
3044,2214,1.0
3044,2343,1.0
3044,4068,1.0
3044,2789,1.0
3044,2918,1.0
3044,3687,1.0
3045,421,1.0
3045,1190,1.0
3045,1319,1.0
3045,40,1.0
3045,741,1.0
3045,870,1.0
3045,1639,1.0
3045,2024,1.0
3045,3493,1.0
3045,2214,1.0
3045,2343,1.0
3045,3112,1.0
3045,3813,1.0
3045,3942,1.0
3045,2663,1.0
3045,3048,1.0
3046,1190,1.0
3046,1319,1.0
3046,40,1.0
3046,425,1.0
3046,1894,1.0
3046,615,1.0
3046,1000,1.0
3046,1769,1.0
3046,2214,1.0
3046,2343,1.0
3046,3112,1.0
3046,3497,1.0
3046,2918,1.0
3046,3687,1.0
3046,4072,1.0
3046,2793,1.0
3047,1319,1.0
3047,40,1.0
3047,425,1.0
3047,1194,1.0
3047,1639,1.0
3047,2024,1.0
3047,745,1.0
3047,874,1.0
3047,2343,1.0
3047,3112,1.0
3047,3497,1.0
3047,2218,1.0
3047,2663,1.0
3047,3048,1.0
3047,3817,1.0
3047,3946,1.0
3048,40,1.0
3048,425,1.0
3048,1194,1.0
3048,1323,1.0
3048,1000,1.0
3048,1769,1.0
3048,1898,1.0
3048,619,1.0
3048,3112,1.0
3048,3497,1.0
3048,2218,1.0
3048,2347,1.0
3048,4072,1.0
3048,2793,1.0
3048,2922,1.0
3048,3691,1.0
3049,425,1.0
3049,1194,1.0
3049,1323,1.0
3049,44,1.0
3049,745,1.0
3049,874,1.0
3049,1643,1.0
3049,2028,1.0
3049,3497,1.0
3049,2218,1.0
3049,2347,1.0
3049,3116,1.0
3049,3817,1.0
3049,3946,1.0
3049,2667,1.0
3049,3052,1.0
3050,1194,1.0
3050,1323,1.0
3050,44,1.0
3050,429,1.0
3050,1898,1.0
3050,619,1.0
3050,1004,1.0
3050,1773,1.0
3050,2218,1.0
3050,2347,1.0
3050,3116,1.0
3050,3501,1.0
3050,2922,1.0
3050,3691,1.0
3050,4076,1.0
3050,2797,1.0
3051,1323,1.0
3051,44,1.0
3051,429,1.0
3051,1198,1.0
3051,1643,1.0
3051,2028,1.0
3051,749,1.0
3051,878,1.0
3051,2347,1.0
3051,3116,1.0
3051,3501,1.0
3051,2222,1.0
3051,2667,1.0
3051,3052,1.0
3051,3821,1.0
3051,3950,1.0
3052,44,1.0
3052,429,1.0
3052,1198,1.0
3052,1327,1.0
3052,1004,1.0
3052,1773,1.0
3052,1902,1.0
3052,623,1.0
3052,3116,1.0
3052,3501,1.0
3052,2222,1.0
3052,2351,1.0
3052,4076,1.0
3052,2797,1.0
3052,2926,1.0
3052,3695,1.0
3053,429,1.0
3053,1198,1.0
3053,1327,1.0
3053,48,1.0
3053,749,1.0
3053,878,1.0
3053,1647,1.0
3053,2032,1.0
3053,3501,1.0
3053,2222,1.0
3053,2351,1.0
3053,3120,1.0
3053,3821,1.0
3053,3950,1.0
3053,2671,1.0
3053,3056,1.0
3054,1198,1.0
3054,1327,1.0
3054,48,1.0
3054,433,1.0
3054,1902,1.0
3054,623,1.0
3054,1008,1.0
3054,1777,1.0
3054,2222,1.0
3054,2351,1.0
3054,3120,1.0
3054,3505,1.0
3054,2926,1.0
3054,3695,1.0
3054,4080,1.0
3054,2801,1.0
3055,1327,1.0
3055,48,1.0
3055,433,1.0
3055,1202,1.0
3055,1647,1.0
3055,2032,1.0
3055,753,1.0
3055,882,1.0
3055,2351,1.0
3055,3120,1.0
3055,3505,1.0
3055,2226,1.0
3055,2671,1.0
3055,3056,1.0
3055,3825,1.0
3055,3954,1.0
3056,48,1.0
3056,433,1.0
3056,1202,1.0
3056,1331,1.0
3056,1008,1.0
3056,1777,1.0
3056,1906,1.0
3056,627,1.0
3056,3120,1.0
3056,3505,1.0
3056,2226,1.0
3056,2355,1.0
3056,4080,1.0
3056,2801,1.0
3056,2930,1.0
3056,3699,1.0
3057,433,1.0
3057,1202,1.0
3057,1331,1.0
3057,52,1.0
3057,753,1.0
3057,882,1.0
3057,1651,1.0
3057,2036,1.0
3057,3505,1.0
3057,2226,1.0
3057,2355,1.0
3057,3124,1.0
3057,3825,1.0
3057,3954,1.0
3057,2675,1.0
3057,3060,1.0
3058,1202,1.0
3058,1331,1.0
3058,52,1.0
3058,437,1.0
3058,1906,1.0
3058,627,1.0
3058,1012,1.0
3058,1781,1.0
3058,2226,1.0
3058,2355,1.0
3058,3124,1.0
3058,3509,1.0
3058,2930,1.0
3058,3699,1.0
3058,4084,1.0
3058,2805,1.0
3059,1331,1.0
3059,52,1.0
3059,437,1.0
3059,1206,1.0
3059,1651,1.0
3059,2036,1.0
3059,757,1.0
3059,886,1.0
3059,2355,1.0
3059,3124,1.0
3059,3509,1.0
3059,2230,1.0
3059,2675,1.0
3059,3060,1.0
3059,3829,1.0
3059,3958,1.0
3060,52,1.0
3060,437,1.0
3060,1206,1.0
3060,1335,1.0
3060,1012,1.0
3060,1781,1.0
3060,1910,1.0
3060,631,1.0
3060,3124,1.0
3060,3509,1.0
3060,2230,1.0
3060,2359,1.0
3060,4084,1.0
3060,2805,1.0
3060,2934,1.0
3060,3703,1.0
3061,437,1.0
3061,1206,1.0
3061,1335,1.0
3061,56,1.0
3061,757,1.0
3061,886,1.0
3061,1655,1.0
3061,2040,1.0
3061,3509,1.0
3061,2230,1.0
3061,2359,1.0
3061,3128,1.0
3061,3829,1.0
3061,3958,1.0
3061,2679,1.0
3061,3064,1.0
3062,1206,1.0
3062,1335,1.0
3062,56,1.0
3062,441,1.0
3062,1910,1.0
3062,631,1.0
3062,1016,1.0
3062,1785,1.0
3062,2230,1.0
3062,2359,1.0
3062,3128,1.0
3062,3513,1.0
3062,2934,1.0
3062,3703,1.0
3062,4088,1.0
3062,2809,1.0
3063,1335,1.0
3063,56,1.0
3063,441,1.0
3063,1210,1.0
3063,1655,1.0
3063,2040,1.0
3063,761,1.0
3063,890,1.0
3063,2359,1.0
3063,3128,1.0
3063,3513,1.0
3063,2234,1.0
3063,2679,1.0
3063,3064,1.0
3063,3833,1.0
3063,3962,1.0
3064,56,1.0
3064,441,1.0
3064,1210,1.0
3064,1339,1.0
3064,1016,1.0
3064,1785,1.0
3064,1914,1.0
3064,635,1.0
3064,3128,1.0
3064,3513,1.0
3064,2234,1.0
3064,2363,1.0
3064,4088,1.0
3064,2809,1.0
3064,2938,1.0
3064,3707,1.0
3065,441,1.0
3065,1210,1.0
3065,1339,1.0
3065,60,1.0
3065,761,1.0
3065,890,1.0
3065,1659,1.0
3065,2044,1.0
3065,3513,1.0
3065,2234,1.0
3065,2363,1.0
3065,3132,1.0
3065,3833,1.0
3065,3962,1.0
3065,2683,1.0
3065,3068,1.0
3066,1210,1.0
3066,1339,1.0
3066,60,1.0
3066,445,1.0
3066,1914,1.0
3066,635,1.0
3066,1020,1.0
3066,1789,1.0
3066,2234,1.0
3066,2363,1.0
3066,3132,1.0
3066,3517,1.0
3066,2938,1.0
3066,3707,1.0
3066,4092,1.0
3066,2813,1.0
3067,1339,1.0
3067,60,1.0
3067,445,1.0
3067,1214,1.0
3067,1659,1.0
3067,2044,1.0
3067,765,1.0
3067,894,1.0
3067,2363,1.0
3067,3132,1.0
3067,3517,1.0
3067,2238,1.0
3067,2683,1.0
3067,3068,1.0
3067,3837,1.0
3067,3966,1.0
3068,60,1.0
3068,445,1.0
3068,1214,1.0
3068,1343,1.0
3068,1020,1.0
3068,1789,1.0
3068,1918,1.0
3068,639,1.0
3068,3132,1.0
3068,3517,1.0
3068,2238,1.0
3068,2367,1.0
3068,4092,1.0
3068,2813,1.0
3068,2942,1.0
3068,3711,1.0
3069,445,1.0
3069,1214,1.0
3069,1343,1.0
3069,0,1.0
3069,765,1.0
3069,894,1.0
3069,1663,1.0
3069,1984,1.0
3069,3517,1.0
3069,2238,1.0
3069,2367,1.0
3069,3072,1.0
3069,3837,1.0
3069,3966,1.0
3069,2687,1.0
3069,3008,1.0
3070,1214,1.0
3070,1343,1.0
3070,0,1.0
3070,385,1.0
3070,1918,1.0
3070,639,1.0
3070,960,1.0
3070,1729,1.0
3070,2238,1.0
3070,2367,1.0
3070,3072,1.0
3070,3457,1.0
3070,2942,1.0
3070,3711,1.0
3070,4032,1.0
3070,2753,1.0
3071,1343,1.0
3071,0,1.0
3071,385,1.0
3071,1154,1.0
3071,1663,1.0
3071,1984,1.0
3071,705,1.0
3071,834,1.0
3071,2367,1.0
3071,3072,1.0
3071,3457,1.0
3071,2178,1.0
3071,2687,1.0
3071,3008,1.0
3071,3777,1.0
3071,3906,1.0
3072,0,1.0
3072,385,1.0
3072,1154,1.0
3072,1283,1.0
3072,960,1.0
3072,1729,1.0
3072,1858,1.0
3072,579,1.0
3072,3072,1.0
3072,3457,1.0
3072,2178,1.0
3072,2307,1.0
3072,4032,1.0
3072,2753,1.0
3072,2882,1.0
3072,3651,1.0
3073,385,1.0
3073,1154,1.0
3073,1283,1.0
3073,4,1.0
3073,705,1.0
3073,834,1.0
3073,1603,1.0
3073,1988,1.0
3073,3457,1.0
3073,2178,1.0
3073,2307,1.0
3073,3076,1.0
3073,3777,1.0
3073,3906,1.0
3073,2627,1.0
3073,3012,1.0
3074,1154,1.0
3074,1283,1.0
3074,4,1.0
3074,389,1.0
3074,1858,1.0
3074,579,1.0
3074,964,1.0
3074,1733,1.0
3074,2178,1.0
3074,2307,1.0
3074,3076,1.0
3074,3461,1.0
3074,2882,1.0
3074,3651,1.0
3074,4036,1.0
3074,2757,1.0
3075,1283,1.0
3075,4,1.0
3075,389,1.0
3075,1158,1.0
3075,1603,1.0
3075,1988,1.0
3075,709,1.0
3075,838,1.0
3075,2307,1.0
3075,3076,1.0
3075,3461,1.0
3075,2182,1.0
3075,2627,1.0
3075,3012,1.0
3075,3781,1.0
3075,3910,1.0
3076,4,1.0
3076,389,1.0
3076,1158,1.0
3076,1287,1.0
3076,964,1.0
3076,1733,1.0
3076,1862,1.0
3076,583,1.0
3076,3076,1.0
3076,3461,1.0
3076,2182,1.0
3076,2311,1.0
3076,4036,1.0
3076,2757,1.0
3076,2886,1.0
3076,3655,1.0
3077,389,1.0
3077,1158,1.0
3077,1287,1.0
3077,8,1.0
3077,709,1.0
3077,838,1.0
3077,1607,1.0
3077,1992,1.0
3077,3461,1.0
3077,2182,1.0
3077,2311,1.0
3077,3080,1.0
3077,3781,1.0
3077,3910,1.0
3077,2631,1.0
3077,3016,1.0
3078,1158,1.0
3078,1287,1.0
3078,8,1.0
3078,393,1.0
3078,1862,1.0
3078,583,1.0
3078,968,1.0
3078,1737,1.0
3078,2182,1.0
3078,2311,1.0
3078,3080,1.0
3078,3465,1.0
3078,2886,1.0
3078,3655,1.0
3078,4040,1.0
3078,2761,1.0
3079,1287,1.0
3079,8,1.0
3079,393,1.0
3079,1162,1.0
3079,1607,1.0
3079,1992,1.0
3079,713,1.0
3079,842,1.0
3079,2311,1.0
3079,3080,1.0
3079,3465,1.0
3079,2186,1.0
3079,2631,1.0
3079,3016,1.0
3079,3785,1.0
3079,3914,1.0
3080,8,1.0
3080,393,1.0
3080,1162,1.0
3080,1291,1.0
3080,968,1.0
3080,1737,1.0
3080,1866,1.0
3080,587,1.0
3080,3080,1.0
3080,3465,1.0
3080,2186,1.0
3080,2315,1.0
3080,4040,1.0
3080,2761,1.0
3080,2890,1.0
3080,3659,1.0
3081,393,1.0
3081,1162,1.0
3081,1291,1.0
3081,12,1.0
3081,713,1.0
3081,842,1.0
3081,1611,1.0
3081,1996,1.0
3081,3465,1.0
3081,2186,1.0
3081,2315,1.0
3081,3084,1.0
3081,3785,1.0
3081,3914,1.0
3081,2635,1.0
3081,3020,1.0
3082,1162,1.0
3082,1291,1.0
3082,12,1.0
3082,397,1.0
3082,1866,1.0
3082,587,1.0
3082,972,1.0
3082,1741,1.0
3082,2186,1.0
3082,2315,1.0
3082,3084,1.0
3082,3469,1.0
3082,2890,1.0
3082,3659,1.0
3082,4044,1.0
3082,2765,1.0
3083,1291,1.0
3083,12,1.0
3083,397,1.0
3083,1166,1.0
3083,1611,1.0
3083,1996,1.0
3083,717,1.0
3083,846,1.0
3083,2315,1.0
3083,3084,1.0
3083,3469,1.0
3083,2190,1.0
3083,2635,1.0
3083,3020,1.0
3083,3789,1.0
3083,3918,1.0
3084,12,1.0
3084,397,1.0
3084,1166,1.0
3084,1295,1.0
3084,972,1.0
3084,1741,1.0
3084,1870,1.0
3084,591,1.0
3084,3084,1.0
3084,3469,1.0
3084,2190,1.0
3084,2319,1.0
3084,4044,1.0
3084,2765,1.0
3084,2894,1.0
3084,3663,1.0
3085,397,1.0
3085,1166,1.0
3085,1295,1.0
3085,16,1.0
3085,717,1.0
3085,846,1.0
3085,1615,1.0
3085,2000,1.0
3085,3469,1.0
3085,2190,1.0
3085,2319,1.0
3085,3088,1.0
3085,3789,1.0
3085,3918,1.0
3085,2639,1.0
3085,3024,1.0
3086,1166,1.0
3086,1295,1.0
3086,16,1.0
3086,401,1.0
3086,1870,1.0
3086,591,1.0
3086,976,1.0
3086,1745,1.0
3086,2190,1.0
3086,2319,1.0
3086,3088,1.0
3086,3473,1.0
3086,2894,1.0
3086,3663,1.0
3086,4048,1.0
3086,2769,1.0
3087,1295,1.0
3087,16,1.0
3087,401,1.0
3087,1170,1.0
3087,1615,1.0
3087,2000,1.0
3087,721,1.0
3087,850,1.0
3087,2319,1.0
3087,3088,1.0
3087,3473,1.0
3087,2194,1.0
3087,2639,1.0
3087,3024,1.0
3087,3793,1.0
3087,3922,1.0
3088,16,1.0
3088,401,1.0
3088,1170,1.0
3088,1299,1.0
3088,976,1.0
3088,1745,1.0
3088,1874,1.0
3088,595,1.0
3088,3088,1.0
3088,3473,1.0
3088,2194,1.0
3088,2323,1.0
3088,4048,1.0
3088,2769,1.0
3088,2898,1.0
3088,3667,1.0
3089,401,1.0
3089,1170,1.0
3089,1299,1.0
3089,20,1.0
3089,721,1.0
3089,850,1.0
3089,1619,1.0
3089,2004,1.0
3089,3473,1.0
3089,2194,1.0
3089,2323,1.0
3089,3092,1.0
3089,3793,1.0
3089,3922,1.0
3089,2643,1.0
3089,3028,1.0
3090,1170,1.0
3090,1299,1.0
3090,20,1.0
3090,405,1.0
3090,1874,1.0
3090,595,1.0
3090,980,1.0
3090,1749,1.0
3090,2194,1.0
3090,2323,1.0
3090,3092,1.0
3090,3477,1.0
3090,2898,1.0
3090,3667,1.0
3090,4052,1.0
3090,2773,1.0
3091,1299,1.0
3091,20,1.0
3091,405,1.0
3091,1174,1.0
3091,1619,1.0
3091,2004,1.0
3091,725,1.0
3091,854,1.0
3091,2323,1.0
3091,3092,1.0
3091,3477,1.0
3091,2198,1.0
3091,2643,1.0
3091,3028,1.0
3091,3797,1.0
3091,3926,1.0
3092,20,1.0
3092,405,1.0
3092,1174,1.0
3092,1303,1.0
3092,980,1.0
3092,1749,1.0
3092,1878,1.0
3092,599,1.0
3092,3092,1.0
3092,3477,1.0
3092,2198,1.0
3092,2327,1.0
3092,4052,1.0
3092,2773,1.0
3092,2902,1.0
3092,3671,1.0
3093,405,1.0
3093,1174,1.0
3093,1303,1.0
3093,24,1.0
3093,725,1.0
3093,854,1.0
3093,1623,1.0
3093,2008,1.0
3093,3477,1.0
3093,2198,1.0
3093,2327,1.0
3093,3096,1.0
3093,3797,1.0
3093,3926,1.0
3093,2647,1.0
3093,3032,1.0
3094,1174,1.0
3094,1303,1.0
3094,24,1.0
3094,409,1.0
3094,1878,1.0
3094,599,1.0
3094,984,1.0
3094,1753,1.0
3094,2198,1.0
3094,2327,1.0
3094,3096,1.0
3094,3481,1.0
3094,2902,1.0
3094,3671,1.0
3094,4056,1.0
3094,2777,1.0
3095,1303,1.0
3095,24,1.0
3095,409,1.0
3095,1178,1.0
3095,1623,1.0
3095,2008,1.0
3095,729,1.0
3095,858,1.0
3095,2327,1.0
3095,3096,1.0
3095,3481,1.0
3095,2202,1.0
3095,2647,1.0
3095,3032,1.0
3095,3801,1.0
3095,3930,1.0
3096,24,1.0
3096,409,1.0
3096,1178,1.0
3096,1307,1.0
3096,984,1.0
3096,1753,1.0
3096,1882,1.0
3096,603,1.0
3096,3096,1.0
3096,3481,1.0
3096,2202,1.0
3096,2331,1.0
3096,4056,1.0
3096,2777,1.0
3096,2906,1.0
3096,3675,1.0
3097,409,1.0
3097,1178,1.0
3097,1307,1.0
3097,28,1.0
3097,729,1.0
3097,858,1.0
3097,1627,1.0
3097,2012,1.0
3097,3481,1.0
3097,2202,1.0
3097,2331,1.0
3097,3100,1.0
3097,3801,1.0
3097,3930,1.0
3097,2651,1.0
3097,3036,1.0
3098,1178,1.0
3098,1307,1.0
3098,28,1.0
3098,413,1.0
3098,1882,1.0
3098,603,1.0
3098,988,1.0
3098,1757,1.0
3098,2202,1.0
3098,2331,1.0
3098,3100,1.0
3098,3485,1.0
3098,2906,1.0
3098,3675,1.0
3098,4060,1.0
3098,2781,1.0
3099,1307,1.0
3099,28,1.0
3099,413,1.0
3099,1182,1.0
3099,1627,1.0
3099,2012,1.0
3099,733,1.0
3099,862,1.0
3099,2331,1.0
3099,3100,1.0
3099,3485,1.0
3099,2206,1.0
3099,2651,1.0
3099,3036,1.0
3099,3805,1.0
3099,3934,1.0
3100,28,1.0
3100,413,1.0
3100,1182,1.0
3100,1311,1.0
3100,988,1.0
3100,1757,1.0
3100,1886,1.0
3100,607,1.0
3100,3100,1.0
3100,3485,1.0
3100,2206,1.0
3100,2335,1.0
3100,4060,1.0
3100,2781,1.0
3100,2910,1.0
3100,3679,1.0
3101,413,1.0
3101,1182,1.0
3101,1311,1.0
3101,32,1.0
3101,733,1.0
3101,862,1.0
3101,1631,1.0
3101,2016,1.0
3101,3485,1.0
3101,2206,1.0
3101,2335,1.0
3101,3104,1.0
3101,3805,1.0
3101,3934,1.0
3101,2655,1.0
3101,3040,1.0
3102,1182,1.0
3102,1311,1.0
3102,32,1.0
3102,417,1.0
3102,1886,1.0
3102,607,1.0
3102,992,1.0
3102,1761,1.0
3102,2206,1.0
3102,2335,1.0
3102,3104,1.0
3102,3489,1.0
3102,2910,1.0
3102,3679,1.0
3102,4064,1.0
3102,2785,1.0
3103,1311,1.0
3103,32,1.0
3103,417,1.0
3103,1186,1.0
3103,1631,1.0
3103,2016,1.0
3103,737,1.0
3103,866,1.0
3103,2335,1.0
3103,3104,1.0
3103,3489,1.0
3103,2210,1.0
3103,2655,1.0
3103,3040,1.0
3103,3809,1.0
3103,3938,1.0
3104,32,1.0
3104,417,1.0
3104,1186,1.0
3104,1315,1.0
3104,992,1.0
3104,1761,1.0
3104,1890,1.0
3104,611,1.0
3104,3104,1.0
3104,3489,1.0
3104,2210,1.0
3104,2339,1.0
3104,4064,1.0
3104,2785,1.0
3104,2914,1.0
3104,3683,1.0
3105,417,1.0
3105,1186,1.0
3105,1315,1.0
3105,36,1.0
3105,737,1.0
3105,866,1.0
3105,1635,1.0
3105,2020,1.0
3105,3489,1.0
3105,2210,1.0
3105,2339,1.0
3105,3108,1.0
3105,3809,1.0
3105,3938,1.0
3105,2659,1.0
3105,3044,1.0
3106,1186,1.0
3106,1315,1.0
3106,36,1.0
3106,421,1.0
3106,1890,1.0
3106,611,1.0
3106,996,1.0
3106,1765,1.0
3106,2210,1.0
3106,2339,1.0
3106,3108,1.0
3106,3493,1.0
3106,2914,1.0
3106,3683,1.0
3106,4068,1.0
3106,2789,1.0
3107,1315,1.0
3107,36,1.0
3107,421,1.0
3107,1190,1.0
3107,1635,1.0
3107,2020,1.0
3107,741,1.0
3107,870,1.0
3107,2339,1.0
3107,3108,1.0
3107,3493,1.0
3107,2214,1.0
3107,2659,1.0
3107,3044,1.0
3107,3813,1.0
3107,3942,1.0
3108,36,1.0
3108,421,1.0
3108,1190,1.0
3108,1319,1.0
3108,996,1.0
3108,1765,1.0
3108,1894,1.0
3108,615,1.0
3108,3108,1.0
3108,3493,1.0
3108,2214,1.0
3108,2343,1.0
3108,4068,1.0
3108,2789,1.0
3108,2918,1.0
3108,3687,1.0
3109,421,1.0
3109,1190,1.0
3109,1319,1.0
3109,40,1.0
3109,741,1.0
3109,870,1.0
3109,1639,1.0
3109,2024,1.0
3109,3493,1.0
3109,2214,1.0
3109,2343,1.0
3109,3112,1.0
3109,3813,1.0
3109,3942,1.0
3109,2663,1.0
3109,3048,1.0
3110,1190,1.0
3110,1319,1.0
3110,40,1.0
3110,425,1.0
3110,1894,1.0
3110,615,1.0
3110,1000,1.0
3110,1769,1.0
3110,2214,1.0
3110,2343,1.0
3110,3112,1.0
3110,3497,1.0
3110,2918,1.0
3110,3687,1.0
3110,4072,1.0
3110,2793,1.0
3111,1319,1.0
3111,40,1.0
3111,425,1.0
3111,1194,1.0
3111,1639,1.0
3111,2024,1.0
3111,745,1.0
3111,874,1.0
3111,2343,1.0
3111,3112,1.0
3111,3497,1.0
3111,2218,1.0
3111,2663,1.0
3111,3048,1.0
3111,3817,1.0
3111,3946,1.0
3112,40,1.0
3112,425,1.0
3112,1194,1.0
3112,1323,1.0
3112,1000,1.0
3112,1769,1.0
3112,1898,1.0
3112,619,1.0
3112,3112,1.0
3112,3497,1.0
3112,2218,1.0
3112,2347,1.0
3112,4072,1.0
3112,2793,1.0
3112,2922,1.0
3112,3691,1.0
3113,425,1.0
3113,1194,1.0
3113,1323,1.0
3113,44,1.0
3113,745,1.0
3113,874,1.0
3113,1643,1.0
3113,2028,1.0
3113,3497,1.0
3113,2218,1.0
3113,2347,1.0
3113,3116,1.0
3113,3817,1.0
3113,3946,1.0
3113,2667,1.0
3113,3052,1.0
3114,1194,1.0
3114,1323,1.0
3114,44,1.0
3114,429,1.0
3114,1898,1.0
3114,619,1.0
3114,1004,1.0
3114,1773,1.0
3114,2218,1.0
3114,2347,1.0
3114,3116,1.0
3114,3501,1.0
3114,2922,1.0
3114,3691,1.0
3114,4076,1.0
3114,2797,1.0
3115,1323,1.0
3115,44,1.0
3115,429,1.0
3115,1198,1.0
3115,1643,1.0
3115,2028,1.0
3115,749,1.0
3115,878,1.0
3115,2347,1.0
3115,3116,1.0
3115,3501,1.0
3115,2222,1.0
3115,2667,1.0
3115,3052,1.0
3115,3821,1.0
3115,3950,1.0
3116,44,1.0
3116,429,1.0
3116,1198,1.0
3116,1327,1.0
3116,1004,1.0
3116,1773,1.0
3116,1902,1.0
3116,623,1.0
3116,3116,1.0
3116,3501,1.0
3116,2222,1.0
3116,2351,1.0
3116,4076,1.0
3116,2797,1.0
3116,2926,1.0
3116,3695,1.0
3117,429,1.0
3117,1198,1.0
3117,1327,1.0
3117,48,1.0
3117,749,1.0
3117,878,1.0
3117,1647,1.0
3117,2032,1.0
3117,3501,1.0
3117,2222,1.0
3117,2351,1.0
3117,3120,1.0
3117,3821,1.0
3117,3950,1.0
3117,2671,1.0
3117,3056,1.0
3118,1198,1.0
3118,1327,1.0
3118,48,1.0
3118,433,1.0
3118,1902,1.0
3118,623,1.0
3118,1008,1.0
3118,1777,1.0
3118,2222,1.0
3118,2351,1.0
3118,3120,1.0
3118,3505,1.0
3118,2926,1.0
3118,3695,1.0
3118,4080,1.0
3118,2801,1.0
3119,1327,1.0
3119,48,1.0
3119,433,1.0
3119,1202,1.0
3119,1647,1.0
3119,2032,1.0
3119,753,1.0
3119,882,1.0
3119,2351,1.0
3119,3120,1.0
3119,3505,1.0
3119,2226,1.0
3119,2671,1.0
3119,3056,1.0
3119,3825,1.0
3119,3954,1.0
3120,48,1.0
3120,433,1.0
3120,1202,1.0
3120,1331,1.0
3120,1008,1.0
3120,1777,1.0
3120,1906,1.0
3120,627,1.0
3120,3120,1.0
3120,3505,1.0
3120,2226,1.0
3120,2355,1.0
3120,4080,1.0
3120,2801,1.0
3120,2930,1.0
3120,3699,1.0
3121,433,1.0
3121,1202,1.0
3121,1331,1.0
3121,52,1.0
3121,753,1.0
3121,882,1.0
3121,1651,1.0
3121,2036,1.0
3121,3505,1.0
3121,2226,1.0
3121,2355,1.0
3121,3124,1.0
3121,3825,1.0
3121,3954,1.0
3121,2675,1.0
3121,3060,1.0
3122,1202,1.0
3122,1331,1.0
3122,52,1.0
3122,437,1.0
3122,1906,1.0
3122,627,1.0
3122,1012,1.0
3122,1781,1.0
3122,2226,1.0
3122,2355,1.0
3122,3124,1.0
3122,3509,1.0
3122,2930,1.0
3122,3699,1.0
3122,4084,1.0
3122,2805,1.0
3123,1331,1.0
3123,52,1.0
3123,437,1.0
3123,1206,1.0
3123,1651,1.0
3123,2036,1.0
3123,757,1.0
3123,886,1.0
3123,2355,1.0
3123,3124,1.0
3123,3509,1.0
3123,2230,1.0
3123,2675,1.0
3123,3060,1.0
3123,3829,1.0
3123,3958,1.0
3124,52,1.0
3124,437,1.0
3124,1206,1.0
3124,1335,1.0
3124,1012,1.0
3124,1781,1.0
3124,1910,1.0
3124,631,1.0
3124,3124,1.0
3124,3509,1.0
3124,2230,1.0
3124,2359,1.0
3124,4084,1.0
3124,2805,1.0
3124,2934,1.0
3124,3703,1.0
3125,437,1.0
3125,1206,1.0
3125,1335,1.0
3125,56,1.0
3125,757,1.0
3125,886,1.0
3125,1655,1.0
3125,2040,1.0
3125,3509,1.0
3125,2230,1.0
3125,2359,1.0
3125,3128,1.0
3125,3829,1.0
3125,3958,1.0
3125,2679,1.0
3125,3064,1.0
3126,1206,1.0
3126,1335,1.0
3126,56,1.0
3126,441,1.0
3126,1910,1.0
3126,631,1.0
3126,1016,1.0
3126,1785,1.0
3126,2230,1.0
3126,2359,1.0
3126,3128,1.0
3126,3513,1.0
3126,2934,1.0
3126,3703,1.0
3126,4088,1.0
3126,2809,1.0
3127,1335,1.0
3127,56,1.0
3127,441,1.0
3127,1210,1.0
3127,1655,1.0
3127,2040,1.0
3127,761,1.0
3127,890,1.0
3127,2359,1.0
3127,3128,1.0
3127,3513,1.0
3127,2234,1.0
3127,2679,1.0
3127,3064,1.0
3127,3833,1.0
3127,3962,1.0
3128,56,1.0
3128,441,1.0
3128,1210,1.0
3128,1339,1.0
3128,1016,1.0
3128,1785,1.0
3128,1914,1.0
3128,635,1.0
3128,3128,1.0
3128,3513,1.0
3128,2234,1.0
3128,2363,1.0
3128,4088,1.0
3128,2809,1.0
3128,2938,1.0
3128,3707,1.0
3129,441,1.0
3129,1210,1.0
3129,1339,1.0
3129,60,1.0
3129,761,1.0
3129,890,1.0
3129,1659,1.0
3129,2044,1.0
3129,3513,1.0
3129,2234,1.0
3129,2363,1.0
3129,3132,1.0
3129,3833,1.0
3129,3962,1.0
3129,2683,1.0
3129,3068,1.0
3130,1210,1.0
3130,1339,1.0
3130,60,1.0
3130,445,1.0
3130,1914,1.0
3130,635,1.0
3130,1020,1.0
3130,1789,1.0
3130,2234,1.0
3130,2363,1.0
3130,3132,1.0
3130,3517,1.0
3130,2938,1.0
3130,3707,1.0
3130,4092,1.0
3130,2813,1.0
3131,1339,1.0
3131,60,1.0
3131,445,1.0
3131,1214,1.0
3131,1659,1.0
3131,2044,1.0
3131,765,1.0
3131,894,1.0
3131,2363,1.0
3131,3132,1.0
3131,3517,1.0
3131,2238,1.0
3131,2683,1.0
3131,3068,1.0
3131,3837,1.0
3131,3966,1.0
3132,60,1.0
3132,445,1.0
3132,1214,1.0
3132,1343,1.0
3132,1020,1.0
3132,1789,1.0
3132,1918,1.0
3132,639,1.0
3132,3132,1.0
3132,3517,1.0
3132,2238,1.0
3132,2367,1.0
3132,4092,1.0
3132,2813,1.0
3132,2942,1.0
3132,3711,1.0
3133,445,1.0
3133,1214,1.0
3133,1343,1.0
3133,0,1.0
3133,765,1.0
3133,894,1.0
3133,1663,1.0
3133,1984,1.0
3133,3517,1.0
3133,2238,1.0
3133,2367,1.0
3133,3072,1.0
3133,3837,1.0
3133,3966,1.0
3133,2687,1.0
3133,3008,1.0
3134,1214,1.0
3134,1343,1.0
3134,0,1.0
3134,385,1.0
3134,1918,1.0
3134,639,1.0
3134,960,1.0
3134,1729,1.0
3134,2238,1.0
3134,2367,1.0
3134,3072,1.0
3134,3457,1.0
3134,2942,1.0
3134,3711,1.0
3134,4032,1.0
3134,2753,1.0
3135,1343,1.0
3135,0,1.0
3135,385,1.0
3135,1154,1.0
3135,1663,1.0
3135,1984,1.0
3135,705,1.0
3135,834,1.0
3135,2367,1.0
3135,3072,1.0
3135,3457,1.0
3135,2178,1.0
3135,2687,1.0
3135,3008,1.0
3135,3777,1.0
3135,3906,1.0
3136,0,1.0
3136,385,1.0
3136,1154,1.0
3136,1283,1.0
3136,960,1.0
3136,1729,1.0
3136,1858,1.0
3136,579,1.0
3136,3072,1.0
3136,3457,1.0
3136,2178,1.0
3136,2307,1.0
3136,4032,1.0
3136,2753,1.0
3136,2882,1.0
3136,3651,1.0
3137,385,1.0
3137,1154,1.0
3137,1283,1.0
3137,4,1.0
3137,705,1.0
3137,834,1.0
3137,1603,1.0
3137,1988,1.0
3137,3457,1.0
3137,2178,1.0
3137,2307,1.0
3137,3076,1.0
3137,3777,1.0
3137,3906,1.0
3137,2627,1.0
3137,3012,1.0
3138,1154,1.0
3138,1283,1.0
3138,4,1.0
3138,389,1.0
3138,1858,1.0
3138,579,1.0
3138,964,1.0
3138,1733,1.0
3138,2178,1.0
3138,2307,1.0
3138,3076,1.0
3138,3461,1.0
3138,2882,1.0
3138,3651,1.0
3138,4036,1.0
3138,2757,1.0
3139,1283,1.0
3139,4,1.0
3139,389,1.0
3139,1158,1.0
3139,1603,1.0
3139,1988,1.0
3139,709,1.0
3139,838,1.0
3139,2307,1.0
3139,3076,1.0
3139,3461,1.0
3139,2182,1.0
3139,2627,1.0
3139,3012,1.0
3139,3781,1.0
3139,3910,1.0
3140,4,1.0
3140,389,1.0
3140,1158,1.0
3140,1287,1.0
3140,964,1.0
3140,1733,1.0
3140,1862,1.0
3140,583,1.0
3140,3076,1.0
3140,3461,1.0
3140,2182,1.0
3140,2311,1.0
3140,4036,1.0
3140,2757,1.0
3140,2886,1.0
3140,3655,1.0
3141,389,1.0
3141,1158,1.0
3141,1287,1.0
3141,8,1.0
3141,709,1.0
3141,838,1.0
3141,1607,1.0
3141,1992,1.0
3141,3461,1.0
3141,2182,1.0
3141,2311,1.0
3141,3080,1.0
3141,3781,1.0
3141,3910,1.0
3141,2631,1.0
3141,3016,1.0
3142,1158,1.0
3142,1287,1.0
3142,8,1.0
3142,393,1.0
3142,1862,1.0
3142,583,1.0
3142,968,1.0
3142,1737,1.0
3142,2182,1.0
3142,2311,1.0
3142,3080,1.0
3142,3465,1.0
3142,2886,1.0
3142,3655,1.0
3142,4040,1.0
3142,2761,1.0
3143,1287,1.0
3143,8,1.0
3143,393,1.0
3143,1162,1.0
3143,1607,1.0
3143,1992,1.0
3143,713,1.0
3143,842,1.0
3143,2311,1.0
3143,3080,1.0
3143,3465,1.0
3143,2186,1.0
3143,2631,1.0
3143,3016,1.0
3143,3785,1.0
3143,3914,1.0
3144,8,1.0
3144,393,1.0
3144,1162,1.0
3144,1291,1.0
3144,968,1.0
3144,1737,1.0
3144,1866,1.0
3144,587,1.0
3144,3080,1.0
3144,3465,1.0
3144,2186,1.0
3144,2315,1.0
3144,4040,1.0
3144,2761,1.0
3144,2890,1.0
3144,3659,1.0
3145,393,1.0
3145,1162,1.0
3145,1291,1.0
3145,12,1.0
3145,713,1.0
3145,842,1.0
3145,1611,1.0
3145,1996,1.0
3145,3465,1.0
3145,2186,1.0
3145,2315,1.0
3145,3084,1.0
3145,3785,1.0
3145,3914,1.0
3145,2635,1.0
3145,3020,1.0
3146,1162,1.0
3146,1291,1.0
3146,12,1.0
3146,397,1.0
3146,1866,1.0
3146,587,1.0
3146,972,1.0
3146,1741,1.0
3146,2186,1.0
3146,2315,1.0
3146,3084,1.0
3146,3469,1.0
3146,2890,1.0
3146,3659,1.0
3146,4044,1.0
3146,2765,1.0
3147,1291,1.0
3147,12,1.0
3147,397,1.0
3147,1166,1.0
3147,1611,1.0
3147,1996,1.0
3147,717,1.0
3147,846,1.0
3147,2315,1.0
3147,3084,1.0
3147,3469,1.0
3147,2190,1.0
3147,2635,1.0
3147,3020,1.0
3147,3789,1.0
3147,3918,1.0
3148,12,1.0
3148,397,1.0
3148,1166,1.0
3148,1295,1.0
3148,972,1.0
3148,1741,1.0
3148,1870,1.0
3148,591,1.0
3148,3084,1.0
3148,3469,1.0
3148,2190,1.0
3148,2319,1.0
3148,4044,1.0
3148,2765,1.0
3148,2894,1.0
3148,3663,1.0
3149,397,1.0
3149,1166,1.0
3149,1295,1.0
3149,16,1.0
3149,717,1.0
3149,846,1.0
3149,1615,1.0
3149,2000,1.0
3149,3469,1.0
3149,2190,1.0
3149,2319,1.0
3149,3088,1.0
3149,3789,1.0
3149,3918,1.0
3149,2639,1.0
3149,3024,1.0
3150,1166,1.0
3150,1295,1.0
3150,16,1.0
3150,401,1.0
3150,1870,1.0
3150,591,1.0
3150,976,1.0
3150,1745,1.0
3150,2190,1.0
3150,2319,1.0
3150,3088,1.0
3150,3473,1.0
3150,2894,1.0
3150,3663,1.0
3150,4048,1.0
3150,2769,1.0
3151,1295,1.0
3151,16,1.0
3151,401,1.0
3151,1170,1.0
3151,1615,1.0
3151,2000,1.0
3151,721,1.0
3151,850,1.0
3151,2319,1.0
3151,3088,1.0
3151,3473,1.0
3151,2194,1.0
3151,2639,1.0
3151,3024,1.0
3151,3793,1.0
3151,3922,1.0
3152,16,1.0
3152,401,1.0
3152,1170,1.0
3152,1299,1.0
3152,976,1.0
3152,1745,1.0
3152,1874,1.0
3152,595,1.0
3152,3088,1.0
3152,3473,1.0
3152,2194,1.0
3152,2323,1.0
3152,4048,1.0
3152,2769,1.0
3152,2898,1.0
3152,3667,1.0
3153,401,1.0
3153,1170,1.0
3153,1299,1.0
3153,20,1.0
3153,721,1.0
3153,850,1.0
3153,1619,1.0
3153,2004,1.0
3153,3473,1.0
3153,2194,1.0
3153,2323,1.0
3153,3092,1.0
3153,3793,1.0
3153,3922,1.0
3153,2643,1.0
3153,3028,1.0
3154,1170,1.0
3154,1299,1.0
3154,20,1.0
3154,405,1.0
3154,1874,1.0
3154,595,1.0
3154,980,1.0
3154,1749,1.0
3154,2194,1.0
3154,2323,1.0
3154,3092,1.0
3154,3477,1.0
3154,2898,1.0
3154,3667,1.0
3154,4052,1.0
3154,2773,1.0
3155,1299,1.0
3155,20,1.0
3155,405,1.0
3155,1174,1.0
3155,1619,1.0
3155,2004,1.0
3155,725,1.0
3155,854,1.0
3155,2323,1.0
3155,3092,1.0
3155,3477,1.0
3155,2198,1.0
3155,2643,1.0
3155,3028,1.0
3155,3797,1.0
3155,3926,1.0
3156,20,1.0
3156,405,1.0
3156,1174,1.0
3156,1303,1.0
3156,980,1.0
3156,1749,1.0
3156,1878,1.0
3156,599,1.0
3156,3092,1.0
3156,3477,1.0
3156,2198,1.0
3156,2327,1.0
3156,4052,1.0
3156,2773,1.0
3156,2902,1.0
3156,3671,1.0
3157,405,1.0
3157,1174,1.0
3157,1303,1.0
3157,24,1.0
3157,725,1.0
3157,854,1.0
3157,1623,1.0
3157,2008,1.0
3157,3477,1.0
3157,2198,1.0
3157,2327,1.0
3157,3096,1.0
3157,3797,1.0
3157,3926,1.0
3157,2647,1.0
3157,3032,1.0
3158,1174,1.0
3158,1303,1.0
3158,24,1.0
3158,409,1.0
3158,1878,1.0
3158,599,1.0
3158,984,1.0
3158,1753,1.0
3158,2198,1.0
3158,2327,1.0
3158,3096,1.0
3158,3481,1.0
3158,2902,1.0
3158,3671,1.0
3158,4056,1.0
3158,2777,1.0
3159,1303,1.0
3159,24,1.0
3159,409,1.0
3159,1178,1.0
3159,1623,1.0
3159,2008,1.0
3159,729,1.0
3159,858,1.0
3159,2327,1.0
3159,3096,1.0
3159,3481,1.0
3159,2202,1.0
3159,2647,1.0
3159,3032,1.0
3159,3801,1.0
3159,3930,1.0
3160,24,1.0
3160,409,1.0
3160,1178,1.0
3160,1307,1.0
3160,984,1.0
3160,1753,1.0
3160,1882,1.0
3160,603,1.0
3160,3096,1.0
3160,3481,1.0
3160,2202,1.0
3160,2331,1.0
3160,4056,1.0
3160,2777,1.0
3160,2906,1.0
3160,3675,1.0
3161,409,1.0
3161,1178,1.0
3161,1307,1.0
3161,28,1.0
3161,729,1.0
3161,858,1.0
3161,1627,1.0
3161,2012,1.0
3161,3481,1.0
3161,2202,1.0
3161,2331,1.0
3161,3100,1.0
3161,3801,1.0
3161,3930,1.0
3161,2651,1.0
3161,3036,1.0
3162,1178,1.0
3162,1307,1.0
3162,28,1.0
3162,413,1.0
3162,1882,1.0
3162,603,1.0
3162,988,1.0
3162,1757,1.0
3162,2202,1.0
3162,2331,1.0
3162,3100,1.0
3162,3485,1.0
3162,2906,1.0
3162,3675,1.0
3162,4060,1.0
3162,2781,1.0
3163,1307,1.0
3163,28,1.0
3163,413,1.0
3163,1182,1.0
3163,1627,1.0
3163,2012,1.0
3163,733,1.0
3163,862,1.0
3163,2331,1.0
3163,3100,1.0
3163,3485,1.0
3163,2206,1.0
3163,2651,1.0
3163,3036,1.0
3163,3805,1.0
3163,3934,1.0
3164,28,1.0
3164,413,1.0
3164,1182,1.0
3164,1311,1.0
3164,988,1.0
3164,1757,1.0
3164,1886,1.0
3164,607,1.0
3164,3100,1.0
3164,3485,1.0
3164,2206,1.0
3164,2335,1.0
3164,4060,1.0
3164,2781,1.0
3164,2910,1.0
3164,3679,1.0
3165,413,1.0
3165,1182,1.0
3165,1311,1.0
3165,32,1.0
3165,733,1.0
3165,862,1.0
3165,1631,1.0
3165,2016,1.0
3165,3485,1.0
3165,2206,1.0
3165,2335,1.0
3165,3104,1.0
3165,3805,1.0
3165,3934,1.0
3165,2655,1.0
3165,3040,1.0
3166,1182,1.0
3166,1311,1.0
3166,32,1.0
3166,417,1.0
3166,1886,1.0
3166,607,1.0
3166,992,1.0
3166,1761,1.0
3166,2206,1.0
3166,2335,1.0
3166,3104,1.0
3166,3489,1.0
3166,2910,1.0
3166,3679,1.0
3166,4064,1.0
3166,2785,1.0
3167,1311,1.0
3167,32,1.0
3167,417,1.0
3167,1186,1.0
3167,1631,1.0
3167,2016,1.0
3167,737,1.0
3167,866,1.0
3167,2335,1.0
3167,3104,1.0
3167,3489,1.0
3167,2210,1.0
3167,2655,1.0
3167,3040,1.0
3167,3809,1.0
3167,3938,1.0
3168,32,1.0
3168,417,1.0
3168,1186,1.0
3168,1315,1.0
3168,992,1.0
3168,1761,1.0
3168,1890,1.0
3168,611,1.0
3168,3104,1.0
3168,3489,1.0
3168,2210,1.0
3168,2339,1.0
3168,4064,1.0
3168,2785,1.0
3168,2914,1.0
3168,3683,1.0
3169,417,1.0
3169,1186,1.0
3169,1315,1.0
3169,36,1.0
3169,737,1.0
3169,866,1.0
3169,1635,1.0
3169,2020,1.0
3169,3489,1.0
3169,2210,1.0
3169,2339,1.0
3169,3108,1.0
3169,3809,1.0
3169,3938,1.0
3169,2659,1.0
3169,3044,1.0
3170,1186,1.0
3170,1315,1.0
3170,36,1.0
3170,421,1.0
3170,1890,1.0
3170,611,1.0
3170,996,1.0
3170,1765,1.0
3170,2210,1.0
3170,2339,1.0
3170,3108,1.0
3170,3493,1.0
3170,2914,1.0
3170,3683,1.0
3170,4068,1.0
3170,2789,1.0
3171,1315,1.0
3171,36,1.0
3171,421,1.0
3171,1190,1.0
3171,1635,1.0
3171,2020,1.0
3171,741,1.0
3171,870,1.0
3171,2339,1.0
3171,3108,1.0
3171,3493,1.0
3171,2214,1.0
3171,2659,1.0
3171,3044,1.0
3171,3813,1.0
3171,3942,1.0
3172,36,1.0
3172,421,1.0
3172,1190,1.0
3172,1319,1.0
3172,996,1.0
3172,1765,1.0
3172,1894,1.0
3172,615,1.0
3172,3108,1.0
3172,3493,1.0
3172,2214,1.0
3172,2343,1.0
3172,4068,1.0
3172,2789,1.0
3172,2918,1.0
3172,3687,1.0
3173,421,1.0
3173,1190,1.0
3173,1319,1.0
3173,40,1.0
3173,741,1.0
3173,870,1.0
3173,1639,1.0
3173,2024,1.0
3173,3493,1.0
3173,2214,1.0
3173,2343,1.0
3173,3112,1.0
3173,3813,1.0
3173,3942,1.0
3173,2663,1.0
3173,3048,1.0
3174,1190,1.0
3174,1319,1.0
3174,40,1.0
3174,425,1.0
3174,1894,1.0
3174,615,1.0
3174,1000,1.0
3174,1769,1.0
3174,2214,1.0
3174,2343,1.0
3174,3112,1.0
3174,3497,1.0
3174,2918,1.0
3174,3687,1.0
3174,4072,1.0
3174,2793,1.0
3175,1319,1.0
3175,40,1.0
3175,425,1.0
3175,1194,1.0
3175,1639,1.0
3175,2024,1.0
3175,745,1.0
3175,874,1.0
3175,2343,1.0
3175,3112,1.0
3175,3497,1.0
3175,2218,1.0
3175,2663,1.0
3175,3048,1.0
3175,3817,1.0
3175,3946,1.0
3176,40,1.0
3176,425,1.0
3176,1194,1.0
3176,1323,1.0
3176,1000,1.0
3176,1769,1.0
3176,1898,1.0
3176,619,1.0
3176,3112,1.0
3176,3497,1.0
3176,2218,1.0
3176,2347,1.0
3176,4072,1.0
3176,2793,1.0
3176,2922,1.0
3176,3691,1.0
3177,425,1.0
3177,1194,1.0
3177,1323,1.0
3177,44,1.0
3177,745,1.0
3177,874,1.0
3177,1643,1.0
3177,2028,1.0
3177,3497,1.0
3177,2218,1.0
3177,2347,1.0
3177,3116,1.0
3177,3817,1.0
3177,3946,1.0
3177,2667,1.0
3177,3052,1.0
3178,1194,1.0
3178,1323,1.0
3178,44,1.0
3178,429,1.0
3178,1898,1.0
3178,619,1.0
3178,1004,1.0
3178,1773,1.0
3178,2218,1.0
3178,2347,1.0
3178,3116,1.0
3178,3501,1.0
3178,2922,1.0
3178,3691,1.0
3178,4076,1.0
3178,2797,1.0
3179,1323,1.0
3179,44,1.0
3179,429,1.0
3179,1198,1.0
3179,1643,1.0
3179,2028,1.0
3179,749,1.0
3179,878,1.0
3179,2347,1.0
3179,3116,1.0
3179,3501,1.0
3179,2222,1.0
3179,2667,1.0
3179,3052,1.0
3179,3821,1.0
3179,3950,1.0
3180,44,1.0
3180,429,1.0
3180,1198,1.0
3180,1327,1.0
3180,1004,1.0
3180,1773,1.0
3180,1902,1.0
3180,623,1.0
3180,3116,1.0
3180,3501,1.0
3180,2222,1.0
3180,2351,1.0
3180,4076,1.0
3180,2797,1.0
3180,2926,1.0
3180,3695,1.0
3181,429,1.0
3181,1198,1.0
3181,1327,1.0
3181,48,1.0
3181,749,1.0
3181,878,1.0
3181,1647,1.0
3181,2032,1.0
3181,3501,1.0
3181,2222,1.0
3181,2351,1.0
3181,3120,1.0
3181,3821,1.0
3181,3950,1.0
3181,2671,1.0
3181,3056,1.0
3182,1198,1.0
3182,1327,1.0
3182,48,1.0
3182,433,1.0
3182,1902,1.0
3182,623,1.0
3182,1008,1.0
3182,1777,1.0
3182,2222,1.0
3182,2351,1.0
3182,3120,1.0
3182,3505,1.0
3182,2926,1.0
3182,3695,1.0
3182,4080,1.0
3182,2801,1.0
3183,1327,1.0
3183,48,1.0
3183,433,1.0
3183,1202,1.0
3183,1647,1.0
3183,2032,1.0
3183,753,1.0
3183,882,1.0
3183,2351,1.0
3183,3120,1.0
3183,3505,1.0
3183,2226,1.0
3183,2671,1.0
3183,3056,1.0
3183,3825,1.0
3183,3954,1.0
3184,48,1.0
3184,433,1.0
3184,1202,1.0
3184,1331,1.0
3184,1008,1.0
3184,1777,1.0
3184,1906,1.0
3184,627,1.0
3184,3120,1.0
3184,3505,1.0
3184,2226,1.0
3184,2355,1.0
3184,4080,1.0
3184,2801,1.0
3184,2930,1.0
3184,3699,1.0
3185,433,1.0
3185,1202,1.0
3185,1331,1.0
3185,52,1.0
3185,753,1.0
3185,882,1.0
3185,1651,1.0
3185,2036,1.0
3185,3505,1.0
3185,2226,1.0
3185,2355,1.0
3185,3124,1.0
3185,3825,1.0
3185,3954,1.0
3185,2675,1.0
3185,3060,1.0
3186,1202,1.0
3186,1331,1.0
3186,52,1.0
3186,437,1.0
3186,1906,1.0
3186,627,1.0
3186,1012,1.0
3186,1781,1.0
3186,2226,1.0
3186,2355,1.0
3186,3124,1.0
3186,3509,1.0
3186,2930,1.0
3186,3699,1.0
3186,4084,1.0
3186,2805,1.0
3187,1331,1.0
3187,52,1.0
3187,437,1.0
3187,1206,1.0
3187,1651,1.0
3187,2036,1.0
3187,757,1.0
3187,886,1.0
3187,2355,1.0
3187,3124,1.0
3187,3509,1.0
3187,2230,1.0
3187,2675,1.0
3187,3060,1.0
3187,3829,1.0
3187,3958,1.0
3188,52,1.0
3188,437,1.0
3188,1206,1.0
3188,1335,1.0
3188,1012,1.0
3188,1781,1.0
3188,1910,1.0
3188,631,1.0
3188,3124,1.0
3188,3509,1.0
3188,2230,1.0
3188,2359,1.0
3188,4084,1.0
3188,2805,1.0
3188,2934,1.0
3188,3703,1.0
3189,437,1.0
3189,1206,1.0
3189,1335,1.0
3189,56,1.0
3189,757,1.0
3189,886,1.0
3189,1655,1.0
3189,2040,1.0
3189,3509,1.0
3189,2230,1.0
3189,2359,1.0
3189,3128,1.0
3189,3829,1.0
3189,3958,1.0
3189,2679,1.0
3189,3064,1.0
3190,1206,1.0
3190,1335,1.0
3190,56,1.0
3190,441,1.0
3190,1910,1.0
3190,631,1.0
3190,1016,1.0
3190,1785,1.0
3190,2230,1.0
3190,2359,1.0
3190,3128,1.0
3190,3513,1.0
3190,2934,1.0
3190,3703,1.0
3190,4088,1.0
3190,2809,1.0
3191,1335,1.0
3191,56,1.0
3191,441,1.0
3191,1210,1.0
3191,1655,1.0
3191,2040,1.0
3191,761,1.0
3191,890,1.0
3191,2359,1.0
3191,3128,1.0
3191,3513,1.0
3191,2234,1.0
3191,2679,1.0
3191,3064,1.0
3191,3833,1.0
3191,3962,1.0
3192,56,1.0
3192,441,1.0
3192,1210,1.0
3192,1339,1.0
3192,1016,1.0
3192,1785,1.0
3192,1914,1.0
3192,635,1.0
3192,3128,1.0
3192,3513,1.0
3192,2234,1.0
3192,2363,1.0
3192,4088,1.0
3192,2809,1.0
3192,2938,1.0
3192,3707,1.0
3193,441,1.0
3193,1210,1.0
3193,1339,1.0
3193,60,1.0
3193,761,1.0
3193,890,1.0
3193,1659,1.0
3193,2044,1.0
3193,3513,1.0
3193,2234,1.0
3193,2363,1.0
3193,3132,1.0
3193,3833,1.0
3193,3962,1.0
3193,2683,1.0
3193,3068,1.0
3194,1210,1.0
3194,1339,1.0
3194,60,1.0
3194,445,1.0
3194,1914,1.0
3194,635,1.0
3194,1020,1.0
3194,1789,1.0
3194,2234,1.0
3194,2363,1.0
3194,3132,1.0
3194,3517,1.0
3194,2938,1.0
3194,3707,1.0
3194,4092,1.0
3194,2813,1.0
3195,1339,1.0
3195,60,1.0
3195,445,1.0
3195,1214,1.0
3195,1659,1.0
3195,2044,1.0
3195,765,1.0
3195,894,1.0
3195,2363,1.0
3195,3132,1.0
3195,3517,1.0
3195,2238,1.0
3195,2683,1.0
3195,3068,1.0
3195,3837,1.0
3195,3966,1.0
3196,60,1.0
3196,445,1.0
3196,1214,1.0
3196,1343,1.0
3196,1020,1.0
3196,1789,1.0
3196,1918,1.0
3196,639,1.0
3196,3132,1.0
3196,3517,1.0
3196,2238,1.0
3196,2367,1.0
3196,4092,1.0
3196,2813,1.0
3196,2942,1.0
3196,3711,1.0
3197,445,1.0
3197,1214,1.0
3197,1343,1.0
3197,0,1.0
3197,765,1.0
3197,894,1.0
3197,1663,1.0
3197,1984,1.0
3197,3517,1.0
3197,2238,1.0
3197,2367,1.0
3197,3072,1.0
3197,3837,1.0
3197,3966,1.0
3197,2687,1.0
3197,3008,1.0
3198,1214,1.0
3198,1343,1.0
3198,0,1.0
3198,385,1.0
3198,1918,1.0
3198,639,1.0
3198,960,1.0
3198,1729,1.0
3198,2238,1.0
3198,2367,1.0
3198,3072,1.0
3198,3457,1.0
3198,2942,1.0
3198,3711,1.0
3198,4032,1.0
3198,2753,1.0
3199,1343,1.0
3199,0,1.0
3199,385,1.0
3199,1154,1.0
3199,1663,1.0
3199,1984,1.0
3199,705,1.0
3199,834,1.0
3199,2367,1.0
3199,3072,1.0
3199,3457,1.0
3199,2178,1.0
3199,2687,1.0
3199,3008,1.0
3199,3777,1.0
3199,3906,1.0
3200,0,1.0
3200,385,1.0
3200,1154,1.0
3200,1283,1.0
3200,960,1.0
3200,1729,1.0
3200,1858,1.0
3200,579,1.0
3200,3072,1.0
3200,3457,1.0
3200,2178,1.0
3200,2307,1.0
3200,4032,1.0
3200,2753,1.0
3200,2882,1.0
3200,3651,1.0
3201,385,1.0
3201,1154,1.0
3201,1283,1.0
3201,4,1.0
3201,705,1.0
3201,834,1.0
3201,1603,1.0
3201,1988,1.0
3201,3457,1.0
3201,2178,1.0
3201,2307,1.0
3201,3076,1.0
3201,3777,1.0
3201,3906,1.0
3201,2627,1.0
3201,3012,1.0
3202,1154,1.0
3202,1283,1.0
3202,4,1.0
3202,389,1.0
3202,1858,1.0
3202,579,1.0
3202,964,1.0
3202,1733,1.0
3202,2178,1.0
3202,2307,1.0
3202,3076,1.0
3202,3461,1.0
3202,2882,1.0
3202,3651,1.0
3202,4036,1.0
3202,2757,1.0
3203,1283,1.0
3203,4,1.0
3203,389,1.0
3203,1158,1.0
3203,1603,1.0
3203,1988,1.0
3203,709,1.0
3203,838,1.0
3203,2307,1.0
3203,3076,1.0
3203,3461,1.0
3203,2182,1.0
3203,2627,1.0
3203,3012,1.0
3203,3781,1.0
3203,3910,1.0
3204,4,1.0
3204,389,1.0
3204,1158,1.0
3204,1287,1.0
3204,964,1.0
3204,1733,1.0
3204,1862,1.0
3204,583,1.0
3204,3076,1.0
3204,3461,1.0
3204,2182,1.0
3204,2311,1.0
3204,4036,1.0
3204,2757,1.0
3204,2886,1.0
3204,3655,1.0
3205,389,1.0
3205,1158,1.0
3205,1287,1.0
3205,8,1.0
3205,709,1.0
3205,838,1.0
3205,1607,1.0
3205,1992,1.0
3205,3461,1.0
3205,2182,1.0
3205,2311,1.0
3205,3080,1.0
3205,3781,1.0
3205,3910,1.0
3205,2631,1.0
3205,3016,1.0
3206,1158,1.0
3206,1287,1.0
3206,8,1.0
3206,393,1.0
3206,1862,1.0
3206,583,1.0
3206,968,1.0
3206,1737,1.0
3206,2182,1.0
3206,2311,1.0
3206,3080,1.0
3206,3465,1.0
3206,2886,1.0
3206,3655,1.0
3206,4040,1.0
3206,2761,1.0
3207,1287,1.0
3207,8,1.0
3207,393,1.0
3207,1162,1.0
3207,1607,1.0
3207,1992,1.0
3207,713,1.0
3207,842,1.0
3207,2311,1.0
3207,3080,1.0
3207,3465,1.0
3207,2186,1.0
3207,2631,1.0
3207,3016,1.0
3207,3785,1.0
3207,3914,1.0
3208,8,1.0
3208,393,1.0
3208,1162,1.0
3208,1291,1.0
3208,968,1.0
3208,1737,1.0
3208,1866,1.0
3208,587,1.0
3208,3080,1.0
3208,3465,1.0
3208,2186,1.0
3208,2315,1.0
3208,4040,1.0
3208,2761,1.0
3208,2890,1.0
3208,3659,1.0
3209,393,1.0
3209,1162,1.0
3209,1291,1.0
3209,12,1.0
3209,713,1.0
3209,842,1.0
3209,1611,1.0
3209,1996,1.0
3209,3465,1.0
3209,2186,1.0
3209,2315,1.0
3209,3084,1.0
3209,3785,1.0
3209,3914,1.0
3209,2635,1.0
3209,3020,1.0
3210,1162,1.0
3210,1291,1.0
3210,12,1.0
3210,397,1.0
3210,1866,1.0
3210,587,1.0
3210,972,1.0
3210,1741,1.0
3210,2186,1.0
3210,2315,1.0
3210,3084,1.0
3210,3469,1.0
3210,2890,1.0
3210,3659,1.0
3210,4044,1.0
3210,2765,1.0
3211,1291,1.0
3211,12,1.0
3211,397,1.0
3211,1166,1.0
3211,1611,1.0
3211,1996,1.0
3211,717,1.0
3211,846,1.0
3211,2315,1.0
3211,3084,1.0
3211,3469,1.0
3211,2190,1.0
3211,2635,1.0
3211,3020,1.0
3211,3789,1.0
3211,3918,1.0
3212,12,1.0
3212,397,1.0
3212,1166,1.0
3212,1295,1.0
3212,972,1.0
3212,1741,1.0
3212,1870,1.0
3212,591,1.0
3212,3084,1.0
3212,3469,1.0
3212,2190,1.0
3212,2319,1.0
3212,4044,1.0
3212,2765,1.0
3212,2894,1.0
3212,3663,1.0
3213,397,1.0
3213,1166,1.0
3213,1295,1.0
3213,16,1.0
3213,717,1.0
3213,846,1.0
3213,1615,1.0
3213,2000,1.0
3213,3469,1.0
3213,2190,1.0
3213,2319,1.0
3213,3088,1.0
3213,3789,1.0
3213,3918,1.0
3213,2639,1.0
3213,3024,1.0
3214,1166,1.0
3214,1295,1.0
3214,16,1.0
3214,401,1.0
3214,1870,1.0
3214,591,1.0
3214,976,1.0
3214,1745,1.0
3214,2190,1.0
3214,2319,1.0
3214,3088,1.0
3214,3473,1.0
3214,2894,1.0
3214,3663,1.0
3214,4048,1.0
3214,2769,1.0
3215,1295,1.0
3215,16,1.0
3215,401,1.0
3215,1170,1.0
3215,1615,1.0
3215,2000,1.0
3215,721,1.0
3215,850,1.0
3215,2319,1.0
3215,3088,1.0
3215,3473,1.0
3215,2194,1.0
3215,2639,1.0
3215,3024,1.0
3215,3793,1.0
3215,3922,1.0
3216,16,1.0
3216,401,1.0
3216,1170,1.0
3216,1299,1.0
3216,976,1.0
3216,1745,1.0
3216,1874,1.0
3216,595,1.0
3216,3088,1.0
3216,3473,1.0
3216,2194,1.0
3216,2323,1.0
3216,4048,1.0
3216,2769,1.0
3216,2898,1.0
3216,3667,1.0
3217,401,1.0
3217,1170,1.0
3217,1299,1.0
3217,20,1.0
3217,721,1.0
3217,850,1.0
3217,1619,1.0
3217,2004,1.0
3217,3473,1.0
3217,2194,1.0
3217,2323,1.0
3217,3092,1.0
3217,3793,1.0
3217,3922,1.0
3217,2643,1.0
3217,3028,1.0
3218,1170,1.0
3218,1299,1.0
3218,20,1.0
3218,405,1.0
3218,1874,1.0
3218,595,1.0
3218,980,1.0
3218,1749,1.0
3218,2194,1.0
3218,2323,1.0
3218,3092,1.0
3218,3477,1.0
3218,2898,1.0
3218,3667,1.0
3218,4052,1.0
3218,2773,1.0
3219,1299,1.0
3219,20,1.0
3219,405,1.0
3219,1174,1.0
3219,1619,1.0
3219,2004,1.0
3219,725,1.0
3219,854,1.0
3219,2323,1.0
3219,3092,1.0
3219,3477,1.0
3219,2198,1.0
3219,2643,1.0
3219,3028,1.0
3219,3797,1.0
3219,3926,1.0
3220,20,1.0
3220,405,1.0
3220,1174,1.0
3220,1303,1.0
3220,980,1.0
3220,1749,1.0
3220,1878,1.0
3220,599,1.0
3220,3092,1.0
3220,3477,1.0
3220,2198,1.0
3220,2327,1.0
3220,4052,1.0
3220,2773,1.0
3220,2902,1.0
3220,3671,1.0
3221,405,1.0
3221,1174,1.0
3221,1303,1.0
3221,24,1.0
3221,725,1.0
3221,854,1.0
3221,1623,1.0
3221,2008,1.0
3221,3477,1.0
3221,2198,1.0
3221,2327,1.0
3221,3096,1.0
3221,3797,1.0
3221,3926,1.0
3221,2647,1.0
3221,3032,1.0
3222,1174,1.0
3222,1303,1.0
3222,24,1.0
3222,409,1.0
3222,1878,1.0
3222,599,1.0
3222,984,1.0
3222,1753,1.0
3222,2198,1.0
3222,2327,1.0
3222,3096,1.0
3222,3481,1.0
3222,2902,1.0
3222,3671,1.0
3222,4056,1.0
3222,2777,1.0
3223,1303,1.0
3223,24,1.0
3223,409,1.0
3223,1178,1.0
3223,1623,1.0
3223,2008,1.0
3223,729,1.0
3223,858,1.0
3223,2327,1.0
3223,3096,1.0
3223,3481,1.0
3223,2202,1.0
3223,2647,1.0
3223,3032,1.0
3223,3801,1.0
3223,3930,1.0
3224,24,1.0
3224,409,1.0
3224,1178,1.0
3224,1307,1.0
3224,984,1.0
3224,1753,1.0
3224,1882,1.0
3224,603,1.0
3224,3096,1.0
3224,3481,1.0
3224,2202,1.0
3224,2331,1.0
3224,4056,1.0
3224,2777,1.0
3224,2906,1.0
3224,3675,1.0
3225,409,1.0
3225,1178,1.0
3225,1307,1.0
3225,28,1.0
3225,729,1.0
3225,858,1.0
3225,1627,1.0
3225,2012,1.0
3225,3481,1.0
3225,2202,1.0
3225,2331,1.0
3225,3100,1.0
3225,3801,1.0
3225,3930,1.0
3225,2651,1.0
3225,3036,1.0
3226,1178,1.0
3226,1307,1.0
3226,28,1.0
3226,413,1.0
3226,1882,1.0
3226,603,1.0
3226,988,1.0
3226,1757,1.0
3226,2202,1.0
3226,2331,1.0
3226,3100,1.0
3226,3485,1.0
3226,2906,1.0
3226,3675,1.0
3226,4060,1.0
3226,2781,1.0
3227,1307,1.0
3227,28,1.0
3227,413,1.0
3227,1182,1.0
3227,1627,1.0
3227,2012,1.0
3227,733,1.0
3227,862,1.0
3227,2331,1.0
3227,3100,1.0
3227,3485,1.0
3227,2206,1.0
3227,2651,1.0
3227,3036,1.0
3227,3805,1.0
3227,3934,1.0
3228,28,1.0
3228,413,1.0
3228,1182,1.0
3228,1311,1.0
3228,988,1.0
3228,1757,1.0
3228,1886,1.0
3228,607,1.0
3228,3100,1.0
3228,3485,1.0
3228,2206,1.0
3228,2335,1.0
3228,4060,1.0
3228,2781,1.0
3228,2910,1.0
3228,3679,1.0
3229,413,1.0
3229,1182,1.0
3229,1311,1.0
3229,32,1.0
3229,733,1.0
3229,862,1.0
3229,1631,1.0
3229,2016,1.0
3229,3485,1.0
3229,2206,1.0
3229,2335,1.0
3229,3104,1.0
3229,3805,1.0
3229,3934,1.0
3229,2655,1.0
3229,3040,1.0
3230,1182,1.0
3230,1311,1.0
3230,32,1.0
3230,417,1.0
3230,1886,1.0
3230,607,1.0
3230,992,1.0
3230,1761,1.0
3230,2206,1.0
3230,2335,1.0
3230,3104,1.0
3230,3489,1.0
3230,2910,1.0
3230,3679,1.0
3230,4064,1.0
3230,2785,1.0
3231,1311,1.0
3231,32,1.0
3231,417,1.0
3231,1186,1.0
3231,1631,1.0
3231,2016,1.0
3231,737,1.0
3231,866,1.0
3231,2335,1.0
3231,3104,1.0
3231,3489,1.0
3231,2210,1.0
3231,2655,1.0
3231,3040,1.0
3231,3809,1.0
3231,3938,1.0
3232,32,1.0
3232,417,1.0
3232,1186,1.0
3232,1315,1.0
3232,992,1.0
3232,1761,1.0
3232,1890,1.0
3232,611,1.0
3232,3104,1.0
3232,3489,1.0
3232,2210,1.0
3232,2339,1.0
3232,4064,1.0
3232,2785,1.0
3232,2914,1.0
3232,3683,1.0
3233,417,1.0
3233,1186,1.0
3233,1315,1.0
3233,36,1.0
3233,737,1.0
3233,866,1.0
3233,1635,1.0
3233,2020,1.0
3233,3489,1.0
3233,2210,1.0
3233,2339,1.0
3233,3108,1.0
3233,3809,1.0
3233,3938,1.0
3233,2659,1.0
3233,3044,1.0
3234,1186,1.0
3234,1315,1.0
3234,36,1.0
3234,421,1.0
3234,1890,1.0
3234,611,1.0
3234,996,1.0
3234,1765,1.0
3234,2210,1.0
3234,2339,1.0
3234,3108,1.0
3234,3493,1.0
3234,2914,1.0
3234,3683,1.0
3234,4068,1.0
3234,2789,1.0
3235,1315,1.0
3235,36,1.0
3235,421,1.0
3235,1190,1.0
3235,1635,1.0
3235,2020,1.0
3235,741,1.0
3235,870,1.0
3235,2339,1.0
3235,3108,1.0
3235,3493,1.0
3235,2214,1.0
3235,2659,1.0
3235,3044,1.0
3235,3813,1.0
3235,3942,1.0
3236,36,1.0
3236,421,1.0
3236,1190,1.0
3236,1319,1.0
3236,996,1.0
3236,1765,1.0
3236,1894,1.0
3236,615,1.0
3236,3108,1.0
3236,3493,1.0
3236,2214,1.0
3236,2343,1.0
3236,4068,1.0
3236,2789,1.0
3236,2918,1.0
3236,3687,1.0
3237,421,1.0
3237,1190,1.0
3237,1319,1.0
3237,40,1.0
3237,741,1.0
3237,870,1.0
3237,1639,1.0
3237,2024,1.0
3237,3493,1.0
3237,2214,1.0
3237,2343,1.0
3237,3112,1.0
3237,3813,1.0
3237,3942,1.0
3237,2663,1.0
3237,3048,1.0
3238,1190,1.0
3238,1319,1.0
3238,40,1.0
3238,425,1.0
3238,1894,1.0
3238,615,1.0
3238,1000,1.0
3238,1769,1.0
3238,2214,1.0
3238,2343,1.0
3238,3112,1.0
3238,3497,1.0
3238,2918,1.0
3238,3687,1.0
3238,4072,1.0
3238,2793,1.0
3239,1319,1.0
3239,40,1.0
3239,425,1.0
3239,1194,1.0
3239,1639,1.0
3239,2024,1.0
3239,745,1.0
3239,874,1.0
3239,2343,1.0
3239,3112,1.0
3239,3497,1.0
3239,2218,1.0
3239,2663,1.0
3239,3048,1.0
3239,3817,1.0
3239,3946,1.0
3240,40,1.0
3240,425,1.0
3240,1194,1.0
3240,1323,1.0
3240,1000,1.0
3240,1769,1.0
3240,1898,1.0
3240,619,1.0
3240,3112,1.0
3240,3497,1.0
3240,2218,1.0
3240,2347,1.0
3240,4072,1.0
3240,2793,1.0
3240,2922,1.0
3240,3691,1.0
3241,425,1.0
3241,1194,1.0
3241,1323,1.0
3241,44,1.0
3241,745,1.0
3241,874,1.0
3241,1643,1.0
3241,2028,1.0
3241,3497,1.0
3241,2218,1.0
3241,2347,1.0
3241,3116,1.0
3241,3817,1.0
3241,3946,1.0
3241,2667,1.0
3241,3052,1.0
3242,1194,1.0
3242,1323,1.0
3242,44,1.0
3242,429,1.0
3242,1898,1.0
3242,619,1.0
3242,1004,1.0
3242,1773,1.0
3242,2218,1.0
3242,2347,1.0
3242,3116,1.0
3242,3501,1.0
3242,2922,1.0
3242,3691,1.0
3242,4076,1.0
3242,2797,1.0
3243,1323,1.0
3243,44,1.0
3243,429,1.0
3243,1198,1.0
3243,1643,1.0
3243,2028,1.0
3243,749,1.0
3243,878,1.0
3243,2347,1.0
3243,3116,1.0
3243,3501,1.0
3243,2222,1.0
3243,2667,1.0
3243,3052,1.0
3243,3821,1.0
3243,3950,1.0
3244,44,1.0
3244,429,1.0
3244,1198,1.0
3244,1327,1.0
3244,1004,1.0
3244,1773,1.0
3244,1902,1.0
3244,623,1.0
3244,3116,1.0
3244,3501,1.0
3244,2222,1.0
3244,2351,1.0
3244,4076,1.0
3244,2797,1.0
3244,2926,1.0
3244,3695,1.0
3245,429,1.0
3245,1198,1.0
3245,1327,1.0
3245,48,1.0
3245,749,1.0
3245,878,1.0
3245,1647,1.0
3245,2032,1.0
3245,3501,1.0
3245,2222,1.0
3245,2351,1.0
3245,3120,1.0
3245,3821,1.0
3245,3950,1.0
3245,2671,1.0
3245,3056,1.0
3246,1198,1.0
3246,1327,1.0
3246,48,1.0
3246,433,1.0
3246,1902,1.0
3246,623,1.0
3246,1008,1.0
3246,1777,1.0
3246,2222,1.0
3246,2351,1.0
3246,3120,1.0
3246,3505,1.0
3246,2926,1.0
3246,3695,1.0
3246,4080,1.0
3246,2801,1.0
3247,1327,1.0
3247,48,1.0
3247,433,1.0
3247,1202,1.0
3247,1647,1.0
3247,2032,1.0
3247,753,1.0
3247,882,1.0
3247,2351,1.0
3247,3120,1.0
3247,3505,1.0
3247,2226,1.0
3247,2671,1.0
3247,3056,1.0
3247,3825,1.0
3247,3954,1.0
3248,48,1.0
3248,433,1.0
3248,1202,1.0
3248,1331,1.0
3248,1008,1.0
3248,1777,1.0
3248,1906,1.0
3248,627,1.0
3248,3120,1.0
3248,3505,1.0
3248,2226,1.0
3248,2355,1.0
3248,4080,1.0
3248,2801,1.0
3248,2930,1.0
3248,3699,1.0
3249,433,1.0
3249,1202,1.0
3249,1331,1.0
3249,52,1.0
3249,753,1.0
3249,882,1.0
3249,1651,1.0
3249,2036,1.0
3249,3505,1.0
3249,2226,1.0
3249,2355,1.0
3249,3124,1.0
3249,3825,1.0
3249,3954,1.0
3249,2675,1.0
3249,3060,1.0
3250,1202,1.0
3250,1331,1.0
3250,52,1.0
3250,437,1.0
3250,1906,1.0
3250,627,1.0
3250,1012,1.0
3250,1781,1.0
3250,2226,1.0
3250,2355,1.0
3250,3124,1.0
3250,3509,1.0
3250,2930,1.0
3250,3699,1.0
3250,4084,1.0
3250,2805,1.0
3251,1331,1.0
3251,52,1.0
3251,437,1.0
3251,1206,1.0
3251,1651,1.0
3251,2036,1.0
3251,757,1.0
3251,886,1.0
3251,2355,1.0
3251,3124,1.0
3251,3509,1.0
3251,2230,1.0
3251,2675,1.0
3251,3060,1.0
3251,3829,1.0
3251,3958,1.0
3252,52,1.0
3252,437,1.0
3252,1206,1.0
3252,1335,1.0
3252,1012,1.0
3252,1781,1.0
3252,1910,1.0
3252,631,1.0
3252,3124,1.0
3252,3509,1.0
3252,2230,1.0
3252,2359,1.0
3252,4084,1.0
3252,2805,1.0
3252,2934,1.0
3252,3703,1.0
3253,437,1.0
3253,1206,1.0
3253,1335,1.0
3253,56,1.0
3253,757,1.0
3253,886,1.0
3253,1655,1.0
3253,2040,1.0
3253,3509,1.0
3253,2230,1.0
3253,2359,1.0
3253,3128,1.0
3253,3829,1.0
3253,3958,1.0
3253,2679,1.0
3253,3064,1.0
3254,1206,1.0
3254,1335,1.0
3254,56,1.0
3254,441,1.0
3254,1910,1.0
3254,631,1.0
3254,1016,1.0
3254,1785,1.0
3254,2230,1.0
3254,2359,1.0
3254,3128,1.0
3254,3513,1.0
3254,2934,1.0
3254,3703,1.0
3254,4088,1.0
3254,2809,1.0
3255,1335,1.0
3255,56,1.0
3255,441,1.0
3255,1210,1.0
3255,1655,1.0
3255,2040,1.0
3255,761,1.0
3255,890,1.0
3255,2359,1.0
3255,3128,1.0
3255,3513,1.0
3255,2234,1.0
3255,2679,1.0
3255,3064,1.0
3255,3833,1.0
3255,3962,1.0
3256,56,1.0
3256,441,1.0
3256,1210,1.0
3256,1339,1.0
3256,1016,1.0
3256,1785,1.0
3256,1914,1.0
3256,635,1.0
3256,3128,1.0
3256,3513,1.0
3256,2234,1.0
3256,2363,1.0
3256,4088,1.0
3256,2809,1.0
3256,2938,1.0
3256,3707,1.0
3257,441,1.0
3257,1210,1.0
3257,1339,1.0
3257,60,1.0
3257,761,1.0
3257,890,1.0
3257,1659,1.0
3257,2044,1.0
3257,3513,1.0
3257,2234,1.0
3257,2363,1.0
3257,3132,1.0
3257,3833,1.0
3257,3962,1.0
3257,2683,1.0
3257,3068,1.0
3258,1210,1.0
3258,1339,1.0
3258,60,1.0
3258,445,1.0
3258,1914,1.0
3258,635,1.0
3258,1020,1.0
3258,1789,1.0
3258,2234,1.0
3258,2363,1.0
3258,3132,1.0
3258,3517,1.0
3258,2938,1.0
3258,3707,1.0
3258,4092,1.0
3258,2813,1.0
3259,1339,1.0
3259,60,1.0
3259,445,1.0
3259,1214,1.0
3259,1659,1.0
3259,2044,1.0
3259,765,1.0
3259,894,1.0
3259,2363,1.0
3259,3132,1.0
3259,3517,1.0
3259,2238,1.0
3259,2683,1.0
3259,3068,1.0
3259,3837,1.0
3259,3966,1.0
3260,60,1.0
3260,445,1.0
3260,1214,1.0
3260,1343,1.0
3260,1020,1.0
3260,1789,1.0
3260,1918,1.0
3260,639,1.0
3260,3132,1.0
3260,3517,1.0
3260,2238,1.0
3260,2367,1.0
3260,4092,1.0
3260,2813,1.0
3260,2942,1.0
3260,3711,1.0
3261,445,1.0
3261,1214,1.0
3261,1343,1.0
3261,0,1.0
3261,765,1.0
3261,894,1.0
3261,1663,1.0
3261,1984,1.0
3261,3517,1.0
3261,2238,1.0
3261,2367,1.0
3261,3072,1.0
3261,3837,1.0
3261,3966,1.0
3261,2687,1.0
3261,3008,1.0
3262,1214,1.0
3262,1343,1.0
3262,0,1.0
3262,385,1.0
3262,1918,1.0
3262,639,1.0
3262,960,1.0
3262,1729,1.0
3262,2238,1.0
3262,2367,1.0
3262,3072,1.0
3262,3457,1.0
3262,2942,1.0
3262,3711,1.0
3262,4032,1.0
3262,2753,1.0
3263,1343,1.0
3263,0,1.0
3263,385,1.0
3263,1154,1.0
3263,1663,1.0
3263,1984,1.0
3263,705,1.0
3263,834,1.0
3263,2367,1.0
3263,3072,1.0
3263,3457,1.0
3263,2178,1.0
3263,2687,1.0
3263,3008,1.0
3263,3777,1.0
3263,3906,1.0
3264,0,1.0
3264,385,1.0
3264,1154,1.0
3264,1283,1.0
3264,960,1.0
3264,1729,1.0
3264,1858,1.0
3264,579,1.0
3264,3072,1.0
3264,3457,1.0
3264,2178,1.0
3264,2307,1.0
3264,4032,1.0
3264,2753,1.0
3264,2882,1.0
3264,3651,1.0
3265,385,1.0
3265,1154,1.0
3265,1283,1.0
3265,4,1.0
3265,705,1.0
3265,834,1.0
3265,1603,1.0
3265,1988,1.0
3265,3457,1.0
3265,2178,1.0
3265,2307,1.0
3265,3076,1.0
3265,3777,1.0
3265,3906,1.0
3265,2627,1.0
3265,3012,1.0
3266,1154,1.0
3266,1283,1.0
3266,4,1.0
3266,389,1.0
3266,1858,1.0
3266,579,1.0
3266,964,1.0
3266,1733,1.0
3266,2178,1.0
3266,2307,1.0
3266,3076,1.0
3266,3461,1.0
3266,2882,1.0
3266,3651,1.0
3266,4036,1.0
3266,2757,1.0
3267,1283,1.0
3267,4,1.0
3267,389,1.0
3267,1158,1.0
3267,1603,1.0
3267,1988,1.0
3267,709,1.0
3267,838,1.0
3267,2307,1.0
3267,3076,1.0
3267,3461,1.0
3267,2182,1.0
3267,2627,1.0
3267,3012,1.0
3267,3781,1.0
3267,3910,1.0
3268,4,1.0
3268,389,1.0
3268,1158,1.0
3268,1287,1.0
3268,964,1.0
3268,1733,1.0
3268,1862,1.0
3268,583,1.0
3268,3076,1.0
3268,3461,1.0
3268,2182,1.0
3268,2311,1.0
3268,4036,1.0
3268,2757,1.0
3268,2886,1.0
3268,3655,1.0
3269,389,1.0
3269,1158,1.0
3269,1287,1.0
3269,8,1.0
3269,709,1.0
3269,838,1.0
3269,1607,1.0
3269,1992,1.0
3269,3461,1.0
3269,2182,1.0
3269,2311,1.0
3269,3080,1.0
3269,3781,1.0
3269,3910,1.0
3269,2631,1.0
3269,3016,1.0
3270,1158,1.0
3270,1287,1.0
3270,8,1.0
3270,393,1.0
3270,1862,1.0
3270,583,1.0
3270,968,1.0
3270,1737,1.0
3270,2182,1.0
3270,2311,1.0
3270,3080,1.0
3270,3465,1.0
3270,2886,1.0
3270,3655,1.0
3270,4040,1.0
3270,2761,1.0
3271,1287,1.0
3271,8,1.0
3271,393,1.0
3271,1162,1.0
3271,1607,1.0
3271,1992,1.0
3271,713,1.0
3271,842,1.0
3271,2311,1.0
3271,3080,1.0
3271,3465,1.0
3271,2186,1.0
3271,2631,1.0
3271,3016,1.0
3271,3785,1.0
3271,3914,1.0
3272,8,1.0
3272,393,1.0
3272,1162,1.0
3272,1291,1.0
3272,968,1.0
3272,1737,1.0
3272,1866,1.0
3272,587,1.0
3272,3080,1.0
3272,3465,1.0
3272,2186,1.0
3272,2315,1.0
3272,4040,1.0
3272,2761,1.0
3272,2890,1.0
3272,3659,1.0
3273,393,1.0
3273,1162,1.0
3273,1291,1.0
3273,12,1.0
3273,713,1.0
3273,842,1.0
3273,1611,1.0
3273,1996,1.0
3273,3465,1.0
3273,2186,1.0
3273,2315,1.0
3273,3084,1.0
3273,3785,1.0
3273,3914,1.0
3273,2635,1.0
3273,3020,1.0
3274,1162,1.0
3274,1291,1.0
3274,12,1.0
3274,397,1.0
3274,1866,1.0
3274,587,1.0
3274,972,1.0
3274,1741,1.0
3274,2186,1.0
3274,2315,1.0
3274,3084,1.0
3274,3469,1.0
3274,2890,1.0
3274,3659,1.0
3274,4044,1.0
3274,2765,1.0
3275,1291,1.0
3275,12,1.0
3275,397,1.0
3275,1166,1.0
3275,1611,1.0
3275,1996,1.0
3275,717,1.0
3275,846,1.0
3275,2315,1.0
3275,3084,1.0
3275,3469,1.0
3275,2190,1.0
3275,2635,1.0
3275,3020,1.0
3275,3789,1.0
3275,3918,1.0
3276,12,1.0
3276,397,1.0
3276,1166,1.0
3276,1295,1.0
3276,972,1.0
3276,1741,1.0
3276,1870,1.0
3276,591,1.0
3276,3084,1.0
3276,3469,1.0
3276,2190,1.0
3276,2319,1.0
3276,4044,1.0
3276,2765,1.0
3276,2894,1.0
3276,3663,1.0
3277,397,1.0
3277,1166,1.0
3277,1295,1.0
3277,16,1.0
3277,717,1.0
3277,846,1.0
3277,1615,1.0
3277,2000,1.0
3277,3469,1.0
3277,2190,1.0
3277,2319,1.0
3277,3088,1.0
3277,3789,1.0
3277,3918,1.0
3277,2639,1.0
3277,3024,1.0
3278,1166,1.0
3278,1295,1.0
3278,16,1.0
3278,401,1.0
3278,1870,1.0
3278,591,1.0
3278,976,1.0
3278,1745,1.0
3278,2190,1.0
3278,2319,1.0
3278,3088,1.0
3278,3473,1.0
3278,2894,1.0
3278,3663,1.0
3278,4048,1.0
3278,2769,1.0
3279,1295,1.0
3279,16,1.0
3279,401,1.0
3279,1170,1.0
3279,1615,1.0
3279,2000,1.0
3279,721,1.0
3279,850,1.0
3279,2319,1.0
3279,3088,1.0
3279,3473,1.0
3279,2194,1.0
3279,2639,1.0
3279,3024,1.0
3279,3793,1.0
3279,3922,1.0
3280,16,1.0
3280,401,1.0
3280,1170,1.0
3280,1299,1.0
3280,976,1.0
3280,1745,1.0
3280,1874,1.0
3280,595,1.0
3280,3088,1.0
3280,3473,1.0
3280,2194,1.0
3280,2323,1.0
3280,4048,1.0
3280,2769,1.0
3280,2898,1.0
3280,3667,1.0
3281,401,1.0
3281,1170,1.0
3281,1299,1.0
3281,20,1.0
3281,721,1.0
3281,850,1.0
3281,1619,1.0
3281,2004,1.0
3281,3473,1.0
3281,2194,1.0
3281,2323,1.0
3281,3092,1.0
3281,3793,1.0
3281,3922,1.0
3281,2643,1.0
3281,3028,1.0
3282,1170,1.0
3282,1299,1.0
3282,20,1.0
3282,405,1.0
3282,1874,1.0
3282,595,1.0
3282,980,1.0
3282,1749,1.0
3282,2194,1.0
3282,2323,1.0
3282,3092,1.0
3282,3477,1.0
3282,2898,1.0
3282,3667,1.0
3282,4052,1.0
3282,2773,1.0
3283,1299,1.0
3283,20,1.0
3283,405,1.0
3283,1174,1.0
3283,1619,1.0
3283,2004,1.0
3283,725,1.0
3283,854,1.0
3283,2323,1.0
3283,3092,1.0
3283,3477,1.0
3283,2198,1.0
3283,2643,1.0
3283,3028,1.0
3283,3797,1.0
3283,3926,1.0
3284,20,1.0
3284,405,1.0
3284,1174,1.0
3284,1303,1.0
3284,980,1.0
3284,1749,1.0
3284,1878,1.0
3284,599,1.0
3284,3092,1.0
3284,3477,1.0
3284,2198,1.0
3284,2327,1.0
3284,4052,1.0
3284,2773,1.0
3284,2902,1.0
3284,3671,1.0
3285,405,1.0
3285,1174,1.0
3285,1303,1.0
3285,24,1.0
3285,725,1.0
3285,854,1.0
3285,1623,1.0
3285,2008,1.0
3285,3477,1.0
3285,2198,1.0
3285,2327,1.0
3285,3096,1.0
3285,3797,1.0
3285,3926,1.0
3285,2647,1.0
3285,3032,1.0
3286,1174,1.0
3286,1303,1.0
3286,24,1.0
3286,409,1.0
3286,1878,1.0
3286,599,1.0
3286,984,1.0
3286,1753,1.0
3286,2198,1.0
3286,2327,1.0
3286,3096,1.0
3286,3481,1.0
3286,2902,1.0
3286,3671,1.0
3286,4056,1.0
3286,2777,1.0
3287,1303,1.0
3287,24,1.0
3287,409,1.0
3287,1178,1.0
3287,1623,1.0
3287,2008,1.0
3287,729,1.0
3287,858,1.0
3287,2327,1.0
3287,3096,1.0
3287,3481,1.0
3287,2202,1.0
3287,2647,1.0
3287,3032,1.0
3287,3801,1.0
3287,3930,1.0
3288,24,1.0
3288,409,1.0
3288,1178,1.0
3288,1307,1.0
3288,984,1.0
3288,1753,1.0
3288,1882,1.0
3288,603,1.0
3288,3096,1.0
3288,3481,1.0
3288,2202,1.0
3288,2331,1.0
3288,4056,1.0
3288,2777,1.0
3288,2906,1.0
3288,3675,1.0
3289,409,1.0
3289,1178,1.0
3289,1307,1.0
3289,28,1.0
3289,729,1.0
3289,858,1.0
3289,1627,1.0
3289,2012,1.0
3289,3481,1.0
3289,2202,1.0
3289,2331,1.0
3289,3100,1.0
3289,3801,1.0
3289,3930,1.0
3289,2651,1.0
3289,3036,1.0
3290,1178,1.0
3290,1307,1.0
3290,28,1.0
3290,413,1.0
3290,1882,1.0
3290,603,1.0
3290,988,1.0
3290,1757,1.0
3290,2202,1.0
3290,2331,1.0
3290,3100,1.0
3290,3485,1.0
3290,2906,1.0
3290,3675,1.0
3290,4060,1.0
3290,2781,1.0
3291,1307,1.0
3291,28,1.0
3291,413,1.0
3291,1182,1.0
3291,1627,1.0
3291,2012,1.0
3291,733,1.0
3291,862,1.0
3291,2331,1.0
3291,3100,1.0
3291,3485,1.0
3291,2206,1.0
3291,2651,1.0
3291,3036,1.0
3291,3805,1.0
3291,3934,1.0
3292,28,1.0
3292,413,1.0
3292,1182,1.0
3292,1311,1.0
3292,988,1.0
3292,1757,1.0
3292,1886,1.0
3292,607,1.0
3292,3100,1.0
3292,3485,1.0
3292,2206,1.0
3292,2335,1.0
3292,4060,1.0
3292,2781,1.0
3292,2910,1.0
3292,3679,1.0
3293,413,1.0
3293,1182,1.0
3293,1311,1.0
3293,32,1.0
3293,733,1.0
3293,862,1.0
3293,1631,1.0
3293,2016,1.0
3293,3485,1.0
3293,2206,1.0
3293,2335,1.0
3293,3104,1.0
3293,3805,1.0
3293,3934,1.0
3293,2655,1.0
3293,3040,1.0
3294,1182,1.0
3294,1311,1.0
3294,32,1.0
3294,417,1.0
3294,1886,1.0
3294,607,1.0
3294,992,1.0
3294,1761,1.0
3294,2206,1.0
3294,2335,1.0
3294,3104,1.0
3294,3489,1.0
3294,2910,1.0
3294,3679,1.0
3294,4064,1.0
3294,2785,1.0
3295,1311,1.0
3295,32,1.0
3295,417,1.0
3295,1186,1.0
3295,1631,1.0
3295,2016,1.0
3295,737,1.0
3295,866,1.0
3295,2335,1.0
3295,3104,1.0
3295,3489,1.0
3295,2210,1.0
3295,2655,1.0
3295,3040,1.0
3295,3809,1.0
3295,3938,1.0
3296,32,1.0
3296,417,1.0
3296,1186,1.0
3296,1315,1.0
3296,992,1.0
3296,1761,1.0
3296,1890,1.0
3296,611,1.0
3296,3104,1.0
3296,3489,1.0
3296,2210,1.0
3296,2339,1.0
3296,4064,1.0
3296,2785,1.0
3296,2914,1.0
3296,3683,1.0
3297,417,1.0
3297,1186,1.0
3297,1315,1.0
3297,36,1.0
3297,737,1.0
3297,866,1.0
3297,1635,1.0
3297,2020,1.0
3297,3489,1.0
3297,2210,1.0
3297,2339,1.0
3297,3108,1.0
3297,3809,1.0
3297,3938,1.0
3297,2659,1.0
3297,3044,1.0
3298,1186,1.0
3298,1315,1.0
3298,36,1.0
3298,421,1.0
3298,1890,1.0
3298,611,1.0
3298,996,1.0
3298,1765,1.0
3298,2210,1.0
3298,2339,1.0
3298,3108,1.0
3298,3493,1.0
3298,2914,1.0
3298,3683,1.0
3298,4068,1.0
3298,2789,1.0
3299,1315,1.0
3299,36,1.0
3299,421,1.0
3299,1190,1.0
3299,1635,1.0
3299,2020,1.0
3299,741,1.0
3299,870,1.0
3299,2339,1.0
3299,3108,1.0
3299,3493,1.0
3299,2214,1.0
3299,2659,1.0
3299,3044,1.0
3299,3813,1.0
3299,3942,1.0
3300,36,1.0
3300,421,1.0
3300,1190,1.0
3300,1319,1.0
3300,996,1.0
3300,1765,1.0
3300,1894,1.0
3300,615,1.0
3300,3108,1.0
3300,3493,1.0
3300,2214,1.0
3300,2343,1.0
3300,4068,1.0
3300,2789,1.0
3300,2918,1.0
3300,3687,1.0
3301,421,1.0
3301,1190,1.0
3301,1319,1.0
3301,40,1.0
3301,741,1.0
3301,870,1.0
3301,1639,1.0
3301,2024,1.0
3301,3493,1.0
3301,2214,1.0
3301,2343,1.0
3301,3112,1.0
3301,3813,1.0
3301,3942,1.0
3301,2663,1.0
3301,3048,1.0
3302,1190,1.0
3302,1319,1.0
3302,40,1.0
3302,425,1.0
3302,1894,1.0
3302,615,1.0
3302,1000,1.0
3302,1769,1.0
3302,2214,1.0
3302,2343,1.0
3302,3112,1.0
3302,3497,1.0
3302,2918,1.0
3302,3687,1.0
3302,4072,1.0
3302,2793,1.0
3303,1319,1.0
3303,40,1.0
3303,425,1.0
3303,1194,1.0
3303,1639,1.0
3303,2024,1.0
3303,745,1.0
3303,874,1.0
3303,2343,1.0
3303,3112,1.0
3303,3497,1.0
3303,2218,1.0
3303,2663,1.0
3303,3048,1.0
3303,3817,1.0
3303,3946,1.0
3304,40,1.0
3304,425,1.0
3304,1194,1.0
3304,1323,1.0
3304,1000,1.0
3304,1769,1.0
3304,1898,1.0
3304,619,1.0
3304,3112,1.0
3304,3497,1.0
3304,2218,1.0
3304,2347,1.0
3304,4072,1.0
3304,2793,1.0
3304,2922,1.0
3304,3691,1.0
3305,425,1.0
3305,1194,1.0
3305,1323,1.0
3305,44,1.0
3305,745,1.0
3305,874,1.0
3305,1643,1.0
3305,2028,1.0
3305,3497,1.0
3305,2218,1.0
3305,2347,1.0
3305,3116,1.0
3305,3817,1.0
3305,3946,1.0
3305,2667,1.0
3305,3052,1.0
3306,1194,1.0
3306,1323,1.0
3306,44,1.0
3306,429,1.0
3306,1898,1.0
3306,619,1.0
3306,1004,1.0
3306,1773,1.0
3306,2218,1.0
3306,2347,1.0
3306,3116,1.0
3306,3501,1.0
3306,2922,1.0
3306,3691,1.0
3306,4076,1.0
3306,2797,1.0
3307,1323,1.0
3307,44,1.0
3307,429,1.0
3307,1198,1.0
3307,1643,1.0
3307,2028,1.0
3307,749,1.0
3307,878,1.0
3307,2347,1.0
3307,3116,1.0
3307,3501,1.0
3307,2222,1.0
3307,2667,1.0
3307,3052,1.0
3307,3821,1.0
3307,3950,1.0
3308,44,1.0
3308,429,1.0
3308,1198,1.0
3308,1327,1.0
3308,1004,1.0
3308,1773,1.0
3308,1902,1.0
3308,623,1.0
3308,3116,1.0
3308,3501,1.0
3308,2222,1.0
3308,2351,1.0
3308,4076,1.0
3308,2797,1.0
3308,2926,1.0
3308,3695,1.0
3309,429,1.0
3309,1198,1.0
3309,1327,1.0
3309,48,1.0
3309,749,1.0
3309,878,1.0
3309,1647,1.0
3309,2032,1.0
3309,3501,1.0
3309,2222,1.0
3309,2351,1.0
3309,3120,1.0
3309,3821,1.0
3309,3950,1.0
3309,2671,1.0
3309,3056,1.0
3310,1198,1.0
3310,1327,1.0
3310,48,1.0
3310,433,1.0
3310,1902,1.0
3310,623,1.0
3310,1008,1.0
3310,1777,1.0
3310,2222,1.0
3310,2351,1.0
3310,3120,1.0
3310,3505,1.0
3310,2926,1.0
3310,3695,1.0
3310,4080,1.0
3310,2801,1.0
3311,1327,1.0
3311,48,1.0
3311,433,1.0
3311,1202,1.0
3311,1647,1.0
3311,2032,1.0
3311,753,1.0
3311,882,1.0
3311,2351,1.0
3311,3120,1.0
3311,3505,1.0
3311,2226,1.0
3311,2671,1.0
3311,3056,1.0
3311,3825,1.0
3311,3954,1.0
3312,48,1.0
3312,433,1.0
3312,1202,1.0
3312,1331,1.0
3312,1008,1.0
3312,1777,1.0
3312,1906,1.0
3312,627,1.0
3312,3120,1.0
3312,3505,1.0
3312,2226,1.0
3312,2355,1.0
3312,4080,1.0
3312,2801,1.0
3312,2930,1.0
3312,3699,1.0
3313,433,1.0
3313,1202,1.0
3313,1331,1.0
3313,52,1.0
3313,753,1.0
3313,882,1.0
3313,1651,1.0
3313,2036,1.0
3313,3505,1.0
3313,2226,1.0
3313,2355,1.0
3313,3124,1.0
3313,3825,1.0
3313,3954,1.0
3313,2675,1.0
3313,3060,1.0
3314,1202,1.0
3314,1331,1.0
3314,52,1.0
3314,437,1.0
3314,1906,1.0
3314,627,1.0
3314,1012,1.0
3314,1781,1.0
3314,2226,1.0
3314,2355,1.0
3314,3124,1.0
3314,3509,1.0
3314,2930,1.0
3314,3699,1.0
3314,4084,1.0
3314,2805,1.0
3315,1331,1.0
3315,52,1.0
3315,437,1.0
3315,1206,1.0
3315,1651,1.0
3315,2036,1.0
3315,757,1.0
3315,886,1.0
3315,2355,1.0
3315,3124,1.0
3315,3509,1.0
3315,2230,1.0
3315,2675,1.0
3315,3060,1.0
3315,3829,1.0
3315,3958,1.0
3316,52,1.0
3316,437,1.0
3316,1206,1.0
3316,1335,1.0
3316,1012,1.0
3316,1781,1.0
3316,1910,1.0
3316,631,1.0
3316,3124,1.0
3316,3509,1.0
3316,2230,1.0
3316,2359,1.0
3316,4084,1.0
3316,2805,1.0
3316,2934,1.0
3316,3703,1.0
3317,437,1.0
3317,1206,1.0
3317,1335,1.0
3317,56,1.0
3317,757,1.0
3317,886,1.0
3317,1655,1.0
3317,2040,1.0
3317,3509,1.0
3317,2230,1.0
3317,2359,1.0
3317,3128,1.0
3317,3829,1.0
3317,3958,1.0
3317,2679,1.0
3317,3064,1.0
3318,1206,1.0
3318,1335,1.0
3318,56,1.0
3318,441,1.0
3318,1910,1.0
3318,631,1.0
3318,1016,1.0
3318,1785,1.0
3318,2230,1.0
3318,2359,1.0
3318,3128,1.0
3318,3513,1.0
3318,2934,1.0
3318,3703,1.0
3318,4088,1.0
3318,2809,1.0
3319,1335,1.0
3319,56,1.0
3319,441,1.0
3319,1210,1.0
3319,1655,1.0
3319,2040,1.0
3319,761,1.0
3319,890,1.0
3319,2359,1.0
3319,3128,1.0
3319,3513,1.0
3319,2234,1.0
3319,2679,1.0
3319,3064,1.0
3319,3833,1.0
3319,3962,1.0
3320,56,1.0
3320,441,1.0
3320,1210,1.0
3320,1339,1.0
3320,1016,1.0
3320,1785,1.0
3320,1914,1.0
3320,635,1.0
3320,3128,1.0
3320,3513,1.0
3320,2234,1.0
3320,2363,1.0
3320,4088,1.0
3320,2809,1.0
3320,2938,1.0
3320,3707,1.0
3321,441,1.0
3321,1210,1.0
3321,1339,1.0
3321,60,1.0
3321,761,1.0
3321,890,1.0
3321,1659,1.0
3321,2044,1.0
3321,3513,1.0
3321,2234,1.0
3321,2363,1.0
3321,3132,1.0
3321,3833,1.0
3321,3962,1.0
3321,2683,1.0
3321,3068,1.0
3322,1210,1.0
3322,1339,1.0
3322,60,1.0
3322,445,1.0
3322,1914,1.0
3322,635,1.0
3322,1020,1.0
3322,1789,1.0
3322,2234,1.0
3322,2363,1.0
3322,3132,1.0
3322,3517,1.0
3322,2938,1.0
3322,3707,1.0
3322,4092,1.0
3322,2813,1.0
3323,1339,1.0
3323,60,1.0
3323,445,1.0
3323,1214,1.0
3323,1659,1.0
3323,2044,1.0
3323,765,1.0
3323,894,1.0
3323,2363,1.0
3323,3132,1.0
3323,3517,1.0
3323,2238,1.0
3323,2683,1.0
3323,3068,1.0
3323,3837,1.0
3323,3966,1.0
3324,60,1.0
3324,445,1.0
3324,1214,1.0
3324,1343,1.0
3324,1020,1.0
3324,1789,1.0
3324,1918,1.0
3324,639,1.0
3324,3132,1.0
3324,3517,1.0
3324,2238,1.0
3324,2367,1.0
3324,4092,1.0
3324,2813,1.0
3324,2942,1.0
3324,3711,1.0
3325,445,1.0
3325,1214,1.0
3325,1343,1.0
3325,0,1.0
3325,765,1.0
3325,894,1.0
3325,1663,1.0
3325,1984,1.0
3325,3517,1.0
3325,2238,1.0
3325,2367,1.0
3325,3072,1.0
3325,3837,1.0
3325,3966,1.0
3325,2687,1.0
3325,3008,1.0
3326,1214,1.0
3326,1343,1.0
3326,0,1.0
3326,385,1.0
3326,1918,1.0
3326,639,1.0
3326,960,1.0
3326,1729,1.0
3326,2238,1.0
3326,2367,1.0
3326,3072,1.0
3326,3457,1.0
3326,2942,1.0
3326,3711,1.0
3326,4032,1.0
3326,2753,1.0
3327,1343,1.0
3327,0,1.0
3327,385,1.0
3327,1154,1.0
3327,1663,1.0
3327,1984,1.0
3327,705,1.0
3327,834,1.0
3327,2367,1.0
3327,3072,1.0
3327,3457,1.0
3327,2178,1.0
3327,2687,1.0
3327,3008,1.0
3327,3777,1.0
3327,3906,1.0
3328,0,1.0
3328,385,1.0
3328,1154,1.0
3328,1283,1.0
3328,960,1.0
3328,1729,1.0
3328,1858,1.0
3328,579,1.0
3328,3072,1.0
3328,3457,1.0
3328,2178,1.0
3328,2307,1.0
3328,4032,1.0
3328,2753,1.0
3328,2882,1.0
3328,3651,1.0
3329,385,1.0
3329,1154,1.0
3329,1283,1.0
3329,4,1.0
3329,705,1.0
3329,834,1.0
3329,1603,1.0
3329,1988,1.0
3329,3457,1.0
3329,2178,1.0
3329,2307,1.0
3329,3076,1.0
3329,3777,1.0
3329,3906,1.0
3329,2627,1.0
3329,3012,1.0
3330,1154,1.0
3330,1283,1.0
3330,4,1.0
3330,389,1.0
3330,1858,1.0
3330,579,1.0
3330,964,1.0
3330,1733,1.0
3330,2178,1.0
3330,2307,1.0
3330,3076,1.0
3330,3461,1.0
3330,2882,1.0
3330,3651,1.0
3330,4036,1.0
3330,2757,1.0
3331,1283,1.0
3331,4,1.0
3331,389,1.0
3331,1158,1.0
3331,1603,1.0
3331,1988,1.0
3331,709,1.0
3331,838,1.0
3331,2307,1.0
3331,3076,1.0
3331,3461,1.0
3331,2182,1.0
3331,2627,1.0
3331,3012,1.0
3331,3781,1.0
3331,3910,1.0
3332,4,1.0
3332,389,1.0
3332,1158,1.0
3332,1287,1.0
3332,964,1.0
3332,1733,1.0
3332,1862,1.0
3332,583,1.0
3332,3076,1.0
3332,3461,1.0
3332,2182,1.0
3332,2311,1.0
3332,4036,1.0
3332,2757,1.0
3332,2886,1.0
3332,3655,1.0
3333,389,1.0
3333,1158,1.0
3333,1287,1.0
3333,8,1.0
3333,709,1.0
3333,838,1.0
3333,1607,1.0
3333,1992,1.0
3333,3461,1.0
3333,2182,1.0
3333,2311,1.0
3333,3080,1.0
3333,3781,1.0
3333,3910,1.0
3333,2631,1.0
3333,3016,1.0
3334,1158,1.0
3334,1287,1.0
3334,8,1.0
3334,393,1.0
3334,1862,1.0
3334,583,1.0
3334,968,1.0
3334,1737,1.0
3334,2182,1.0
3334,2311,1.0
3334,3080,1.0
3334,3465,1.0
3334,2886,1.0
3334,3655,1.0
3334,4040,1.0
3334,2761,1.0
3335,1287,1.0
3335,8,1.0
3335,393,1.0
3335,1162,1.0
3335,1607,1.0
3335,1992,1.0
3335,713,1.0
3335,842,1.0
3335,2311,1.0
3335,3080,1.0
3335,3465,1.0
3335,2186,1.0
3335,2631,1.0
3335,3016,1.0
3335,3785,1.0
3335,3914,1.0
3336,8,1.0
3336,393,1.0
3336,1162,1.0
3336,1291,1.0
3336,968,1.0
3336,1737,1.0
3336,1866,1.0
3336,587,1.0
3336,3080,1.0
3336,3465,1.0
3336,2186,1.0
3336,2315,1.0
3336,4040,1.0
3336,2761,1.0
3336,2890,1.0
3336,3659,1.0
3337,393,1.0
3337,1162,1.0
3337,1291,1.0
3337,12,1.0
3337,713,1.0
3337,842,1.0
3337,1611,1.0
3337,1996,1.0
3337,3465,1.0
3337,2186,1.0
3337,2315,1.0
3337,3084,1.0
3337,3785,1.0
3337,3914,1.0
3337,2635,1.0
3337,3020,1.0
3338,1162,1.0
3338,1291,1.0
3338,12,1.0
3338,397,1.0
3338,1866,1.0
3338,587,1.0
3338,972,1.0
3338,1741,1.0
3338,2186,1.0
3338,2315,1.0
3338,3084,1.0
3338,3469,1.0
3338,2890,1.0
3338,3659,1.0
3338,4044,1.0
3338,2765,1.0
3339,1291,1.0
3339,12,1.0
3339,397,1.0
3339,1166,1.0
3339,1611,1.0
3339,1996,1.0
3339,717,1.0
3339,846,1.0
3339,2315,1.0
3339,3084,1.0
3339,3469,1.0
3339,2190,1.0
3339,2635,1.0
3339,3020,1.0
3339,3789,1.0
3339,3918,1.0
3340,12,1.0
3340,397,1.0
3340,1166,1.0
3340,1295,1.0
3340,972,1.0
3340,1741,1.0
3340,1870,1.0
3340,591,1.0
3340,3084,1.0
3340,3469,1.0
3340,2190,1.0
3340,2319,1.0
3340,4044,1.0
3340,2765,1.0
3340,2894,1.0
3340,3663,1.0
3341,397,1.0
3341,1166,1.0
3341,1295,1.0
3341,16,1.0
3341,717,1.0
3341,846,1.0
3341,1615,1.0
3341,2000,1.0
3341,3469,1.0
3341,2190,1.0
3341,2319,1.0
3341,3088,1.0
3341,3789,1.0
3341,3918,1.0
3341,2639,1.0
3341,3024,1.0
3342,1166,1.0
3342,1295,1.0
3342,16,1.0
3342,401,1.0
3342,1870,1.0
3342,591,1.0
3342,976,1.0
3342,1745,1.0
3342,2190,1.0
3342,2319,1.0
3342,3088,1.0
3342,3473,1.0
3342,2894,1.0
3342,3663,1.0
3342,4048,1.0
3342,2769,1.0
3343,1295,1.0
3343,16,1.0
3343,401,1.0
3343,1170,1.0
3343,1615,1.0
3343,2000,1.0
3343,721,1.0
3343,850,1.0
3343,2319,1.0
3343,3088,1.0
3343,3473,1.0
3343,2194,1.0
3343,2639,1.0
3343,3024,1.0
3343,3793,1.0
3343,3922,1.0
3344,16,1.0
3344,401,1.0
3344,1170,1.0
3344,1299,1.0
3344,976,1.0
3344,1745,1.0
3344,1874,1.0
3344,595,1.0
3344,3088,1.0
3344,3473,1.0
3344,2194,1.0
3344,2323,1.0
3344,4048,1.0
3344,2769,1.0
3344,2898,1.0
3344,3667,1.0
3345,401,1.0
3345,1170,1.0
3345,1299,1.0
3345,20,1.0
3345,721,1.0
3345,850,1.0
3345,1619,1.0
3345,2004,1.0
3345,3473,1.0
3345,2194,1.0
3345,2323,1.0
3345,3092,1.0
3345,3793,1.0
3345,3922,1.0
3345,2643,1.0
3345,3028,1.0
3346,1170,1.0
3346,1299,1.0
3346,20,1.0
3346,405,1.0
3346,1874,1.0
3346,595,1.0
3346,980,1.0
3346,1749,1.0
3346,2194,1.0
3346,2323,1.0
3346,3092,1.0
3346,3477,1.0
3346,2898,1.0
3346,3667,1.0
3346,4052,1.0
3346,2773,1.0
3347,1299,1.0
3347,20,1.0
3347,405,1.0
3347,1174,1.0
3347,1619,1.0
3347,2004,1.0
3347,725,1.0
3347,854,1.0
3347,2323,1.0
3347,3092,1.0
3347,3477,1.0
3347,2198,1.0
3347,2643,1.0
3347,3028,1.0
3347,3797,1.0
3347,3926,1.0
3348,20,1.0
3348,405,1.0
3348,1174,1.0
3348,1303,1.0
3348,980,1.0
3348,1749,1.0
3348,1878,1.0
3348,599,1.0
3348,3092,1.0
3348,3477,1.0
3348,2198,1.0
3348,2327,1.0
3348,4052,1.0
3348,2773,1.0
3348,2902,1.0
3348,3671,1.0
3349,405,1.0
3349,1174,1.0
3349,1303,1.0
3349,24,1.0
3349,725,1.0
3349,854,1.0
3349,1623,1.0
3349,2008,1.0
3349,3477,1.0
3349,2198,1.0
3349,2327,1.0
3349,3096,1.0
3349,3797,1.0
3349,3926,1.0
3349,2647,1.0
3349,3032,1.0
3350,1174,1.0
3350,1303,1.0
3350,24,1.0
3350,409,1.0
3350,1878,1.0
3350,599,1.0
3350,984,1.0
3350,1753,1.0
3350,2198,1.0
3350,2327,1.0
3350,3096,1.0
3350,3481,1.0
3350,2902,1.0
3350,3671,1.0
3350,4056,1.0
3350,2777,1.0
3351,1303,1.0
3351,24,1.0
3351,409,1.0
3351,1178,1.0
3351,1623,1.0
3351,2008,1.0
3351,729,1.0
3351,858,1.0
3351,2327,1.0
3351,3096,1.0
3351,3481,1.0
3351,2202,1.0
3351,2647,1.0
3351,3032,1.0
3351,3801,1.0
3351,3930,1.0
3352,24,1.0
3352,409,1.0
3352,1178,1.0
3352,1307,1.0
3352,984,1.0
3352,1753,1.0
3352,1882,1.0
3352,603,1.0
3352,3096,1.0
3352,3481,1.0
3352,2202,1.0
3352,2331,1.0
3352,4056,1.0
3352,2777,1.0
3352,2906,1.0
3352,3675,1.0
3353,409,1.0
3353,1178,1.0
3353,1307,1.0
3353,28,1.0
3353,729,1.0
3353,858,1.0
3353,1627,1.0
3353,2012,1.0
3353,3481,1.0
3353,2202,1.0
3353,2331,1.0
3353,3100,1.0
3353,3801,1.0
3353,3930,1.0
3353,2651,1.0
3353,3036,1.0
3354,1178,1.0
3354,1307,1.0
3354,28,1.0
3354,413,1.0
3354,1882,1.0
3354,603,1.0
3354,988,1.0
3354,1757,1.0
3354,2202,1.0
3354,2331,1.0
3354,3100,1.0
3354,3485,1.0
3354,2906,1.0
3354,3675,1.0
3354,4060,1.0
3354,2781,1.0
3355,1307,1.0
3355,28,1.0
3355,413,1.0
3355,1182,1.0
3355,1627,1.0
3355,2012,1.0
3355,733,1.0
3355,862,1.0
3355,2331,1.0
3355,3100,1.0
3355,3485,1.0
3355,2206,1.0
3355,2651,1.0
3355,3036,1.0
3355,3805,1.0
3355,3934,1.0
3356,28,1.0
3356,413,1.0
3356,1182,1.0
3356,1311,1.0
3356,988,1.0
3356,1757,1.0
3356,1886,1.0
3356,607,1.0
3356,3100,1.0
3356,3485,1.0
3356,2206,1.0
3356,2335,1.0
3356,4060,1.0
3356,2781,1.0
3356,2910,1.0
3356,3679,1.0
3357,413,1.0
3357,1182,1.0
3357,1311,1.0
3357,32,1.0
3357,733,1.0
3357,862,1.0
3357,1631,1.0
3357,2016,1.0
3357,3485,1.0
3357,2206,1.0
3357,2335,1.0
3357,3104,1.0
3357,3805,1.0
3357,3934,1.0
3357,2655,1.0
3357,3040,1.0
3358,1182,1.0
3358,1311,1.0
3358,32,1.0
3358,417,1.0
3358,1886,1.0
3358,607,1.0
3358,992,1.0
3358,1761,1.0
3358,2206,1.0
3358,2335,1.0
3358,3104,1.0
3358,3489,1.0
3358,2910,1.0
3358,3679,1.0
3358,4064,1.0
3358,2785,1.0
3359,1311,1.0
3359,32,1.0
3359,417,1.0
3359,1186,1.0
3359,1631,1.0
3359,2016,1.0
3359,737,1.0
3359,866,1.0
3359,2335,1.0
3359,3104,1.0
3359,3489,1.0
3359,2210,1.0
3359,2655,1.0
3359,3040,1.0
3359,3809,1.0
3359,3938,1.0
3360,32,1.0
3360,417,1.0
3360,1186,1.0
3360,1315,1.0
3360,992,1.0
3360,1761,1.0
3360,1890,1.0
3360,611,1.0
3360,3104,1.0
3360,3489,1.0
3360,2210,1.0
3360,2339,1.0
3360,4064,1.0
3360,2785,1.0
3360,2914,1.0
3360,3683,1.0
3361,417,1.0
3361,1186,1.0
3361,1315,1.0
3361,36,1.0
3361,737,1.0
3361,866,1.0
3361,1635,1.0
3361,2020,1.0
3361,3489,1.0
3361,2210,1.0
3361,2339,1.0
3361,3108,1.0
3361,3809,1.0
3361,3938,1.0
3361,2659,1.0
3361,3044,1.0
3362,1186,1.0
3362,1315,1.0
3362,36,1.0
3362,421,1.0
3362,1890,1.0
3362,611,1.0
3362,996,1.0
3362,1765,1.0
3362,2210,1.0
3362,2339,1.0
3362,3108,1.0
3362,3493,1.0
3362,2914,1.0
3362,3683,1.0
3362,4068,1.0
3362,2789,1.0
3363,1315,1.0
3363,36,1.0
3363,421,1.0
3363,1190,1.0
3363,1635,1.0
3363,2020,1.0
3363,741,1.0
3363,870,1.0
3363,2339,1.0
3363,3108,1.0
3363,3493,1.0
3363,2214,1.0
3363,2659,1.0
3363,3044,1.0
3363,3813,1.0
3363,3942,1.0
3364,36,1.0
3364,421,1.0
3364,1190,1.0
3364,1319,1.0
3364,996,1.0
3364,1765,1.0
3364,1894,1.0
3364,615,1.0
3364,3108,1.0
3364,3493,1.0
3364,2214,1.0
3364,2343,1.0
3364,4068,1.0
3364,2789,1.0
3364,2918,1.0
3364,3687,1.0
3365,421,1.0
3365,1190,1.0
3365,1319,1.0
3365,40,1.0
3365,741,1.0
3365,870,1.0
3365,1639,1.0
3365,2024,1.0
3365,3493,1.0
3365,2214,1.0
3365,2343,1.0
3365,3112,1.0
3365,3813,1.0
3365,3942,1.0
3365,2663,1.0
3365,3048,1.0
3366,1190,1.0
3366,1319,1.0
3366,40,1.0
3366,425,1.0
3366,1894,1.0
3366,615,1.0
3366,1000,1.0
3366,1769,1.0
3366,2214,1.0
3366,2343,1.0
3366,3112,1.0
3366,3497,1.0
3366,2918,1.0
3366,3687,1.0
3366,4072,1.0
3366,2793,1.0
3367,1319,1.0
3367,40,1.0
3367,425,1.0
3367,1194,1.0
3367,1639,1.0
3367,2024,1.0
3367,745,1.0
3367,874,1.0
3367,2343,1.0
3367,3112,1.0
3367,3497,1.0
3367,2218,1.0
3367,2663,1.0
3367,3048,1.0
3367,3817,1.0
3367,3946,1.0
3368,40,1.0
3368,425,1.0
3368,1194,1.0
3368,1323,1.0
3368,1000,1.0
3368,1769,1.0
3368,1898,1.0
3368,619,1.0
3368,3112,1.0
3368,3497,1.0
3368,2218,1.0
3368,2347,1.0
3368,4072,1.0
3368,2793,1.0
3368,2922,1.0
3368,3691,1.0
3369,425,1.0
3369,1194,1.0
3369,1323,1.0
3369,44,1.0
3369,745,1.0
3369,874,1.0
3369,1643,1.0
3369,2028,1.0
3369,3497,1.0
3369,2218,1.0
3369,2347,1.0
3369,3116,1.0
3369,3817,1.0
3369,3946,1.0
3369,2667,1.0
3369,3052,1.0
3370,1194,1.0
3370,1323,1.0
3370,44,1.0
3370,429,1.0
3370,1898,1.0
3370,619,1.0
3370,1004,1.0
3370,1773,1.0
3370,2218,1.0
3370,2347,1.0
3370,3116,1.0
3370,3501,1.0
3370,2922,1.0
3370,3691,1.0
3370,4076,1.0
3370,2797,1.0
3371,1323,1.0
3371,44,1.0
3371,429,1.0
3371,1198,1.0
3371,1643,1.0
3371,2028,1.0
3371,749,1.0
3371,878,1.0
3371,2347,1.0
3371,3116,1.0
3371,3501,1.0
3371,2222,1.0
3371,2667,1.0
3371,3052,1.0
3371,3821,1.0
3371,3950,1.0
3372,44,1.0
3372,429,1.0
3372,1198,1.0
3372,1327,1.0
3372,1004,1.0
3372,1773,1.0
3372,1902,1.0
3372,623,1.0
3372,3116,1.0
3372,3501,1.0
3372,2222,1.0
3372,2351,1.0
3372,4076,1.0
3372,2797,1.0
3372,2926,1.0
3372,3695,1.0
3373,429,1.0
3373,1198,1.0
3373,1327,1.0
3373,48,1.0
3373,749,1.0
3373,878,1.0
3373,1647,1.0
3373,2032,1.0
3373,3501,1.0
3373,2222,1.0
3373,2351,1.0
3373,3120,1.0
3373,3821,1.0
3373,3950,1.0
3373,2671,1.0
3373,3056,1.0
3374,1198,1.0
3374,1327,1.0
3374,48,1.0
3374,433,1.0
3374,1902,1.0
3374,623,1.0
3374,1008,1.0
3374,1777,1.0
3374,2222,1.0
3374,2351,1.0
3374,3120,1.0
3374,3505,1.0
3374,2926,1.0
3374,3695,1.0
3374,4080,1.0
3374,2801,1.0
3375,1327,1.0
3375,48,1.0
3375,433,1.0
3375,1202,1.0
3375,1647,1.0
3375,2032,1.0
3375,753,1.0
3375,882,1.0
3375,2351,1.0
3375,3120,1.0
3375,3505,1.0
3375,2226,1.0
3375,2671,1.0
3375,3056,1.0
3375,3825,1.0
3375,3954,1.0
3376,48,1.0
3376,433,1.0
3376,1202,1.0
3376,1331,1.0
3376,1008,1.0
3376,1777,1.0
3376,1906,1.0
3376,627,1.0
3376,3120,1.0
3376,3505,1.0
3376,2226,1.0
3376,2355,1.0
3376,4080,1.0
3376,2801,1.0
3376,2930,1.0
3376,3699,1.0
3377,433,1.0
3377,1202,1.0
3377,1331,1.0
3377,52,1.0
3377,753,1.0
3377,882,1.0
3377,1651,1.0
3377,2036,1.0
3377,3505,1.0
3377,2226,1.0
3377,2355,1.0
3377,3124,1.0
3377,3825,1.0
3377,3954,1.0
3377,2675,1.0
3377,3060,1.0
3378,1202,1.0
3378,1331,1.0
3378,52,1.0
3378,437,1.0
3378,1906,1.0
3378,627,1.0
3378,1012,1.0
3378,1781,1.0
3378,2226,1.0
3378,2355,1.0
3378,3124,1.0
3378,3509,1.0
3378,2930,1.0
3378,3699,1.0
3378,4084,1.0
3378,2805,1.0
3379,1331,1.0
3379,52,1.0
3379,437,1.0
3379,1206,1.0
3379,1651,1.0
3379,2036,1.0
3379,757,1.0
3379,886,1.0
3379,2355,1.0
3379,3124,1.0
3379,3509,1.0
3379,2230,1.0
3379,2675,1.0
3379,3060,1.0
3379,3829,1.0
3379,3958,1.0
3380,52,1.0
3380,437,1.0
3380,1206,1.0
3380,1335,1.0
3380,1012,1.0
3380,1781,1.0
3380,1910,1.0
3380,631,1.0
3380,3124,1.0
3380,3509,1.0
3380,2230,1.0
3380,2359,1.0
3380,4084,1.0
3380,2805,1.0
3380,2934,1.0
3380,3703,1.0
3381,437,1.0
3381,1206,1.0
3381,1335,1.0
3381,56,1.0
3381,757,1.0
3381,886,1.0
3381,1655,1.0
3381,2040,1.0
3381,3509,1.0
3381,2230,1.0
3381,2359,1.0
3381,3128,1.0
3381,3829,1.0
3381,3958,1.0
3381,2679,1.0
3381,3064,1.0
3382,1206,1.0
3382,1335,1.0
3382,56,1.0
3382,441,1.0
3382,1910,1.0
3382,631,1.0
3382,1016,1.0
3382,1785,1.0
3382,2230,1.0
3382,2359,1.0
3382,3128,1.0
3382,3513,1.0
3382,2934,1.0
3382,3703,1.0
3382,4088,1.0
3382,2809,1.0
3383,1335,1.0
3383,56,1.0
3383,441,1.0
3383,1210,1.0
3383,1655,1.0
3383,2040,1.0
3383,761,1.0
3383,890,1.0
3383,2359,1.0
3383,3128,1.0
3383,3513,1.0
3383,2234,1.0
3383,2679,1.0
3383,3064,1.0
3383,3833,1.0
3383,3962,1.0
3384,56,1.0
3384,441,1.0
3384,1210,1.0
3384,1339,1.0
3384,1016,1.0
3384,1785,1.0
3384,1914,1.0
3384,635,1.0
3384,3128,1.0
3384,3513,1.0
3384,2234,1.0
3384,2363,1.0
3384,4088,1.0
3384,2809,1.0
3384,2938,1.0
3384,3707,1.0
3385,441,1.0
3385,1210,1.0
3385,1339,1.0
3385,60,1.0
3385,761,1.0
3385,890,1.0
3385,1659,1.0
3385,2044,1.0
3385,3513,1.0
3385,2234,1.0
3385,2363,1.0
3385,3132,1.0
3385,3833,1.0
3385,3962,1.0
3385,2683,1.0
3385,3068,1.0
3386,1210,1.0
3386,1339,1.0
3386,60,1.0
3386,445,1.0
3386,1914,1.0
3386,635,1.0
3386,1020,1.0
3386,1789,1.0
3386,2234,1.0
3386,2363,1.0
3386,3132,1.0
3386,3517,1.0
3386,2938,1.0
3386,3707,1.0
3386,4092,1.0
3386,2813,1.0
3387,1339,1.0
3387,60,1.0
3387,445,1.0
3387,1214,1.0
3387,1659,1.0
3387,2044,1.0
3387,765,1.0
3387,894,1.0
3387,2363,1.0
3387,3132,1.0
3387,3517,1.0
3387,2238,1.0
3387,2683,1.0
3387,3068,1.0
3387,3837,1.0
3387,3966,1.0
3388,60,1.0
3388,445,1.0
3388,1214,1.0
3388,1343,1.0
3388,1020,1.0
3388,1789,1.0
3388,1918,1.0
3388,639,1.0
3388,3132,1.0
3388,3517,1.0
3388,2238,1.0
3388,2367,1.0
3388,4092,1.0
3388,2813,1.0
3388,2942,1.0
3388,3711,1.0
3389,445,1.0
3389,1214,1.0
3389,1343,1.0
3389,0,1.0
3389,765,1.0
3389,894,1.0
3389,1663,1.0
3389,1984,1.0
3389,3517,1.0
3389,2238,1.0
3389,2367,1.0
3389,3072,1.0
3389,3837,1.0
3389,3966,1.0
3389,2687,1.0
3389,3008,1.0
3390,1214,1.0
3390,1343,1.0
3390,0,1.0
3390,385,1.0
3390,1918,1.0
3390,639,1.0
3390,960,1.0
3390,1729,1.0
3390,2238,1.0
3390,2367,1.0
3390,3072,1.0
3390,3457,1.0
3390,2942,1.0
3390,3711,1.0
3390,4032,1.0
3390,2753,1.0
3391,1343,1.0
3391,0,1.0
3391,385,1.0
3391,1154,1.0
3391,1663,1.0
3391,1984,1.0
3391,705,1.0
3391,834,1.0
3391,2367,1.0
3391,3072,1.0
3391,3457,1.0
3391,2178,1.0
3391,2687,1.0
3391,3008,1.0
3391,3777,1.0
3391,3906,1.0
3392,0,1.0
3392,385,1.0
3392,1154,1.0
3392,1283,1.0
3392,960,1.0
3392,1729,1.0
3392,1858,1.0
3392,579,1.0
3392,3072,1.0
3392,3457,1.0
3392,2178,1.0
3392,2307,1.0
3392,4032,1.0
3392,2753,1.0
3392,2882,1.0
3392,3651,1.0
3393,385,1.0
3393,1154,1.0
3393,1283,1.0
3393,4,1.0
3393,705,1.0
3393,834,1.0
3393,1603,1.0
3393,1988,1.0
3393,3457,1.0
3393,2178,1.0
3393,2307,1.0
3393,3076,1.0
3393,3777,1.0
3393,3906,1.0
3393,2627,1.0
3393,3012,1.0
3394,1154,1.0
3394,1283,1.0
3394,4,1.0
3394,389,1.0
3394,1858,1.0
3394,579,1.0
3394,964,1.0
3394,1733,1.0
3394,2178,1.0
3394,2307,1.0
3394,3076,1.0
3394,3461,1.0
3394,2882,1.0
3394,3651,1.0
3394,4036,1.0
3394,2757,1.0
3395,1283,1.0
3395,4,1.0
3395,389,1.0
3395,1158,1.0
3395,1603,1.0
3395,1988,1.0
3395,709,1.0
3395,838,1.0
3395,2307,1.0
3395,3076,1.0
3395,3461,1.0
3395,2182,1.0
3395,2627,1.0
3395,3012,1.0
3395,3781,1.0
3395,3910,1.0
3396,4,1.0
3396,389,1.0
3396,1158,1.0
3396,1287,1.0
3396,964,1.0
3396,1733,1.0
3396,1862,1.0
3396,583,1.0
3396,3076,1.0
3396,3461,1.0
3396,2182,1.0
3396,2311,1.0
3396,4036,1.0
3396,2757,1.0
3396,2886,1.0
3396,3655,1.0
3397,389,1.0
3397,1158,1.0
3397,1287,1.0
3397,8,1.0
3397,709,1.0
3397,838,1.0
3397,1607,1.0
3397,1992,1.0
3397,3461,1.0
3397,2182,1.0
3397,2311,1.0
3397,3080,1.0
3397,3781,1.0
3397,3910,1.0
3397,2631,1.0
3397,3016,1.0
3398,1158,1.0
3398,1287,1.0
3398,8,1.0
3398,393,1.0
3398,1862,1.0
3398,583,1.0
3398,968,1.0
3398,1737,1.0
3398,2182,1.0
3398,2311,1.0
3398,3080,1.0
3398,3465,1.0
3398,2886,1.0
3398,3655,1.0
3398,4040,1.0
3398,2761,1.0
3399,1287,1.0
3399,8,1.0
3399,393,1.0
3399,1162,1.0
3399,1607,1.0
3399,1992,1.0
3399,713,1.0
3399,842,1.0
3399,2311,1.0
3399,3080,1.0
3399,3465,1.0
3399,2186,1.0
3399,2631,1.0
3399,3016,1.0
3399,3785,1.0
3399,3914,1.0
3400,8,1.0
3400,393,1.0
3400,1162,1.0
3400,1291,1.0
3400,968,1.0
3400,1737,1.0
3400,1866,1.0
3400,587,1.0
3400,3080,1.0
3400,3465,1.0
3400,2186,1.0
3400,2315,1.0
3400,4040,1.0
3400,2761,1.0
3400,2890,1.0
3400,3659,1.0
3401,393,1.0
3401,1162,1.0
3401,1291,1.0
3401,12,1.0
3401,713,1.0
3401,842,1.0
3401,1611,1.0
3401,1996,1.0
3401,3465,1.0
3401,2186,1.0
3401,2315,1.0
3401,3084,1.0
3401,3785,1.0
3401,3914,1.0
3401,2635,1.0
3401,3020,1.0
3402,1162,1.0
3402,1291,1.0
3402,12,1.0
3402,397,1.0
3402,1866,1.0
3402,587,1.0
3402,972,1.0
3402,1741,1.0
3402,2186,1.0
3402,2315,1.0
3402,3084,1.0
3402,3469,1.0
3402,2890,1.0
3402,3659,1.0
3402,4044,1.0
3402,2765,1.0
3403,1291,1.0
3403,12,1.0
3403,397,1.0
3403,1166,1.0
3403,1611,1.0
3403,1996,1.0
3403,717,1.0
3403,846,1.0
3403,2315,1.0
3403,3084,1.0
3403,3469,1.0
3403,2190,1.0
3403,2635,1.0
3403,3020,1.0
3403,3789,1.0
3403,3918,1.0
3404,12,1.0
3404,397,1.0
3404,1166,1.0
3404,1295,1.0
3404,972,1.0
3404,1741,1.0
3404,1870,1.0
3404,591,1.0
3404,3084,1.0
3404,3469,1.0
3404,2190,1.0
3404,2319,1.0
3404,4044,1.0
3404,2765,1.0
3404,2894,1.0
3404,3663,1.0
3405,397,1.0
3405,1166,1.0
3405,1295,1.0
3405,16,1.0
3405,717,1.0
3405,846,1.0
3405,1615,1.0
3405,2000,1.0
3405,3469,1.0
3405,2190,1.0
3405,2319,1.0
3405,3088,1.0
3405,3789,1.0
3405,3918,1.0
3405,2639,1.0
3405,3024,1.0
3406,1166,1.0
3406,1295,1.0
3406,16,1.0
3406,401,1.0
3406,1870,1.0
3406,591,1.0
3406,976,1.0
3406,1745,1.0
3406,2190,1.0
3406,2319,1.0
3406,3088,1.0
3406,3473,1.0
3406,2894,1.0
3406,3663,1.0
3406,4048,1.0
3406,2769,1.0
3407,1295,1.0
3407,16,1.0
3407,401,1.0
3407,1170,1.0
3407,1615,1.0
3407,2000,1.0
3407,721,1.0
3407,850,1.0
3407,2319,1.0
3407,3088,1.0
3407,3473,1.0
3407,2194,1.0
3407,2639,1.0
3407,3024,1.0
3407,3793,1.0
3407,3922,1.0
3408,16,1.0
3408,401,1.0
3408,1170,1.0
3408,1299,1.0
3408,976,1.0
3408,1745,1.0
3408,1874,1.0
3408,595,1.0
3408,3088,1.0
3408,3473,1.0
3408,2194,1.0
3408,2323,1.0
3408,4048,1.0
3408,2769,1.0
3408,2898,1.0
3408,3667,1.0
3409,401,1.0
3409,1170,1.0
3409,1299,1.0
3409,20,1.0
3409,721,1.0
3409,850,1.0
3409,1619,1.0
3409,2004,1.0
3409,3473,1.0
3409,2194,1.0
3409,2323,1.0
3409,3092,1.0
3409,3793,1.0
3409,3922,1.0
3409,2643,1.0
3409,3028,1.0
3410,1170,1.0
3410,1299,1.0
3410,20,1.0
3410,405,1.0
3410,1874,1.0
3410,595,1.0
3410,980,1.0
3410,1749,1.0
3410,2194,1.0
3410,2323,1.0
3410,3092,1.0
3410,3477,1.0
3410,2898,1.0
3410,3667,1.0
3410,4052,1.0
3410,2773,1.0
3411,1299,1.0
3411,20,1.0
3411,405,1.0
3411,1174,1.0
3411,1619,1.0
3411,2004,1.0
3411,725,1.0
3411,854,1.0
3411,2323,1.0
3411,3092,1.0
3411,3477,1.0
3411,2198,1.0
3411,2643,1.0
3411,3028,1.0
3411,3797,1.0
3411,3926,1.0
3412,20,1.0
3412,405,1.0
3412,1174,1.0
3412,1303,1.0
3412,980,1.0
3412,1749,1.0
3412,1878,1.0
3412,599,1.0
3412,3092,1.0
3412,3477,1.0
3412,2198,1.0
3412,2327,1.0
3412,4052,1.0
3412,2773,1.0
3412,2902,1.0
3412,3671,1.0
3413,405,1.0
3413,1174,1.0
3413,1303,1.0
3413,24,1.0
3413,725,1.0
3413,854,1.0
3413,1623,1.0
3413,2008,1.0
3413,3477,1.0
3413,2198,1.0
3413,2327,1.0
3413,3096,1.0
3413,3797,1.0
3413,3926,1.0
3413,2647,1.0
3413,3032,1.0
3414,1174,1.0
3414,1303,1.0
3414,24,1.0
3414,409,1.0
3414,1878,1.0
3414,599,1.0
3414,984,1.0
3414,1753,1.0
3414,2198,1.0
3414,2327,1.0
3414,3096,1.0
3414,3481,1.0
3414,2902,1.0
3414,3671,1.0
3414,4056,1.0
3414,2777,1.0
3415,1303,1.0
3415,24,1.0
3415,409,1.0
3415,1178,1.0
3415,1623,1.0
3415,2008,1.0
3415,729,1.0
3415,858,1.0
3415,2327,1.0
3415,3096,1.0
3415,3481,1.0
3415,2202,1.0
3415,2647,1.0
3415,3032,1.0
3415,3801,1.0
3415,3930,1.0
3416,24,1.0
3416,409,1.0
3416,1178,1.0
3416,1307,1.0
3416,984,1.0
3416,1753,1.0
3416,1882,1.0
3416,603,1.0
3416,3096,1.0
3416,3481,1.0
3416,2202,1.0
3416,2331,1.0
3416,4056,1.0
3416,2777,1.0
3416,2906,1.0
3416,3675,1.0
3417,409,1.0
3417,1178,1.0
3417,1307,1.0
3417,28,1.0
3417,729,1.0
3417,858,1.0
3417,1627,1.0
3417,2012,1.0
3417,3481,1.0
3417,2202,1.0
3417,2331,1.0
3417,3100,1.0
3417,3801,1.0
3417,3930,1.0
3417,2651,1.0
3417,3036,1.0
3418,1178,1.0
3418,1307,1.0
3418,28,1.0
3418,413,1.0
3418,1882,1.0
3418,603,1.0
3418,988,1.0
3418,1757,1.0
3418,2202,1.0
3418,2331,1.0
3418,3100,1.0
3418,3485,1.0
3418,2906,1.0
3418,3675,1.0
3418,4060,1.0
3418,2781,1.0
3419,1307,1.0
3419,28,1.0
3419,413,1.0
3419,1182,1.0
3419,1627,1.0
3419,2012,1.0
3419,733,1.0
3419,862,1.0
3419,2331,1.0
3419,3100,1.0
3419,3485,1.0
3419,2206,1.0
3419,2651,1.0
3419,3036,1.0
3419,3805,1.0
3419,3934,1.0
3420,28,1.0
3420,413,1.0
3420,1182,1.0
3420,1311,1.0
3420,988,1.0
3420,1757,1.0
3420,1886,1.0
3420,607,1.0
3420,3100,1.0
3420,3485,1.0
3420,2206,1.0
3420,2335,1.0
3420,4060,1.0
3420,2781,1.0
3420,2910,1.0
3420,3679,1.0
3421,413,1.0
3421,1182,1.0
3421,1311,1.0
3421,32,1.0
3421,733,1.0
3421,862,1.0
3421,1631,1.0
3421,2016,1.0
3421,3485,1.0
3421,2206,1.0
3421,2335,1.0
3421,3104,1.0
3421,3805,1.0
3421,3934,1.0
3421,2655,1.0
3421,3040,1.0
3422,1182,1.0
3422,1311,1.0
3422,32,1.0
3422,417,1.0
3422,1886,1.0
3422,607,1.0
3422,992,1.0
3422,1761,1.0
3422,2206,1.0
3422,2335,1.0
3422,3104,1.0
3422,3489,1.0
3422,2910,1.0
3422,3679,1.0
3422,4064,1.0
3422,2785,1.0
3423,1311,1.0
3423,32,1.0
3423,417,1.0
3423,1186,1.0
3423,1631,1.0
3423,2016,1.0
3423,737,1.0
3423,866,1.0
3423,2335,1.0
3423,3104,1.0
3423,3489,1.0
3423,2210,1.0
3423,2655,1.0
3423,3040,1.0
3423,3809,1.0
3423,3938,1.0
3424,32,1.0
3424,417,1.0
3424,1186,1.0
3424,1315,1.0
3424,992,1.0
3424,1761,1.0
3424,1890,1.0
3424,611,1.0
3424,3104,1.0
3424,3489,1.0
3424,2210,1.0
3424,2339,1.0
3424,4064,1.0
3424,2785,1.0
3424,2914,1.0
3424,3683,1.0
3425,417,1.0
3425,1186,1.0
3425,1315,1.0
3425,36,1.0
3425,737,1.0
3425,866,1.0
3425,1635,1.0
3425,2020,1.0
3425,3489,1.0
3425,2210,1.0
3425,2339,1.0
3425,3108,1.0
3425,3809,1.0
3425,3938,1.0
3425,2659,1.0
3425,3044,1.0
3426,1186,1.0
3426,1315,1.0
3426,36,1.0
3426,421,1.0
3426,1890,1.0
3426,611,1.0
3426,996,1.0
3426,1765,1.0
3426,2210,1.0
3426,2339,1.0
3426,3108,1.0
3426,3493,1.0
3426,2914,1.0
3426,3683,1.0
3426,4068,1.0
3426,2789,1.0
3427,1315,1.0
3427,36,1.0
3427,421,1.0
3427,1190,1.0
3427,1635,1.0
3427,2020,1.0
3427,741,1.0
3427,870,1.0
3427,2339,1.0
3427,3108,1.0
3427,3493,1.0
3427,2214,1.0
3427,2659,1.0
3427,3044,1.0
3427,3813,1.0
3427,3942,1.0
3428,36,1.0
3428,421,1.0
3428,1190,1.0
3428,1319,1.0
3428,996,1.0
3428,1765,1.0
3428,1894,1.0
3428,615,1.0
3428,3108,1.0
3428,3493,1.0
3428,2214,1.0
3428,2343,1.0
3428,4068,1.0
3428,2789,1.0
3428,2918,1.0
3428,3687,1.0
3429,421,1.0
3429,1190,1.0
3429,1319,1.0
3429,40,1.0
3429,741,1.0
3429,870,1.0
3429,1639,1.0
3429,2024,1.0
3429,3493,1.0
3429,2214,1.0
3429,2343,1.0
3429,3112,1.0
3429,3813,1.0
3429,3942,1.0
3429,2663,1.0
3429,3048,1.0
3430,1190,1.0
3430,1319,1.0
3430,40,1.0
3430,425,1.0
3430,1894,1.0
3430,615,1.0
3430,1000,1.0
3430,1769,1.0
3430,2214,1.0
3430,2343,1.0
3430,3112,1.0
3430,3497,1.0
3430,2918,1.0
3430,3687,1.0
3430,4072,1.0
3430,2793,1.0
3431,1319,1.0
3431,40,1.0
3431,425,1.0
3431,1194,1.0
3431,1639,1.0
3431,2024,1.0
3431,745,1.0
3431,874,1.0
3431,2343,1.0
3431,3112,1.0
3431,3497,1.0
3431,2218,1.0
3431,2663,1.0
3431,3048,1.0
3431,3817,1.0
3431,3946,1.0
3432,40,1.0
3432,425,1.0
3432,1194,1.0
3432,1323,1.0
3432,1000,1.0
3432,1769,1.0
3432,1898,1.0
3432,619,1.0
3432,3112,1.0
3432,3497,1.0
3432,2218,1.0
3432,2347,1.0
3432,4072,1.0
3432,2793,1.0
3432,2922,1.0
3432,3691,1.0
3433,425,1.0
3433,1194,1.0
3433,1323,1.0
3433,44,1.0
3433,745,1.0
3433,874,1.0
3433,1643,1.0
3433,2028,1.0
3433,3497,1.0
3433,2218,1.0
3433,2347,1.0
3433,3116,1.0
3433,3817,1.0
3433,3946,1.0
3433,2667,1.0
3433,3052,1.0
3434,1194,1.0
3434,1323,1.0
3434,44,1.0
3434,429,1.0
3434,1898,1.0
3434,619,1.0
3434,1004,1.0
3434,1773,1.0
3434,2218,1.0
3434,2347,1.0
3434,3116,1.0
3434,3501,1.0
3434,2922,1.0
3434,3691,1.0
3434,4076,1.0
3434,2797,1.0
3435,1323,1.0
3435,44,1.0
3435,429,1.0
3435,1198,1.0
3435,1643,1.0
3435,2028,1.0
3435,749,1.0
3435,878,1.0
3435,2347,1.0
3435,3116,1.0
3435,3501,1.0
3435,2222,1.0
3435,2667,1.0
3435,3052,1.0
3435,3821,1.0
3435,3950,1.0
3436,44,1.0
3436,429,1.0
3436,1198,1.0
3436,1327,1.0
3436,1004,1.0
3436,1773,1.0
3436,1902,1.0
3436,623,1.0
3436,3116,1.0
3436,3501,1.0
3436,2222,1.0
3436,2351,1.0
3436,4076,1.0
3436,2797,1.0
3436,2926,1.0
3436,3695,1.0
3437,429,1.0
3437,1198,1.0
3437,1327,1.0
3437,48,1.0
3437,749,1.0
3437,878,1.0
3437,1647,1.0
3437,2032,1.0
3437,3501,1.0
3437,2222,1.0
3437,2351,1.0
3437,3120,1.0
3437,3821,1.0
3437,3950,1.0
3437,2671,1.0
3437,3056,1.0
3438,1198,1.0
3438,1327,1.0
3438,48,1.0
3438,433,1.0
3438,1902,1.0
3438,623,1.0
3438,1008,1.0
3438,1777,1.0
3438,2222,1.0
3438,2351,1.0
3438,3120,1.0
3438,3505,1.0
3438,2926,1.0
3438,3695,1.0
3438,4080,1.0
3438,2801,1.0
3439,1327,1.0
3439,48,1.0
3439,433,1.0
3439,1202,1.0
3439,1647,1.0
3439,2032,1.0
3439,753,1.0
3439,882,1.0
3439,2351,1.0
3439,3120,1.0
3439,3505,1.0
3439,2226,1.0
3439,2671,1.0
3439,3056,1.0
3439,3825,1.0
3439,3954,1.0
3440,48,1.0
3440,433,1.0
3440,1202,1.0
3440,1331,1.0
3440,1008,1.0
3440,1777,1.0
3440,1906,1.0
3440,627,1.0
3440,3120,1.0
3440,3505,1.0
3440,2226,1.0
3440,2355,1.0
3440,4080,1.0
3440,2801,1.0
3440,2930,1.0
3440,3699,1.0
3441,433,1.0
3441,1202,1.0
3441,1331,1.0
3441,52,1.0
3441,753,1.0
3441,882,1.0
3441,1651,1.0
3441,2036,1.0
3441,3505,1.0
3441,2226,1.0
3441,2355,1.0
3441,3124,1.0
3441,3825,1.0
3441,3954,1.0
3441,2675,1.0
3441,3060,1.0
3442,1202,1.0
3442,1331,1.0
3442,52,1.0
3442,437,1.0
3442,1906,1.0
3442,627,1.0
3442,1012,1.0
3442,1781,1.0
3442,2226,1.0
3442,2355,1.0
3442,3124,1.0
3442,3509,1.0
3442,2930,1.0
3442,3699,1.0
3442,4084,1.0
3442,2805,1.0
3443,1331,1.0
3443,52,1.0
3443,437,1.0
3443,1206,1.0
3443,1651,1.0
3443,2036,1.0
3443,757,1.0
3443,886,1.0
3443,2355,1.0
3443,3124,1.0
3443,3509,1.0
3443,2230,1.0
3443,2675,1.0
3443,3060,1.0
3443,3829,1.0
3443,3958,1.0
3444,52,1.0
3444,437,1.0
3444,1206,1.0
3444,1335,1.0
3444,1012,1.0
3444,1781,1.0
3444,1910,1.0
3444,631,1.0
3444,3124,1.0
3444,3509,1.0
3444,2230,1.0
3444,2359,1.0
3444,4084,1.0
3444,2805,1.0
3444,2934,1.0
3444,3703,1.0
3445,437,1.0
3445,1206,1.0
3445,1335,1.0
3445,56,1.0
3445,757,1.0
3445,886,1.0
3445,1655,1.0
3445,2040,1.0
3445,3509,1.0
3445,2230,1.0
3445,2359,1.0
3445,3128,1.0
3445,3829,1.0
3445,3958,1.0
3445,2679,1.0
3445,3064,1.0
3446,1206,1.0
3446,1335,1.0
3446,56,1.0
3446,441,1.0
3446,1910,1.0
3446,631,1.0
3446,1016,1.0
3446,1785,1.0
3446,2230,1.0
3446,2359,1.0
3446,3128,1.0
3446,3513,1.0
3446,2934,1.0
3446,3703,1.0
3446,4088,1.0
3446,2809,1.0
3447,1335,1.0
3447,56,1.0
3447,441,1.0
3447,1210,1.0
3447,1655,1.0
3447,2040,1.0
3447,761,1.0
3447,890,1.0
3447,2359,1.0
3447,3128,1.0
3447,3513,1.0
3447,2234,1.0
3447,2679,1.0
3447,3064,1.0
3447,3833,1.0
3447,3962,1.0
3448,56,1.0
3448,441,1.0
3448,1210,1.0
3448,1339,1.0
3448,1016,1.0
3448,1785,1.0
3448,1914,1.0
3448,635,1.0
3448,3128,1.0
3448,3513,1.0
3448,2234,1.0
3448,2363,1.0
3448,4088,1.0
3448,2809,1.0
3448,2938,1.0
3448,3707,1.0
3449,441,1.0
3449,1210,1.0
3449,1339,1.0
3449,60,1.0
3449,761,1.0
3449,890,1.0
3449,1659,1.0
3449,2044,1.0
3449,3513,1.0
3449,2234,1.0
3449,2363,1.0
3449,3132,1.0
3449,3833,1.0
3449,3962,1.0
3449,2683,1.0
3449,3068,1.0
3450,1210,1.0
3450,1339,1.0
3450,60,1.0
3450,445,1.0
3450,1914,1.0
3450,635,1.0
3450,1020,1.0
3450,1789,1.0
3450,2234,1.0
3450,2363,1.0
3450,3132,1.0
3450,3517,1.0
3450,2938,1.0
3450,3707,1.0
3450,4092,1.0
3450,2813,1.0
3451,1339,1.0
3451,60,1.0
3451,445,1.0
3451,1214,1.0
3451,1659,1.0
3451,2044,1.0
3451,765,1.0
3451,894,1.0
3451,2363,1.0
3451,3132,1.0
3451,3517,1.0
3451,2238,1.0
3451,2683,1.0
3451,3068,1.0
3451,3837,1.0
3451,3966,1.0
3452,60,1.0
3452,445,1.0
3452,1214,1.0
3452,1343,1.0
3452,1020,1.0
3452,1789,1.0
3452,1918,1.0
3452,639,1.0
3452,3132,1.0
3452,3517,1.0
3452,2238,1.0
3452,2367,1.0
3452,4092,1.0
3452,2813,1.0
3452,2942,1.0
3452,3711,1.0
3453,445,1.0
3453,1214,1.0
3453,1343,1.0
3453,0,1.0
3453,765,1.0
3453,894,1.0
3453,1663,1.0
3453,1984,1.0
3453,3517,1.0
3453,2238,1.0
3453,2367,1.0
3453,3072,1.0
3453,3837,1.0
3453,3966,1.0
3453,2687,1.0
3453,3008,1.0
3454,1214,1.0
3454,1343,1.0
3454,0,1.0
3454,385,1.0
3454,1918,1.0
3454,639,1.0
3454,960,1.0
3454,1729,1.0
3454,2238,1.0
3454,2367,1.0
3454,3072,1.0
3454,3457,1.0
3454,2942,1.0
3454,3711,1.0
3454,4032,1.0
3454,2753,1.0
3455,1343,1.0
3455,0,1.0
3455,385,1.0
3455,1154,1.0
3455,1663,1.0
3455,1984,1.0
3455,705,1.0
3455,834,1.0
3455,2367,1.0
3455,3072,1.0
3455,3457,1.0
3455,2178,1.0
3455,2687,1.0
3455,3008,1.0
3455,3777,1.0
3455,3906,1.0
3456,0,1.0
3456,385,1.0
3456,1154,1.0
3456,1283,1.0
3456,960,1.0
3456,1729,1.0
3456,1858,1.0
3456,579,1.0
3456,3072,1.0
3456,3457,1.0
3456,2178,1.0
3456,2307,1.0
3456,4032,1.0
3456,2753,1.0
3456,2882,1.0
3456,3651,1.0
3457,385,1.0
3457,1154,1.0
3457,1283,1.0
3457,4,1.0
3457,705,1.0
3457,834,1.0
3457,1603,1.0
3457,1988,1.0
3457,3457,1.0
3457,2178,1.0
3457,2307,1.0
3457,3076,1.0
3457,3777,1.0
3457,3906,1.0
3457,2627,1.0
3457,3012,1.0
3458,1154,1.0
3458,1283,1.0
3458,4,1.0
3458,389,1.0
3458,1858,1.0
3458,579,1.0
3458,964,1.0
3458,1733,1.0
3458,2178,1.0
3458,2307,1.0
3458,3076,1.0
3458,3461,1.0
3458,2882,1.0
3458,3651,1.0
3458,4036,1.0
3458,2757,1.0
3459,1283,1.0
3459,4,1.0
3459,389,1.0
3459,1158,1.0
3459,1603,1.0
3459,1988,1.0
3459,709,1.0
3459,838,1.0
3459,2307,1.0
3459,3076,1.0
3459,3461,1.0
3459,2182,1.0
3459,2627,1.0
3459,3012,1.0
3459,3781,1.0
3459,3910,1.0
3460,4,1.0
3460,389,1.0
3460,1158,1.0
3460,1287,1.0
3460,964,1.0
3460,1733,1.0
3460,1862,1.0
3460,583,1.0
3460,3076,1.0
3460,3461,1.0
3460,2182,1.0
3460,2311,1.0
3460,4036,1.0
3460,2757,1.0
3460,2886,1.0
3460,3655,1.0
3461,389,1.0
3461,1158,1.0
3461,1287,1.0
3461,8,1.0
3461,709,1.0
3461,838,1.0
3461,1607,1.0
3461,1992,1.0
3461,3461,1.0
3461,2182,1.0
3461,2311,1.0
3461,3080,1.0
3461,3781,1.0
3461,3910,1.0
3461,2631,1.0
3461,3016,1.0
3462,1158,1.0
3462,1287,1.0
3462,8,1.0
3462,393,1.0
3462,1862,1.0
3462,583,1.0
3462,968,1.0
3462,1737,1.0
3462,2182,1.0
3462,2311,1.0
3462,3080,1.0
3462,3465,1.0
3462,2886,1.0
3462,3655,1.0
3462,4040,1.0
3462,2761,1.0
3463,1287,1.0
3463,8,1.0
3463,393,1.0
3463,1162,1.0
3463,1607,1.0
3463,1992,1.0
3463,713,1.0
3463,842,1.0
3463,2311,1.0
3463,3080,1.0
3463,3465,1.0
3463,2186,1.0
3463,2631,1.0
3463,3016,1.0
3463,3785,1.0
3463,3914,1.0
3464,8,1.0
3464,393,1.0
3464,1162,1.0
3464,1291,1.0
3464,968,1.0
3464,1737,1.0
3464,1866,1.0
3464,587,1.0
3464,3080,1.0
3464,3465,1.0
3464,2186,1.0
3464,2315,1.0
3464,4040,1.0
3464,2761,1.0
3464,2890,1.0
3464,3659,1.0
3465,393,1.0
3465,1162,1.0
3465,1291,1.0
3465,12,1.0
3465,713,1.0
3465,842,1.0
3465,1611,1.0
3465,1996,1.0
3465,3465,1.0
3465,2186,1.0
3465,2315,1.0
3465,3084,1.0
3465,3785,1.0
3465,3914,1.0
3465,2635,1.0
3465,3020,1.0
3466,1162,1.0
3466,1291,1.0
3466,12,1.0
3466,397,1.0
3466,1866,1.0
3466,587,1.0
3466,972,1.0
3466,1741,1.0
3466,2186,1.0
3466,2315,1.0
3466,3084,1.0
3466,3469,1.0
3466,2890,1.0
3466,3659,1.0
3466,4044,1.0
3466,2765,1.0
3467,1291,1.0
3467,12,1.0
3467,397,1.0
3467,1166,1.0
3467,1611,1.0
3467,1996,1.0
3467,717,1.0
3467,846,1.0
3467,2315,1.0
3467,3084,1.0
3467,3469,1.0
3467,2190,1.0
3467,2635,1.0
3467,3020,1.0
3467,3789,1.0
3467,3918,1.0
3468,12,1.0
3468,397,1.0
3468,1166,1.0
3468,1295,1.0
3468,972,1.0
3468,1741,1.0
3468,1870,1.0
3468,591,1.0
3468,3084,1.0
3468,3469,1.0
3468,2190,1.0
3468,2319,1.0
3468,4044,1.0
3468,2765,1.0
3468,2894,1.0
3468,3663,1.0
3469,397,1.0
3469,1166,1.0
3469,1295,1.0
3469,16,1.0
3469,717,1.0
3469,846,1.0
3469,1615,1.0
3469,2000,1.0
3469,3469,1.0
3469,2190,1.0
3469,2319,1.0
3469,3088,1.0
3469,3789,1.0
3469,3918,1.0
3469,2639,1.0
3469,3024,1.0
3470,1166,1.0
3470,1295,1.0
3470,16,1.0
3470,401,1.0
3470,1870,1.0
3470,591,1.0
3470,976,1.0
3470,1745,1.0
3470,2190,1.0
3470,2319,1.0
3470,3088,1.0
3470,3473,1.0
3470,2894,1.0
3470,3663,1.0
3470,4048,1.0
3470,2769,1.0
3471,1295,1.0
3471,16,1.0
3471,401,1.0
3471,1170,1.0
3471,1615,1.0
3471,2000,1.0
3471,721,1.0
3471,850,1.0
3471,2319,1.0
3471,3088,1.0
3471,3473,1.0
3471,2194,1.0
3471,2639,1.0
3471,3024,1.0
3471,3793,1.0
3471,3922,1.0
3472,16,1.0
3472,401,1.0
3472,1170,1.0
3472,1299,1.0
3472,976,1.0
3472,1745,1.0
3472,1874,1.0
3472,595,1.0
3472,3088,1.0
3472,3473,1.0
3472,2194,1.0
3472,2323,1.0
3472,4048,1.0
3472,2769,1.0
3472,2898,1.0
3472,3667,1.0
3473,401,1.0
3473,1170,1.0
3473,1299,1.0
3473,20,1.0
3473,721,1.0
3473,850,1.0
3473,1619,1.0
3473,2004,1.0
3473,3473,1.0
3473,2194,1.0
3473,2323,1.0
3473,3092,1.0
3473,3793,1.0
3473,3922,1.0
3473,2643,1.0
3473,3028,1.0
3474,1170,1.0
3474,1299,1.0
3474,20,1.0
3474,405,1.0
3474,1874,1.0
3474,595,1.0
3474,980,1.0
3474,1749,1.0
3474,2194,1.0
3474,2323,1.0
3474,3092,1.0
3474,3477,1.0
3474,2898,1.0
3474,3667,1.0
3474,4052,1.0
3474,2773,1.0
3475,1299,1.0
3475,20,1.0
3475,405,1.0
3475,1174,1.0
3475,1619,1.0
3475,2004,1.0
3475,725,1.0
3475,854,1.0
3475,2323,1.0
3475,3092,1.0
3475,3477,1.0
3475,2198,1.0
3475,2643,1.0
3475,3028,1.0
3475,3797,1.0
3475,3926,1.0
3476,20,1.0
3476,405,1.0
3476,1174,1.0
3476,1303,1.0
3476,980,1.0
3476,1749,1.0
3476,1878,1.0
3476,599,1.0
3476,3092,1.0
3476,3477,1.0
3476,2198,1.0
3476,2327,1.0
3476,4052,1.0
3476,2773,1.0
3476,2902,1.0
3476,3671,1.0
3477,405,1.0
3477,1174,1.0
3477,1303,1.0
3477,24,1.0
3477,725,1.0
3477,854,1.0
3477,1623,1.0
3477,2008,1.0
3477,3477,1.0
3477,2198,1.0
3477,2327,1.0
3477,3096,1.0
3477,3797,1.0
3477,3926,1.0
3477,2647,1.0
3477,3032,1.0
3478,1174,1.0
3478,1303,1.0
3478,24,1.0
3478,409,1.0
3478,1878,1.0
3478,599,1.0
3478,984,1.0
3478,1753,1.0
3478,2198,1.0
3478,2327,1.0
3478,3096,1.0
3478,3481,1.0
3478,2902,1.0
3478,3671,1.0
3478,4056,1.0
3478,2777,1.0
3479,1303,1.0
3479,24,1.0
3479,409,1.0
3479,1178,1.0
3479,1623,1.0
3479,2008,1.0
3479,729,1.0
3479,858,1.0
3479,2327,1.0
3479,3096,1.0
3479,3481,1.0
3479,2202,1.0
3479,2647,1.0
3479,3032,1.0
3479,3801,1.0
3479,3930,1.0
3480,24,1.0
3480,409,1.0
3480,1178,1.0
3480,1307,1.0
3480,984,1.0
3480,1753,1.0
3480,1882,1.0
3480,603,1.0
3480,3096,1.0
3480,3481,1.0
3480,2202,1.0
3480,2331,1.0
3480,4056,1.0
3480,2777,1.0
3480,2906,1.0
3480,3675,1.0
3481,409,1.0
3481,1178,1.0
3481,1307,1.0
3481,28,1.0
3481,729,1.0
3481,858,1.0
3481,1627,1.0
3481,2012,1.0
3481,3481,1.0
3481,2202,1.0
3481,2331,1.0
3481,3100,1.0
3481,3801,1.0
3481,3930,1.0
3481,2651,1.0
3481,3036,1.0
3482,1178,1.0
3482,1307,1.0
3482,28,1.0
3482,413,1.0
3482,1882,1.0
3482,603,1.0
3482,988,1.0
3482,1757,1.0
3482,2202,1.0
3482,2331,1.0
3482,3100,1.0
3482,3485,1.0
3482,2906,1.0
3482,3675,1.0
3482,4060,1.0
3482,2781,1.0
3483,1307,1.0
3483,28,1.0
3483,413,1.0
3483,1182,1.0
3483,1627,1.0
3483,2012,1.0
3483,733,1.0
3483,862,1.0
3483,2331,1.0
3483,3100,1.0
3483,3485,1.0
3483,2206,1.0
3483,2651,1.0
3483,3036,1.0
3483,3805,1.0
3483,3934,1.0
3484,28,1.0
3484,413,1.0
3484,1182,1.0
3484,1311,1.0
3484,988,1.0
3484,1757,1.0
3484,1886,1.0
3484,607,1.0
3484,3100,1.0
3484,3485,1.0
3484,2206,1.0
3484,2335,1.0
3484,4060,1.0
3484,2781,1.0
3484,2910,1.0
3484,3679,1.0
3485,413,1.0
3485,1182,1.0
3485,1311,1.0
3485,32,1.0
3485,733,1.0
3485,862,1.0
3485,1631,1.0
3485,2016,1.0
3485,3485,1.0
3485,2206,1.0
3485,2335,1.0
3485,3104,1.0
3485,3805,1.0
3485,3934,1.0
3485,2655,1.0
3485,3040,1.0
3486,1182,1.0
3486,1311,1.0
3486,32,1.0
3486,417,1.0
3486,1886,1.0
3486,607,1.0
3486,992,1.0
3486,1761,1.0
3486,2206,1.0
3486,2335,1.0
3486,3104,1.0
3486,3489,1.0
3486,2910,1.0
3486,3679,1.0
3486,4064,1.0
3486,2785,1.0
3487,1311,1.0
3487,32,1.0
3487,417,1.0
3487,1186,1.0
3487,1631,1.0
3487,2016,1.0
3487,737,1.0
3487,866,1.0
3487,2335,1.0
3487,3104,1.0
3487,3489,1.0
3487,2210,1.0
3487,2655,1.0
3487,3040,1.0
3487,3809,1.0
3487,3938,1.0
3488,32,1.0
3488,417,1.0
3488,1186,1.0
3488,1315,1.0
3488,992,1.0
3488,1761,1.0
3488,1890,1.0
3488,611,1.0
3488,3104,1.0
3488,3489,1.0
3488,2210,1.0
3488,2339,1.0
3488,4064,1.0
3488,2785,1.0
3488,2914,1.0
3488,3683,1.0
3489,417,1.0
3489,1186,1.0
3489,1315,1.0
3489,36,1.0
3489,737,1.0
3489,866,1.0
3489,1635,1.0
3489,2020,1.0
3489,3489,1.0
3489,2210,1.0
3489,2339,1.0
3489,3108,1.0
3489,3809,1.0
3489,3938,1.0
3489,2659,1.0
3489,3044,1.0
3490,1186,1.0
3490,1315,1.0
3490,36,1.0
3490,421,1.0
3490,1890,1.0
3490,611,1.0
3490,996,1.0
3490,1765,1.0
3490,2210,1.0
3490,2339,1.0
3490,3108,1.0
3490,3493,1.0
3490,2914,1.0
3490,3683,1.0
3490,4068,1.0
3490,2789,1.0
3491,1315,1.0
3491,36,1.0
3491,421,1.0
3491,1190,1.0
3491,1635,1.0
3491,2020,1.0
3491,741,1.0
3491,870,1.0
3491,2339,1.0
3491,3108,1.0
3491,3493,1.0
3491,2214,1.0
3491,2659,1.0
3491,3044,1.0
3491,3813,1.0
3491,3942,1.0
3492,36,1.0
3492,421,1.0
3492,1190,1.0
3492,1319,1.0
3492,996,1.0
3492,1765,1.0
3492,1894,1.0
3492,615,1.0
3492,3108,1.0
3492,3493,1.0
3492,2214,1.0
3492,2343,1.0
3492,4068,1.0
3492,2789,1.0
3492,2918,1.0
3492,3687,1.0
3493,421,1.0
3493,1190,1.0
3493,1319,1.0
3493,40,1.0
3493,741,1.0
3493,870,1.0
3493,1639,1.0
3493,2024,1.0
3493,3493,1.0
3493,2214,1.0
3493,2343,1.0
3493,3112,1.0
3493,3813,1.0
3493,3942,1.0
3493,2663,1.0
3493,3048,1.0
3494,1190,1.0
3494,1319,1.0
3494,40,1.0
3494,425,1.0
3494,1894,1.0
3494,615,1.0
3494,1000,1.0
3494,1769,1.0
3494,2214,1.0
3494,2343,1.0
3494,3112,1.0
3494,3497,1.0
3494,2918,1.0
3494,3687,1.0
3494,4072,1.0
3494,2793,1.0
3495,1319,1.0
3495,40,1.0
3495,425,1.0
3495,1194,1.0
3495,1639,1.0
3495,2024,1.0
3495,745,1.0
3495,874,1.0
3495,2343,1.0
3495,3112,1.0
3495,3497,1.0
3495,2218,1.0
3495,2663,1.0
3495,3048,1.0
3495,3817,1.0
3495,3946,1.0
3496,40,1.0
3496,425,1.0
3496,1194,1.0
3496,1323,1.0
3496,1000,1.0
3496,1769,1.0
3496,1898,1.0
3496,619,1.0
3496,3112,1.0
3496,3497,1.0
3496,2218,1.0
3496,2347,1.0
3496,4072,1.0
3496,2793,1.0
3496,2922,1.0
3496,3691,1.0
3497,425,1.0
3497,1194,1.0
3497,1323,1.0
3497,44,1.0
3497,745,1.0
3497,874,1.0
3497,1643,1.0
3497,2028,1.0
3497,3497,1.0
3497,2218,1.0
3497,2347,1.0
3497,3116,1.0
3497,3817,1.0
3497,3946,1.0
3497,2667,1.0
3497,3052,1.0
3498,1194,1.0
3498,1323,1.0
3498,44,1.0
3498,429,1.0
3498,1898,1.0
3498,619,1.0
3498,1004,1.0
3498,1773,1.0
3498,2218,1.0
3498,2347,1.0
3498,3116,1.0
3498,3501,1.0
3498,2922,1.0
3498,3691,1.0
3498,4076,1.0
3498,2797,1.0
3499,1323,1.0
3499,44,1.0
3499,429,1.0
3499,1198,1.0
3499,1643,1.0
3499,2028,1.0
3499,749,1.0
3499,878,1.0
3499,2347,1.0
3499,3116,1.0
3499,3501,1.0
3499,2222,1.0
3499,2667,1.0
3499,3052,1.0
3499,3821,1.0
3499,3950,1.0
3500,44,1.0
3500,429,1.0
3500,1198,1.0
3500,1327,1.0
3500,1004,1.0
3500,1773,1.0
3500,1902,1.0
3500,623,1.0
3500,3116,1.0
3500,3501,1.0
3500,2222,1.0
3500,2351,1.0
3500,4076,1.0
3500,2797,1.0
3500,2926,1.0
3500,3695,1.0
3501,429,1.0
3501,1198,1.0
3501,1327,1.0
3501,48,1.0
3501,749,1.0
3501,878,1.0
3501,1647,1.0
3501,2032,1.0
3501,3501,1.0
3501,2222,1.0
3501,2351,1.0
3501,3120,1.0
3501,3821,1.0
3501,3950,1.0
3501,2671,1.0
3501,3056,1.0
3502,1198,1.0
3502,1327,1.0
3502,48,1.0
3502,433,1.0
3502,1902,1.0
3502,623,1.0
3502,1008,1.0
3502,1777,1.0
3502,2222,1.0
3502,2351,1.0
3502,3120,1.0
3502,3505,1.0
3502,2926,1.0
3502,3695,1.0
3502,4080,1.0
3502,2801,1.0
3503,1327,1.0
3503,48,1.0
3503,433,1.0
3503,1202,1.0
3503,1647,1.0
3503,2032,1.0
3503,753,1.0
3503,882,1.0
3503,2351,1.0
3503,3120,1.0
3503,3505,1.0
3503,2226,1.0
3503,2671,1.0
3503,3056,1.0
3503,3825,1.0
3503,3954,1.0
3504,48,1.0
3504,433,1.0
3504,1202,1.0
3504,1331,1.0
3504,1008,1.0
3504,1777,1.0
3504,1906,1.0
3504,627,1.0
3504,3120,1.0
3504,3505,1.0
3504,2226,1.0
3504,2355,1.0
3504,4080,1.0
3504,2801,1.0
3504,2930,1.0
3504,3699,1.0
3505,433,1.0
3505,1202,1.0
3505,1331,1.0
3505,52,1.0
3505,753,1.0
3505,882,1.0
3505,1651,1.0
3505,2036,1.0
3505,3505,1.0
3505,2226,1.0
3505,2355,1.0
3505,3124,1.0
3505,3825,1.0
3505,3954,1.0
3505,2675,1.0
3505,3060,1.0
3506,1202,1.0
3506,1331,1.0
3506,52,1.0
3506,437,1.0
3506,1906,1.0
3506,627,1.0
3506,1012,1.0
3506,1781,1.0
3506,2226,1.0
3506,2355,1.0
3506,3124,1.0
3506,3509,1.0
3506,2930,1.0
3506,3699,1.0
3506,4084,1.0
3506,2805,1.0
3507,1331,1.0
3507,52,1.0
3507,437,1.0
3507,1206,1.0
3507,1651,1.0
3507,2036,1.0
3507,757,1.0
3507,886,1.0
3507,2355,1.0
3507,3124,1.0
3507,3509,1.0
3507,2230,1.0
3507,2675,1.0
3507,3060,1.0
3507,3829,1.0
3507,3958,1.0
3508,52,1.0
3508,437,1.0
3508,1206,1.0
3508,1335,1.0
3508,1012,1.0
3508,1781,1.0
3508,1910,1.0
3508,631,1.0
3508,3124,1.0
3508,3509,1.0
3508,2230,1.0
3508,2359,1.0
3508,4084,1.0
3508,2805,1.0
3508,2934,1.0
3508,3703,1.0
3509,437,1.0
3509,1206,1.0
3509,1335,1.0
3509,56,1.0
3509,757,1.0
3509,886,1.0
3509,1655,1.0
3509,2040,1.0
3509,3509,1.0
3509,2230,1.0
3509,2359,1.0
3509,3128,1.0
3509,3829,1.0
3509,3958,1.0
3509,2679,1.0
3509,3064,1.0
3510,1206,1.0
3510,1335,1.0
3510,56,1.0
3510,441,1.0
3510,1910,1.0
3510,631,1.0
3510,1016,1.0
3510,1785,1.0
3510,2230,1.0
3510,2359,1.0
3510,3128,1.0
3510,3513,1.0
3510,2934,1.0
3510,3703,1.0
3510,4088,1.0
3510,2809,1.0
3511,1335,1.0
3511,56,1.0
3511,441,1.0
3511,1210,1.0
3511,1655,1.0
3511,2040,1.0
3511,761,1.0
3511,890,1.0
3511,2359,1.0
3511,3128,1.0
3511,3513,1.0
3511,2234,1.0
3511,2679,1.0
3511,3064,1.0
3511,3833,1.0
3511,3962,1.0
3512,56,1.0
3512,441,1.0
3512,1210,1.0
3512,1339,1.0
3512,1016,1.0
3512,1785,1.0
3512,1914,1.0
3512,635,1.0
3512,3128,1.0
3512,3513,1.0
3512,2234,1.0
3512,2363,1.0
3512,4088,1.0
3512,2809,1.0
3512,2938,1.0
3512,3707,1.0
3513,441,1.0
3513,1210,1.0
3513,1339,1.0
3513,60,1.0
3513,761,1.0
3513,890,1.0
3513,1659,1.0
3513,2044,1.0
3513,3513,1.0
3513,2234,1.0
3513,2363,1.0
3513,3132,1.0
3513,3833,1.0
3513,3962,1.0
3513,2683,1.0
3513,3068,1.0
3514,1210,1.0
3514,1339,1.0
3514,60,1.0
3514,445,1.0
3514,1914,1.0
3514,635,1.0
3514,1020,1.0
3514,1789,1.0
3514,2234,1.0
3514,2363,1.0
3514,3132,1.0
3514,3517,1.0
3514,2938,1.0
3514,3707,1.0
3514,4092,1.0
3514,2813,1.0
3515,1339,1.0
3515,60,1.0
3515,445,1.0
3515,1214,1.0
3515,1659,1.0
3515,2044,1.0
3515,765,1.0
3515,894,1.0
3515,2363,1.0
3515,3132,1.0
3515,3517,1.0
3515,2238,1.0
3515,2683,1.0
3515,3068,1.0
3515,3837,1.0
3515,3966,1.0
3516,60,1.0
3516,445,1.0
3516,1214,1.0
3516,1343,1.0
3516,1020,1.0
3516,1789,1.0
3516,1918,1.0
3516,639,1.0
3516,3132,1.0
3516,3517,1.0
3516,2238,1.0
3516,2367,1.0
3516,4092,1.0
3516,2813,1.0
3516,2942,1.0
3516,3711,1.0
3517,445,1.0
3517,1214,1.0
3517,1343,1.0
3517,0,1.0
3517,765,1.0
3517,894,1.0
3517,1663,1.0
3517,1984,1.0
3517,3517,1.0
3517,2238,1.0
3517,2367,1.0
3517,3072,1.0
3517,3837,1.0
3517,3966,1.0
3517,2687,1.0
3517,3008,1.0
3518,1214,1.0
3518,1343,1.0
3518,0,1.0
3518,385,1.0
3518,1918,1.0
3518,639,1.0
3518,960,1.0
3518,1729,1.0
3518,2238,1.0
3518,2367,1.0
3518,3072,1.0
3518,3457,1.0
3518,2942,1.0
3518,3711,1.0
3518,4032,1.0
3518,2753,1.0
3519,1343,1.0
3519,0,1.0
3519,385,1.0
3519,1154,1.0
3519,1663,1.0
3519,1984,1.0
3519,705,1.0
3519,834,1.0
3519,2367,1.0
3519,3072,1.0
3519,3457,1.0
3519,2178,1.0
3519,2687,1.0
3519,3008,1.0
3519,3777,1.0
3519,3906,1.0
3520,0,1.0
3520,385,1.0
3520,1154,1.0
3520,1283,1.0
3520,960,1.0
3520,1729,1.0
3520,1858,1.0
3520,579,1.0
3520,3072,1.0
3520,3457,1.0
3520,2178,1.0
3520,2307,1.0
3520,4032,1.0
3520,2753,1.0
3520,2882,1.0
3520,3651,1.0
3521,385,1.0
3521,1154,1.0
3521,1283,1.0
3521,4,1.0
3521,705,1.0
3521,834,1.0
3521,1603,1.0
3521,1988,1.0
3521,3457,1.0
3521,2178,1.0
3521,2307,1.0
3521,3076,1.0
3521,3777,1.0
3521,3906,1.0
3521,2627,1.0
3521,3012,1.0
3522,1154,1.0
3522,1283,1.0
3522,4,1.0
3522,389,1.0
3522,1858,1.0
3522,579,1.0
3522,964,1.0
3522,1733,1.0
3522,2178,1.0
3522,2307,1.0
3522,3076,1.0
3522,3461,1.0
3522,2882,1.0
3522,3651,1.0
3522,4036,1.0
3522,2757,1.0
3523,1283,1.0
3523,4,1.0
3523,389,1.0
3523,1158,1.0
3523,1603,1.0
3523,1988,1.0
3523,709,1.0
3523,838,1.0
3523,2307,1.0
3523,3076,1.0
3523,3461,1.0
3523,2182,1.0
3523,2627,1.0
3523,3012,1.0
3523,3781,1.0
3523,3910,1.0
3524,4,1.0
3524,389,1.0
3524,1158,1.0
3524,1287,1.0
3524,964,1.0
3524,1733,1.0
3524,1862,1.0
3524,583,1.0
3524,3076,1.0
3524,3461,1.0
3524,2182,1.0
3524,2311,1.0
3524,4036,1.0
3524,2757,1.0
3524,2886,1.0
3524,3655,1.0
3525,389,1.0
3525,1158,1.0
3525,1287,1.0
3525,8,1.0
3525,709,1.0
3525,838,1.0
3525,1607,1.0
3525,1992,1.0
3525,3461,1.0
3525,2182,1.0
3525,2311,1.0
3525,3080,1.0
3525,3781,1.0
3525,3910,1.0
3525,2631,1.0
3525,3016,1.0
3526,1158,1.0
3526,1287,1.0
3526,8,1.0
3526,393,1.0
3526,1862,1.0
3526,583,1.0
3526,968,1.0
3526,1737,1.0
3526,2182,1.0
3526,2311,1.0
3526,3080,1.0
3526,3465,1.0
3526,2886,1.0
3526,3655,1.0
3526,4040,1.0
3526,2761,1.0
3527,1287,1.0
3527,8,1.0
3527,393,1.0
3527,1162,1.0
3527,1607,1.0
3527,1992,1.0
3527,713,1.0
3527,842,1.0
3527,2311,1.0
3527,3080,1.0
3527,3465,1.0
3527,2186,1.0
3527,2631,1.0
3527,3016,1.0
3527,3785,1.0
3527,3914,1.0
3528,8,1.0
3528,393,1.0
3528,1162,1.0
3528,1291,1.0
3528,968,1.0
3528,1737,1.0
3528,1866,1.0
3528,587,1.0
3528,3080,1.0
3528,3465,1.0
3528,2186,1.0
3528,2315,1.0
3528,4040,1.0
3528,2761,1.0
3528,2890,1.0
3528,3659,1.0
3529,393,1.0
3529,1162,1.0
3529,1291,1.0
3529,12,1.0
3529,713,1.0
3529,842,1.0
3529,1611,1.0
3529,1996,1.0
3529,3465,1.0
3529,2186,1.0
3529,2315,1.0
3529,3084,1.0
3529,3785,1.0
3529,3914,1.0
3529,2635,1.0
3529,3020,1.0
3530,1162,1.0
3530,1291,1.0
3530,12,1.0
3530,397,1.0
3530,1866,1.0
3530,587,1.0
3530,972,1.0
3530,1741,1.0
3530,2186,1.0
3530,2315,1.0
3530,3084,1.0
3530,3469,1.0
3530,2890,1.0
3530,3659,1.0
3530,4044,1.0
3530,2765,1.0
3531,1291,1.0
3531,12,1.0
3531,397,1.0
3531,1166,1.0
3531,1611,1.0
3531,1996,1.0
3531,717,1.0
3531,846,1.0
3531,2315,1.0
3531,3084,1.0
3531,3469,1.0
3531,2190,1.0
3531,2635,1.0
3531,3020,1.0
3531,3789,1.0
3531,3918,1.0
3532,12,1.0
3532,397,1.0
3532,1166,1.0
3532,1295,1.0
3532,972,1.0
3532,1741,1.0
3532,1870,1.0
3532,591,1.0
3532,3084,1.0
3532,3469,1.0
3532,2190,1.0
3532,2319,1.0
3532,4044,1.0
3532,2765,1.0
3532,2894,1.0
3532,3663,1.0
3533,397,1.0
3533,1166,1.0
3533,1295,1.0
3533,16,1.0
3533,717,1.0
3533,846,1.0
3533,1615,1.0
3533,2000,1.0
3533,3469,1.0
3533,2190,1.0
3533,2319,1.0
3533,3088,1.0
3533,3789,1.0
3533,3918,1.0
3533,2639,1.0
3533,3024,1.0
3534,1166,1.0
3534,1295,1.0
3534,16,1.0
3534,401,1.0
3534,1870,1.0
3534,591,1.0
3534,976,1.0
3534,1745,1.0
3534,2190,1.0
3534,2319,1.0
3534,3088,1.0
3534,3473,1.0
3534,2894,1.0
3534,3663,1.0
3534,4048,1.0
3534,2769,1.0
3535,1295,1.0
3535,16,1.0
3535,401,1.0
3535,1170,1.0
3535,1615,1.0
3535,2000,1.0
3535,721,1.0
3535,850,1.0
3535,2319,1.0
3535,3088,1.0
3535,3473,1.0
3535,2194,1.0
3535,2639,1.0
3535,3024,1.0
3535,3793,1.0
3535,3922,1.0
3536,16,1.0
3536,401,1.0
3536,1170,1.0
3536,1299,1.0
3536,976,1.0
3536,1745,1.0
3536,1874,1.0
3536,595,1.0
3536,3088,1.0
3536,3473,1.0
3536,2194,1.0
3536,2323,1.0
3536,4048,1.0
3536,2769,1.0
3536,2898,1.0
3536,3667,1.0
3537,401,1.0
3537,1170,1.0
3537,1299,1.0
3537,20,1.0
3537,721,1.0
3537,850,1.0
3537,1619,1.0
3537,2004,1.0
3537,3473,1.0
3537,2194,1.0
3537,2323,1.0
3537,3092,1.0
3537,3793,1.0
3537,3922,1.0
3537,2643,1.0
3537,3028,1.0
3538,1170,1.0
3538,1299,1.0
3538,20,1.0
3538,405,1.0
3538,1874,1.0
3538,595,1.0
3538,980,1.0
3538,1749,1.0
3538,2194,1.0
3538,2323,1.0
3538,3092,1.0
3538,3477,1.0
3538,2898,1.0
3538,3667,1.0
3538,4052,1.0
3538,2773,1.0
3539,1299,1.0
3539,20,1.0
3539,405,1.0
3539,1174,1.0
3539,1619,1.0
3539,2004,1.0
3539,725,1.0
3539,854,1.0
3539,2323,1.0
3539,3092,1.0
3539,3477,1.0
3539,2198,1.0
3539,2643,1.0
3539,3028,1.0
3539,3797,1.0
3539,3926,1.0
3540,20,1.0
3540,405,1.0
3540,1174,1.0
3540,1303,1.0
3540,980,1.0
3540,1749,1.0
3540,1878,1.0
3540,599,1.0
3540,3092,1.0
3540,3477,1.0
3540,2198,1.0
3540,2327,1.0
3540,4052,1.0
3540,2773,1.0
3540,2902,1.0
3540,3671,1.0
3541,405,1.0
3541,1174,1.0
3541,1303,1.0
3541,24,1.0
3541,725,1.0
3541,854,1.0
3541,1623,1.0
3541,2008,1.0
3541,3477,1.0
3541,2198,1.0
3541,2327,1.0
3541,3096,1.0
3541,3797,1.0
3541,3926,1.0
3541,2647,1.0
3541,3032,1.0
3542,1174,1.0
3542,1303,1.0
3542,24,1.0
3542,409,1.0
3542,1878,1.0
3542,599,1.0
3542,984,1.0
3542,1753,1.0
3542,2198,1.0
3542,2327,1.0
3542,3096,1.0
3542,3481,1.0
3542,2902,1.0
3542,3671,1.0
3542,4056,1.0
3542,2777,1.0
3543,1303,1.0
3543,24,1.0
3543,409,1.0
3543,1178,1.0
3543,1623,1.0
3543,2008,1.0
3543,729,1.0
3543,858,1.0
3543,2327,1.0
3543,3096,1.0
3543,3481,1.0
3543,2202,1.0
3543,2647,1.0
3543,3032,1.0
3543,3801,1.0
3543,3930,1.0
3544,24,1.0
3544,409,1.0
3544,1178,1.0
3544,1307,1.0
3544,984,1.0
3544,1753,1.0
3544,1882,1.0
3544,603,1.0
3544,3096,1.0
3544,3481,1.0
3544,2202,1.0
3544,2331,1.0
3544,4056,1.0
3544,2777,1.0
3544,2906,1.0
3544,3675,1.0
3545,409,1.0
3545,1178,1.0
3545,1307,1.0
3545,28,1.0
3545,729,1.0
3545,858,1.0
3545,1627,1.0
3545,2012,1.0
3545,3481,1.0
3545,2202,1.0
3545,2331,1.0
3545,3100,1.0
3545,3801,1.0
3545,3930,1.0
3545,2651,1.0
3545,3036,1.0
3546,1178,1.0
3546,1307,1.0
3546,28,1.0
3546,413,1.0
3546,1882,1.0
3546,603,1.0
3546,988,1.0
3546,1757,1.0
3546,2202,1.0
3546,2331,1.0
3546,3100,1.0
3546,3485,1.0
3546,2906,1.0
3546,3675,1.0
3546,4060,1.0
3546,2781,1.0
3547,1307,1.0
3547,28,1.0
3547,413,1.0
3547,1182,1.0
3547,1627,1.0
3547,2012,1.0
3547,733,1.0
3547,862,1.0
3547,2331,1.0
3547,3100,1.0
3547,3485,1.0
3547,2206,1.0
3547,2651,1.0
3547,3036,1.0
3547,3805,1.0
3547,3934,1.0
3548,28,1.0
3548,413,1.0
3548,1182,1.0
3548,1311,1.0
3548,988,1.0
3548,1757,1.0
3548,1886,1.0
3548,607,1.0
3548,3100,1.0
3548,3485,1.0
3548,2206,1.0
3548,2335,1.0
3548,4060,1.0
3548,2781,1.0
3548,2910,1.0
3548,3679,1.0
3549,413,1.0
3549,1182,1.0
3549,1311,1.0
3549,32,1.0
3549,733,1.0
3549,862,1.0
3549,1631,1.0
3549,2016,1.0
3549,3485,1.0
3549,2206,1.0
3549,2335,1.0
3549,3104,1.0
3549,3805,1.0
3549,3934,1.0
3549,2655,1.0
3549,3040,1.0
3550,1182,1.0
3550,1311,1.0
3550,32,1.0
3550,417,1.0
3550,1886,1.0
3550,607,1.0
3550,992,1.0
3550,1761,1.0
3550,2206,1.0
3550,2335,1.0
3550,3104,1.0
3550,3489,1.0
3550,2910,1.0
3550,3679,1.0
3550,4064,1.0
3550,2785,1.0
3551,1311,1.0
3551,32,1.0
3551,417,1.0
3551,1186,1.0
3551,1631,1.0
3551,2016,1.0
3551,737,1.0
3551,866,1.0
3551,2335,1.0
3551,3104,1.0
3551,3489,1.0
3551,2210,1.0
3551,2655,1.0
3551,3040,1.0
3551,3809,1.0
3551,3938,1.0
3552,32,1.0
3552,417,1.0
3552,1186,1.0
3552,1315,1.0
3552,992,1.0
3552,1761,1.0
3552,1890,1.0
3552,611,1.0
3552,3104,1.0
3552,3489,1.0
3552,2210,1.0
3552,2339,1.0
3552,4064,1.0
3552,2785,1.0
3552,2914,1.0
3552,3683,1.0
3553,417,1.0
3553,1186,1.0
3553,1315,1.0
3553,36,1.0
3553,737,1.0
3553,866,1.0
3553,1635,1.0
3553,2020,1.0
3553,3489,1.0
3553,2210,1.0
3553,2339,1.0
3553,3108,1.0
3553,3809,1.0
3553,3938,1.0
3553,2659,1.0
3553,3044,1.0
3554,1186,1.0
3554,1315,1.0
3554,36,1.0
3554,421,1.0
3554,1890,1.0
3554,611,1.0
3554,996,1.0
3554,1765,1.0
3554,2210,1.0
3554,2339,1.0
3554,3108,1.0
3554,3493,1.0
3554,2914,1.0
3554,3683,1.0
3554,4068,1.0
3554,2789,1.0
3555,1315,1.0
3555,36,1.0
3555,421,1.0
3555,1190,1.0
3555,1635,1.0
3555,2020,1.0
3555,741,1.0
3555,870,1.0
3555,2339,1.0
3555,3108,1.0
3555,3493,1.0
3555,2214,1.0
3555,2659,1.0
3555,3044,1.0
3555,3813,1.0
3555,3942,1.0
3556,36,1.0
3556,421,1.0
3556,1190,1.0
3556,1319,1.0
3556,996,1.0
3556,1765,1.0
3556,1894,1.0
3556,615,1.0
3556,3108,1.0
3556,3493,1.0
3556,2214,1.0
3556,2343,1.0
3556,4068,1.0
3556,2789,1.0
3556,2918,1.0
3556,3687,1.0
3557,421,1.0
3557,1190,1.0
3557,1319,1.0
3557,40,1.0
3557,741,1.0
3557,870,1.0
3557,1639,1.0
3557,2024,1.0
3557,3493,1.0
3557,2214,1.0
3557,2343,1.0
3557,3112,1.0
3557,3813,1.0
3557,3942,1.0
3557,2663,1.0
3557,3048,1.0
3558,1190,1.0
3558,1319,1.0
3558,40,1.0
3558,425,1.0
3558,1894,1.0
3558,615,1.0
3558,1000,1.0
3558,1769,1.0
3558,2214,1.0
3558,2343,1.0
3558,3112,1.0
3558,3497,1.0
3558,2918,1.0
3558,3687,1.0
3558,4072,1.0
3558,2793,1.0
3559,1319,1.0
3559,40,1.0
3559,425,1.0
3559,1194,1.0
3559,1639,1.0
3559,2024,1.0
3559,745,1.0
3559,874,1.0
3559,2343,1.0
3559,3112,1.0
3559,3497,1.0
3559,2218,1.0
3559,2663,1.0
3559,3048,1.0
3559,3817,1.0
3559,3946,1.0
3560,40,1.0
3560,425,1.0
3560,1194,1.0
3560,1323,1.0
3560,1000,1.0
3560,1769,1.0
3560,1898,1.0
3560,619,1.0
3560,3112,1.0
3560,3497,1.0
3560,2218,1.0
3560,2347,1.0
3560,4072,1.0
3560,2793,1.0
3560,2922,1.0
3560,3691,1.0
3561,425,1.0
3561,1194,1.0
3561,1323,1.0
3561,44,1.0
3561,745,1.0
3561,874,1.0
3561,1643,1.0
3561,2028,1.0
3561,3497,1.0
3561,2218,1.0
3561,2347,1.0
3561,3116,1.0
3561,3817,1.0
3561,3946,1.0
3561,2667,1.0
3561,3052,1.0
3562,1194,1.0
3562,1323,1.0
3562,44,1.0
3562,429,1.0
3562,1898,1.0
3562,619,1.0
3562,1004,1.0
3562,1773,1.0
3562,2218,1.0
3562,2347,1.0
3562,3116,1.0
3562,3501,1.0
3562,2922,1.0
3562,3691,1.0
3562,4076,1.0
3562,2797,1.0
3563,1323,1.0
3563,44,1.0
3563,429,1.0
3563,1198,1.0
3563,1643,1.0
3563,2028,1.0
3563,749,1.0
3563,878,1.0
3563,2347,1.0
3563,3116,1.0
3563,3501,1.0
3563,2222,1.0
3563,2667,1.0
3563,3052,1.0
3563,3821,1.0
3563,3950,1.0
3564,44,1.0
3564,429,1.0
3564,1198,1.0
3564,1327,1.0
3564,1004,1.0
3564,1773,1.0
3564,1902,1.0
3564,623,1.0
3564,3116,1.0
3564,3501,1.0
3564,2222,1.0
3564,2351,1.0
3564,4076,1.0
3564,2797,1.0
3564,2926,1.0
3564,3695,1.0
3565,429,1.0
3565,1198,1.0
3565,1327,1.0
3565,48,1.0
3565,749,1.0
3565,878,1.0
3565,1647,1.0
3565,2032,1.0
3565,3501,1.0
3565,2222,1.0
3565,2351,1.0
3565,3120,1.0
3565,3821,1.0
3565,3950,1.0
3565,2671,1.0
3565,3056,1.0
3566,1198,1.0
3566,1327,1.0
3566,48,1.0
3566,433,1.0
3566,1902,1.0
3566,623,1.0
3566,1008,1.0
3566,1777,1.0
3566,2222,1.0
3566,2351,1.0
3566,3120,1.0
3566,3505,1.0
3566,2926,1.0
3566,3695,1.0
3566,4080,1.0
3566,2801,1.0
3567,1327,1.0
3567,48,1.0
3567,433,1.0
3567,1202,1.0
3567,1647,1.0
3567,2032,1.0
3567,753,1.0
3567,882,1.0
3567,2351,1.0
3567,3120,1.0
3567,3505,1.0
3567,2226,1.0
3567,2671,1.0
3567,3056,1.0
3567,3825,1.0
3567,3954,1.0
3568,48,1.0
3568,433,1.0
3568,1202,1.0
3568,1331,1.0
3568,1008,1.0
3568,1777,1.0
3568,1906,1.0
3568,627,1.0
3568,3120,1.0
3568,3505,1.0
3568,2226,1.0
3568,2355,1.0
3568,4080,1.0
3568,2801,1.0
3568,2930,1.0
3568,3699,1.0
3569,433,1.0
3569,1202,1.0
3569,1331,1.0
3569,52,1.0
3569,753,1.0
3569,882,1.0
3569,1651,1.0
3569,2036,1.0
3569,3505,1.0
3569,2226,1.0
3569,2355,1.0
3569,3124,1.0
3569,3825,1.0
3569,3954,1.0
3569,2675,1.0
3569,3060,1.0
3570,1202,1.0
3570,1331,1.0
3570,52,1.0
3570,437,1.0
3570,1906,1.0
3570,627,1.0
3570,1012,1.0
3570,1781,1.0
3570,2226,1.0
3570,2355,1.0
3570,3124,1.0
3570,3509,1.0
3570,2930,1.0
3570,3699,1.0
3570,4084,1.0
3570,2805,1.0
3571,1331,1.0
3571,52,1.0
3571,437,1.0
3571,1206,1.0
3571,1651,1.0
3571,2036,1.0
3571,757,1.0
3571,886,1.0
3571,2355,1.0
3571,3124,1.0
3571,3509,1.0
3571,2230,1.0
3571,2675,1.0
3571,3060,1.0
3571,3829,1.0
3571,3958,1.0
3572,52,1.0
3572,437,1.0
3572,1206,1.0
3572,1335,1.0
3572,1012,1.0
3572,1781,1.0
3572,1910,1.0
3572,631,1.0
3572,3124,1.0
3572,3509,1.0
3572,2230,1.0
3572,2359,1.0
3572,4084,1.0
3572,2805,1.0
3572,2934,1.0
3572,3703,1.0
3573,437,1.0
3573,1206,1.0
3573,1335,1.0
3573,56,1.0
3573,757,1.0
3573,886,1.0
3573,1655,1.0
3573,2040,1.0
3573,3509,1.0
3573,2230,1.0
3573,2359,1.0
3573,3128,1.0
3573,3829,1.0
3573,3958,1.0
3573,2679,1.0
3573,3064,1.0
3574,1206,1.0
3574,1335,1.0
3574,56,1.0
3574,441,1.0
3574,1910,1.0
3574,631,1.0
3574,1016,1.0
3574,1785,1.0
3574,2230,1.0
3574,2359,1.0
3574,3128,1.0
3574,3513,1.0
3574,2934,1.0
3574,3703,1.0
3574,4088,1.0
3574,2809,1.0
3575,1335,1.0
3575,56,1.0
3575,441,1.0
3575,1210,1.0
3575,1655,1.0
3575,2040,1.0
3575,761,1.0
3575,890,1.0
3575,2359,1.0
3575,3128,1.0
3575,3513,1.0
3575,2234,1.0
3575,2679,1.0
3575,3064,1.0
3575,3833,1.0
3575,3962,1.0
3576,56,1.0
3576,441,1.0
3576,1210,1.0
3576,1339,1.0
3576,1016,1.0
3576,1785,1.0
3576,1914,1.0
3576,635,1.0
3576,3128,1.0
3576,3513,1.0
3576,2234,1.0
3576,2363,1.0
3576,4088,1.0
3576,2809,1.0
3576,2938,1.0
3576,3707,1.0
3577,441,1.0
3577,1210,1.0
3577,1339,1.0
3577,60,1.0
3577,761,1.0
3577,890,1.0
3577,1659,1.0
3577,2044,1.0
3577,3513,1.0
3577,2234,1.0
3577,2363,1.0
3577,3132,1.0
3577,3833,1.0
3577,3962,1.0
3577,2683,1.0
3577,3068,1.0
3578,1210,1.0
3578,1339,1.0
3578,60,1.0
3578,445,1.0
3578,1914,1.0
3578,635,1.0
3578,1020,1.0
3578,1789,1.0
3578,2234,1.0
3578,2363,1.0
3578,3132,1.0
3578,3517,1.0
3578,2938,1.0
3578,3707,1.0
3578,4092,1.0
3578,2813,1.0
3579,1339,1.0
3579,60,1.0
3579,445,1.0
3579,1214,1.0
3579,1659,1.0
3579,2044,1.0
3579,765,1.0
3579,894,1.0
3579,2363,1.0
3579,3132,1.0
3579,3517,1.0
3579,2238,1.0
3579,2683,1.0
3579,3068,1.0
3579,3837,1.0
3579,3966,1.0
3580,60,1.0
3580,445,1.0
3580,1214,1.0
3580,1343,1.0
3580,1020,1.0
3580,1789,1.0
3580,1918,1.0
3580,639,1.0
3580,3132,1.0
3580,3517,1.0
3580,2238,1.0
3580,2367,1.0
3580,4092,1.0
3580,2813,1.0
3580,2942,1.0
3580,3711,1.0
3581,445,1.0
3581,1214,1.0
3581,1343,1.0
3581,0,1.0
3581,765,1.0
3581,894,1.0
3581,1663,1.0
3581,1984,1.0
3581,3517,1.0
3581,2238,1.0
3581,2367,1.0
3581,3072,1.0
3581,3837,1.0
3581,3966,1.0
3581,2687,1.0
3581,3008,1.0
3582,1214,1.0
3582,1343,1.0
3582,0,1.0
3582,385,1.0
3582,1918,1.0
3582,639,1.0
3582,960,1.0
3582,1729,1.0
3582,2238,1.0
3582,2367,1.0
3582,3072,1.0
3582,3457,1.0
3582,2942,1.0
3582,3711,1.0
3582,4032,1.0
3582,2753,1.0
3583,1343,1.0
3583,0,1.0
3583,385,1.0
3583,1154,1.0
3583,1663,1.0
3583,1984,1.0
3583,705,1.0
3583,834,1.0
3583,2367,1.0
3583,3072,1.0
3583,3457,1.0
3583,2178,1.0
3583,2687,1.0
3583,3008,1.0
3583,3777,1.0
3583,3906,1.0
3584,0,1.0
3584,385,1.0
3584,1154,1.0
3584,1283,1.0
3584,960,1.0
3584,1729,1.0
3584,1858,1.0
3584,579,1.0
3584,3072,1.0
3584,3457,1.0
3584,2178,1.0
3584,2307,1.0
3584,4032,1.0
3584,2753,1.0
3584,2882,1.0
3584,3651,1.0
3585,385,1.0
3585,1154,1.0
3585,1283,1.0
3585,4,1.0
3585,705,1.0
3585,834,1.0
3585,1603,1.0
3585,1988,1.0
3585,3457,1.0
3585,2178,1.0
3585,2307,1.0
3585,3076,1.0
3585,3777,1.0
3585,3906,1.0
3585,2627,1.0
3585,3012,1.0
3586,1154,1.0
3586,1283,1.0
3586,4,1.0
3586,389,1.0
3586,1858,1.0
3586,579,1.0
3586,964,1.0
3586,1733,1.0
3586,2178,1.0
3586,2307,1.0
3586,3076,1.0
3586,3461,1.0
3586,2882,1.0
3586,3651,1.0
3586,4036,1.0
3586,2757,1.0
3587,1283,1.0
3587,4,1.0
3587,389,1.0
3587,1158,1.0
3587,1603,1.0
3587,1988,1.0
3587,709,1.0
3587,838,1.0
3587,2307,1.0
3587,3076,1.0
3587,3461,1.0
3587,2182,1.0
3587,2627,1.0
3587,3012,1.0
3587,3781,1.0
3587,3910,1.0
3588,4,1.0
3588,389,1.0
3588,1158,1.0
3588,1287,1.0
3588,964,1.0
3588,1733,1.0
3588,1862,1.0
3588,583,1.0
3588,3076,1.0
3588,3461,1.0
3588,2182,1.0
3588,2311,1.0
3588,4036,1.0
3588,2757,1.0
3588,2886,1.0
3588,3655,1.0
3589,389,1.0
3589,1158,1.0
3589,1287,1.0
3589,8,1.0
3589,709,1.0
3589,838,1.0
3589,1607,1.0
3589,1992,1.0
3589,3461,1.0
3589,2182,1.0
3589,2311,1.0
3589,3080,1.0
3589,3781,1.0
3589,3910,1.0
3589,2631,1.0
3589,3016,1.0
3590,1158,1.0
3590,1287,1.0
3590,8,1.0
3590,393,1.0
3590,1862,1.0
3590,583,1.0
3590,968,1.0
3590,1737,1.0
3590,2182,1.0
3590,2311,1.0
3590,3080,1.0
3590,3465,1.0
3590,2886,1.0
3590,3655,1.0
3590,4040,1.0
3590,2761,1.0
3591,1287,1.0
3591,8,1.0
3591,393,1.0
3591,1162,1.0
3591,1607,1.0
3591,1992,1.0
3591,713,1.0
3591,842,1.0
3591,2311,1.0
3591,3080,1.0
3591,3465,1.0
3591,2186,1.0
3591,2631,1.0
3591,3016,1.0
3591,3785,1.0
3591,3914,1.0
3592,8,1.0
3592,393,1.0
3592,1162,1.0
3592,1291,1.0
3592,968,1.0
3592,1737,1.0
3592,1866,1.0
3592,587,1.0
3592,3080,1.0
3592,3465,1.0
3592,2186,1.0
3592,2315,1.0
3592,4040,1.0
3592,2761,1.0
3592,2890,1.0
3592,3659,1.0
3593,393,1.0
3593,1162,1.0
3593,1291,1.0
3593,12,1.0
3593,713,1.0
3593,842,1.0
3593,1611,1.0
3593,1996,1.0
3593,3465,1.0
3593,2186,1.0
3593,2315,1.0
3593,3084,1.0
3593,3785,1.0
3593,3914,1.0
3593,2635,1.0
3593,3020,1.0
3594,1162,1.0
3594,1291,1.0
3594,12,1.0
3594,397,1.0
3594,1866,1.0
3594,587,1.0
3594,972,1.0
3594,1741,1.0
3594,2186,1.0
3594,2315,1.0
3594,3084,1.0
3594,3469,1.0
3594,2890,1.0
3594,3659,1.0
3594,4044,1.0
3594,2765,1.0
3595,1291,1.0
3595,12,1.0
3595,397,1.0
3595,1166,1.0
3595,1611,1.0
3595,1996,1.0
3595,717,1.0
3595,846,1.0
3595,2315,1.0
3595,3084,1.0
3595,3469,1.0
3595,2190,1.0
3595,2635,1.0
3595,3020,1.0
3595,3789,1.0
3595,3918,1.0
3596,12,1.0
3596,397,1.0
3596,1166,1.0
3596,1295,1.0
3596,972,1.0
3596,1741,1.0
3596,1870,1.0
3596,591,1.0
3596,3084,1.0
3596,3469,1.0
3596,2190,1.0
3596,2319,1.0
3596,4044,1.0
3596,2765,1.0
3596,2894,1.0
3596,3663,1.0
3597,397,1.0
3597,1166,1.0
3597,1295,1.0
3597,16,1.0
3597,717,1.0
3597,846,1.0
3597,1615,1.0
3597,2000,1.0
3597,3469,1.0
3597,2190,1.0
3597,2319,1.0
3597,3088,1.0
3597,3789,1.0
3597,3918,1.0
3597,2639,1.0
3597,3024,1.0
3598,1166,1.0
3598,1295,1.0
3598,16,1.0
3598,401,1.0
3598,1870,1.0
3598,591,1.0
3598,976,1.0
3598,1745,1.0
3598,2190,1.0
3598,2319,1.0
3598,3088,1.0
3598,3473,1.0
3598,2894,1.0
3598,3663,1.0
3598,4048,1.0
3598,2769,1.0
3599,1295,1.0
3599,16,1.0
3599,401,1.0
3599,1170,1.0
3599,1615,1.0
3599,2000,1.0
3599,721,1.0
3599,850,1.0
3599,2319,1.0
3599,3088,1.0
3599,3473,1.0
3599,2194,1.0
3599,2639,1.0
3599,3024,1.0
3599,3793,1.0
3599,3922,1.0
3600,16,1.0
3600,401,1.0
3600,1170,1.0
3600,1299,1.0
3600,976,1.0
3600,1745,1.0
3600,1874,1.0
3600,595,1.0
3600,3088,1.0
3600,3473,1.0
3600,2194,1.0
3600,2323,1.0
3600,4048,1.0
3600,2769,1.0
3600,2898,1.0
3600,3667,1.0
3601,401,1.0
3601,1170,1.0
3601,1299,1.0
3601,20,1.0
3601,721,1.0
3601,850,1.0
3601,1619,1.0
3601,2004,1.0
3601,3473,1.0
3601,2194,1.0
3601,2323,1.0
3601,3092,1.0
3601,3793,1.0
3601,3922,1.0
3601,2643,1.0
3601,3028,1.0
3602,1170,1.0
3602,1299,1.0
3602,20,1.0
3602,405,1.0
3602,1874,1.0
3602,595,1.0
3602,980,1.0
3602,1749,1.0
3602,2194,1.0
3602,2323,1.0
3602,3092,1.0
3602,3477,1.0
3602,2898,1.0
3602,3667,1.0
3602,4052,1.0
3602,2773,1.0
3603,1299,1.0
3603,20,1.0
3603,405,1.0
3603,1174,1.0
3603,1619,1.0
3603,2004,1.0
3603,725,1.0
3603,854,1.0
3603,2323,1.0
3603,3092,1.0
3603,3477,1.0
3603,2198,1.0
3603,2643,1.0
3603,3028,1.0
3603,3797,1.0
3603,3926,1.0
3604,20,1.0
3604,405,1.0
3604,1174,1.0
3604,1303,1.0
3604,980,1.0
3604,1749,1.0
3604,1878,1.0
3604,599,1.0
3604,3092,1.0
3604,3477,1.0
3604,2198,1.0
3604,2327,1.0
3604,4052,1.0
3604,2773,1.0
3604,2902,1.0
3604,3671,1.0
3605,405,1.0
3605,1174,1.0
3605,1303,1.0
3605,24,1.0
3605,725,1.0
3605,854,1.0
3605,1623,1.0
3605,2008,1.0
3605,3477,1.0
3605,2198,1.0
3605,2327,1.0
3605,3096,1.0
3605,3797,1.0
3605,3926,1.0
3605,2647,1.0
3605,3032,1.0
3606,1174,1.0
3606,1303,1.0
3606,24,1.0
3606,409,1.0
3606,1878,1.0
3606,599,1.0
3606,984,1.0
3606,1753,1.0
3606,2198,1.0
3606,2327,1.0
3606,3096,1.0
3606,3481,1.0
3606,2902,1.0
3606,3671,1.0
3606,4056,1.0
3606,2777,1.0
3607,1303,1.0
3607,24,1.0
3607,409,1.0
3607,1178,1.0
3607,1623,1.0
3607,2008,1.0
3607,729,1.0
3607,858,1.0
3607,2327,1.0
3607,3096,1.0
3607,3481,1.0
3607,2202,1.0
3607,2647,1.0
3607,3032,1.0
3607,3801,1.0
3607,3930,1.0
3608,24,1.0
3608,409,1.0
3608,1178,1.0
3608,1307,1.0
3608,984,1.0
3608,1753,1.0
3608,1882,1.0
3608,603,1.0
3608,3096,1.0
3608,3481,1.0
3608,2202,1.0
3608,2331,1.0
3608,4056,1.0
3608,2777,1.0
3608,2906,1.0
3608,3675,1.0
3609,409,1.0
3609,1178,1.0
3609,1307,1.0
3609,28,1.0
3609,729,1.0
3609,858,1.0
3609,1627,1.0
3609,2012,1.0
3609,3481,1.0
3609,2202,1.0
3609,2331,1.0
3609,3100,1.0
3609,3801,1.0
3609,3930,1.0
3609,2651,1.0
3609,3036,1.0
3610,1178,1.0
3610,1307,1.0
3610,28,1.0
3610,413,1.0
3610,1882,1.0
3610,603,1.0
3610,988,1.0
3610,1757,1.0
3610,2202,1.0
3610,2331,1.0
3610,3100,1.0
3610,3485,1.0
3610,2906,1.0
3610,3675,1.0
3610,4060,1.0
3610,2781,1.0
3611,1307,1.0
3611,28,1.0
3611,413,1.0
3611,1182,1.0
3611,1627,1.0
3611,2012,1.0
3611,733,1.0
3611,862,1.0
3611,2331,1.0
3611,3100,1.0
3611,3485,1.0
3611,2206,1.0
3611,2651,1.0
3611,3036,1.0
3611,3805,1.0
3611,3934,1.0
3612,28,1.0
3612,413,1.0
3612,1182,1.0
3612,1311,1.0
3612,988,1.0
3612,1757,1.0
3612,1886,1.0
3612,607,1.0
3612,3100,1.0
3612,3485,1.0
3612,2206,1.0
3612,2335,1.0
3612,4060,1.0
3612,2781,1.0
3612,2910,1.0
3612,3679,1.0
3613,413,1.0
3613,1182,1.0
3613,1311,1.0
3613,32,1.0
3613,733,1.0
3613,862,1.0
3613,1631,1.0
3613,2016,1.0
3613,3485,1.0
3613,2206,1.0
3613,2335,1.0
3613,3104,1.0
3613,3805,1.0
3613,3934,1.0
3613,2655,1.0
3613,3040,1.0
3614,1182,1.0
3614,1311,1.0
3614,32,1.0
3614,417,1.0
3614,1886,1.0
3614,607,1.0
3614,992,1.0
3614,1761,1.0
3614,2206,1.0
3614,2335,1.0
3614,3104,1.0
3614,3489,1.0
3614,2910,1.0
3614,3679,1.0
3614,4064,1.0
3614,2785,1.0
3615,1311,1.0
3615,32,1.0
3615,417,1.0
3615,1186,1.0
3615,1631,1.0
3615,2016,1.0
3615,737,1.0
3615,866,1.0
3615,2335,1.0
3615,3104,1.0
3615,3489,1.0
3615,2210,1.0
3615,2655,1.0
3615,3040,1.0
3615,3809,1.0
3615,3938,1.0
3616,32,1.0
3616,417,1.0
3616,1186,1.0
3616,1315,1.0
3616,992,1.0
3616,1761,1.0
3616,1890,1.0
3616,611,1.0
3616,3104,1.0
3616,3489,1.0
3616,2210,1.0
3616,2339,1.0
3616,4064,1.0
3616,2785,1.0
3616,2914,1.0
3616,3683,1.0
3617,417,1.0
3617,1186,1.0
3617,1315,1.0
3617,36,1.0
3617,737,1.0
3617,866,1.0
3617,1635,1.0
3617,2020,1.0
3617,3489,1.0
3617,2210,1.0
3617,2339,1.0
3617,3108,1.0
3617,3809,1.0
3617,3938,1.0
3617,2659,1.0
3617,3044,1.0
3618,1186,1.0
3618,1315,1.0
3618,36,1.0
3618,421,1.0
3618,1890,1.0
3618,611,1.0
3618,996,1.0
3618,1765,1.0
3618,2210,1.0
3618,2339,1.0
3618,3108,1.0
3618,3493,1.0
3618,2914,1.0
3618,3683,1.0
3618,4068,1.0
3618,2789,1.0
3619,1315,1.0
3619,36,1.0
3619,421,1.0
3619,1190,1.0
3619,1635,1.0
3619,2020,1.0
3619,741,1.0
3619,870,1.0
3619,2339,1.0
3619,3108,1.0
3619,3493,1.0
3619,2214,1.0
3619,2659,1.0
3619,3044,1.0
3619,3813,1.0
3619,3942,1.0
3620,36,1.0
3620,421,1.0
3620,1190,1.0
3620,1319,1.0
3620,996,1.0
3620,1765,1.0
3620,1894,1.0
3620,615,1.0
3620,3108,1.0
3620,3493,1.0
3620,2214,1.0
3620,2343,1.0
3620,4068,1.0
3620,2789,1.0
3620,2918,1.0
3620,3687,1.0
3621,421,1.0
3621,1190,1.0
3621,1319,1.0
3621,40,1.0
3621,741,1.0
3621,870,1.0
3621,1639,1.0
3621,2024,1.0
3621,3493,1.0
3621,2214,1.0
3621,2343,1.0
3621,3112,1.0
3621,3813,1.0
3621,3942,1.0
3621,2663,1.0
3621,3048,1.0
3622,1190,1.0
3622,1319,1.0
3622,40,1.0
3622,425,1.0
3622,1894,1.0
3622,615,1.0
3622,1000,1.0
3622,1769,1.0
3622,2214,1.0
3622,2343,1.0
3622,3112,1.0
3622,3497,1.0
3622,2918,1.0
3622,3687,1.0
3622,4072,1.0
3622,2793,1.0
3623,1319,1.0
3623,40,1.0
3623,425,1.0
3623,1194,1.0
3623,1639,1.0
3623,2024,1.0
3623,745,1.0
3623,874,1.0
3623,2343,1.0
3623,3112,1.0
3623,3497,1.0
3623,2218,1.0
3623,2663,1.0
3623,3048,1.0
3623,3817,1.0
3623,3946,1.0
3624,40,1.0
3624,425,1.0
3624,1194,1.0
3624,1323,1.0
3624,1000,1.0
3624,1769,1.0
3624,1898,1.0
3624,619,1.0
3624,3112,1.0
3624,3497,1.0
3624,2218,1.0
3624,2347,1.0
3624,4072,1.0
3624,2793,1.0
3624,2922,1.0
3624,3691,1.0
3625,425,1.0
3625,1194,1.0
3625,1323,1.0
3625,44,1.0
3625,745,1.0
3625,874,1.0
3625,1643,1.0
3625,2028,1.0
3625,3497,1.0
3625,2218,1.0
3625,2347,1.0
3625,3116,1.0
3625,3817,1.0
3625,3946,1.0
3625,2667,1.0
3625,3052,1.0
3626,1194,1.0
3626,1323,1.0
3626,44,1.0
3626,429,1.0
3626,1898,1.0
3626,619,1.0
3626,1004,1.0
3626,1773,1.0
3626,2218,1.0
3626,2347,1.0
3626,3116,1.0
3626,3501,1.0
3626,2922,1.0
3626,3691,1.0
3626,4076,1.0
3626,2797,1.0
3627,1323,1.0
3627,44,1.0
3627,429,1.0
3627,1198,1.0
3627,1643,1.0
3627,2028,1.0
3627,749,1.0
3627,878,1.0
3627,2347,1.0
3627,3116,1.0
3627,3501,1.0
3627,2222,1.0
3627,2667,1.0
3627,3052,1.0
3627,3821,1.0
3627,3950,1.0
3628,44,1.0
3628,429,1.0
3628,1198,1.0
3628,1327,1.0
3628,1004,1.0
3628,1773,1.0
3628,1902,1.0
3628,623,1.0
3628,3116,1.0
3628,3501,1.0
3628,2222,1.0
3628,2351,1.0
3628,4076,1.0
3628,2797,1.0
3628,2926,1.0
3628,3695,1.0
3629,429,1.0
3629,1198,1.0
3629,1327,1.0
3629,48,1.0
3629,749,1.0
3629,878,1.0
3629,1647,1.0
3629,2032,1.0
3629,3501,1.0
3629,2222,1.0
3629,2351,1.0
3629,3120,1.0
3629,3821,1.0
3629,3950,1.0
3629,2671,1.0
3629,3056,1.0
3630,1198,1.0
3630,1327,1.0
3630,48,1.0
3630,433,1.0
3630,1902,1.0
3630,623,1.0
3630,1008,1.0
3630,1777,1.0
3630,2222,1.0
3630,2351,1.0
3630,3120,1.0
3630,3505,1.0
3630,2926,1.0
3630,3695,1.0
3630,4080,1.0
3630,2801,1.0
3631,1327,1.0
3631,48,1.0
3631,433,1.0
3631,1202,1.0
3631,1647,1.0
3631,2032,1.0
3631,753,1.0
3631,882,1.0
3631,2351,1.0
3631,3120,1.0
3631,3505,1.0
3631,2226,1.0
3631,2671,1.0
3631,3056,1.0
3631,3825,1.0
3631,3954,1.0
3632,48,1.0
3632,433,1.0
3632,1202,1.0
3632,1331,1.0
3632,1008,1.0
3632,1777,1.0
3632,1906,1.0
3632,627,1.0
3632,3120,1.0
3632,3505,1.0
3632,2226,1.0
3632,2355,1.0
3632,4080,1.0
3632,2801,1.0
3632,2930,1.0
3632,3699,1.0
3633,433,1.0
3633,1202,1.0
3633,1331,1.0
3633,52,1.0
3633,753,1.0
3633,882,1.0
3633,1651,1.0
3633,2036,1.0
3633,3505,1.0
3633,2226,1.0
3633,2355,1.0
3633,3124,1.0
3633,3825,1.0
3633,3954,1.0
3633,2675,1.0
3633,3060,1.0
3634,1202,1.0
3634,1331,1.0
3634,52,1.0
3634,437,1.0
3634,1906,1.0
3634,627,1.0
3634,1012,1.0
3634,1781,1.0
3634,2226,1.0
3634,2355,1.0
3634,3124,1.0
3634,3509,1.0
3634,2930,1.0
3634,3699,1.0
3634,4084,1.0
3634,2805,1.0
3635,1331,1.0
3635,52,1.0
3635,437,1.0
3635,1206,1.0
3635,1651,1.0
3635,2036,1.0
3635,757,1.0
3635,886,1.0
3635,2355,1.0
3635,3124,1.0
3635,3509,1.0
3635,2230,1.0
3635,2675,1.0
3635,3060,1.0
3635,3829,1.0
3635,3958,1.0
3636,52,1.0
3636,437,1.0
3636,1206,1.0
3636,1335,1.0
3636,1012,1.0
3636,1781,1.0
3636,1910,1.0
3636,631,1.0
3636,3124,1.0
3636,3509,1.0
3636,2230,1.0
3636,2359,1.0
3636,4084,1.0
3636,2805,1.0
3636,2934,1.0
3636,3703,1.0
3637,437,1.0
3637,1206,1.0
3637,1335,1.0
3637,56,1.0
3637,757,1.0
3637,886,1.0
3637,1655,1.0
3637,2040,1.0
3637,3509,1.0
3637,2230,1.0
3637,2359,1.0
3637,3128,1.0
3637,3829,1.0
3637,3958,1.0
3637,2679,1.0
3637,3064,1.0
3638,1206,1.0
3638,1335,1.0
3638,56,1.0
3638,441,1.0
3638,1910,1.0
3638,631,1.0
3638,1016,1.0
3638,1785,1.0
3638,2230,1.0
3638,2359,1.0
3638,3128,1.0
3638,3513,1.0
3638,2934,1.0
3638,3703,1.0
3638,4088,1.0
3638,2809,1.0
3639,1335,1.0
3639,56,1.0
3639,441,1.0
3639,1210,1.0
3639,1655,1.0
3639,2040,1.0
3639,761,1.0
3639,890,1.0
3639,2359,1.0
3639,3128,1.0
3639,3513,1.0
3639,2234,1.0
3639,2679,1.0
3639,3064,1.0
3639,3833,1.0
3639,3962,1.0
3640,56,1.0
3640,441,1.0
3640,1210,1.0
3640,1339,1.0
3640,1016,1.0
3640,1785,1.0
3640,1914,1.0
3640,635,1.0
3640,3128,1.0
3640,3513,1.0
3640,2234,1.0
3640,2363,1.0
3640,4088,1.0
3640,2809,1.0
3640,2938,1.0
3640,3707,1.0
3641,441,1.0
3641,1210,1.0
3641,1339,1.0
3641,60,1.0
3641,761,1.0
3641,890,1.0
3641,1659,1.0
3641,2044,1.0
3641,3513,1.0
3641,2234,1.0
3641,2363,1.0
3641,3132,1.0
3641,3833,1.0
3641,3962,1.0
3641,2683,1.0
3641,3068,1.0
3642,1210,1.0
3642,1339,1.0
3642,60,1.0
3642,445,1.0
3642,1914,1.0
3642,635,1.0
3642,1020,1.0
3642,1789,1.0
3642,2234,1.0
3642,2363,1.0
3642,3132,1.0
3642,3517,1.0
3642,2938,1.0
3642,3707,1.0
3642,4092,1.0
3642,2813,1.0
3643,1339,1.0
3643,60,1.0
3643,445,1.0
3643,1214,1.0
3643,1659,1.0
3643,2044,1.0
3643,765,1.0
3643,894,1.0
3643,2363,1.0
3643,3132,1.0
3643,3517,1.0
3643,2238,1.0
3643,2683,1.0
3643,3068,1.0
3643,3837,1.0
3643,3966,1.0
3644,60,1.0
3644,445,1.0
3644,1214,1.0
3644,1343,1.0
3644,1020,1.0
3644,1789,1.0
3644,1918,1.0
3644,639,1.0
3644,3132,1.0
3644,3517,1.0
3644,2238,1.0
3644,2367,1.0
3644,4092,1.0
3644,2813,1.0
3644,2942,1.0
3644,3711,1.0
3645,445,1.0
3645,1214,1.0
3645,1343,1.0
3645,0,1.0
3645,765,1.0
3645,894,1.0
3645,1663,1.0
3645,1984,1.0
3645,3517,1.0
3645,2238,1.0
3645,2367,1.0
3645,3072,1.0
3645,3837,1.0
3645,3966,1.0
3645,2687,1.0
3645,3008,1.0
3646,1214,1.0
3646,1343,1.0
3646,0,1.0
3646,385,1.0
3646,1918,1.0
3646,639,1.0
3646,960,1.0
3646,1729,1.0
3646,2238,1.0
3646,2367,1.0
3646,3072,1.0
3646,3457,1.0
3646,2942,1.0
3646,3711,1.0
3646,4032,1.0
3646,2753,1.0
3647,1343,1.0
3647,0,1.0
3647,385,1.0
3647,1154,1.0
3647,1663,1.0
3647,1984,1.0
3647,705,1.0
3647,834,1.0
3647,2367,1.0
3647,3072,1.0
3647,3457,1.0
3647,2178,1.0
3647,2687,1.0
3647,3008,1.0
3647,3777,1.0
3647,3906,1.0
3648,0,1.0
3648,385,1.0
3648,1154,1.0
3648,1283,1.0
3648,960,1.0
3648,1729,1.0
3648,1858,1.0
3648,579,1.0
3648,3072,1.0
3648,3457,1.0
3648,2178,1.0
3648,2307,1.0
3648,4032,1.0
3648,2753,1.0
3648,2882,1.0
3648,3651,1.0
3649,385,1.0
3649,1154,1.0
3649,1283,1.0
3649,4,1.0
3649,705,1.0
3649,834,1.0
3649,1603,1.0
3649,1988,1.0
3649,3457,1.0
3649,2178,1.0
3649,2307,1.0
3649,3076,1.0
3649,3777,1.0
3649,3906,1.0
3649,2627,1.0
3649,3012,1.0
3650,1154,1.0
3650,1283,1.0
3650,4,1.0
3650,389,1.0
3650,1858,1.0
3650,579,1.0
3650,964,1.0
3650,1733,1.0
3650,2178,1.0
3650,2307,1.0
3650,3076,1.0
3650,3461,1.0
3650,2882,1.0
3650,3651,1.0
3650,4036,1.0
3650,2757,1.0
3651,1283,1.0
3651,4,1.0
3651,389,1.0
3651,1158,1.0
3651,1603,1.0
3651,1988,1.0
3651,709,1.0
3651,838,1.0
3651,2307,1.0
3651,3076,1.0
3651,3461,1.0
3651,2182,1.0
3651,2627,1.0
3651,3012,1.0
3651,3781,1.0
3651,3910,1.0
3652,4,1.0
3652,389,1.0
3652,1158,1.0
3652,1287,1.0
3652,964,1.0
3652,1733,1.0
3652,1862,1.0
3652,583,1.0
3652,3076,1.0
3652,3461,1.0
3652,2182,1.0
3652,2311,1.0
3652,4036,1.0
3652,2757,1.0
3652,2886,1.0
3652,3655,1.0
3653,389,1.0
3653,1158,1.0
3653,1287,1.0
3653,8,1.0
3653,709,1.0
3653,838,1.0
3653,1607,1.0
3653,1992,1.0
3653,3461,1.0
3653,2182,1.0
3653,2311,1.0
3653,3080,1.0
3653,3781,1.0
3653,3910,1.0
3653,2631,1.0
3653,3016,1.0
3654,1158,1.0
3654,1287,1.0
3654,8,1.0
3654,393,1.0
3654,1862,1.0
3654,583,1.0
3654,968,1.0
3654,1737,1.0
3654,2182,1.0
3654,2311,1.0
3654,3080,1.0
3654,3465,1.0
3654,2886,1.0
3654,3655,1.0
3654,4040,1.0
3654,2761,1.0
3655,1287,1.0
3655,8,1.0
3655,393,1.0
3655,1162,1.0
3655,1607,1.0
3655,1992,1.0
3655,713,1.0
3655,842,1.0
3655,2311,1.0
3655,3080,1.0
3655,3465,1.0
3655,2186,1.0
3655,2631,1.0
3655,3016,1.0
3655,3785,1.0
3655,3914,1.0
3656,8,1.0
3656,393,1.0
3656,1162,1.0
3656,1291,1.0
3656,968,1.0
3656,1737,1.0
3656,1866,1.0
3656,587,1.0
3656,3080,1.0
3656,3465,1.0
3656,2186,1.0
3656,2315,1.0
3656,4040,1.0
3656,2761,1.0
3656,2890,1.0
3656,3659,1.0
3657,393,1.0
3657,1162,1.0
3657,1291,1.0
3657,12,1.0
3657,713,1.0
3657,842,1.0
3657,1611,1.0
3657,1996,1.0
3657,3465,1.0
3657,2186,1.0
3657,2315,1.0
3657,3084,1.0
3657,3785,1.0
3657,3914,1.0
3657,2635,1.0
3657,3020,1.0
3658,1162,1.0
3658,1291,1.0
3658,12,1.0
3658,397,1.0
3658,1866,1.0
3658,587,1.0
3658,972,1.0
3658,1741,1.0
3658,2186,1.0
3658,2315,1.0
3658,3084,1.0
3658,3469,1.0
3658,2890,1.0
3658,3659,1.0
3658,4044,1.0
3658,2765,1.0
3659,1291,1.0
3659,12,1.0
3659,397,1.0
3659,1166,1.0
3659,1611,1.0
3659,1996,1.0
3659,717,1.0
3659,846,1.0
3659,2315,1.0
3659,3084,1.0
3659,3469,1.0
3659,2190,1.0
3659,2635,1.0
3659,3020,1.0
3659,3789,1.0
3659,3918,1.0
3660,12,1.0
3660,397,1.0
3660,1166,1.0
3660,1295,1.0
3660,972,1.0
3660,1741,1.0
3660,1870,1.0
3660,591,1.0
3660,3084,1.0
3660,3469,1.0
3660,2190,1.0
3660,2319,1.0
3660,4044,1.0
3660,2765,1.0
3660,2894,1.0
3660,3663,1.0
3661,397,1.0
3661,1166,1.0
3661,1295,1.0
3661,16,1.0
3661,717,1.0
3661,846,1.0
3661,1615,1.0
3661,2000,1.0
3661,3469,1.0
3661,2190,1.0
3661,2319,1.0
3661,3088,1.0
3661,3789,1.0
3661,3918,1.0
3661,2639,1.0
3661,3024,1.0
3662,1166,1.0
3662,1295,1.0
3662,16,1.0
3662,401,1.0
3662,1870,1.0
3662,591,1.0
3662,976,1.0
3662,1745,1.0
3662,2190,1.0
3662,2319,1.0
3662,3088,1.0
3662,3473,1.0
3662,2894,1.0
3662,3663,1.0
3662,4048,1.0
3662,2769,1.0
3663,1295,1.0
3663,16,1.0
3663,401,1.0
3663,1170,1.0
3663,1615,1.0
3663,2000,1.0
3663,721,1.0
3663,850,1.0
3663,2319,1.0
3663,3088,1.0
3663,3473,1.0
3663,2194,1.0
3663,2639,1.0
3663,3024,1.0
3663,3793,1.0
3663,3922,1.0
3664,16,1.0
3664,401,1.0
3664,1170,1.0
3664,1299,1.0
3664,976,1.0
3664,1745,1.0
3664,1874,1.0
3664,595,1.0
3664,3088,1.0
3664,3473,1.0
3664,2194,1.0
3664,2323,1.0
3664,4048,1.0
3664,2769,1.0
3664,2898,1.0
3664,3667,1.0
3665,401,1.0
3665,1170,1.0
3665,1299,1.0
3665,20,1.0
3665,721,1.0
3665,850,1.0
3665,1619,1.0
3665,2004,1.0
3665,3473,1.0
3665,2194,1.0
3665,2323,1.0
3665,3092,1.0
3665,3793,1.0
3665,3922,1.0
3665,2643,1.0
3665,3028,1.0
3666,1170,1.0
3666,1299,1.0
3666,20,1.0
3666,405,1.0
3666,1874,1.0
3666,595,1.0
3666,980,1.0
3666,1749,1.0
3666,2194,1.0
3666,2323,1.0
3666,3092,1.0
3666,3477,1.0
3666,2898,1.0
3666,3667,1.0
3666,4052,1.0
3666,2773,1.0
3667,1299,1.0
3667,20,1.0
3667,405,1.0
3667,1174,1.0
3667,1619,1.0
3667,2004,1.0
3667,725,1.0
3667,854,1.0
3667,2323,1.0
3667,3092,1.0
3667,3477,1.0
3667,2198,1.0
3667,2643,1.0
3667,3028,1.0
3667,3797,1.0
3667,3926,1.0
3668,20,1.0
3668,405,1.0
3668,1174,1.0
3668,1303,1.0
3668,980,1.0
3668,1749,1.0
3668,1878,1.0
3668,599,1.0
3668,3092,1.0
3668,3477,1.0
3668,2198,1.0
3668,2327,1.0
3668,4052,1.0
3668,2773,1.0
3668,2902,1.0
3668,3671,1.0
3669,405,1.0
3669,1174,1.0
3669,1303,1.0
3669,24,1.0
3669,725,1.0
3669,854,1.0
3669,1623,1.0
3669,2008,1.0
3669,3477,1.0
3669,2198,1.0
3669,2327,1.0
3669,3096,1.0
3669,3797,1.0
3669,3926,1.0
3669,2647,1.0
3669,3032,1.0
3670,1174,1.0
3670,1303,1.0
3670,24,1.0
3670,409,1.0
3670,1878,1.0
3670,599,1.0
3670,984,1.0
3670,1753,1.0
3670,2198,1.0
3670,2327,1.0
3670,3096,1.0
3670,3481,1.0
3670,2902,1.0
3670,3671,1.0
3670,4056,1.0
3670,2777,1.0
3671,1303,1.0
3671,24,1.0
3671,409,1.0
3671,1178,1.0
3671,1623,1.0
3671,2008,1.0
3671,729,1.0
3671,858,1.0
3671,2327,1.0
3671,3096,1.0
3671,3481,1.0
3671,2202,1.0
3671,2647,1.0
3671,3032,1.0
3671,3801,1.0
3671,3930,1.0
3672,24,1.0
3672,409,1.0
3672,1178,1.0
3672,1307,1.0
3672,984,1.0
3672,1753,1.0
3672,1882,1.0
3672,603,1.0
3672,3096,1.0
3672,3481,1.0
3672,2202,1.0
3672,2331,1.0
3672,4056,1.0
3672,2777,1.0
3672,2906,1.0
3672,3675,1.0
3673,409,1.0
3673,1178,1.0
3673,1307,1.0
3673,28,1.0
3673,729,1.0
3673,858,1.0
3673,1627,1.0
3673,2012,1.0
3673,3481,1.0
3673,2202,1.0
3673,2331,1.0
3673,3100,1.0
3673,3801,1.0
3673,3930,1.0
3673,2651,1.0
3673,3036,1.0
3674,1178,1.0
3674,1307,1.0
3674,28,1.0
3674,413,1.0
3674,1882,1.0
3674,603,1.0
3674,988,1.0
3674,1757,1.0
3674,2202,1.0
3674,2331,1.0
3674,3100,1.0
3674,3485,1.0
3674,2906,1.0
3674,3675,1.0
3674,4060,1.0
3674,2781,1.0
3675,1307,1.0
3675,28,1.0
3675,413,1.0
3675,1182,1.0
3675,1627,1.0
3675,2012,1.0
3675,733,1.0
3675,862,1.0
3675,2331,1.0
3675,3100,1.0
3675,3485,1.0
3675,2206,1.0
3675,2651,1.0
3675,3036,1.0
3675,3805,1.0
3675,3934,1.0
3676,28,1.0
3676,413,1.0
3676,1182,1.0
3676,1311,1.0
3676,988,1.0
3676,1757,1.0
3676,1886,1.0
3676,607,1.0
3676,3100,1.0
3676,3485,1.0
3676,2206,1.0
3676,2335,1.0
3676,4060,1.0
3676,2781,1.0
3676,2910,1.0
3676,3679,1.0
3677,413,1.0
3677,1182,1.0
3677,1311,1.0
3677,32,1.0
3677,733,1.0
3677,862,1.0
3677,1631,1.0
3677,2016,1.0
3677,3485,1.0
3677,2206,1.0
3677,2335,1.0
3677,3104,1.0
3677,3805,1.0
3677,3934,1.0
3677,2655,1.0
3677,3040,1.0
3678,1182,1.0
3678,1311,1.0
3678,32,1.0
3678,417,1.0
3678,1886,1.0
3678,607,1.0
3678,992,1.0
3678,1761,1.0
3678,2206,1.0
3678,2335,1.0
3678,3104,1.0
3678,3489,1.0
3678,2910,1.0
3678,3679,1.0
3678,4064,1.0
3678,2785,1.0
3679,1311,1.0
3679,32,1.0
3679,417,1.0
3679,1186,1.0
3679,1631,1.0
3679,2016,1.0
3679,737,1.0
3679,866,1.0
3679,2335,1.0
3679,3104,1.0
3679,3489,1.0
3679,2210,1.0
3679,2655,1.0
3679,3040,1.0
3679,3809,1.0
3679,3938,1.0
3680,32,1.0
3680,417,1.0
3680,1186,1.0
3680,1315,1.0
3680,992,1.0
3680,1761,1.0
3680,1890,1.0
3680,611,1.0
3680,3104,1.0
3680,3489,1.0
3680,2210,1.0
3680,2339,1.0
3680,4064,1.0
3680,2785,1.0
3680,2914,1.0
3680,3683,1.0
3681,417,1.0
3681,1186,1.0
3681,1315,1.0
3681,36,1.0
3681,737,1.0
3681,866,1.0
3681,1635,1.0
3681,2020,1.0
3681,3489,1.0
3681,2210,1.0
3681,2339,1.0
3681,3108,1.0
3681,3809,1.0
3681,3938,1.0
3681,2659,1.0
3681,3044,1.0
3682,1186,1.0
3682,1315,1.0
3682,36,1.0
3682,421,1.0
3682,1890,1.0
3682,611,1.0
3682,996,1.0
3682,1765,1.0
3682,2210,1.0
3682,2339,1.0
3682,3108,1.0
3682,3493,1.0
3682,2914,1.0
3682,3683,1.0
3682,4068,1.0
3682,2789,1.0
3683,1315,1.0
3683,36,1.0
3683,421,1.0
3683,1190,1.0
3683,1635,1.0
3683,2020,1.0
3683,741,1.0
3683,870,1.0
3683,2339,1.0
3683,3108,1.0
3683,3493,1.0
3683,2214,1.0
3683,2659,1.0
3683,3044,1.0
3683,3813,1.0
3683,3942,1.0
3684,36,1.0
3684,421,1.0
3684,1190,1.0
3684,1319,1.0
3684,996,1.0
3684,1765,1.0
3684,1894,1.0
3684,615,1.0
3684,3108,1.0
3684,3493,1.0
3684,2214,1.0
3684,2343,1.0
3684,4068,1.0
3684,2789,1.0
3684,2918,1.0
3684,3687,1.0
3685,421,1.0
3685,1190,1.0
3685,1319,1.0
3685,40,1.0
3685,741,1.0
3685,870,1.0
3685,1639,1.0
3685,2024,1.0
3685,3493,1.0
3685,2214,1.0
3685,2343,1.0
3685,3112,1.0
3685,3813,1.0
3685,3942,1.0
3685,2663,1.0
3685,3048,1.0
3686,1190,1.0
3686,1319,1.0
3686,40,1.0
3686,425,1.0
3686,1894,1.0
3686,615,1.0
3686,1000,1.0
3686,1769,1.0
3686,2214,1.0
3686,2343,1.0
3686,3112,1.0
3686,3497,1.0
3686,2918,1.0
3686,3687,1.0
3686,4072,1.0
3686,2793,1.0
3687,1319,1.0
3687,40,1.0
3687,425,1.0
3687,1194,1.0
3687,1639,1.0
3687,2024,1.0
3687,745,1.0
3687,874,1.0
3687,2343,1.0
3687,3112,1.0
3687,3497,1.0
3687,2218,1.0
3687,2663,1.0
3687,3048,1.0
3687,3817,1.0
3687,3946,1.0
3688,40,1.0
3688,425,1.0
3688,1194,1.0
3688,1323,1.0
3688,1000,1.0
3688,1769,1.0
3688,1898,1.0
3688,619,1.0
3688,3112,1.0
3688,3497,1.0
3688,2218,1.0
3688,2347,1.0
3688,4072,1.0
3688,2793,1.0
3688,2922,1.0
3688,3691,1.0
3689,425,1.0
3689,1194,1.0
3689,1323,1.0
3689,44,1.0
3689,745,1.0
3689,874,1.0
3689,1643,1.0
3689,2028,1.0
3689,3497,1.0
3689,2218,1.0
3689,2347,1.0
3689,3116,1.0
3689,3817,1.0
3689,3946,1.0
3689,2667,1.0
3689,3052,1.0
3690,1194,1.0
3690,1323,1.0
3690,44,1.0
3690,429,1.0
3690,1898,1.0
3690,619,1.0
3690,1004,1.0
3690,1773,1.0
3690,2218,1.0
3690,2347,1.0
3690,3116,1.0
3690,3501,1.0
3690,2922,1.0
3690,3691,1.0
3690,4076,1.0
3690,2797,1.0
3691,1323,1.0
3691,44,1.0
3691,429,1.0
3691,1198,1.0
3691,1643,1.0
3691,2028,1.0
3691,749,1.0
3691,878,1.0
3691,2347,1.0
3691,3116,1.0
3691,3501,1.0
3691,2222,1.0
3691,2667,1.0
3691,3052,1.0
3691,3821,1.0
3691,3950,1.0
3692,44,1.0
3692,429,1.0
3692,1198,1.0
3692,1327,1.0
3692,1004,1.0
3692,1773,1.0
3692,1902,1.0
3692,623,1.0
3692,3116,1.0
3692,3501,1.0
3692,2222,1.0
3692,2351,1.0
3692,4076,1.0
3692,2797,1.0
3692,2926,1.0
3692,3695,1.0
3693,429,1.0
3693,1198,1.0
3693,1327,1.0
3693,48,1.0
3693,749,1.0
3693,878,1.0
3693,1647,1.0
3693,2032,1.0
3693,3501,1.0
3693,2222,1.0
3693,2351,1.0
3693,3120,1.0
3693,3821,1.0
3693,3950,1.0
3693,2671,1.0
3693,3056,1.0
3694,1198,1.0
3694,1327,1.0
3694,48,1.0
3694,433,1.0
3694,1902,1.0
3694,623,1.0
3694,1008,1.0
3694,1777,1.0
3694,2222,1.0
3694,2351,1.0
3694,3120,1.0
3694,3505,1.0
3694,2926,1.0
3694,3695,1.0
3694,4080,1.0
3694,2801,1.0
3695,1327,1.0
3695,48,1.0
3695,433,1.0
3695,1202,1.0
3695,1647,1.0
3695,2032,1.0
3695,753,1.0
3695,882,1.0
3695,2351,1.0
3695,3120,1.0
3695,3505,1.0
3695,2226,1.0
3695,2671,1.0
3695,3056,1.0
3695,3825,1.0
3695,3954,1.0
3696,48,1.0
3696,433,1.0
3696,1202,1.0
3696,1331,1.0
3696,1008,1.0
3696,1777,1.0
3696,1906,1.0
3696,627,1.0
3696,3120,1.0
3696,3505,1.0
3696,2226,1.0
3696,2355,1.0
3696,4080,1.0
3696,2801,1.0
3696,2930,1.0
3696,3699,1.0
3697,433,1.0
3697,1202,1.0
3697,1331,1.0
3697,52,1.0
3697,753,1.0
3697,882,1.0
3697,1651,1.0
3697,2036,1.0
3697,3505,1.0
3697,2226,1.0
3697,2355,1.0
3697,3124,1.0
3697,3825,1.0
3697,3954,1.0
3697,2675,1.0
3697,3060,1.0
3698,1202,1.0
3698,1331,1.0
3698,52,1.0
3698,437,1.0
3698,1906,1.0
3698,627,1.0
3698,1012,1.0
3698,1781,1.0
3698,2226,1.0
3698,2355,1.0
3698,3124,1.0
3698,3509,1.0
3698,2930,1.0
3698,3699,1.0
3698,4084,1.0
3698,2805,1.0
3699,1331,1.0
3699,52,1.0
3699,437,1.0
3699,1206,1.0
3699,1651,1.0
3699,2036,1.0
3699,757,1.0
3699,886,1.0
3699,2355,1.0
3699,3124,1.0
3699,3509,1.0
3699,2230,1.0
3699,2675,1.0
3699,3060,1.0
3699,3829,1.0
3699,3958,1.0
3700,52,1.0
3700,437,1.0
3700,1206,1.0
3700,1335,1.0
3700,1012,1.0
3700,1781,1.0
3700,1910,1.0
3700,631,1.0
3700,3124,1.0
3700,3509,1.0
3700,2230,1.0
3700,2359,1.0
3700,4084,1.0
3700,2805,1.0
3700,2934,1.0
3700,3703,1.0
3701,437,1.0
3701,1206,1.0
3701,1335,1.0
3701,56,1.0
3701,757,1.0
3701,886,1.0
3701,1655,1.0
3701,2040,1.0
3701,3509,1.0
3701,2230,1.0
3701,2359,1.0
3701,3128,1.0
3701,3829,1.0
3701,3958,1.0
3701,2679,1.0
3701,3064,1.0
3702,1206,1.0
3702,1335,1.0
3702,56,1.0
3702,441,1.0
3702,1910,1.0
3702,631,1.0
3702,1016,1.0
3702,1785,1.0
3702,2230,1.0
3702,2359,1.0
3702,3128,1.0
3702,3513,1.0
3702,2934,1.0
3702,3703,1.0
3702,4088,1.0
3702,2809,1.0
3703,1335,1.0
3703,56,1.0
3703,441,1.0
3703,1210,1.0
3703,1655,1.0
3703,2040,1.0
3703,761,1.0
3703,890,1.0
3703,2359,1.0
3703,3128,1.0
3703,3513,1.0
3703,2234,1.0
3703,2679,1.0
3703,3064,1.0
3703,3833,1.0
3703,3962,1.0
3704,56,1.0
3704,441,1.0
3704,1210,1.0
3704,1339,1.0
3704,1016,1.0
3704,1785,1.0
3704,1914,1.0
3704,635,1.0
3704,3128,1.0
3704,3513,1.0
3704,2234,1.0
3704,2363,1.0
3704,4088,1.0
3704,2809,1.0
3704,2938,1.0
3704,3707,1.0
3705,441,1.0
3705,1210,1.0
3705,1339,1.0
3705,60,1.0
3705,761,1.0
3705,890,1.0
3705,1659,1.0
3705,2044,1.0
3705,3513,1.0
3705,2234,1.0
3705,2363,1.0
3705,3132,1.0
3705,3833,1.0
3705,3962,1.0
3705,2683,1.0
3705,3068,1.0
3706,1210,1.0
3706,1339,1.0
3706,60,1.0
3706,445,1.0
3706,1914,1.0
3706,635,1.0
3706,1020,1.0
3706,1789,1.0
3706,2234,1.0
3706,2363,1.0
3706,3132,1.0
3706,3517,1.0
3706,2938,1.0
3706,3707,1.0
3706,4092,1.0
3706,2813,1.0
3707,1339,1.0
3707,60,1.0
3707,445,1.0
3707,1214,1.0
3707,1659,1.0
3707,2044,1.0
3707,765,1.0
3707,894,1.0
3707,2363,1.0
3707,3132,1.0
3707,3517,1.0
3707,2238,1.0
3707,2683,1.0
3707,3068,1.0
3707,3837,1.0
3707,3966,1.0
3708,60,1.0
3708,445,1.0
3708,1214,1.0
3708,1343,1.0
3708,1020,1.0
3708,1789,1.0
3708,1918,1.0
3708,639,1.0
3708,3132,1.0
3708,3517,1.0
3708,2238,1.0
3708,2367,1.0
3708,4092,1.0
3708,2813,1.0
3708,2942,1.0
3708,3711,1.0
3709,445,1.0
3709,1214,1.0
3709,1343,1.0
3709,0,1.0
3709,765,1.0
3709,894,1.0
3709,1663,1.0
3709,1984,1.0
3709,3517,1.0
3709,2238,1.0
3709,2367,1.0
3709,3072,1.0
3709,3837,1.0
3709,3966,1.0
3709,2687,1.0
3709,3008,1.0
3710,1214,1.0
3710,1343,1.0
3710,0,1.0
3710,385,1.0
3710,1918,1.0
3710,639,1.0
3710,960,1.0
3710,1729,1.0
3710,2238,1.0
3710,2367,1.0
3710,3072,1.0
3710,3457,1.0
3710,2942,1.0
3710,3711,1.0
3710,4032,1.0
3710,2753,1.0
3711,1343,1.0
3711,0,1.0
3711,385,1.0
3711,1154,1.0
3711,1663,1.0
3711,1984,1.0
3711,705,1.0
3711,834,1.0
3711,2367,1.0
3711,3072,1.0
3711,3457,1.0
3711,2178,1.0
3711,2687,1.0
3711,3008,1.0
3711,3777,1.0
3711,3906,1.0
3712,0,1.0
3712,385,1.0
3712,1154,1.0
3712,1283,1.0
3712,960,1.0
3712,1729,1.0
3712,1858,1.0
3712,579,1.0
3712,3072,1.0
3712,3457,1.0
3712,2178,1.0
3712,2307,1.0
3712,4032,1.0
3712,2753,1.0
3712,2882,1.0
3712,3651,1.0
3713,385,1.0
3713,1154,1.0
3713,1283,1.0
3713,4,1.0
3713,705,1.0
3713,834,1.0
3713,1603,1.0
3713,1988,1.0
3713,3457,1.0
3713,2178,1.0
3713,2307,1.0
3713,3076,1.0
3713,3777,1.0
3713,3906,1.0
3713,2627,1.0
3713,3012,1.0
3714,1154,1.0
3714,1283,1.0
3714,4,1.0
3714,389,1.0
3714,1858,1.0
3714,579,1.0
3714,964,1.0
3714,1733,1.0
3714,2178,1.0
3714,2307,1.0
3714,3076,1.0
3714,3461,1.0
3714,2882,1.0
3714,3651,1.0
3714,4036,1.0
3714,2757,1.0
3715,1283,1.0
3715,4,1.0
3715,389,1.0
3715,1158,1.0
3715,1603,1.0
3715,1988,1.0
3715,709,1.0
3715,838,1.0
3715,2307,1.0
3715,3076,1.0
3715,3461,1.0
3715,2182,1.0
3715,2627,1.0
3715,3012,1.0
3715,3781,1.0
3715,3910,1.0
3716,4,1.0
3716,389,1.0
3716,1158,1.0
3716,1287,1.0
3716,964,1.0
3716,1733,1.0
3716,1862,1.0
3716,583,1.0
3716,3076,1.0
3716,3461,1.0
3716,2182,1.0
3716,2311,1.0
3716,4036,1.0
3716,2757,1.0
3716,2886,1.0
3716,3655,1.0
3717,389,1.0
3717,1158,1.0
3717,1287,1.0
3717,8,1.0
3717,709,1.0
3717,838,1.0
3717,1607,1.0
3717,1992,1.0
3717,3461,1.0
3717,2182,1.0
3717,2311,1.0
3717,3080,1.0
3717,3781,1.0
3717,3910,1.0
3717,2631,1.0
3717,3016,1.0
3718,1158,1.0
3718,1287,1.0
3718,8,1.0
3718,393,1.0
3718,1862,1.0
3718,583,1.0
3718,968,1.0
3718,1737,1.0
3718,2182,1.0
3718,2311,1.0
3718,3080,1.0
3718,3465,1.0
3718,2886,1.0
3718,3655,1.0
3718,4040,1.0
3718,2761,1.0
3719,1287,1.0
3719,8,1.0
3719,393,1.0
3719,1162,1.0
3719,1607,1.0
3719,1992,1.0
3719,713,1.0
3719,842,1.0
3719,2311,1.0
3719,3080,1.0
3719,3465,1.0
3719,2186,1.0
3719,2631,1.0
3719,3016,1.0
3719,3785,1.0
3719,3914,1.0
3720,8,1.0
3720,393,1.0
3720,1162,1.0
3720,1291,1.0
3720,968,1.0
3720,1737,1.0
3720,1866,1.0
3720,587,1.0
3720,3080,1.0
3720,3465,1.0
3720,2186,1.0
3720,2315,1.0
3720,4040,1.0
3720,2761,1.0
3720,2890,1.0
3720,3659,1.0
3721,393,1.0
3721,1162,1.0
3721,1291,1.0
3721,12,1.0
3721,713,1.0
3721,842,1.0
3721,1611,1.0
3721,1996,1.0
3721,3465,1.0
3721,2186,1.0
3721,2315,1.0
3721,3084,1.0
3721,3785,1.0
3721,3914,1.0
3721,2635,1.0
3721,3020,1.0
3722,1162,1.0
3722,1291,1.0
3722,12,1.0
3722,397,1.0
3722,1866,1.0
3722,587,1.0
3722,972,1.0
3722,1741,1.0
3722,2186,1.0
3722,2315,1.0
3722,3084,1.0
3722,3469,1.0
3722,2890,1.0
3722,3659,1.0
3722,4044,1.0
3722,2765,1.0
3723,1291,1.0
3723,12,1.0
3723,397,1.0
3723,1166,1.0
3723,1611,1.0
3723,1996,1.0
3723,717,1.0
3723,846,1.0
3723,2315,1.0
3723,3084,1.0
3723,3469,1.0
3723,2190,1.0
3723,2635,1.0
3723,3020,1.0
3723,3789,1.0
3723,3918,1.0
3724,12,1.0
3724,397,1.0
3724,1166,1.0
3724,1295,1.0
3724,972,1.0
3724,1741,1.0
3724,1870,1.0
3724,591,1.0
3724,3084,1.0
3724,3469,1.0
3724,2190,1.0
3724,2319,1.0
3724,4044,1.0
3724,2765,1.0
3724,2894,1.0
3724,3663,1.0
3725,397,1.0
3725,1166,1.0
3725,1295,1.0
3725,16,1.0
3725,717,1.0
3725,846,1.0
3725,1615,1.0
3725,2000,1.0
3725,3469,1.0
3725,2190,1.0
3725,2319,1.0
3725,3088,1.0
3725,3789,1.0
3725,3918,1.0
3725,2639,1.0
3725,3024,1.0
3726,1166,1.0
3726,1295,1.0
3726,16,1.0
3726,401,1.0
3726,1870,1.0
3726,591,1.0
3726,976,1.0
3726,1745,1.0
3726,2190,1.0
3726,2319,1.0
3726,3088,1.0
3726,3473,1.0
3726,2894,1.0
3726,3663,1.0
3726,4048,1.0
3726,2769,1.0
3727,1295,1.0
3727,16,1.0
3727,401,1.0
3727,1170,1.0
3727,1615,1.0
3727,2000,1.0
3727,721,1.0
3727,850,1.0
3727,2319,1.0
3727,3088,1.0
3727,3473,1.0
3727,2194,1.0
3727,2639,1.0
3727,3024,1.0
3727,3793,1.0
3727,3922,1.0
3728,16,1.0
3728,401,1.0
3728,1170,1.0
3728,1299,1.0
3728,976,1.0
3728,1745,1.0
3728,1874,1.0
3728,595,1.0
3728,3088,1.0
3728,3473,1.0
3728,2194,1.0
3728,2323,1.0
3728,4048,1.0
3728,2769,1.0
3728,2898,1.0
3728,3667,1.0
3729,401,1.0
3729,1170,1.0
3729,1299,1.0
3729,20,1.0
3729,721,1.0
3729,850,1.0
3729,1619,1.0
3729,2004,1.0
3729,3473,1.0
3729,2194,1.0
3729,2323,1.0
3729,3092,1.0
3729,3793,1.0
3729,3922,1.0
3729,2643,1.0
3729,3028,1.0
3730,1170,1.0
3730,1299,1.0
3730,20,1.0
3730,405,1.0
3730,1874,1.0
3730,595,1.0
3730,980,1.0
3730,1749,1.0
3730,2194,1.0
3730,2323,1.0
3730,3092,1.0
3730,3477,1.0
3730,2898,1.0
3730,3667,1.0
3730,4052,1.0
3730,2773,1.0
3731,1299,1.0
3731,20,1.0
3731,405,1.0
3731,1174,1.0
3731,1619,1.0
3731,2004,1.0
3731,725,1.0
3731,854,1.0
3731,2323,1.0
3731,3092,1.0
3731,3477,1.0
3731,2198,1.0
3731,2643,1.0
3731,3028,1.0
3731,3797,1.0
3731,3926,1.0
3732,20,1.0
3732,405,1.0
3732,1174,1.0
3732,1303,1.0
3732,980,1.0
3732,1749,1.0
3732,1878,1.0
3732,599,1.0
3732,3092,1.0
3732,3477,1.0
3732,2198,1.0
3732,2327,1.0
3732,4052,1.0
3732,2773,1.0
3732,2902,1.0
3732,3671,1.0
3733,405,1.0
3733,1174,1.0
3733,1303,1.0
3733,24,1.0
3733,725,1.0
3733,854,1.0
3733,1623,1.0
3733,2008,1.0
3733,3477,1.0
3733,2198,1.0
3733,2327,1.0
3733,3096,1.0
3733,3797,1.0
3733,3926,1.0
3733,2647,1.0
3733,3032,1.0
3734,1174,1.0
3734,1303,1.0
3734,24,1.0
3734,409,1.0
3734,1878,1.0
3734,599,1.0
3734,984,1.0
3734,1753,1.0
3734,2198,1.0
3734,2327,1.0
3734,3096,1.0
3734,3481,1.0
3734,2902,1.0
3734,3671,1.0
3734,4056,1.0
3734,2777,1.0
3735,1303,1.0
3735,24,1.0
3735,409,1.0
3735,1178,1.0
3735,1623,1.0
3735,2008,1.0
3735,729,1.0
3735,858,1.0
3735,2327,1.0
3735,3096,1.0
3735,3481,1.0
3735,2202,1.0
3735,2647,1.0
3735,3032,1.0
3735,3801,1.0
3735,3930,1.0
3736,24,1.0
3736,409,1.0
3736,1178,1.0
3736,1307,1.0
3736,984,1.0
3736,1753,1.0
3736,1882,1.0
3736,603,1.0
3736,3096,1.0
3736,3481,1.0
3736,2202,1.0
3736,2331,1.0
3736,4056,1.0
3736,2777,1.0
3736,2906,1.0
3736,3675,1.0
3737,409,1.0
3737,1178,1.0
3737,1307,1.0
3737,28,1.0
3737,729,1.0
3737,858,1.0
3737,1627,1.0
3737,2012,1.0
3737,3481,1.0
3737,2202,1.0
3737,2331,1.0
3737,3100,1.0
3737,3801,1.0
3737,3930,1.0
3737,2651,1.0
3737,3036,1.0
3738,1178,1.0
3738,1307,1.0
3738,28,1.0
3738,413,1.0
3738,1882,1.0
3738,603,1.0
3738,988,1.0
3738,1757,1.0
3738,2202,1.0
3738,2331,1.0
3738,3100,1.0
3738,3485,1.0
3738,2906,1.0
3738,3675,1.0
3738,4060,1.0
3738,2781,1.0
3739,1307,1.0
3739,28,1.0
3739,413,1.0
3739,1182,1.0
3739,1627,1.0
3739,2012,1.0
3739,733,1.0
3739,862,1.0
3739,2331,1.0
3739,3100,1.0
3739,3485,1.0
3739,2206,1.0
3739,2651,1.0
3739,3036,1.0
3739,3805,1.0
3739,3934,1.0
3740,28,1.0
3740,413,1.0
3740,1182,1.0
3740,1311,1.0
3740,988,1.0
3740,1757,1.0
3740,1886,1.0
3740,607,1.0
3740,3100,1.0
3740,3485,1.0
3740,2206,1.0
3740,2335,1.0
3740,4060,1.0
3740,2781,1.0
3740,2910,1.0
3740,3679,1.0
3741,413,1.0
3741,1182,1.0
3741,1311,1.0
3741,32,1.0
3741,733,1.0
3741,862,1.0
3741,1631,1.0
3741,2016,1.0
3741,3485,1.0
3741,2206,1.0
3741,2335,1.0
3741,3104,1.0
3741,3805,1.0
3741,3934,1.0
3741,2655,1.0
3741,3040,1.0
3742,1182,1.0
3742,1311,1.0
3742,32,1.0
3742,417,1.0
3742,1886,1.0
3742,607,1.0
3742,992,1.0
3742,1761,1.0
3742,2206,1.0
3742,2335,1.0
3742,3104,1.0
3742,3489,1.0
3742,2910,1.0
3742,3679,1.0
3742,4064,1.0
3742,2785,1.0
3743,1311,1.0
3743,32,1.0
3743,417,1.0
3743,1186,1.0
3743,1631,1.0
3743,2016,1.0
3743,737,1.0
3743,866,1.0
3743,2335,1.0
3743,3104,1.0
3743,3489,1.0
3743,2210,1.0
3743,2655,1.0
3743,3040,1.0
3743,3809,1.0
3743,3938,1.0
3744,32,1.0
3744,417,1.0
3744,1186,1.0
3744,1315,1.0
3744,992,1.0
3744,1761,1.0
3744,1890,1.0
3744,611,1.0
3744,3104,1.0
3744,3489,1.0
3744,2210,1.0
3744,2339,1.0
3744,4064,1.0
3744,2785,1.0
3744,2914,1.0
3744,3683,1.0
3745,417,1.0
3745,1186,1.0
3745,1315,1.0
3745,36,1.0
3745,737,1.0
3745,866,1.0
3745,1635,1.0
3745,2020,1.0
3745,3489,1.0
3745,2210,1.0
3745,2339,1.0
3745,3108,1.0
3745,3809,1.0
3745,3938,1.0
3745,2659,1.0
3745,3044,1.0
3746,1186,1.0
3746,1315,1.0
3746,36,1.0
3746,421,1.0
3746,1890,1.0
3746,611,1.0
3746,996,1.0
3746,1765,1.0
3746,2210,1.0
3746,2339,1.0
3746,3108,1.0
3746,3493,1.0
3746,2914,1.0
3746,3683,1.0
3746,4068,1.0
3746,2789,1.0
3747,1315,1.0
3747,36,1.0
3747,421,1.0
3747,1190,1.0
3747,1635,1.0
3747,2020,1.0
3747,741,1.0
3747,870,1.0
3747,2339,1.0
3747,3108,1.0
3747,3493,1.0
3747,2214,1.0
3747,2659,1.0
3747,3044,1.0
3747,3813,1.0
3747,3942,1.0
3748,36,1.0
3748,421,1.0
3748,1190,1.0
3748,1319,1.0
3748,996,1.0
3748,1765,1.0
3748,1894,1.0
3748,615,1.0
3748,3108,1.0
3748,3493,1.0
3748,2214,1.0
3748,2343,1.0
3748,4068,1.0
3748,2789,1.0
3748,2918,1.0
3748,3687,1.0
3749,421,1.0
3749,1190,1.0
3749,1319,1.0
3749,40,1.0
3749,741,1.0
3749,870,1.0
3749,1639,1.0
3749,2024,1.0
3749,3493,1.0
3749,2214,1.0
3749,2343,1.0
3749,3112,1.0
3749,3813,1.0
3749,3942,1.0
3749,2663,1.0
3749,3048,1.0
3750,1190,1.0
3750,1319,1.0
3750,40,1.0
3750,425,1.0
3750,1894,1.0
3750,615,1.0
3750,1000,1.0
3750,1769,1.0
3750,2214,1.0
3750,2343,1.0
3750,3112,1.0
3750,3497,1.0
3750,2918,1.0
3750,3687,1.0
3750,4072,1.0
3750,2793,1.0
3751,1319,1.0
3751,40,1.0
3751,425,1.0
3751,1194,1.0
3751,1639,1.0
3751,2024,1.0
3751,745,1.0
3751,874,1.0
3751,2343,1.0
3751,3112,1.0
3751,3497,1.0
3751,2218,1.0
3751,2663,1.0
3751,3048,1.0
3751,3817,1.0
3751,3946,1.0
3752,40,1.0
3752,425,1.0
3752,1194,1.0
3752,1323,1.0
3752,1000,1.0
3752,1769,1.0
3752,1898,1.0
3752,619,1.0
3752,3112,1.0
3752,3497,1.0
3752,2218,1.0
3752,2347,1.0
3752,4072,1.0
3752,2793,1.0
3752,2922,1.0
3752,3691,1.0
3753,425,1.0
3753,1194,1.0
3753,1323,1.0
3753,44,1.0
3753,745,1.0
3753,874,1.0
3753,1643,1.0
3753,2028,1.0
3753,3497,1.0
3753,2218,1.0
3753,2347,1.0
3753,3116,1.0
3753,3817,1.0
3753,3946,1.0
3753,2667,1.0
3753,3052,1.0
3754,1194,1.0
3754,1323,1.0
3754,44,1.0
3754,429,1.0
3754,1898,1.0
3754,619,1.0
3754,1004,1.0
3754,1773,1.0
3754,2218,1.0
3754,2347,1.0
3754,3116,1.0
3754,3501,1.0
3754,2922,1.0
3754,3691,1.0
3754,4076,1.0
3754,2797,1.0
3755,1323,1.0
3755,44,1.0
3755,429,1.0
3755,1198,1.0
3755,1643,1.0
3755,2028,1.0
3755,749,1.0
3755,878,1.0
3755,2347,1.0
3755,3116,1.0
3755,3501,1.0
3755,2222,1.0
3755,2667,1.0
3755,3052,1.0
3755,3821,1.0
3755,3950,1.0
3756,44,1.0
3756,429,1.0
3756,1198,1.0
3756,1327,1.0
3756,1004,1.0
3756,1773,1.0
3756,1902,1.0
3756,623,1.0
3756,3116,1.0
3756,3501,1.0
3756,2222,1.0
3756,2351,1.0
3756,4076,1.0
3756,2797,1.0
3756,2926,1.0
3756,3695,1.0
3757,429,1.0
3757,1198,1.0
3757,1327,1.0
3757,48,1.0
3757,749,1.0
3757,878,1.0
3757,1647,1.0
3757,2032,1.0
3757,3501,1.0
3757,2222,1.0
3757,2351,1.0
3757,3120,1.0
3757,3821,1.0
3757,3950,1.0
3757,2671,1.0
3757,3056,1.0
3758,1198,1.0
3758,1327,1.0
3758,48,1.0
3758,433,1.0
3758,1902,1.0
3758,623,1.0
3758,1008,1.0
3758,1777,1.0
3758,2222,1.0
3758,2351,1.0
3758,3120,1.0
3758,3505,1.0
3758,2926,1.0
3758,3695,1.0
3758,4080,1.0
3758,2801,1.0
3759,1327,1.0
3759,48,1.0
3759,433,1.0
3759,1202,1.0
3759,1647,1.0
3759,2032,1.0
3759,753,1.0
3759,882,1.0
3759,2351,1.0
3759,3120,1.0
3759,3505,1.0
3759,2226,1.0
3759,2671,1.0
3759,3056,1.0
3759,3825,1.0
3759,3954,1.0
3760,48,1.0
3760,433,1.0
3760,1202,1.0
3760,1331,1.0
3760,1008,1.0
3760,1777,1.0
3760,1906,1.0
3760,627,1.0
3760,3120,1.0
3760,3505,1.0
3760,2226,1.0
3760,2355,1.0
3760,4080,1.0
3760,2801,1.0
3760,2930,1.0
3760,3699,1.0
3761,433,1.0
3761,1202,1.0
3761,1331,1.0
3761,52,1.0
3761,753,1.0
3761,882,1.0
3761,1651,1.0
3761,2036,1.0
3761,3505,1.0
3761,2226,1.0
3761,2355,1.0
3761,3124,1.0
3761,3825,1.0
3761,3954,1.0
3761,2675,1.0
3761,3060,1.0
3762,1202,1.0
3762,1331,1.0
3762,52,1.0
3762,437,1.0
3762,1906,1.0
3762,627,1.0
3762,1012,1.0
3762,1781,1.0
3762,2226,1.0
3762,2355,1.0
3762,3124,1.0
3762,3509,1.0
3762,2930,1.0
3762,3699,1.0
3762,4084,1.0
3762,2805,1.0
3763,1331,1.0
3763,52,1.0
3763,437,1.0
3763,1206,1.0
3763,1651,1.0
3763,2036,1.0
3763,757,1.0
3763,886,1.0
3763,2355,1.0
3763,3124,1.0
3763,3509,1.0
3763,2230,1.0
3763,2675,1.0
3763,3060,1.0
3763,3829,1.0
3763,3958,1.0
3764,52,1.0
3764,437,1.0
3764,1206,1.0
3764,1335,1.0
3764,1012,1.0
3764,1781,1.0
3764,1910,1.0
3764,631,1.0
3764,3124,1.0
3764,3509,1.0
3764,2230,1.0
3764,2359,1.0
3764,4084,1.0
3764,2805,1.0
3764,2934,1.0
3764,3703,1.0
3765,437,1.0
3765,1206,1.0
3765,1335,1.0
3765,56,1.0
3765,757,1.0
3765,886,1.0
3765,1655,1.0
3765,2040,1.0
3765,3509,1.0
3765,2230,1.0
3765,2359,1.0
3765,3128,1.0
3765,3829,1.0
3765,3958,1.0
3765,2679,1.0
3765,3064,1.0
3766,1206,1.0
3766,1335,1.0
3766,56,1.0
3766,441,1.0
3766,1910,1.0
3766,631,1.0
3766,1016,1.0
3766,1785,1.0
3766,2230,1.0
3766,2359,1.0
3766,3128,1.0
3766,3513,1.0
3766,2934,1.0
3766,3703,1.0
3766,4088,1.0
3766,2809,1.0
3767,1335,1.0
3767,56,1.0
3767,441,1.0
3767,1210,1.0
3767,1655,1.0
3767,2040,1.0
3767,761,1.0
3767,890,1.0
3767,2359,1.0
3767,3128,1.0
3767,3513,1.0
3767,2234,1.0
3767,2679,1.0
3767,3064,1.0
3767,3833,1.0
3767,3962,1.0
3768,56,1.0
3768,441,1.0
3768,1210,1.0
3768,1339,1.0
3768,1016,1.0
3768,1785,1.0
3768,1914,1.0
3768,635,1.0
3768,3128,1.0
3768,3513,1.0
3768,2234,1.0
3768,2363,1.0
3768,4088,1.0
3768,2809,1.0
3768,2938,1.0
3768,3707,1.0
3769,441,1.0
3769,1210,1.0
3769,1339,1.0
3769,60,1.0
3769,761,1.0
3769,890,1.0
3769,1659,1.0
3769,2044,1.0
3769,3513,1.0
3769,2234,1.0
3769,2363,1.0
3769,3132,1.0
3769,3833,1.0
3769,3962,1.0
3769,2683,1.0
3769,3068,1.0
3770,1210,1.0
3770,1339,1.0
3770,60,1.0
3770,445,1.0
3770,1914,1.0
3770,635,1.0
3770,1020,1.0
3770,1789,1.0
3770,2234,1.0
3770,2363,1.0
3770,3132,1.0
3770,3517,1.0
3770,2938,1.0
3770,3707,1.0
3770,4092,1.0
3770,2813,1.0
3771,1339,1.0
3771,60,1.0
3771,445,1.0
3771,1214,1.0
3771,1659,1.0
3771,2044,1.0
3771,765,1.0
3771,894,1.0
3771,2363,1.0
3771,3132,1.0
3771,3517,1.0
3771,2238,1.0
3771,2683,1.0
3771,3068,1.0
3771,3837,1.0
3771,3966,1.0
3772,60,1.0
3772,445,1.0
3772,1214,1.0
3772,1343,1.0
3772,1020,1.0
3772,1789,1.0
3772,1918,1.0
3772,639,1.0
3772,3132,1.0
3772,3517,1.0
3772,2238,1.0
3772,2367,1.0
3772,4092,1.0
3772,2813,1.0
3772,2942,1.0
3772,3711,1.0
3773,445,1.0
3773,1214,1.0
3773,1343,1.0
3773,0,1.0
3773,765,1.0
3773,894,1.0
3773,1663,1.0
3773,1984,1.0
3773,3517,1.0
3773,2238,1.0
3773,2367,1.0
3773,3072,1.0
3773,3837,1.0
3773,3966,1.0
3773,2687,1.0
3773,3008,1.0
3774,1214,1.0
3774,1343,1.0
3774,0,1.0
3774,385,1.0
3774,1918,1.0
3774,639,1.0
3774,960,1.0
3774,1729,1.0
3774,2238,1.0
3774,2367,1.0
3774,3072,1.0
3774,3457,1.0
3774,2942,1.0
3774,3711,1.0
3774,4032,1.0
3774,2753,1.0
3775,1343,1.0
3775,0,1.0
3775,385,1.0
3775,1154,1.0
3775,1663,1.0
3775,1984,1.0
3775,705,1.0
3775,834,1.0
3775,2367,1.0
3775,3072,1.0
3775,3457,1.0
3775,2178,1.0
3775,2687,1.0
3775,3008,1.0
3775,3777,1.0
3775,3906,1.0
3776,0,1.0
3776,385,1.0
3776,1154,1.0
3776,1283,1.0
3776,960,1.0
3776,1729,1.0
3776,1858,1.0
3776,579,1.0
3776,3072,1.0
3776,3457,1.0
3776,2178,1.0
3776,2307,1.0
3776,4032,1.0
3776,2753,1.0
3776,2882,1.0
3776,3651,1.0
3777,385,1.0
3777,1154,1.0
3777,1283,1.0
3777,4,1.0
3777,705,1.0
3777,834,1.0
3777,1603,1.0
3777,1988,1.0
3777,3457,1.0
3777,2178,1.0
3777,2307,1.0
3777,3076,1.0
3777,3777,1.0
3777,3906,1.0
3777,2627,1.0
3777,3012,1.0
3778,1154,1.0
3778,1283,1.0
3778,4,1.0
3778,389,1.0
3778,1858,1.0
3778,579,1.0
3778,964,1.0
3778,1733,1.0
3778,2178,1.0
3778,2307,1.0
3778,3076,1.0
3778,3461,1.0
3778,2882,1.0
3778,3651,1.0
3778,4036,1.0
3778,2757,1.0
3779,1283,1.0
3779,4,1.0
3779,389,1.0
3779,1158,1.0
3779,1603,1.0
3779,1988,1.0
3779,709,1.0
3779,838,1.0
3779,2307,1.0
3779,3076,1.0
3779,3461,1.0
3779,2182,1.0
3779,2627,1.0
3779,3012,1.0
3779,3781,1.0
3779,3910,1.0
3780,4,1.0
3780,389,1.0
3780,1158,1.0
3780,1287,1.0
3780,964,1.0
3780,1733,1.0
3780,1862,1.0
3780,583,1.0
3780,3076,1.0
3780,3461,1.0
3780,2182,1.0
3780,2311,1.0
3780,4036,1.0
3780,2757,1.0
3780,2886,1.0
3780,3655,1.0
3781,389,1.0
3781,1158,1.0
3781,1287,1.0
3781,8,1.0
3781,709,1.0
3781,838,1.0
3781,1607,1.0
3781,1992,1.0
3781,3461,1.0
3781,2182,1.0
3781,2311,1.0
3781,3080,1.0
3781,3781,1.0
3781,3910,1.0
3781,2631,1.0
3781,3016,1.0
3782,1158,1.0
3782,1287,1.0
3782,8,1.0
3782,393,1.0
3782,1862,1.0
3782,583,1.0
3782,968,1.0
3782,1737,1.0
3782,2182,1.0
3782,2311,1.0
3782,3080,1.0
3782,3465,1.0
3782,2886,1.0
3782,3655,1.0
3782,4040,1.0
3782,2761,1.0
3783,1287,1.0
3783,8,1.0
3783,393,1.0
3783,1162,1.0
3783,1607,1.0
3783,1992,1.0
3783,713,1.0
3783,842,1.0
3783,2311,1.0
3783,3080,1.0
3783,3465,1.0
3783,2186,1.0
3783,2631,1.0
3783,3016,1.0
3783,3785,1.0
3783,3914,1.0
3784,8,1.0
3784,393,1.0
3784,1162,1.0
3784,1291,1.0
3784,968,1.0
3784,1737,1.0
3784,1866,1.0
3784,587,1.0
3784,3080,1.0
3784,3465,1.0
3784,2186,1.0
3784,2315,1.0
3784,4040,1.0
3784,2761,1.0
3784,2890,1.0
3784,3659,1.0
3785,393,1.0
3785,1162,1.0
3785,1291,1.0
3785,12,1.0
3785,713,1.0
3785,842,1.0
3785,1611,1.0
3785,1996,1.0
3785,3465,1.0
3785,2186,1.0
3785,2315,1.0
3785,3084,1.0
3785,3785,1.0
3785,3914,1.0
3785,2635,1.0
3785,3020,1.0
3786,1162,1.0
3786,1291,1.0
3786,12,1.0
3786,397,1.0
3786,1866,1.0
3786,587,1.0
3786,972,1.0
3786,1741,1.0
3786,2186,1.0
3786,2315,1.0
3786,3084,1.0
3786,3469,1.0
3786,2890,1.0
3786,3659,1.0
3786,4044,1.0
3786,2765,1.0
3787,1291,1.0
3787,12,1.0
3787,397,1.0
3787,1166,1.0
3787,1611,1.0
3787,1996,1.0
3787,717,1.0
3787,846,1.0
3787,2315,1.0
3787,3084,1.0
3787,3469,1.0
3787,2190,1.0
3787,2635,1.0
3787,3020,1.0
3787,3789,1.0
3787,3918,1.0
3788,12,1.0
3788,397,1.0
3788,1166,1.0
3788,1295,1.0
3788,972,1.0
3788,1741,1.0
3788,1870,1.0
3788,591,1.0
3788,3084,1.0
3788,3469,1.0
3788,2190,1.0
3788,2319,1.0
3788,4044,1.0
3788,2765,1.0
3788,2894,1.0
3788,3663,1.0
3789,397,1.0
3789,1166,1.0
3789,1295,1.0
3789,16,1.0
3789,717,1.0
3789,846,1.0
3789,1615,1.0
3789,2000,1.0
3789,3469,1.0
3789,2190,1.0
3789,2319,1.0
3789,3088,1.0
3789,3789,1.0
3789,3918,1.0
3789,2639,1.0
3789,3024,1.0
3790,1166,1.0
3790,1295,1.0
3790,16,1.0
3790,401,1.0
3790,1870,1.0
3790,591,1.0
3790,976,1.0
3790,1745,1.0
3790,2190,1.0
3790,2319,1.0
3790,3088,1.0
3790,3473,1.0
3790,2894,1.0
3790,3663,1.0
3790,4048,1.0
3790,2769,1.0
3791,1295,1.0
3791,16,1.0
3791,401,1.0
3791,1170,1.0
3791,1615,1.0
3791,2000,1.0
3791,721,1.0
3791,850,1.0
3791,2319,1.0
3791,3088,1.0
3791,3473,1.0
3791,2194,1.0
3791,2639,1.0
3791,3024,1.0
3791,3793,1.0
3791,3922,1.0
3792,16,1.0
3792,401,1.0
3792,1170,1.0
3792,1299,1.0
3792,976,1.0
3792,1745,1.0
3792,1874,1.0
3792,595,1.0
3792,3088,1.0
3792,3473,1.0
3792,2194,1.0
3792,2323,1.0
3792,4048,1.0
3792,2769,1.0
3792,2898,1.0
3792,3667,1.0
3793,401,1.0
3793,1170,1.0
3793,1299,1.0
3793,20,1.0
3793,721,1.0
3793,850,1.0
3793,1619,1.0
3793,2004,1.0
3793,3473,1.0
3793,2194,1.0
3793,2323,1.0
3793,3092,1.0
3793,3793,1.0
3793,3922,1.0
3793,2643,1.0
3793,3028,1.0
3794,1170,1.0
3794,1299,1.0
3794,20,1.0
3794,405,1.0
3794,1874,1.0
3794,595,1.0
3794,980,1.0
3794,1749,1.0
3794,2194,1.0
3794,2323,1.0
3794,3092,1.0
3794,3477,1.0
3794,2898,1.0
3794,3667,1.0
3794,4052,1.0
3794,2773,1.0
3795,1299,1.0
3795,20,1.0
3795,405,1.0
3795,1174,1.0
3795,1619,1.0
3795,2004,1.0
3795,725,1.0
3795,854,1.0
3795,2323,1.0
3795,3092,1.0
3795,3477,1.0
3795,2198,1.0
3795,2643,1.0
3795,3028,1.0
3795,3797,1.0
3795,3926,1.0
3796,20,1.0
3796,405,1.0
3796,1174,1.0
3796,1303,1.0
3796,980,1.0
3796,1749,1.0
3796,1878,1.0
3796,599,1.0
3796,3092,1.0
3796,3477,1.0
3796,2198,1.0
3796,2327,1.0
3796,4052,1.0
3796,2773,1.0
3796,2902,1.0
3796,3671,1.0
3797,405,1.0
3797,1174,1.0
3797,1303,1.0
3797,24,1.0
3797,725,1.0
3797,854,1.0
3797,1623,1.0
3797,2008,1.0
3797,3477,1.0
3797,2198,1.0
3797,2327,1.0
3797,3096,1.0
3797,3797,1.0
3797,3926,1.0
3797,2647,1.0
3797,3032,1.0
3798,1174,1.0
3798,1303,1.0
3798,24,1.0
3798,409,1.0
3798,1878,1.0
3798,599,1.0
3798,984,1.0
3798,1753,1.0
3798,2198,1.0
3798,2327,1.0
3798,3096,1.0
3798,3481,1.0
3798,2902,1.0
3798,3671,1.0
3798,4056,1.0
3798,2777,1.0
3799,1303,1.0
3799,24,1.0
3799,409,1.0
3799,1178,1.0
3799,1623,1.0
3799,2008,1.0
3799,729,1.0
3799,858,1.0
3799,2327,1.0
3799,3096,1.0
3799,3481,1.0
3799,2202,1.0
3799,2647,1.0
3799,3032,1.0
3799,3801,1.0
3799,3930,1.0
3800,24,1.0
3800,409,1.0
3800,1178,1.0
3800,1307,1.0
3800,984,1.0
3800,1753,1.0
3800,1882,1.0
3800,603,1.0
3800,3096,1.0
3800,3481,1.0
3800,2202,1.0
3800,2331,1.0
3800,4056,1.0
3800,2777,1.0
3800,2906,1.0
3800,3675,1.0
3801,409,1.0
3801,1178,1.0
3801,1307,1.0
3801,28,1.0
3801,729,1.0
3801,858,1.0
3801,1627,1.0
3801,2012,1.0
3801,3481,1.0
3801,2202,1.0
3801,2331,1.0
3801,3100,1.0
3801,3801,1.0
3801,3930,1.0
3801,2651,1.0
3801,3036,1.0
3802,1178,1.0
3802,1307,1.0
3802,28,1.0
3802,413,1.0
3802,1882,1.0
3802,603,1.0
3802,988,1.0
3802,1757,1.0
3802,2202,1.0
3802,2331,1.0
3802,3100,1.0
3802,3485,1.0
3802,2906,1.0
3802,3675,1.0
3802,4060,1.0
3802,2781,1.0
3803,1307,1.0
3803,28,1.0
3803,413,1.0
3803,1182,1.0
3803,1627,1.0
3803,2012,1.0
3803,733,1.0
3803,862,1.0
3803,2331,1.0
3803,3100,1.0
3803,3485,1.0
3803,2206,1.0
3803,2651,1.0
3803,3036,1.0
3803,3805,1.0
3803,3934,1.0
3804,28,1.0
3804,413,1.0
3804,1182,1.0
3804,1311,1.0
3804,988,1.0
3804,1757,1.0
3804,1886,1.0
3804,607,1.0
3804,3100,1.0
3804,3485,1.0
3804,2206,1.0
3804,2335,1.0
3804,4060,1.0
3804,2781,1.0
3804,2910,1.0
3804,3679,1.0
3805,413,1.0
3805,1182,1.0
3805,1311,1.0
3805,32,1.0
3805,733,1.0
3805,862,1.0
3805,1631,1.0
3805,2016,1.0
3805,3485,1.0
3805,2206,1.0
3805,2335,1.0
3805,3104,1.0
3805,3805,1.0
3805,3934,1.0
3805,2655,1.0
3805,3040,1.0
3806,1182,1.0
3806,1311,1.0
3806,32,1.0
3806,417,1.0
3806,1886,1.0
3806,607,1.0
3806,992,1.0
3806,1761,1.0
3806,2206,1.0
3806,2335,1.0
3806,3104,1.0
3806,3489,1.0
3806,2910,1.0
3806,3679,1.0
3806,4064,1.0
3806,2785,1.0
3807,1311,1.0
3807,32,1.0
3807,417,1.0
3807,1186,1.0
3807,1631,1.0
3807,2016,1.0
3807,737,1.0
3807,866,1.0
3807,2335,1.0
3807,3104,1.0
3807,3489,1.0
3807,2210,1.0
3807,2655,1.0
3807,3040,1.0
3807,3809,1.0
3807,3938,1.0
3808,32,1.0
3808,417,1.0
3808,1186,1.0
3808,1315,1.0
3808,992,1.0
3808,1761,1.0
3808,1890,1.0
3808,611,1.0
3808,3104,1.0
3808,3489,1.0
3808,2210,1.0
3808,2339,1.0
3808,4064,1.0
3808,2785,1.0
3808,2914,1.0
3808,3683,1.0
3809,417,1.0
3809,1186,1.0
3809,1315,1.0
3809,36,1.0
3809,737,1.0
3809,866,1.0
3809,1635,1.0
3809,2020,1.0
3809,3489,1.0
3809,2210,1.0
3809,2339,1.0
3809,3108,1.0
3809,3809,1.0
3809,3938,1.0
3809,2659,1.0
3809,3044,1.0
3810,1186,1.0
3810,1315,1.0
3810,36,1.0
3810,421,1.0
3810,1890,1.0
3810,611,1.0
3810,996,1.0
3810,1765,1.0
3810,2210,1.0
3810,2339,1.0
3810,3108,1.0
3810,3493,1.0
3810,2914,1.0
3810,3683,1.0
3810,4068,1.0
3810,2789,1.0
3811,1315,1.0
3811,36,1.0
3811,421,1.0
3811,1190,1.0
3811,1635,1.0
3811,2020,1.0
3811,741,1.0
3811,870,1.0
3811,2339,1.0
3811,3108,1.0
3811,3493,1.0
3811,2214,1.0
3811,2659,1.0
3811,3044,1.0
3811,3813,1.0
3811,3942,1.0
3812,36,1.0
3812,421,1.0
3812,1190,1.0
3812,1319,1.0
3812,996,1.0
3812,1765,1.0
3812,1894,1.0
3812,615,1.0
3812,3108,1.0
3812,3493,1.0
3812,2214,1.0
3812,2343,1.0
3812,4068,1.0
3812,2789,1.0
3812,2918,1.0
3812,3687,1.0
3813,421,1.0
3813,1190,1.0
3813,1319,1.0
3813,40,1.0
3813,741,1.0
3813,870,1.0
3813,1639,1.0
3813,2024,1.0
3813,3493,1.0
3813,2214,1.0
3813,2343,1.0
3813,3112,1.0
3813,3813,1.0
3813,3942,1.0
3813,2663,1.0
3813,3048,1.0
3814,1190,1.0
3814,1319,1.0
3814,40,1.0
3814,425,1.0
3814,1894,1.0
3814,615,1.0
3814,1000,1.0
3814,1769,1.0
3814,2214,1.0
3814,2343,1.0
3814,3112,1.0
3814,3497,1.0
3814,2918,1.0
3814,3687,1.0
3814,4072,1.0
3814,2793,1.0
3815,1319,1.0
3815,40,1.0
3815,425,1.0
3815,1194,1.0
3815,1639,1.0
3815,2024,1.0
3815,745,1.0
3815,874,1.0
3815,2343,1.0
3815,3112,1.0
3815,3497,1.0
3815,2218,1.0
3815,2663,1.0
3815,3048,1.0
3815,3817,1.0
3815,3946,1.0
3816,40,1.0
3816,425,1.0
3816,1194,1.0
3816,1323,1.0
3816,1000,1.0
3816,1769,1.0
3816,1898,1.0
3816,619,1.0
3816,3112,1.0
3816,3497,1.0
3816,2218,1.0
3816,2347,1.0
3816,4072,1.0
3816,2793,1.0
3816,2922,1.0
3816,3691,1.0
3817,425,1.0
3817,1194,1.0
3817,1323,1.0
3817,44,1.0
3817,745,1.0
3817,874,1.0
3817,1643,1.0
3817,2028,1.0
3817,3497,1.0
3817,2218,1.0
3817,2347,1.0
3817,3116,1.0
3817,3817,1.0
3817,3946,1.0
3817,2667,1.0
3817,3052,1.0
3818,1194,1.0
3818,1323,1.0
3818,44,1.0
3818,429,1.0
3818,1898,1.0
3818,619,1.0
3818,1004,1.0
3818,1773,1.0
3818,2218,1.0
3818,2347,1.0
3818,3116,1.0
3818,3501,1.0
3818,2922,1.0
3818,3691,1.0
3818,4076,1.0
3818,2797,1.0
3819,1323,1.0
3819,44,1.0
3819,429,1.0
3819,1198,1.0
3819,1643,1.0
3819,2028,1.0
3819,749,1.0
3819,878,1.0
3819,2347,1.0
3819,3116,1.0
3819,3501,1.0
3819,2222,1.0
3819,2667,1.0
3819,3052,1.0
3819,3821,1.0
3819,3950,1.0
3820,44,1.0
3820,429,1.0
3820,1198,1.0
3820,1327,1.0
3820,1004,1.0
3820,1773,1.0
3820,1902,1.0
3820,623,1.0
3820,3116,1.0
3820,3501,1.0
3820,2222,1.0
3820,2351,1.0
3820,4076,1.0
3820,2797,1.0
3820,2926,1.0
3820,3695,1.0
3821,429,1.0
3821,1198,1.0
3821,1327,1.0
3821,48,1.0
3821,749,1.0
3821,878,1.0
3821,1647,1.0
3821,2032,1.0
3821,3501,1.0
3821,2222,1.0
3821,2351,1.0
3821,3120,1.0
3821,3821,1.0
3821,3950,1.0
3821,2671,1.0
3821,3056,1.0
3822,1198,1.0
3822,1327,1.0
3822,48,1.0
3822,433,1.0
3822,1902,1.0
3822,623,1.0
3822,1008,1.0
3822,1777,1.0
3822,2222,1.0
3822,2351,1.0
3822,3120,1.0
3822,3505,1.0
3822,2926,1.0
3822,3695,1.0
3822,4080,1.0
3822,2801,1.0
3823,1327,1.0
3823,48,1.0
3823,433,1.0
3823,1202,1.0
3823,1647,1.0
3823,2032,1.0
3823,753,1.0
3823,882,1.0
3823,2351,1.0
3823,3120,1.0
3823,3505,1.0
3823,2226,1.0
3823,2671,1.0
3823,3056,1.0
3823,3825,1.0
3823,3954,1.0
3824,48,1.0
3824,433,1.0
3824,1202,1.0
3824,1331,1.0
3824,1008,1.0
3824,1777,1.0
3824,1906,1.0
3824,627,1.0
3824,3120,1.0
3824,3505,1.0
3824,2226,1.0
3824,2355,1.0
3824,4080,1.0
3824,2801,1.0
3824,2930,1.0
3824,3699,1.0
3825,433,1.0
3825,1202,1.0
3825,1331,1.0
3825,52,1.0
3825,753,1.0
3825,882,1.0
3825,1651,1.0
3825,2036,1.0
3825,3505,1.0
3825,2226,1.0
3825,2355,1.0
3825,3124,1.0
3825,3825,1.0
3825,3954,1.0
3825,2675,1.0
3825,3060,1.0
3826,1202,1.0
3826,1331,1.0
3826,52,1.0
3826,437,1.0
3826,1906,1.0
3826,627,1.0
3826,1012,1.0
3826,1781,1.0
3826,2226,1.0
3826,2355,1.0
3826,3124,1.0
3826,3509,1.0
3826,2930,1.0
3826,3699,1.0
3826,4084,1.0
3826,2805,1.0
3827,1331,1.0
3827,52,1.0
3827,437,1.0
3827,1206,1.0
3827,1651,1.0
3827,2036,1.0
3827,757,1.0
3827,886,1.0
3827,2355,1.0
3827,3124,1.0
3827,3509,1.0
3827,2230,1.0
3827,2675,1.0
3827,3060,1.0
3827,3829,1.0
3827,3958,1.0
3828,52,1.0
3828,437,1.0
3828,1206,1.0
3828,1335,1.0
3828,1012,1.0
3828,1781,1.0
3828,1910,1.0
3828,631,1.0
3828,3124,1.0
3828,3509,1.0
3828,2230,1.0
3828,2359,1.0
3828,4084,1.0
3828,2805,1.0
3828,2934,1.0
3828,3703,1.0
3829,437,1.0
3829,1206,1.0
3829,1335,1.0
3829,56,1.0
3829,757,1.0
3829,886,1.0
3829,1655,1.0
3829,2040,1.0
3829,3509,1.0
3829,2230,1.0
3829,2359,1.0
3829,3128,1.0
3829,3829,1.0
3829,3958,1.0
3829,2679,1.0
3829,3064,1.0
3830,1206,1.0
3830,1335,1.0
3830,56,1.0
3830,441,1.0
3830,1910,1.0
3830,631,1.0
3830,1016,1.0
3830,1785,1.0
3830,2230,1.0
3830,2359,1.0
3830,3128,1.0
3830,3513,1.0
3830,2934,1.0
3830,3703,1.0
3830,4088,1.0
3830,2809,1.0
3831,1335,1.0
3831,56,1.0
3831,441,1.0
3831,1210,1.0
3831,1655,1.0
3831,2040,1.0
3831,761,1.0
3831,890,1.0
3831,2359,1.0
3831,3128,1.0
3831,3513,1.0
3831,2234,1.0
3831,2679,1.0
3831,3064,1.0
3831,3833,1.0
3831,3962,1.0
3832,56,1.0
3832,441,1.0
3832,1210,1.0
3832,1339,1.0
3832,1016,1.0
3832,1785,1.0
3832,1914,1.0
3832,635,1.0
3832,3128,1.0
3832,3513,1.0
3832,2234,1.0
3832,2363,1.0
3832,4088,1.0
3832,2809,1.0
3832,2938,1.0
3832,3707,1.0
3833,441,1.0
3833,1210,1.0
3833,1339,1.0
3833,60,1.0
3833,761,1.0
3833,890,1.0
3833,1659,1.0
3833,2044,1.0
3833,3513,1.0
3833,2234,1.0
3833,2363,1.0
3833,3132,1.0
3833,3833,1.0
3833,3962,1.0
3833,2683,1.0
3833,3068,1.0
3834,1210,1.0
3834,1339,1.0
3834,60,1.0
3834,445,1.0
3834,1914,1.0
3834,635,1.0
3834,1020,1.0
3834,1789,1.0
3834,2234,1.0
3834,2363,1.0
3834,3132,1.0
3834,3517,1.0
3834,2938,1.0
3834,3707,1.0
3834,4092,1.0
3834,2813,1.0
3835,1339,1.0
3835,60,1.0
3835,445,1.0
3835,1214,1.0
3835,1659,1.0
3835,2044,1.0
3835,765,1.0
3835,894,1.0
3835,2363,1.0
3835,3132,1.0
3835,3517,1.0
3835,2238,1.0
3835,2683,1.0
3835,3068,1.0
3835,3837,1.0
3835,3966,1.0
3836,60,1.0
3836,445,1.0
3836,1214,1.0
3836,1343,1.0
3836,1020,1.0
3836,1789,1.0
3836,1918,1.0
3836,639,1.0
3836,3132,1.0
3836,3517,1.0
3836,2238,1.0
3836,2367,1.0
3836,4092,1.0
3836,2813,1.0
3836,2942,1.0
3836,3711,1.0
3837,445,1.0
3837,1214,1.0
3837,1343,1.0
3837,0,1.0
3837,765,1.0
3837,894,1.0
3837,1663,1.0
3837,1984,1.0
3837,3517,1.0
3837,2238,1.0
3837,2367,1.0
3837,3072,1.0
3837,3837,1.0
3837,3966,1.0
3837,2687,1.0
3837,3008,1.0
3838,1214,1.0
3838,1343,1.0
3838,0,1.0
3838,385,1.0
3838,1918,1.0
3838,639,1.0
3838,960,1.0
3838,1729,1.0
3838,2238,1.0
3838,2367,1.0
3838,3072,1.0
3838,3457,1.0
3838,2942,1.0
3838,3711,1.0
3838,4032,1.0
3838,2753,1.0
3839,1343,1.0
3839,0,1.0
3839,385,1.0
3839,1154,1.0
3839,1663,1.0
3839,1984,1.0
3839,705,1.0
3839,834,1.0
3839,2367,1.0
3839,3072,1.0
3839,3457,1.0
3839,2178,1.0
3839,2687,1.0
3839,3008,1.0
3839,3777,1.0
3839,3906,1.0
3840,0,1.0
3840,385,1.0
3840,1154,1.0
3840,1283,1.0
3840,960,1.0
3840,1729,1.0
3840,1858,1.0
3840,579,1.0
3840,3072,1.0
3840,3457,1.0
3840,2178,1.0
3840,2307,1.0
3840,4032,1.0
3840,2753,1.0
3840,2882,1.0
3840,3651,1.0
3841,385,1.0
3841,1154,1.0
3841,1283,1.0
3841,4,1.0
3841,705,1.0
3841,834,1.0
3841,1603,1.0
3841,1988,1.0
3841,3457,1.0
3841,2178,1.0
3841,2307,1.0
3841,3076,1.0
3841,3777,1.0
3841,3906,1.0
3841,2627,1.0
3841,3012,1.0
3842,1154,1.0
3842,1283,1.0
3842,4,1.0
3842,389,1.0
3842,1858,1.0
3842,579,1.0
3842,964,1.0
3842,1733,1.0
3842,2178,1.0
3842,2307,1.0
3842,3076,1.0
3842,3461,1.0
3842,2882,1.0
3842,3651,1.0
3842,4036,1.0
3842,2757,1.0
3843,1283,1.0
3843,4,1.0
3843,389,1.0
3843,1158,1.0
3843,1603,1.0
3843,1988,1.0
3843,709,1.0
3843,838,1.0
3843,2307,1.0
3843,3076,1.0
3843,3461,1.0
3843,2182,1.0
3843,2627,1.0
3843,3012,1.0
3843,3781,1.0
3843,3910,1.0
3844,4,1.0
3844,389,1.0
3844,1158,1.0
3844,1287,1.0
3844,964,1.0
3844,1733,1.0
3844,1862,1.0
3844,583,1.0
3844,3076,1.0
3844,3461,1.0
3844,2182,1.0
3844,2311,1.0
3844,4036,1.0
3844,2757,1.0
3844,2886,1.0
3844,3655,1.0
3845,389,1.0
3845,1158,1.0
3845,1287,1.0
3845,8,1.0
3845,709,1.0
3845,838,1.0
3845,1607,1.0
3845,1992,1.0
3845,3461,1.0
3845,2182,1.0
3845,2311,1.0
3845,3080,1.0
3845,3781,1.0
3845,3910,1.0
3845,2631,1.0
3845,3016,1.0
3846,1158,1.0
3846,1287,1.0
3846,8,1.0
3846,393,1.0
3846,1862,1.0
3846,583,1.0
3846,968,1.0
3846,1737,1.0
3846,2182,1.0
3846,2311,1.0
3846,3080,1.0
3846,3465,1.0
3846,2886,1.0
3846,3655,1.0
3846,4040,1.0
3846,2761,1.0
3847,1287,1.0
3847,8,1.0
3847,393,1.0
3847,1162,1.0
3847,1607,1.0
3847,1992,1.0
3847,713,1.0
3847,842,1.0
3847,2311,1.0
3847,3080,1.0
3847,3465,1.0
3847,2186,1.0
3847,2631,1.0
3847,3016,1.0
3847,3785,1.0
3847,3914,1.0
3848,8,1.0
3848,393,1.0
3848,1162,1.0
3848,1291,1.0
3848,968,1.0
3848,1737,1.0
3848,1866,1.0
3848,587,1.0
3848,3080,1.0
3848,3465,1.0
3848,2186,1.0
3848,2315,1.0
3848,4040,1.0
3848,2761,1.0
3848,2890,1.0
3848,3659,1.0
3849,393,1.0
3849,1162,1.0
3849,1291,1.0
3849,12,1.0
3849,713,1.0
3849,842,1.0
3849,1611,1.0
3849,1996,1.0
3849,3465,1.0
3849,2186,1.0
3849,2315,1.0
3849,3084,1.0
3849,3785,1.0
3849,3914,1.0
3849,2635,1.0
3849,3020,1.0
3850,1162,1.0
3850,1291,1.0
3850,12,1.0
3850,397,1.0
3850,1866,1.0
3850,587,1.0
3850,972,1.0
3850,1741,1.0
3850,2186,1.0
3850,2315,1.0
3850,3084,1.0
3850,3469,1.0
3850,2890,1.0
3850,3659,1.0
3850,4044,1.0
3850,2765,1.0
3851,1291,1.0
3851,12,1.0
3851,397,1.0
3851,1166,1.0
3851,1611,1.0
3851,1996,1.0
3851,717,1.0
3851,846,1.0
3851,2315,1.0
3851,3084,1.0
3851,3469,1.0
3851,2190,1.0
3851,2635,1.0
3851,3020,1.0
3851,3789,1.0
3851,3918,1.0
3852,12,1.0
3852,397,1.0
3852,1166,1.0
3852,1295,1.0
3852,972,1.0
3852,1741,1.0
3852,1870,1.0
3852,591,1.0
3852,3084,1.0
3852,3469,1.0
3852,2190,1.0
3852,2319,1.0
3852,4044,1.0
3852,2765,1.0
3852,2894,1.0
3852,3663,1.0
3853,397,1.0
3853,1166,1.0
3853,1295,1.0
3853,16,1.0
3853,717,1.0
3853,846,1.0
3853,1615,1.0
3853,2000,1.0
3853,3469,1.0
3853,2190,1.0
3853,2319,1.0
3853,3088,1.0
3853,3789,1.0
3853,3918,1.0
3853,2639,1.0
3853,3024,1.0
3854,1166,1.0
3854,1295,1.0
3854,16,1.0
3854,401,1.0
3854,1870,1.0
3854,591,1.0
3854,976,1.0
3854,1745,1.0
3854,2190,1.0
3854,2319,1.0
3854,3088,1.0
3854,3473,1.0
3854,2894,1.0
3854,3663,1.0
3854,4048,1.0
3854,2769,1.0
3855,1295,1.0
3855,16,1.0
3855,401,1.0
3855,1170,1.0
3855,1615,1.0
3855,2000,1.0
3855,721,1.0
3855,850,1.0
3855,2319,1.0
3855,3088,1.0
3855,3473,1.0
3855,2194,1.0
3855,2639,1.0
3855,3024,1.0
3855,3793,1.0
3855,3922,1.0
3856,16,1.0
3856,401,1.0
3856,1170,1.0
3856,1299,1.0
3856,976,1.0
3856,1745,1.0
3856,1874,1.0
3856,595,1.0
3856,3088,1.0
3856,3473,1.0
3856,2194,1.0
3856,2323,1.0
3856,4048,1.0
3856,2769,1.0
3856,2898,1.0
3856,3667,1.0
3857,401,1.0
3857,1170,1.0
3857,1299,1.0
3857,20,1.0
3857,721,1.0
3857,850,1.0
3857,1619,1.0
3857,2004,1.0
3857,3473,1.0
3857,2194,1.0
3857,2323,1.0
3857,3092,1.0
3857,3793,1.0
3857,3922,1.0
3857,2643,1.0
3857,3028,1.0
3858,1170,1.0
3858,1299,1.0
3858,20,1.0
3858,405,1.0
3858,1874,1.0
3858,595,1.0
3858,980,1.0
3858,1749,1.0
3858,2194,1.0
3858,2323,1.0
3858,3092,1.0
3858,3477,1.0
3858,2898,1.0
3858,3667,1.0
3858,4052,1.0
3858,2773,1.0
3859,1299,1.0
3859,20,1.0
3859,405,1.0
3859,1174,1.0
3859,1619,1.0
3859,2004,1.0
3859,725,1.0
3859,854,1.0
3859,2323,1.0
3859,3092,1.0
3859,3477,1.0
3859,2198,1.0
3859,2643,1.0
3859,3028,1.0
3859,3797,1.0
3859,3926,1.0
3860,20,1.0
3860,405,1.0
3860,1174,1.0
3860,1303,1.0
3860,980,1.0
3860,1749,1.0
3860,1878,1.0
3860,599,1.0
3860,3092,1.0
3860,3477,1.0
3860,2198,1.0
3860,2327,1.0
3860,4052,1.0
3860,2773,1.0
3860,2902,1.0
3860,3671,1.0
3861,405,1.0
3861,1174,1.0
3861,1303,1.0
3861,24,1.0
3861,725,1.0
3861,854,1.0
3861,1623,1.0
3861,2008,1.0
3861,3477,1.0
3861,2198,1.0
3861,2327,1.0
3861,3096,1.0
3861,3797,1.0
3861,3926,1.0
3861,2647,1.0
3861,3032,1.0
3862,1174,1.0
3862,1303,1.0
3862,24,1.0
3862,409,1.0
3862,1878,1.0
3862,599,1.0
3862,984,1.0
3862,1753,1.0
3862,2198,1.0
3862,2327,1.0
3862,3096,1.0
3862,3481,1.0
3862,2902,1.0
3862,3671,1.0
3862,4056,1.0
3862,2777,1.0
3863,1303,1.0
3863,24,1.0
3863,409,1.0
3863,1178,1.0
3863,1623,1.0
3863,2008,1.0
3863,729,1.0
3863,858,1.0
3863,2327,1.0
3863,3096,1.0
3863,3481,1.0
3863,2202,1.0
3863,2647,1.0
3863,3032,1.0
3863,3801,1.0
3863,3930,1.0
3864,24,1.0
3864,409,1.0
3864,1178,1.0
3864,1307,1.0
3864,984,1.0
3864,1753,1.0
3864,1882,1.0
3864,603,1.0
3864,3096,1.0
3864,3481,1.0
3864,2202,1.0
3864,2331,1.0
3864,4056,1.0
3864,2777,1.0
3864,2906,1.0
3864,3675,1.0
3865,409,1.0
3865,1178,1.0
3865,1307,1.0
3865,28,1.0
3865,729,1.0
3865,858,1.0
3865,1627,1.0
3865,2012,1.0
3865,3481,1.0
3865,2202,1.0
3865,2331,1.0
3865,3100,1.0
3865,3801,1.0
3865,3930,1.0
3865,2651,1.0
3865,3036,1.0
3866,1178,1.0
3866,1307,1.0
3866,28,1.0
3866,413,1.0
3866,1882,1.0
3866,603,1.0
3866,988,1.0
3866,1757,1.0
3866,2202,1.0
3866,2331,1.0
3866,3100,1.0
3866,3485,1.0
3866,2906,1.0
3866,3675,1.0
3866,4060,1.0
3866,2781,1.0
3867,1307,1.0
3867,28,1.0
3867,413,1.0
3867,1182,1.0
3867,1627,1.0
3867,2012,1.0
3867,733,1.0
3867,862,1.0
3867,2331,1.0
3867,3100,1.0
3867,3485,1.0
3867,2206,1.0
3867,2651,1.0
3867,3036,1.0
3867,3805,1.0
3867,3934,1.0
3868,28,1.0
3868,413,1.0
3868,1182,1.0
3868,1311,1.0
3868,988,1.0
3868,1757,1.0
3868,1886,1.0
3868,607,1.0
3868,3100,1.0
3868,3485,1.0
3868,2206,1.0
3868,2335,1.0
3868,4060,1.0
3868,2781,1.0
3868,2910,1.0
3868,3679,1.0
3869,413,1.0
3869,1182,1.0
3869,1311,1.0
3869,32,1.0
3869,733,1.0
3869,862,1.0
3869,1631,1.0
3869,2016,1.0
3869,3485,1.0
3869,2206,1.0
3869,2335,1.0
3869,3104,1.0
3869,3805,1.0
3869,3934,1.0
3869,2655,1.0
3869,3040,1.0
3870,1182,1.0
3870,1311,1.0
3870,32,1.0
3870,417,1.0
3870,1886,1.0
3870,607,1.0
3870,992,1.0
3870,1761,1.0
3870,2206,1.0
3870,2335,1.0
3870,3104,1.0
3870,3489,1.0
3870,2910,1.0
3870,3679,1.0
3870,4064,1.0
3870,2785,1.0
3871,1311,1.0
3871,32,1.0
3871,417,1.0
3871,1186,1.0
3871,1631,1.0
3871,2016,1.0
3871,737,1.0
3871,866,1.0
3871,2335,1.0
3871,3104,1.0
3871,3489,1.0
3871,2210,1.0
3871,2655,1.0
3871,3040,1.0
3871,3809,1.0
3871,3938,1.0
3872,32,1.0
3872,417,1.0
3872,1186,1.0
3872,1315,1.0
3872,992,1.0
3872,1761,1.0
3872,1890,1.0
3872,611,1.0
3872,3104,1.0
3872,3489,1.0
3872,2210,1.0
3872,2339,1.0
3872,4064,1.0
3872,2785,1.0
3872,2914,1.0
3872,3683,1.0
3873,417,1.0
3873,1186,1.0
3873,1315,1.0
3873,36,1.0
3873,737,1.0
3873,866,1.0
3873,1635,1.0
3873,2020,1.0
3873,3489,1.0
3873,2210,1.0
3873,2339,1.0
3873,3108,1.0
3873,3809,1.0
3873,3938,1.0
3873,2659,1.0
3873,3044,1.0
3874,1186,1.0
3874,1315,1.0
3874,36,1.0
3874,421,1.0
3874,1890,1.0
3874,611,1.0
3874,996,1.0
3874,1765,1.0
3874,2210,1.0
3874,2339,1.0
3874,3108,1.0
3874,3493,1.0
3874,2914,1.0
3874,3683,1.0
3874,4068,1.0
3874,2789,1.0
3875,1315,1.0
3875,36,1.0
3875,421,1.0
3875,1190,1.0
3875,1635,1.0
3875,2020,1.0
3875,741,1.0
3875,870,1.0
3875,2339,1.0
3875,3108,1.0
3875,3493,1.0
3875,2214,1.0
3875,2659,1.0
3875,3044,1.0
3875,3813,1.0
3875,3942,1.0
3876,36,1.0
3876,421,1.0
3876,1190,1.0
3876,1319,1.0
3876,996,1.0
3876,1765,1.0
3876,1894,1.0
3876,615,1.0
3876,3108,1.0
3876,3493,1.0
3876,2214,1.0
3876,2343,1.0
3876,4068,1.0
3876,2789,1.0
3876,2918,1.0
3876,3687,1.0
3877,421,1.0
3877,1190,1.0
3877,1319,1.0
3877,40,1.0
3877,741,1.0
3877,870,1.0
3877,1639,1.0
3877,2024,1.0
3877,3493,1.0
3877,2214,1.0
3877,2343,1.0
3877,3112,1.0
3877,3813,1.0
3877,3942,1.0
3877,2663,1.0
3877,3048,1.0
3878,1190,1.0
3878,1319,1.0
3878,40,1.0
3878,425,1.0
3878,1894,1.0
3878,615,1.0
3878,1000,1.0
3878,1769,1.0
3878,2214,1.0
3878,2343,1.0
3878,3112,1.0
3878,3497,1.0
3878,2918,1.0
3878,3687,1.0
3878,4072,1.0
3878,2793,1.0
3879,1319,1.0
3879,40,1.0
3879,425,1.0
3879,1194,1.0
3879,1639,1.0
3879,2024,1.0
3879,745,1.0
3879,874,1.0
3879,2343,1.0
3879,3112,1.0
3879,3497,1.0
3879,2218,1.0
3879,2663,1.0
3879,3048,1.0
3879,3817,1.0
3879,3946,1.0
3880,40,1.0
3880,425,1.0
3880,1194,1.0
3880,1323,1.0
3880,1000,1.0
3880,1769,1.0
3880,1898,1.0
3880,619,1.0
3880,3112,1.0
3880,3497,1.0
3880,2218,1.0
3880,2347,1.0
3880,4072,1.0
3880,2793,1.0
3880,2922,1.0
3880,3691,1.0
3881,425,1.0
3881,1194,1.0
3881,1323,1.0
3881,44,1.0
3881,745,1.0
3881,874,1.0
3881,1643,1.0
3881,2028,1.0
3881,3497,1.0
3881,2218,1.0
3881,2347,1.0
3881,3116,1.0
3881,3817,1.0
3881,3946,1.0
3881,2667,1.0
3881,3052,1.0
3882,1194,1.0
3882,1323,1.0
3882,44,1.0
3882,429,1.0
3882,1898,1.0
3882,619,1.0
3882,1004,1.0
3882,1773,1.0
3882,2218,1.0
3882,2347,1.0
3882,3116,1.0
3882,3501,1.0
3882,2922,1.0
3882,3691,1.0
3882,4076,1.0
3882,2797,1.0
3883,1323,1.0
3883,44,1.0
3883,429,1.0
3883,1198,1.0
3883,1643,1.0
3883,2028,1.0
3883,749,1.0
3883,878,1.0
3883,2347,1.0
3883,3116,1.0
3883,3501,1.0
3883,2222,1.0
3883,2667,1.0
3883,3052,1.0
3883,3821,1.0
3883,3950,1.0
3884,44,1.0
3884,429,1.0
3884,1198,1.0
3884,1327,1.0
3884,1004,1.0
3884,1773,1.0
3884,1902,1.0
3884,623,1.0
3884,3116,1.0
3884,3501,1.0
3884,2222,1.0
3884,2351,1.0
3884,4076,1.0
3884,2797,1.0
3884,2926,1.0
3884,3695,1.0
3885,429,1.0
3885,1198,1.0
3885,1327,1.0
3885,48,1.0
3885,749,1.0
3885,878,1.0
3885,1647,1.0
3885,2032,1.0
3885,3501,1.0
3885,2222,1.0
3885,2351,1.0
3885,3120,1.0
3885,3821,1.0
3885,3950,1.0
3885,2671,1.0
3885,3056,1.0
3886,1198,1.0
3886,1327,1.0
3886,48,1.0
3886,433,1.0
3886,1902,1.0
3886,623,1.0
3886,1008,1.0
3886,1777,1.0
3886,2222,1.0
3886,2351,1.0
3886,3120,1.0
3886,3505,1.0
3886,2926,1.0
3886,3695,1.0
3886,4080,1.0
3886,2801,1.0
3887,1327,1.0
3887,48,1.0
3887,433,1.0
3887,1202,1.0
3887,1647,1.0
3887,2032,1.0
3887,753,1.0
3887,882,1.0
3887,2351,1.0
3887,3120,1.0
3887,3505,1.0
3887,2226,1.0
3887,2671,1.0
3887,3056,1.0
3887,3825,1.0
3887,3954,1.0
3888,48,1.0
3888,433,1.0
3888,1202,1.0
3888,1331,1.0
3888,1008,1.0
3888,1777,1.0
3888,1906,1.0
3888,627,1.0
3888,3120,1.0
3888,3505,1.0
3888,2226,1.0
3888,2355,1.0
3888,4080,1.0
3888,2801,1.0
3888,2930,1.0
3888,3699,1.0
3889,433,1.0
3889,1202,1.0
3889,1331,1.0
3889,52,1.0
3889,753,1.0
3889,882,1.0
3889,1651,1.0
3889,2036,1.0
3889,3505,1.0
3889,2226,1.0
3889,2355,1.0
3889,3124,1.0
3889,3825,1.0
3889,3954,1.0
3889,2675,1.0
3889,3060,1.0
3890,1202,1.0
3890,1331,1.0
3890,52,1.0
3890,437,1.0
3890,1906,1.0
3890,627,1.0
3890,1012,1.0
3890,1781,1.0
3890,2226,1.0
3890,2355,1.0
3890,3124,1.0
3890,3509,1.0
3890,2930,1.0
3890,3699,1.0
3890,4084,1.0
3890,2805,1.0
3891,1331,1.0
3891,52,1.0
3891,437,1.0
3891,1206,1.0
3891,1651,1.0
3891,2036,1.0
3891,757,1.0
3891,886,1.0
3891,2355,1.0
3891,3124,1.0
3891,3509,1.0
3891,2230,1.0
3891,2675,1.0
3891,3060,1.0
3891,3829,1.0
3891,3958,1.0
3892,52,1.0
3892,437,1.0
3892,1206,1.0
3892,1335,1.0
3892,1012,1.0
3892,1781,1.0
3892,1910,1.0
3892,631,1.0
3892,3124,1.0
3892,3509,1.0
3892,2230,1.0
3892,2359,1.0
3892,4084,1.0
3892,2805,1.0
3892,2934,1.0
3892,3703,1.0
3893,437,1.0
3893,1206,1.0
3893,1335,1.0
3893,56,1.0
3893,757,1.0
3893,886,1.0
3893,1655,1.0
3893,2040,1.0
3893,3509,1.0
3893,2230,1.0
3893,2359,1.0
3893,3128,1.0
3893,3829,1.0
3893,3958,1.0
3893,2679,1.0
3893,3064,1.0
3894,1206,1.0
3894,1335,1.0
3894,56,1.0
3894,441,1.0
3894,1910,1.0
3894,631,1.0
3894,1016,1.0
3894,1785,1.0
3894,2230,1.0
3894,2359,1.0
3894,3128,1.0
3894,3513,1.0
3894,2934,1.0
3894,3703,1.0
3894,4088,1.0
3894,2809,1.0
3895,1335,1.0
3895,56,1.0
3895,441,1.0
3895,1210,1.0
3895,1655,1.0
3895,2040,1.0
3895,761,1.0
3895,890,1.0
3895,2359,1.0
3895,3128,1.0
3895,3513,1.0
3895,2234,1.0
3895,2679,1.0
3895,3064,1.0
3895,3833,1.0
3895,3962,1.0
3896,56,1.0
3896,441,1.0
3896,1210,1.0
3896,1339,1.0
3896,1016,1.0
3896,1785,1.0
3896,1914,1.0
3896,635,1.0
3896,3128,1.0
3896,3513,1.0
3896,2234,1.0
3896,2363,1.0
3896,4088,1.0
3896,2809,1.0
3896,2938,1.0
3896,3707,1.0
3897,441,1.0
3897,1210,1.0
3897,1339,1.0
3897,60,1.0
3897,761,1.0
3897,890,1.0
3897,1659,1.0
3897,2044,1.0
3897,3513,1.0
3897,2234,1.0
3897,2363,1.0
3897,3132,1.0
3897,3833,1.0
3897,3962,1.0
3897,2683,1.0
3897,3068,1.0
3898,1210,1.0
3898,1339,1.0
3898,60,1.0
3898,445,1.0
3898,1914,1.0
3898,635,1.0
3898,1020,1.0
3898,1789,1.0
3898,2234,1.0
3898,2363,1.0
3898,3132,1.0
3898,3517,1.0
3898,2938,1.0
3898,3707,1.0
3898,4092,1.0
3898,2813,1.0
3899,1339,1.0
3899,60,1.0
3899,445,1.0
3899,1214,1.0
3899,1659,1.0
3899,2044,1.0
3899,765,1.0
3899,894,1.0
3899,2363,1.0
3899,3132,1.0
3899,3517,1.0
3899,2238,1.0
3899,2683,1.0
3899,3068,1.0
3899,3837,1.0
3899,3966,1.0
3900,60,1.0
3900,445,1.0
3900,1214,1.0
3900,1343,1.0
3900,1020,1.0
3900,1789,1.0
3900,1918,1.0
3900,639,1.0
3900,3132,1.0
3900,3517,1.0
3900,2238,1.0
3900,2367,1.0
3900,4092,1.0
3900,2813,1.0
3900,2942,1.0
3900,3711,1.0
3901,445,1.0
3901,1214,1.0
3901,1343,1.0
3901,0,1.0
3901,765,1.0
3901,894,1.0
3901,1663,1.0
3901,1984,1.0
3901,3517,1.0
3901,2238,1.0
3901,2367,1.0
3901,3072,1.0
3901,3837,1.0
3901,3966,1.0
3901,2687,1.0
3901,3008,1.0
3902,1214,1.0
3902,1343,1.0
3902,0,1.0
3902,385,1.0
3902,1918,1.0
3902,639,1.0
3902,960,1.0
3902,1729,1.0
3902,2238,1.0
3902,2367,1.0
3902,3072,1.0
3902,3457,1.0
3902,2942,1.0
3902,3711,1.0
3902,4032,1.0
3902,2753,1.0
3903,1343,1.0
3903,0,1.0
3903,385,1.0
3903,1154,1.0
3903,1663,1.0
3903,1984,1.0
3903,705,1.0
3903,834,1.0
3903,2367,1.0
3903,3072,1.0
3903,3457,1.0
3903,2178,1.0
3903,2687,1.0
3903,3008,1.0
3903,3777,1.0
3903,3906,1.0
3904,0,1.0
3904,385,1.0
3904,1154,1.0
3904,1283,1.0
3904,960,1.0
3904,1729,1.0
3904,1858,1.0
3904,579,1.0
3904,3072,1.0
3904,3457,1.0
3904,2178,1.0
3904,2307,1.0
3904,4032,1.0
3904,2753,1.0
3904,2882,1.0
3904,3651,1.0
3905,385,1.0
3905,1154,1.0
3905,1283,1.0
3905,4,1.0
3905,705,1.0
3905,834,1.0
3905,1603,1.0
3905,1988,1.0
3905,3457,1.0
3905,2178,1.0
3905,2307,1.0
3905,3076,1.0
3905,3777,1.0
3905,3906,1.0
3905,2627,1.0
3905,3012,1.0
3906,1154,1.0
3906,1283,1.0
3906,4,1.0
3906,389,1.0
3906,1858,1.0
3906,579,1.0
3906,964,1.0
3906,1733,1.0
3906,2178,1.0
3906,2307,1.0
3906,3076,1.0
3906,3461,1.0
3906,2882,1.0
3906,3651,1.0
3906,4036,1.0
3906,2757,1.0
3907,1283,1.0
3907,4,1.0
3907,389,1.0
3907,1158,1.0
3907,1603,1.0
3907,1988,1.0
3907,709,1.0
3907,838,1.0
3907,2307,1.0
3907,3076,1.0
3907,3461,1.0
3907,2182,1.0
3907,2627,1.0
3907,3012,1.0
3907,3781,1.0
3907,3910,1.0
3908,4,1.0
3908,389,1.0
3908,1158,1.0
3908,1287,1.0
3908,964,1.0
3908,1733,1.0
3908,1862,1.0
3908,583,1.0
3908,3076,1.0
3908,3461,1.0
3908,2182,1.0
3908,2311,1.0
3908,4036,1.0
3908,2757,1.0
3908,2886,1.0
3908,3655,1.0
3909,389,1.0
3909,1158,1.0
3909,1287,1.0
3909,8,1.0
3909,709,1.0
3909,838,1.0
3909,1607,1.0
3909,1992,1.0
3909,3461,1.0
3909,2182,1.0
3909,2311,1.0
3909,3080,1.0
3909,3781,1.0
3909,3910,1.0
3909,2631,1.0
3909,3016,1.0
3910,1158,1.0
3910,1287,1.0
3910,8,1.0
3910,393,1.0
3910,1862,1.0
3910,583,1.0
3910,968,1.0
3910,1737,1.0
3910,2182,1.0
3910,2311,1.0
3910,3080,1.0
3910,3465,1.0
3910,2886,1.0
3910,3655,1.0
3910,4040,1.0
3910,2761,1.0
3911,1287,1.0
3911,8,1.0
3911,393,1.0
3911,1162,1.0
3911,1607,1.0
3911,1992,1.0
3911,713,1.0
3911,842,1.0
3911,2311,1.0
3911,3080,1.0
3911,3465,1.0
3911,2186,1.0
3911,2631,1.0
3911,3016,1.0
3911,3785,1.0
3911,3914,1.0
3912,8,1.0
3912,393,1.0
3912,1162,1.0
3912,1291,1.0
3912,968,1.0
3912,1737,1.0
3912,1866,1.0
3912,587,1.0
3912,3080,1.0
3912,3465,1.0
3912,2186,1.0
3912,2315,1.0
3912,4040,1.0
3912,2761,1.0
3912,2890,1.0
3912,3659,1.0
3913,393,1.0
3913,1162,1.0
3913,1291,1.0
3913,12,1.0
3913,713,1.0
3913,842,1.0
3913,1611,1.0
3913,1996,1.0
3913,3465,1.0
3913,2186,1.0
3913,2315,1.0
3913,3084,1.0
3913,3785,1.0
3913,3914,1.0
3913,2635,1.0
3913,3020,1.0
3914,1162,1.0
3914,1291,1.0
3914,12,1.0
3914,397,1.0
3914,1866,1.0
3914,587,1.0
3914,972,1.0
3914,1741,1.0
3914,2186,1.0
3914,2315,1.0
3914,3084,1.0
3914,3469,1.0
3914,2890,1.0
3914,3659,1.0
3914,4044,1.0
3914,2765,1.0
3915,1291,1.0
3915,12,1.0
3915,397,1.0
3915,1166,1.0
3915,1611,1.0
3915,1996,1.0
3915,717,1.0
3915,846,1.0
3915,2315,1.0
3915,3084,1.0
3915,3469,1.0
3915,2190,1.0
3915,2635,1.0
3915,3020,1.0
3915,3789,1.0
3915,3918,1.0
3916,12,1.0
3916,397,1.0
3916,1166,1.0
3916,1295,1.0
3916,972,1.0
3916,1741,1.0
3916,1870,1.0
3916,591,1.0
3916,3084,1.0
3916,3469,1.0
3916,2190,1.0
3916,2319,1.0
3916,4044,1.0
3916,2765,1.0
3916,2894,1.0
3916,3663,1.0
3917,397,1.0
3917,1166,1.0
3917,1295,1.0
3917,16,1.0
3917,717,1.0
3917,846,1.0
3917,1615,1.0
3917,2000,1.0
3917,3469,1.0
3917,2190,1.0
3917,2319,1.0
3917,3088,1.0
3917,3789,1.0
3917,3918,1.0
3917,2639,1.0
3917,3024,1.0
3918,1166,1.0
3918,1295,1.0
3918,16,1.0
3918,401,1.0
3918,1870,1.0
3918,591,1.0
3918,976,1.0
3918,1745,1.0
3918,2190,1.0
3918,2319,1.0
3918,3088,1.0
3918,3473,1.0
3918,2894,1.0
3918,3663,1.0
3918,4048,1.0
3918,2769,1.0
3919,1295,1.0
3919,16,1.0
3919,401,1.0
3919,1170,1.0
3919,1615,1.0
3919,2000,1.0
3919,721,1.0
3919,850,1.0
3919,2319,1.0
3919,3088,1.0
3919,3473,1.0
3919,2194,1.0
3919,2639,1.0
3919,3024,1.0
3919,3793,1.0
3919,3922,1.0
3920,16,1.0
3920,401,1.0
3920,1170,1.0
3920,1299,1.0
3920,976,1.0
3920,1745,1.0
3920,1874,1.0
3920,595,1.0
3920,3088,1.0
3920,3473,1.0
3920,2194,1.0
3920,2323,1.0
3920,4048,1.0
3920,2769,1.0
3920,2898,1.0
3920,3667,1.0
3921,401,1.0
3921,1170,1.0
3921,1299,1.0
3921,20,1.0
3921,721,1.0
3921,850,1.0
3921,1619,1.0
3921,2004,1.0
3921,3473,1.0
3921,2194,1.0
3921,2323,1.0
3921,3092,1.0
3921,3793,1.0
3921,3922,1.0
3921,2643,1.0
3921,3028,1.0
3922,1170,1.0
3922,1299,1.0
3922,20,1.0
3922,405,1.0
3922,1874,1.0
3922,595,1.0
3922,980,1.0
3922,1749,1.0
3922,2194,1.0
3922,2323,1.0
3922,3092,1.0
3922,3477,1.0
3922,2898,1.0
3922,3667,1.0
3922,4052,1.0
3922,2773,1.0
3923,1299,1.0
3923,20,1.0
3923,405,1.0
3923,1174,1.0
3923,1619,1.0
3923,2004,1.0
3923,725,1.0
3923,854,1.0
3923,2323,1.0
3923,3092,1.0
3923,3477,1.0
3923,2198,1.0
3923,2643,1.0
3923,3028,1.0
3923,3797,1.0
3923,3926,1.0
3924,20,1.0
3924,405,1.0
3924,1174,1.0
3924,1303,1.0
3924,980,1.0
3924,1749,1.0
3924,1878,1.0
3924,599,1.0
3924,3092,1.0
3924,3477,1.0
3924,2198,1.0
3924,2327,1.0
3924,4052,1.0
3924,2773,1.0
3924,2902,1.0
3924,3671,1.0
3925,405,1.0
3925,1174,1.0
3925,1303,1.0
3925,24,1.0
3925,725,1.0
3925,854,1.0
3925,1623,1.0
3925,2008,1.0
3925,3477,1.0
3925,2198,1.0
3925,2327,1.0
3925,3096,1.0
3925,3797,1.0
3925,3926,1.0
3925,2647,1.0
3925,3032,1.0
3926,1174,1.0
3926,1303,1.0
3926,24,1.0
3926,409,1.0
3926,1878,1.0
3926,599,1.0
3926,984,1.0
3926,1753,1.0
3926,2198,1.0
3926,2327,1.0
3926,3096,1.0
3926,3481,1.0
3926,2902,1.0
3926,3671,1.0
3926,4056,1.0
3926,2777,1.0
3927,1303,1.0
3927,24,1.0
3927,409,1.0
3927,1178,1.0
3927,1623,1.0
3927,2008,1.0
3927,729,1.0
3927,858,1.0
3927,2327,1.0
3927,3096,1.0
3927,3481,1.0
3927,2202,1.0
3927,2647,1.0
3927,3032,1.0
3927,3801,1.0
3927,3930,1.0
3928,24,1.0
3928,409,1.0
3928,1178,1.0
3928,1307,1.0
3928,984,1.0
3928,1753,1.0
3928,1882,1.0
3928,603,1.0
3928,3096,1.0
3928,3481,1.0
3928,2202,1.0
3928,2331,1.0
3928,4056,1.0
3928,2777,1.0
3928,2906,1.0
3928,3675,1.0
3929,409,1.0
3929,1178,1.0
3929,1307,1.0
3929,28,1.0
3929,729,1.0
3929,858,1.0
3929,1627,1.0
3929,2012,1.0
3929,3481,1.0
3929,2202,1.0
3929,2331,1.0
3929,3100,1.0
3929,3801,1.0
3929,3930,1.0
3929,2651,1.0
3929,3036,1.0
3930,1178,1.0
3930,1307,1.0
3930,28,1.0
3930,413,1.0
3930,1882,1.0
3930,603,1.0
3930,988,1.0
3930,1757,1.0
3930,2202,1.0
3930,2331,1.0
3930,3100,1.0
3930,3485,1.0
3930,2906,1.0
3930,3675,1.0
3930,4060,1.0
3930,2781,1.0
3931,1307,1.0
3931,28,1.0
3931,413,1.0
3931,1182,1.0
3931,1627,1.0
3931,2012,1.0
3931,733,1.0
3931,862,1.0
3931,2331,1.0
3931,3100,1.0
3931,3485,1.0
3931,2206,1.0
3931,2651,1.0
3931,3036,1.0
3931,3805,1.0
3931,3934,1.0
3932,28,1.0
3932,413,1.0
3932,1182,1.0
3932,1311,1.0
3932,988,1.0
3932,1757,1.0
3932,1886,1.0
3932,607,1.0
3932,3100,1.0
3932,3485,1.0
3932,2206,1.0
3932,2335,1.0
3932,4060,1.0
3932,2781,1.0
3932,2910,1.0
3932,3679,1.0
3933,413,1.0
3933,1182,1.0
3933,1311,1.0
3933,32,1.0
3933,733,1.0
3933,862,1.0
3933,1631,1.0
3933,2016,1.0
3933,3485,1.0
3933,2206,1.0
3933,2335,1.0
3933,3104,1.0
3933,3805,1.0
3933,3934,1.0
3933,2655,1.0
3933,3040,1.0
3934,1182,1.0
3934,1311,1.0
3934,32,1.0
3934,417,1.0
3934,1886,1.0
3934,607,1.0
3934,992,1.0
3934,1761,1.0
3934,2206,1.0
3934,2335,1.0
3934,3104,1.0
3934,3489,1.0
3934,2910,1.0
3934,3679,1.0
3934,4064,1.0
3934,2785,1.0
3935,1311,1.0
3935,32,1.0
3935,417,1.0
3935,1186,1.0
3935,1631,1.0
3935,2016,1.0
3935,737,1.0
3935,866,1.0
3935,2335,1.0
3935,3104,1.0
3935,3489,1.0
3935,2210,1.0
3935,2655,1.0
3935,3040,1.0
3935,3809,1.0
3935,3938,1.0
3936,32,1.0
3936,417,1.0
3936,1186,1.0
3936,1315,1.0
3936,992,1.0
3936,1761,1.0
3936,1890,1.0
3936,611,1.0
3936,3104,1.0
3936,3489,1.0
3936,2210,1.0
3936,2339,1.0
3936,4064,1.0
3936,2785,1.0
3936,2914,1.0
3936,3683,1.0
3937,417,1.0
3937,1186,1.0
3937,1315,1.0
3937,36,1.0
3937,737,1.0
3937,866,1.0
3937,1635,1.0
3937,2020,1.0
3937,3489,1.0
3937,2210,1.0
3937,2339,1.0
3937,3108,1.0
3937,3809,1.0
3937,3938,1.0
3937,2659,1.0
3937,3044,1.0
3938,1186,1.0
3938,1315,1.0
3938,36,1.0
3938,421,1.0
3938,1890,1.0
3938,611,1.0
3938,996,1.0
3938,1765,1.0
3938,2210,1.0
3938,2339,1.0
3938,3108,1.0
3938,3493,1.0
3938,2914,1.0
3938,3683,1.0
3938,4068,1.0
3938,2789,1.0
3939,1315,1.0
3939,36,1.0
3939,421,1.0
3939,1190,1.0
3939,1635,1.0
3939,2020,1.0
3939,741,1.0
3939,870,1.0
3939,2339,1.0
3939,3108,1.0
3939,3493,1.0
3939,2214,1.0
3939,2659,1.0
3939,3044,1.0
3939,3813,1.0
3939,3942,1.0
3940,36,1.0
3940,421,1.0
3940,1190,1.0
3940,1319,1.0
3940,996,1.0
3940,1765,1.0
3940,1894,1.0
3940,615,1.0
3940,3108,1.0
3940,3493,1.0
3940,2214,1.0
3940,2343,1.0
3940,4068,1.0
3940,2789,1.0
3940,2918,1.0
3940,3687,1.0
3941,421,1.0
3941,1190,1.0
3941,1319,1.0
3941,40,1.0
3941,741,1.0
3941,870,1.0
3941,1639,1.0
3941,2024,1.0
3941,3493,1.0
3941,2214,1.0
3941,2343,1.0
3941,3112,1.0
3941,3813,1.0
3941,3942,1.0
3941,2663,1.0
3941,3048,1.0
3942,1190,1.0
3942,1319,1.0
3942,40,1.0
3942,425,1.0
3942,1894,1.0
3942,615,1.0
3942,1000,1.0
3942,1769,1.0
3942,2214,1.0
3942,2343,1.0
3942,3112,1.0
3942,3497,1.0
3942,2918,1.0
3942,3687,1.0
3942,4072,1.0
3942,2793,1.0
3943,1319,1.0
3943,40,1.0
3943,425,1.0
3943,1194,1.0
3943,1639,1.0
3943,2024,1.0
3943,745,1.0
3943,874,1.0
3943,2343,1.0
3943,3112,1.0
3943,3497,1.0
3943,2218,1.0
3943,2663,1.0
3943,3048,1.0
3943,3817,1.0
3943,3946,1.0
3944,40,1.0
3944,425,1.0
3944,1194,1.0
3944,1323,1.0
3944,1000,1.0
3944,1769,1.0
3944,1898,1.0
3944,619,1.0
3944,3112,1.0
3944,3497,1.0
3944,2218,1.0
3944,2347,1.0
3944,4072,1.0
3944,2793,1.0
3944,2922,1.0
3944,3691,1.0
3945,425,1.0
3945,1194,1.0
3945,1323,1.0
3945,44,1.0
3945,745,1.0
3945,874,1.0
3945,1643,1.0
3945,2028,1.0
3945,3497,1.0
3945,2218,1.0
3945,2347,1.0
3945,3116,1.0
3945,3817,1.0
3945,3946,1.0
3945,2667,1.0
3945,3052,1.0
3946,1194,1.0
3946,1323,1.0
3946,44,1.0
3946,429,1.0
3946,1898,1.0
3946,619,1.0
3946,1004,1.0
3946,1773,1.0
3946,2218,1.0
3946,2347,1.0
3946,3116,1.0
3946,3501,1.0
3946,2922,1.0
3946,3691,1.0
3946,4076,1.0
3946,2797,1.0
3947,1323,1.0
3947,44,1.0
3947,429,1.0
3947,1198,1.0
3947,1643,1.0
3947,2028,1.0
3947,749,1.0
3947,878,1.0
3947,2347,1.0
3947,3116,1.0
3947,3501,1.0
3947,2222,1.0
3947,2667,1.0
3947,3052,1.0
3947,3821,1.0
3947,3950,1.0
3948,44,1.0
3948,429,1.0
3948,1198,1.0
3948,1327,1.0
3948,1004,1.0
3948,1773,1.0
3948,1902,1.0
3948,623,1.0
3948,3116,1.0
3948,3501,1.0
3948,2222,1.0
3948,2351,1.0
3948,4076,1.0
3948,2797,1.0
3948,2926,1.0
3948,3695,1.0
3949,429,1.0
3949,1198,1.0
3949,1327,1.0
3949,48,1.0
3949,749,1.0
3949,878,1.0
3949,1647,1.0
3949,2032,1.0
3949,3501,1.0
3949,2222,1.0
3949,2351,1.0
3949,3120,1.0
3949,3821,1.0
3949,3950,1.0
3949,2671,1.0
3949,3056,1.0
3950,1198,1.0
3950,1327,1.0
3950,48,1.0
3950,433,1.0
3950,1902,1.0
3950,623,1.0
3950,1008,1.0
3950,1777,1.0
3950,2222,1.0
3950,2351,1.0
3950,3120,1.0
3950,3505,1.0
3950,2926,1.0
3950,3695,1.0
3950,4080,1.0
3950,2801,1.0
3951,1327,1.0
3951,48,1.0
3951,433,1.0
3951,1202,1.0
3951,1647,1.0
3951,2032,1.0
3951,753,1.0
3951,882,1.0
3951,2351,1.0
3951,3120,1.0
3951,3505,1.0
3951,2226,1.0
3951,2671,1.0
3951,3056,1.0
3951,3825,1.0
3951,3954,1.0
3952,48,1.0
3952,433,1.0
3952,1202,1.0
3952,1331,1.0
3952,1008,1.0
3952,1777,1.0
3952,1906,1.0
3952,627,1.0
3952,3120,1.0
3952,3505,1.0
3952,2226,1.0
3952,2355,1.0
3952,4080,1.0
3952,2801,1.0
3952,2930,1.0
3952,3699,1.0
3953,433,1.0
3953,1202,1.0
3953,1331,1.0
3953,52,1.0
3953,753,1.0
3953,882,1.0
3953,1651,1.0
3953,2036,1.0
3953,3505,1.0
3953,2226,1.0
3953,2355,1.0
3953,3124,1.0
3953,3825,1.0
3953,3954,1.0
3953,2675,1.0
3953,3060,1.0
3954,1202,1.0
3954,1331,1.0
3954,52,1.0
3954,437,1.0
3954,1906,1.0
3954,627,1.0
3954,1012,1.0
3954,1781,1.0
3954,2226,1.0
3954,2355,1.0
3954,3124,1.0
3954,3509,1.0
3954,2930,1.0
3954,3699,1.0
3954,4084,1.0
3954,2805,1.0
3955,1331,1.0
3955,52,1.0
3955,437,1.0
3955,1206,1.0
3955,1651,1.0
3955,2036,1.0
3955,757,1.0
3955,886,1.0
3955,2355,1.0
3955,3124,1.0
3955,3509,1.0
3955,2230,1.0
3955,2675,1.0
3955,3060,1.0
3955,3829,1.0
3955,3958,1.0
3956,52,1.0
3956,437,1.0
3956,1206,1.0
3956,1335,1.0
3956,1012,1.0
3956,1781,1.0
3956,1910,1.0
3956,631,1.0
3956,3124,1.0
3956,3509,1.0
3956,2230,1.0
3956,2359,1.0
3956,4084,1.0
3956,2805,1.0
3956,2934,1.0
3956,3703,1.0
3957,437,1.0
3957,1206,1.0
3957,1335,1.0
3957,56,1.0
3957,757,1.0
3957,886,1.0
3957,1655,1.0
3957,2040,1.0
3957,3509,1.0
3957,2230,1.0
3957,2359,1.0
3957,3128,1.0
3957,3829,1.0
3957,3958,1.0
3957,2679,1.0
3957,3064,1.0
3958,1206,1.0
3958,1335,1.0
3958,56,1.0
3958,441,1.0
3958,1910,1.0
3958,631,1.0
3958,1016,1.0
3958,1785,1.0
3958,2230,1.0
3958,2359,1.0
3958,3128,1.0
3958,3513,1.0
3958,2934,1.0
3958,3703,1.0
3958,4088,1.0
3958,2809,1.0
3959,1335,1.0
3959,56,1.0
3959,441,1.0
3959,1210,1.0
3959,1655,1.0
3959,2040,1.0
3959,761,1.0
3959,890,1.0
3959,2359,1.0
3959,3128,1.0
3959,3513,1.0
3959,2234,1.0
3959,2679,1.0
3959,3064,1.0
3959,3833,1.0
3959,3962,1.0
3960,56,1.0
3960,441,1.0
3960,1210,1.0
3960,1339,1.0
3960,1016,1.0
3960,1785,1.0
3960,1914,1.0
3960,635,1.0
3960,3128,1.0
3960,3513,1.0
3960,2234,1.0
3960,2363,1.0
3960,4088,1.0
3960,2809,1.0
3960,2938,1.0
3960,3707,1.0
3961,441,1.0
3961,1210,1.0
3961,1339,1.0
3961,60,1.0
3961,761,1.0
3961,890,1.0
3961,1659,1.0
3961,2044,1.0
3961,3513,1.0
3961,2234,1.0
3961,2363,1.0
3961,3132,1.0
3961,3833,1.0
3961,3962,1.0
3961,2683,1.0
3961,3068,1.0
3962,1210,1.0
3962,1339,1.0
3962,60,1.0
3962,445,1.0
3962,1914,1.0
3962,635,1.0
3962,1020,1.0
3962,1789,1.0
3962,2234,1.0
3962,2363,1.0
3962,3132,1.0
3962,3517,1.0
3962,2938,1.0
3962,3707,1.0
3962,4092,1.0
3962,2813,1.0
3963,1339,1.0
3963,60,1.0
3963,445,1.0
3963,1214,1.0
3963,1659,1.0
3963,2044,1.0
3963,765,1.0
3963,894,1.0
3963,2363,1.0
3963,3132,1.0
3963,3517,1.0
3963,2238,1.0
3963,2683,1.0
3963,3068,1.0
3963,3837,1.0
3963,3966,1.0
3964,60,1.0
3964,445,1.0
3964,1214,1.0
3964,1343,1.0
3964,1020,1.0
3964,1789,1.0
3964,1918,1.0
3964,639,1.0
3964,3132,1.0
3964,3517,1.0
3964,2238,1.0
3964,2367,1.0
3964,4092,1.0
3964,2813,1.0
3964,2942,1.0
3964,3711,1.0
3965,445,1.0
3965,1214,1.0
3965,1343,1.0
3965,0,1.0
3965,765,1.0
3965,894,1.0
3965,1663,1.0
3965,1984,1.0
3965,3517,1.0
3965,2238,1.0
3965,2367,1.0
3965,3072,1.0
3965,3837,1.0
3965,3966,1.0
3965,2687,1.0
3965,3008,1.0
3966,1214,1.0
3966,1343,1.0
3966,0,1.0
3966,385,1.0
3966,1918,1.0
3966,639,1.0
3966,960,1.0
3966,1729,1.0
3966,2238,1.0
3966,2367,1.0
3966,3072,1.0
3966,3457,1.0
3966,2942,1.0
3966,3711,1.0
3966,4032,1.0
3966,2753,1.0
3967,1343,1.0
3967,0,1.0
3967,385,1.0
3967,1154,1.0
3967,1663,1.0
3967,1984,1.0
3967,705,1.0
3967,834,1.0
3967,2367,1.0
3967,3072,1.0
3967,3457,1.0
3967,2178,1.0
3967,2687,1.0
3967,3008,1.0
3967,3777,1.0
3967,3906,1.0
3968,0,1.0
3968,385,1.0
3968,1154,1.0
3968,1283,1.0
3968,960,1.0
3968,1729,1.0
3968,1858,1.0
3968,579,1.0
3968,3072,1.0
3968,3457,1.0
3968,2178,1.0
3968,2307,1.0
3968,4032,1.0
3968,2753,1.0
3968,2882,1.0
3968,3651,1.0
3969,385,1.0
3969,1154,1.0
3969,1283,1.0
3969,4,1.0
3969,705,1.0
3969,834,1.0
3969,1603,1.0
3969,1988,1.0
3969,3457,1.0
3969,2178,1.0
3969,2307,1.0
3969,3076,1.0
3969,3777,1.0
3969,3906,1.0
3969,2627,1.0
3969,3012,1.0
3970,1154,1.0
3970,1283,1.0
3970,4,1.0
3970,389,1.0
3970,1858,1.0
3970,579,1.0
3970,964,1.0
3970,1733,1.0
3970,2178,1.0
3970,2307,1.0
3970,3076,1.0
3970,3461,1.0
3970,2882,1.0
3970,3651,1.0
3970,4036,1.0
3970,2757,1.0
3971,1283,1.0
3971,4,1.0
3971,389,1.0
3971,1158,1.0
3971,1603,1.0
3971,1988,1.0
3971,709,1.0
3971,838,1.0
3971,2307,1.0
3971,3076,1.0
3971,3461,1.0
3971,2182,1.0
3971,2627,1.0
3971,3012,1.0
3971,3781,1.0
3971,3910,1.0
3972,4,1.0
3972,389,1.0
3972,1158,1.0
3972,1287,1.0
3972,964,1.0
3972,1733,1.0
3972,1862,1.0
3972,583,1.0
3972,3076,1.0
3972,3461,1.0
3972,2182,1.0
3972,2311,1.0
3972,4036,1.0
3972,2757,1.0
3972,2886,1.0
3972,3655,1.0
3973,389,1.0
3973,1158,1.0
3973,1287,1.0
3973,8,1.0
3973,709,1.0
3973,838,1.0
3973,1607,1.0
3973,1992,1.0
3973,3461,1.0
3973,2182,1.0
3973,2311,1.0
3973,3080,1.0
3973,3781,1.0
3973,3910,1.0
3973,2631,1.0
3973,3016,1.0
3974,1158,1.0
3974,1287,1.0
3974,8,1.0
3974,393,1.0
3974,1862,1.0
3974,583,1.0
3974,968,1.0
3974,1737,1.0
3974,2182,1.0
3974,2311,1.0
3974,3080,1.0
3974,3465,1.0
3974,2886,1.0
3974,3655,1.0
3974,4040,1.0
3974,2761,1.0
3975,1287,1.0
3975,8,1.0
3975,393,1.0
3975,1162,1.0
3975,1607,1.0
3975,1992,1.0
3975,713,1.0
3975,842,1.0
3975,2311,1.0
3975,3080,1.0
3975,3465,1.0
3975,2186,1.0
3975,2631,1.0
3975,3016,1.0
3975,3785,1.0
3975,3914,1.0
3976,8,1.0
3976,393,1.0
3976,1162,1.0
3976,1291,1.0
3976,968,1.0
3976,1737,1.0
3976,1866,1.0
3976,587,1.0
3976,3080,1.0
3976,3465,1.0
3976,2186,1.0
3976,2315,1.0
3976,4040,1.0
3976,2761,1.0
3976,2890,1.0
3976,3659,1.0
3977,393,1.0
3977,1162,1.0
3977,1291,1.0
3977,12,1.0
3977,713,1.0
3977,842,1.0
3977,1611,1.0
3977,1996,1.0
3977,3465,1.0
3977,2186,1.0
3977,2315,1.0
3977,3084,1.0
3977,3785,1.0
3977,3914,1.0
3977,2635,1.0
3977,3020,1.0
3978,1162,1.0
3978,1291,1.0
3978,12,1.0
3978,397,1.0
3978,1866,1.0
3978,587,1.0
3978,972,1.0
3978,1741,1.0
3978,2186,1.0
3978,2315,1.0
3978,3084,1.0
3978,3469,1.0
3978,2890,1.0
3978,3659,1.0
3978,4044,1.0
3978,2765,1.0
3979,1291,1.0
3979,12,1.0
3979,397,1.0
3979,1166,1.0
3979,1611,1.0
3979,1996,1.0
3979,717,1.0
3979,846,1.0
3979,2315,1.0
3979,3084,1.0
3979,3469,1.0
3979,2190,1.0
3979,2635,1.0
3979,3020,1.0
3979,3789,1.0
3979,3918,1.0
3980,12,1.0
3980,397,1.0
3980,1166,1.0
3980,1295,1.0
3980,972,1.0
3980,1741,1.0
3980,1870,1.0
3980,591,1.0
3980,3084,1.0
3980,3469,1.0
3980,2190,1.0
3980,2319,1.0
3980,4044,1.0
3980,2765,1.0
3980,2894,1.0
3980,3663,1.0
3981,397,1.0
3981,1166,1.0
3981,1295,1.0
3981,16,1.0
3981,717,1.0
3981,846,1.0
3981,1615,1.0
3981,2000,1.0
3981,3469,1.0
3981,2190,1.0
3981,2319,1.0
3981,3088,1.0
3981,3789,1.0
3981,3918,1.0
3981,2639,1.0
3981,3024,1.0
3982,1166,1.0
3982,1295,1.0
3982,16,1.0
3982,401,1.0
3982,1870,1.0
3982,591,1.0
3982,976,1.0
3982,1745,1.0
3982,2190,1.0
3982,2319,1.0
3982,3088,1.0
3982,3473,1.0
3982,2894,1.0
3982,3663,1.0
3982,4048,1.0
3982,2769,1.0
3983,1295,1.0
3983,16,1.0
3983,401,1.0
3983,1170,1.0
3983,1615,1.0
3983,2000,1.0
3983,721,1.0
3983,850,1.0
3983,2319,1.0
3983,3088,1.0
3983,3473,1.0
3983,2194,1.0
3983,2639,1.0
3983,3024,1.0
3983,3793,1.0
3983,3922,1.0
3984,16,1.0
3984,401,1.0
3984,1170,1.0
3984,1299,1.0
3984,976,1.0
3984,1745,1.0
3984,1874,1.0
3984,595,1.0
3984,3088,1.0
3984,3473,1.0
3984,2194,1.0
3984,2323,1.0
3984,4048,1.0
3984,2769,1.0
3984,2898,1.0
3984,3667,1.0
3985,401,1.0
3985,1170,1.0
3985,1299,1.0
3985,20,1.0
3985,721,1.0
3985,850,1.0
3985,1619,1.0
3985,2004,1.0
3985,3473,1.0
3985,2194,1.0
3985,2323,1.0
3985,3092,1.0
3985,3793,1.0
3985,3922,1.0
3985,2643,1.0
3985,3028,1.0
3986,1170,1.0
3986,1299,1.0
3986,20,1.0
3986,405,1.0
3986,1874,1.0
3986,595,1.0
3986,980,1.0
3986,1749,1.0
3986,2194,1.0
3986,2323,1.0
3986,3092,1.0
3986,3477,1.0
3986,2898,1.0
3986,3667,1.0
3986,4052,1.0
3986,2773,1.0
3987,1299,1.0
3987,20,1.0
3987,405,1.0
3987,1174,1.0
3987,1619,1.0
3987,2004,1.0
3987,725,1.0
3987,854,1.0
3987,2323,1.0
3987,3092,1.0
3987,3477,1.0
3987,2198,1.0
3987,2643,1.0
3987,3028,1.0
3987,3797,1.0
3987,3926,1.0
3988,20,1.0
3988,405,1.0
3988,1174,1.0
3988,1303,1.0
3988,980,1.0
3988,1749,1.0
3988,1878,1.0
3988,599,1.0
3988,3092,1.0
3988,3477,1.0
3988,2198,1.0
3988,2327,1.0
3988,4052,1.0
3988,2773,1.0
3988,2902,1.0
3988,3671,1.0
3989,405,1.0
3989,1174,1.0
3989,1303,1.0
3989,24,1.0
3989,725,1.0
3989,854,1.0
3989,1623,1.0
3989,2008,1.0
3989,3477,1.0
3989,2198,1.0
3989,2327,1.0
3989,3096,1.0
3989,3797,1.0
3989,3926,1.0
3989,2647,1.0
3989,3032,1.0
3990,1174,1.0
3990,1303,1.0
3990,24,1.0
3990,409,1.0
3990,1878,1.0
3990,599,1.0
3990,984,1.0
3990,1753,1.0
3990,2198,1.0
3990,2327,1.0
3990,3096,1.0
3990,3481,1.0
3990,2902,1.0
3990,3671,1.0
3990,4056,1.0
3990,2777,1.0
3991,1303,1.0
3991,24,1.0
3991,409,1.0
3991,1178,1.0
3991,1623,1.0
3991,2008,1.0
3991,729,1.0
3991,858,1.0
3991,2327,1.0
3991,3096,1.0
3991,3481,1.0
3991,2202,1.0
3991,2647,1.0
3991,3032,1.0
3991,3801,1.0
3991,3930,1.0
3992,24,1.0
3992,409,1.0
3992,1178,1.0
3992,1307,1.0
3992,984,1.0
3992,1753,1.0
3992,1882,1.0
3992,603,1.0
3992,3096,1.0
3992,3481,1.0
3992,2202,1.0
3992,2331,1.0
3992,4056,1.0
3992,2777,1.0
3992,2906,1.0
3992,3675,1.0
3993,409,1.0
3993,1178,1.0
3993,1307,1.0
3993,28,1.0
3993,729,1.0
3993,858,1.0
3993,1627,1.0
3993,2012,1.0
3993,3481,1.0
3993,2202,1.0
3993,2331,1.0
3993,3100,1.0
3993,3801,1.0
3993,3930,1.0
3993,2651,1.0
3993,3036,1.0
3994,1178,1.0
3994,1307,1.0
3994,28,1.0
3994,413,1.0
3994,1882,1.0
3994,603,1.0
3994,988,1.0
3994,1757,1.0
3994,2202,1.0
3994,2331,1.0
3994,3100,1.0
3994,3485,1.0
3994,2906,1.0
3994,3675,1.0
3994,4060,1.0
3994,2781,1.0
3995,1307,1.0
3995,28,1.0
3995,413,1.0
3995,1182,1.0
3995,1627,1.0
3995,2012,1.0
3995,733,1.0
3995,862,1.0
3995,2331,1.0
3995,3100,1.0
3995,3485,1.0
3995,2206,1.0
3995,2651,1.0
3995,3036,1.0
3995,3805,1.0
3995,3934,1.0
3996,28,1.0
3996,413,1.0
3996,1182,1.0
3996,1311,1.0
3996,988,1.0
3996,1757,1.0
3996,1886,1.0
3996,607,1.0
3996,3100,1.0
3996,3485,1.0
3996,2206,1.0
3996,2335,1.0
3996,4060,1.0
3996,2781,1.0
3996,2910,1.0
3996,3679,1.0
3997,413,1.0
3997,1182,1.0
3997,1311,1.0
3997,32,1.0
3997,733,1.0
3997,862,1.0
3997,1631,1.0
3997,2016,1.0
3997,3485,1.0
3997,2206,1.0
3997,2335,1.0
3997,3104,1.0
3997,3805,1.0
3997,3934,1.0
3997,2655,1.0
3997,3040,1.0
3998,1182,1.0
3998,1311,1.0
3998,32,1.0
3998,417,1.0
3998,1886,1.0
3998,607,1.0
3998,992,1.0
3998,1761,1.0
3998,2206,1.0
3998,2335,1.0
3998,3104,1.0
3998,3489,1.0
3998,2910,1.0
3998,3679,1.0
3998,4064,1.0
3998,2785,1.0
3999,1311,1.0
3999,32,1.0
3999,417,1.0
3999,1186,1.0
3999,1631,1.0
3999,2016,1.0
3999,737,1.0
3999,866,1.0
3999,2335,1.0
3999,3104,1.0
3999,3489,1.0
3999,2210,1.0
3999,2655,1.0
3999,3040,1.0
3999,3809,1.0
3999,3938,1.0
4000,32,1.0
4000,417,1.0
4000,1186,1.0
4000,1315,1.0
4000,992,1.0
4000,1761,1.0
4000,1890,1.0
4000,611,1.0
4000,3104,1.0
4000,3489,1.0
4000,2210,1.0
4000,2339,1.0
4000,4064,1.0
4000,2785,1.0
4000,2914,1.0
4000,3683,1.0
4001,417,1.0
4001,1186,1.0
4001,1315,1.0
4001,36,1.0
4001,737,1.0
4001,866,1.0
4001,1635,1.0
4001,2020,1.0
4001,3489,1.0
4001,2210,1.0
4001,2339,1.0
4001,3108,1.0
4001,3809,1.0
4001,3938,1.0
4001,2659,1.0
4001,3044,1.0
4002,1186,1.0
4002,1315,1.0
4002,36,1.0
4002,421,1.0
4002,1890,1.0
4002,611,1.0
4002,996,1.0
4002,1765,1.0
4002,2210,1.0
4002,2339,1.0
4002,3108,1.0
4002,3493,1.0
4002,2914,1.0
4002,3683,1.0
4002,4068,1.0
4002,2789,1.0
4003,1315,1.0
4003,36,1.0
4003,421,1.0
4003,1190,1.0
4003,1635,1.0
4003,2020,1.0
4003,741,1.0
4003,870,1.0
4003,2339,1.0
4003,3108,1.0
4003,3493,1.0
4003,2214,1.0
4003,2659,1.0
4003,3044,1.0
4003,3813,1.0
4003,3942,1.0
4004,36,1.0
4004,421,1.0
4004,1190,1.0
4004,1319,1.0
4004,996,1.0
4004,1765,1.0
4004,1894,1.0
4004,615,1.0
4004,3108,1.0
4004,3493,1.0
4004,2214,1.0
4004,2343,1.0
4004,4068,1.0
4004,2789,1.0
4004,2918,1.0
4004,3687,1.0
4005,421,1.0
4005,1190,1.0
4005,1319,1.0
4005,40,1.0
4005,741,1.0
4005,870,1.0
4005,1639,1.0
4005,2024,1.0
4005,3493,1.0
4005,2214,1.0
4005,2343,1.0
4005,3112,1.0
4005,3813,1.0
4005,3942,1.0
4005,2663,1.0
4005,3048,1.0
4006,1190,1.0
4006,1319,1.0
4006,40,1.0
4006,425,1.0
4006,1894,1.0
4006,615,1.0
4006,1000,1.0
4006,1769,1.0
4006,2214,1.0
4006,2343,1.0
4006,3112,1.0
4006,3497,1.0
4006,2918,1.0
4006,3687,1.0
4006,4072,1.0
4006,2793,1.0
4007,1319,1.0
4007,40,1.0
4007,425,1.0
4007,1194,1.0
4007,1639,1.0
4007,2024,1.0
4007,745,1.0
4007,874,1.0
4007,2343,1.0
4007,3112,1.0
4007,3497,1.0
4007,2218,1.0
4007,2663,1.0
4007,3048,1.0
4007,3817,1.0
4007,3946,1.0
4008,40,1.0
4008,425,1.0
4008,1194,1.0
4008,1323,1.0
4008,1000,1.0
4008,1769,1.0
4008,1898,1.0
4008,619,1.0
4008,3112,1.0
4008,3497,1.0
4008,2218,1.0
4008,2347,1.0
4008,4072,1.0
4008,2793,1.0
4008,2922,1.0
4008,3691,1.0
4009,425,1.0
4009,1194,1.0
4009,1323,1.0
4009,44,1.0
4009,745,1.0
4009,874,1.0
4009,1643,1.0
4009,2028,1.0
4009,3497,1.0
4009,2218,1.0
4009,2347,1.0
4009,3116,1.0
4009,3817,1.0
4009,3946,1.0
4009,2667,1.0
4009,3052,1.0
4010,1194,1.0
4010,1323,1.0
4010,44,1.0
4010,429,1.0
4010,1898,1.0
4010,619,1.0
4010,1004,1.0
4010,1773,1.0
4010,2218,1.0
4010,2347,1.0
4010,3116,1.0
4010,3501,1.0
4010,2922,1.0
4010,3691,1.0
4010,4076,1.0
4010,2797,1.0
4011,1323,1.0
4011,44,1.0
4011,429,1.0
4011,1198,1.0
4011,1643,1.0
4011,2028,1.0
4011,749,1.0
4011,878,1.0
4011,2347,1.0
4011,3116,1.0
4011,3501,1.0
4011,2222,1.0
4011,2667,1.0
4011,3052,1.0
4011,3821,1.0
4011,3950,1.0
4012,44,1.0
4012,429,1.0
4012,1198,1.0
4012,1327,1.0
4012,1004,1.0
4012,1773,1.0
4012,1902,1.0
4012,623,1.0
4012,3116,1.0
4012,3501,1.0
4012,2222,1.0
4012,2351,1.0
4012,4076,1.0
4012,2797,1.0
4012,2926,1.0
4012,3695,1.0
4013,429,1.0
4013,1198,1.0
4013,1327,1.0
4013,48,1.0
4013,749,1.0
4013,878,1.0
4013,1647,1.0
4013,2032,1.0
4013,3501,1.0
4013,2222,1.0
4013,2351,1.0
4013,3120,1.0
4013,3821,1.0
4013,3950,1.0
4013,2671,1.0
4013,3056,1.0
4014,1198,1.0
4014,1327,1.0
4014,48,1.0
4014,433,1.0
4014,1902,1.0
4014,623,1.0
4014,1008,1.0
4014,1777,1.0
4014,2222,1.0
4014,2351,1.0
4014,3120,1.0
4014,3505,1.0
4014,2926,1.0
4014,3695,1.0
4014,4080,1.0
4014,2801,1.0
4015,1327,1.0
4015,48,1.0
4015,433,1.0
4015,1202,1.0
4015,1647,1.0
4015,2032,1.0
4015,753,1.0
4015,882,1.0
4015,2351,1.0
4015,3120,1.0
4015,3505,1.0
4015,2226,1.0
4015,2671,1.0
4015,3056,1.0
4015,3825,1.0
4015,3954,1.0
4016,48,1.0
4016,433,1.0
4016,1202,1.0
4016,1331,1.0
4016,1008,1.0
4016,1777,1.0
4016,1906,1.0
4016,627,1.0
4016,3120,1.0
4016,3505,1.0
4016,2226,1.0
4016,2355,1.0
4016,4080,1.0
4016,2801,1.0
4016,2930,1.0
4016,3699,1.0
4017,433,1.0
4017,1202,1.0
4017,1331,1.0
4017,52,1.0
4017,753,1.0
4017,882,1.0
4017,1651,1.0
4017,2036,1.0
4017,3505,1.0
4017,2226,1.0
4017,2355,1.0
4017,3124,1.0
4017,3825,1.0
4017,3954,1.0
4017,2675,1.0
4017,3060,1.0
4018,1202,1.0
4018,1331,1.0
4018,52,1.0
4018,437,1.0
4018,1906,1.0
4018,627,1.0
4018,1012,1.0
4018,1781,1.0
4018,2226,1.0
4018,2355,1.0
4018,3124,1.0
4018,3509,1.0
4018,2930,1.0
4018,3699,1.0
4018,4084,1.0
4018,2805,1.0
4019,1331,1.0
4019,52,1.0
4019,437,1.0
4019,1206,1.0
4019,1651,1.0
4019,2036,1.0
4019,757,1.0
4019,886,1.0
4019,2355,1.0
4019,3124,1.0
4019,3509,1.0
4019,2230,1.0
4019,2675,1.0
4019,3060,1.0
4019,3829,1.0
4019,3958,1.0
4020,52,1.0
4020,437,1.0
4020,1206,1.0
4020,1335,1.0
4020,1012,1.0
4020,1781,1.0
4020,1910,1.0
4020,631,1.0
4020,3124,1.0
4020,3509,1.0
4020,2230,1.0
4020,2359,1.0
4020,4084,1.0
4020,2805,1.0
4020,2934,1.0
4020,3703,1.0
4021,437,1.0
4021,1206,1.0
4021,1335,1.0
4021,56,1.0
4021,757,1.0
4021,886,1.0
4021,1655,1.0
4021,2040,1.0
4021,3509,1.0
4021,2230,1.0
4021,2359,1.0
4021,3128,1.0
4021,3829,1.0
4021,3958,1.0
4021,2679,1.0
4021,3064,1.0
4022,1206,1.0
4022,1335,1.0
4022,56,1.0
4022,441,1.0
4022,1910,1.0
4022,631,1.0
4022,1016,1.0
4022,1785,1.0
4022,2230,1.0
4022,2359,1.0
4022,3128,1.0
4022,3513,1.0
4022,2934,1.0
4022,3703,1.0
4022,4088,1.0
4022,2809,1.0
4023,1335,1.0
4023,56,1.0
4023,441,1.0
4023,1210,1.0
4023,1655,1.0
4023,2040,1.0
4023,761,1.0
4023,890,1.0
4023,2359,1.0
4023,3128,1.0
4023,3513,1.0
4023,2234,1.0
4023,2679,1.0
4023,3064,1.0
4023,3833,1.0
4023,3962,1.0
4024,56,1.0
4024,441,1.0
4024,1210,1.0
4024,1339,1.0
4024,1016,1.0
4024,1785,1.0
4024,1914,1.0
4024,635,1.0
4024,3128,1.0
4024,3513,1.0
4024,2234,1.0
4024,2363,1.0
4024,4088,1.0
4024,2809,1.0
4024,2938,1.0
4024,3707,1.0
4025,441,1.0
4025,1210,1.0
4025,1339,1.0
4025,60,1.0
4025,761,1.0
4025,890,1.0
4025,1659,1.0
4025,2044,1.0
4025,3513,1.0
4025,2234,1.0
4025,2363,1.0
4025,3132,1.0
4025,3833,1.0
4025,3962,1.0
4025,2683,1.0
4025,3068,1.0
4026,1210,1.0
4026,1339,1.0
4026,60,1.0
4026,445,1.0
4026,1914,1.0
4026,635,1.0
4026,1020,1.0
4026,1789,1.0
4026,2234,1.0
4026,2363,1.0
4026,3132,1.0
4026,3517,1.0
4026,2938,1.0
4026,3707,1.0
4026,4092,1.0
4026,2813,1.0
4027,1339,1.0
4027,60,1.0
4027,445,1.0
4027,1214,1.0
4027,1659,1.0
4027,2044,1.0
4027,765,1.0
4027,894,1.0
4027,2363,1.0
4027,3132,1.0
4027,3517,1.0
4027,2238,1.0
4027,2683,1.0
4027,3068,1.0
4027,3837,1.0
4027,3966,1.0
4028,60,1.0
4028,445,1.0
4028,1214,1.0
4028,1343,1.0
4028,1020,1.0
4028,1789,1.0
4028,1918,1.0
4028,639,1.0
4028,3132,1.0
4028,3517,1.0
4028,2238,1.0
4028,2367,1.0
4028,4092,1.0
4028,2813,1.0
4028,2942,1.0
4028,3711,1.0
4029,445,1.0
4029,1214,1.0
4029,1343,1.0
4029,0,1.0
4029,765,1.0
4029,894,1.0
4029,1663,1.0
4029,1984,1.0
4029,3517,1.0
4029,2238,1.0
4029,2367,1.0
4029,3072,1.0
4029,3837,1.0
4029,3966,1.0
4029,2687,1.0
4029,3008,1.0
4030,1214,1.0
4030,1343,1.0
4030,0,1.0
4030,385,1.0
4030,1918,1.0
4030,639,1.0
4030,960,1.0
4030,1729,1.0
4030,2238,1.0
4030,2367,1.0
4030,3072,1.0
4030,3457,1.0
4030,2942,1.0
4030,3711,1.0
4030,4032,1.0
4030,2753,1.0
4031,1343,1.0
4031,0,1.0
4031,385,1.0
4031,1154,1.0
4031,1663,1.0
4031,1984,1.0
4031,705,1.0
4031,834,1.0
4031,2367,1.0
4031,3072,1.0
4031,3457,1.0
4031,2178,1.0
4031,2687,1.0
4031,3008,1.0
4031,3777,1.0
4031,3906,1.0
4032,0,1.0
4032,385,1.0
4032,1154,1.0
4032,1283,1.0
4032,960,1.0
4032,1729,1.0
4032,1858,1.0
4032,579,1.0
4032,3072,1.0
4032,3457,1.0
4032,2178,1.0
4032,2307,1.0
4032,4032,1.0
4032,2753,1.0
4032,2882,1.0
4032,3651,1.0
4033,385,1.0
4033,1154,1.0
4033,1283,1.0
4033,4,1.0
4033,705,1.0
4033,834,1.0
4033,1603,1.0
4033,1988,1.0
4033,3457,1.0
4033,2178,1.0
4033,2307,1.0
4033,3076,1.0
4033,3777,1.0
4033,3906,1.0
4033,2627,1.0
4033,3012,1.0
4034,1154,1.0
4034,1283,1.0
4034,4,1.0
4034,389,1.0
4034,1858,1.0
4034,579,1.0
4034,964,1.0
4034,1733,1.0
4034,2178,1.0
4034,2307,1.0
4034,3076,1.0
4034,3461,1.0
4034,2882,1.0
4034,3651,1.0
4034,4036,1.0
4034,2757,1.0
4035,1283,1.0
4035,4,1.0
4035,389,1.0
4035,1158,1.0
4035,1603,1.0
4035,1988,1.0
4035,709,1.0
4035,838,1.0
4035,2307,1.0
4035,3076,1.0
4035,3461,1.0
4035,2182,1.0
4035,2627,1.0
4035,3012,1.0
4035,3781,1.0
4035,3910,1.0
4036,4,1.0
4036,389,1.0
4036,1158,1.0
4036,1287,1.0
4036,964,1.0
4036,1733,1.0
4036,1862,1.0
4036,583,1.0
4036,3076,1.0
4036,3461,1.0
4036,2182,1.0
4036,2311,1.0
4036,4036,1.0
4036,2757,1.0
4036,2886,1.0
4036,3655,1.0
4037,389,1.0
4037,1158,1.0
4037,1287,1.0
4037,8,1.0
4037,709,1.0
4037,838,1.0
4037,1607,1.0
4037,1992,1.0
4037,3461,1.0
4037,2182,1.0
4037,2311,1.0
4037,3080,1.0
4037,3781,1.0
4037,3910,1.0
4037,2631,1.0
4037,3016,1.0
4038,1158,1.0
4038,1287,1.0
4038,8,1.0
4038,393,1.0
4038,1862,1.0
4038,583,1.0
4038,968,1.0
4038,1737,1.0
4038,2182,1.0
4038,2311,1.0
4038,3080,1.0
4038,3465,1.0
4038,2886,1.0
4038,3655,1.0
4038,4040,1.0
4038,2761,1.0
4039,1287,1.0
4039,8,1.0
4039,393,1.0
4039,1162,1.0
4039,1607,1.0
4039,1992,1.0
4039,713,1.0
4039,842,1.0
4039,2311,1.0
4039,3080,1.0
4039,3465,1.0
4039,2186,1.0
4039,2631,1.0
4039,3016,1.0
4039,3785,1.0
4039,3914,1.0
4040,8,1.0
4040,393,1.0
4040,1162,1.0
4040,1291,1.0
4040,968,1.0
4040,1737,1.0
4040,1866,1.0
4040,587,1.0
4040,3080,1.0
4040,3465,1.0
4040,2186,1.0
4040,2315,1.0
4040,4040,1.0
4040,2761,1.0
4040,2890,1.0
4040,3659,1.0
4041,393,1.0
4041,1162,1.0
4041,1291,1.0
4041,12,1.0
4041,713,1.0
4041,842,1.0
4041,1611,1.0
4041,1996,1.0
4041,3465,1.0
4041,2186,1.0
4041,2315,1.0
4041,3084,1.0
4041,3785,1.0
4041,3914,1.0
4041,2635,1.0
4041,3020,1.0
4042,1162,1.0
4042,1291,1.0
4042,12,1.0
4042,397,1.0
4042,1866,1.0
4042,587,1.0
4042,972,1.0
4042,1741,1.0
4042,2186,1.0
4042,2315,1.0
4042,3084,1.0
4042,3469,1.0
4042,2890,1.0
4042,3659,1.0
4042,4044,1.0
4042,2765,1.0
4043,1291,1.0
4043,12,1.0
4043,397,1.0
4043,1166,1.0
4043,1611,1.0
4043,1996,1.0
4043,717,1.0
4043,846,1.0
4043,2315,1.0
4043,3084,1.0
4043,3469,1.0
4043,2190,1.0
4043,2635,1.0
4043,3020,1.0
4043,3789,1.0
4043,3918,1.0
4044,12,1.0
4044,397,1.0
4044,1166,1.0
4044,1295,1.0
4044,972,1.0
4044,1741,1.0
4044,1870,1.0
4044,591,1.0
4044,3084,1.0
4044,3469,1.0
4044,2190,1.0
4044,2319,1.0
4044,4044,1.0
4044,2765,1.0
4044,2894,1.0
4044,3663,1.0
4045,397,1.0
4045,1166,1.0
4045,1295,1.0
4045,16,1.0
4045,717,1.0
4045,846,1.0
4045,1615,1.0
4045,2000,1.0
4045,3469,1.0
4045,2190,1.0
4045,2319,1.0
4045,3088,1.0
4045,3789,1.0
4045,3918,1.0
4045,2639,1.0
4045,3024,1.0
4046,1166,1.0
4046,1295,1.0
4046,16,1.0
4046,401,1.0
4046,1870,1.0
4046,591,1.0
4046,976,1.0
4046,1745,1.0
4046,2190,1.0
4046,2319,1.0
4046,3088,1.0
4046,3473,1.0
4046,2894,1.0
4046,3663,1.0
4046,4048,1.0
4046,2769,1.0
4047,1295,1.0
4047,16,1.0
4047,401,1.0
4047,1170,1.0
4047,1615,1.0
4047,2000,1.0
4047,721,1.0
4047,850,1.0
4047,2319,1.0
4047,3088,1.0
4047,3473,1.0
4047,2194,1.0
4047,2639,1.0
4047,3024,1.0
4047,3793,1.0
4047,3922,1.0
4048,16,1.0
4048,401,1.0
4048,1170,1.0
4048,1299,1.0
4048,976,1.0
4048,1745,1.0
4048,1874,1.0
4048,595,1.0
4048,3088,1.0
4048,3473,1.0
4048,2194,1.0
4048,2323,1.0
4048,4048,1.0
4048,2769,1.0
4048,2898,1.0
4048,3667,1.0
4049,401,1.0
4049,1170,1.0
4049,1299,1.0
4049,20,1.0
4049,721,1.0
4049,850,1.0
4049,1619,1.0
4049,2004,1.0
4049,3473,1.0
4049,2194,1.0
4049,2323,1.0
4049,3092,1.0
4049,3793,1.0
4049,3922,1.0
4049,2643,1.0
4049,3028,1.0
4050,1170,1.0
4050,1299,1.0
4050,20,1.0
4050,405,1.0
4050,1874,1.0
4050,595,1.0
4050,980,1.0
4050,1749,1.0
4050,2194,1.0
4050,2323,1.0
4050,3092,1.0
4050,3477,1.0
4050,2898,1.0
4050,3667,1.0
4050,4052,1.0
4050,2773,1.0
4051,1299,1.0
4051,20,1.0
4051,405,1.0
4051,1174,1.0
4051,1619,1.0
4051,2004,1.0
4051,725,1.0
4051,854,1.0
4051,2323,1.0
4051,3092,1.0
4051,3477,1.0
4051,2198,1.0
4051,2643,1.0
4051,3028,1.0
4051,3797,1.0
4051,3926,1.0
4052,20,1.0
4052,405,1.0
4052,1174,1.0
4052,1303,1.0
4052,980,1.0
4052,1749,1.0
4052,1878,1.0
4052,599,1.0
4052,3092,1.0
4052,3477,1.0
4052,2198,1.0
4052,2327,1.0
4052,4052,1.0
4052,2773,1.0
4052,2902,1.0
4052,3671,1.0
4053,405,1.0
4053,1174,1.0
4053,1303,1.0
4053,24,1.0
4053,725,1.0
4053,854,1.0
4053,1623,1.0
4053,2008,1.0
4053,3477,1.0
4053,2198,1.0
4053,2327,1.0
4053,3096,1.0
4053,3797,1.0
4053,3926,1.0
4053,2647,1.0
4053,3032,1.0
4054,1174,1.0
4054,1303,1.0
4054,24,1.0
4054,409,1.0
4054,1878,1.0
4054,599,1.0
4054,984,1.0
4054,1753,1.0
4054,2198,1.0
4054,2327,1.0
4054,3096,1.0
4054,3481,1.0
4054,2902,1.0
4054,3671,1.0
4054,4056,1.0
4054,2777,1.0
4055,1303,1.0
4055,24,1.0
4055,409,1.0
4055,1178,1.0
4055,1623,1.0
4055,2008,1.0
4055,729,1.0
4055,858,1.0
4055,2327,1.0
4055,3096,1.0
4055,3481,1.0
4055,2202,1.0
4055,2647,1.0
4055,3032,1.0
4055,3801,1.0
4055,3930,1.0
4056,24,1.0
4056,409,1.0
4056,1178,1.0
4056,1307,1.0
4056,984,1.0
4056,1753,1.0
4056,1882,1.0
4056,603,1.0
4056,3096,1.0
4056,3481,1.0
4056,2202,1.0
4056,2331,1.0
4056,4056,1.0
4056,2777,1.0
4056,2906,1.0
4056,3675,1.0
4057,409,1.0
4057,1178,1.0
4057,1307,1.0
4057,28,1.0
4057,729,1.0
4057,858,1.0
4057,1627,1.0
4057,2012,1.0
4057,3481,1.0
4057,2202,1.0
4057,2331,1.0
4057,3100,1.0
4057,3801,1.0
4057,3930,1.0
4057,2651,1.0
4057,3036,1.0
4058,1178,1.0
4058,1307,1.0
4058,28,1.0
4058,413,1.0
4058,1882,1.0
4058,603,1.0
4058,988,1.0
4058,1757,1.0
4058,2202,1.0
4058,2331,1.0
4058,3100,1.0
4058,3485,1.0
4058,2906,1.0
4058,3675,1.0
4058,4060,1.0
4058,2781,1.0
4059,1307,1.0
4059,28,1.0
4059,413,1.0
4059,1182,1.0
4059,1627,1.0
4059,2012,1.0
4059,733,1.0
4059,862,1.0
4059,2331,1.0
4059,3100,1.0
4059,3485,1.0
4059,2206,1.0
4059,2651,1.0
4059,3036,1.0
4059,3805,1.0
4059,3934,1.0
4060,28,1.0
4060,413,1.0
4060,1182,1.0
4060,1311,1.0
4060,988,1.0
4060,1757,1.0
4060,1886,1.0
4060,607,1.0
4060,3100,1.0
4060,3485,1.0
4060,2206,1.0
4060,2335,1.0
4060,4060,1.0
4060,2781,1.0
4060,2910,1.0
4060,3679,1.0
4061,413,1.0
4061,1182,1.0
4061,1311,1.0
4061,32,1.0
4061,733,1.0
4061,862,1.0
4061,1631,1.0
4061,2016,1.0
4061,3485,1.0
4061,2206,1.0
4061,2335,1.0
4061,3104,1.0
4061,3805,1.0
4061,3934,1.0
4061,2655,1.0
4061,3040,1.0
4062,1182,1.0
4062,1311,1.0
4062,32,1.0
4062,417,1.0
4062,1886,1.0
4062,607,1.0
4062,992,1.0
4062,1761,1.0
4062,2206,1.0
4062,2335,1.0
4062,3104,1.0
4062,3489,1.0
4062,2910,1.0
4062,3679,1.0
4062,4064,1.0
4062,2785,1.0
4063,1311,1.0
4063,32,1.0
4063,417,1.0
4063,1186,1.0
4063,1631,1.0
4063,2016,1.0
4063,737,1.0
4063,866,1.0
4063,2335,1.0
4063,3104,1.0
4063,3489,1.0
4063,2210,1.0
4063,2655,1.0
4063,3040,1.0
4063,3809,1.0
4063,3938,1.0
4064,32,1.0
4064,417,1.0
4064,1186,1.0
4064,1315,1.0
4064,992,1.0
4064,1761,1.0
4064,1890,1.0
4064,611,1.0
4064,3104,1.0
4064,3489,1.0
4064,2210,1.0
4064,2339,1.0
4064,4064,1.0
4064,2785,1.0
4064,2914,1.0
4064,3683,1.0
4065,417,1.0
4065,1186,1.0
4065,1315,1.0
4065,36,1.0
4065,737,1.0
4065,866,1.0
4065,1635,1.0
4065,2020,1.0
4065,3489,1.0
4065,2210,1.0
4065,2339,1.0
4065,3108,1.0
4065,3809,1.0
4065,3938,1.0
4065,2659,1.0
4065,3044,1.0
4066,1186,1.0
4066,1315,1.0
4066,36,1.0
4066,421,1.0
4066,1890,1.0
4066,611,1.0
4066,996,1.0
4066,1765,1.0
4066,2210,1.0
4066,2339,1.0
4066,3108,1.0
4066,3493,1.0
4066,2914,1.0
4066,3683,1.0
4066,4068,1.0
4066,2789,1.0
4067,1315,1.0
4067,36,1.0
4067,421,1.0
4067,1190,1.0
4067,1635,1.0
4067,2020,1.0
4067,741,1.0
4067,870,1.0
4067,2339,1.0
4067,3108,1.0
4067,3493,1.0
4067,2214,1.0
4067,2659,1.0
4067,3044,1.0
4067,3813,1.0
4067,3942,1.0
4068,36,1.0
4068,421,1.0
4068,1190,1.0
4068,1319,1.0
4068,996,1.0
4068,1765,1.0
4068,1894,1.0
4068,615,1.0
4068,3108,1.0
4068,3493,1.0
4068,2214,1.0
4068,2343,1.0
4068,4068,1.0
4068,2789,1.0
4068,2918,1.0
4068,3687,1.0
4069,421,1.0
4069,1190,1.0
4069,1319,1.0
4069,40,1.0
4069,741,1.0
4069,870,1.0
4069,1639,1.0
4069,2024,1.0
4069,3493,1.0
4069,2214,1.0
4069,2343,1.0
4069,3112,1.0
4069,3813,1.0
4069,3942,1.0
4069,2663,1.0
4069,3048,1.0
4070,1190,1.0
4070,1319,1.0
4070,40,1.0
4070,425,1.0
4070,1894,1.0
4070,615,1.0
4070,1000,1.0
4070,1769,1.0
4070,2214,1.0
4070,2343,1.0
4070,3112,1.0
4070,3497,1.0
4070,2918,1.0
4070,3687,1.0
4070,4072,1.0
4070,2793,1.0
4071,1319,1.0
4071,40,1.0
4071,425,1.0
4071,1194,1.0
4071,1639,1.0
4071,2024,1.0
4071,745,1.0
4071,874,1.0
4071,2343,1.0
4071,3112,1.0
4071,3497,1.0
4071,2218,1.0
4071,2663,1.0
4071,3048,1.0
4071,3817,1.0
4071,3946,1.0
4072,40,1.0
4072,425,1.0
4072,1194,1.0
4072,1323,1.0
4072,1000,1.0
4072,1769,1.0
4072,1898,1.0
4072,619,1.0
4072,3112,1.0
4072,3497,1.0
4072,2218,1.0
4072,2347,1.0
4072,4072,1.0
4072,2793,1.0
4072,2922,1.0
4072,3691,1.0
4073,425,1.0
4073,1194,1.0
4073,1323,1.0
4073,44,1.0
4073,745,1.0
4073,874,1.0
4073,1643,1.0
4073,2028,1.0
4073,3497,1.0
4073,2218,1.0
4073,2347,1.0
4073,3116,1.0
4073,3817,1.0
4073,3946,1.0
4073,2667,1.0
4073,3052,1.0
4074,1194,1.0
4074,1323,1.0
4074,44,1.0
4074,429,1.0
4074,1898,1.0
4074,619,1.0
4074,1004,1.0
4074,1773,1.0
4074,2218,1.0
4074,2347,1.0
4074,3116,1.0
4074,3501,1.0
4074,2922,1.0
4074,3691,1.0
4074,4076,1.0
4074,2797,1.0
4075,1323,1.0
4075,44,1.0
4075,429,1.0
4075,1198,1.0
4075,1643,1.0
4075,2028,1.0
4075,749,1.0
4075,878,1.0
4075,2347,1.0
4075,3116,1.0
4075,3501,1.0
4075,2222,1.0
4075,2667,1.0
4075,3052,1.0
4075,3821,1.0
4075,3950,1.0
4076,44,1.0
4076,429,1.0
4076,1198,1.0
4076,1327,1.0
4076,1004,1.0
4076,1773,1.0
4076,1902,1.0
4076,623,1.0
4076,3116,1.0
4076,3501,1.0
4076,2222,1.0
4076,2351,1.0
4076,4076,1.0
4076,2797,1.0
4076,2926,1.0
4076,3695,1.0
4077,429,1.0
4077,1198,1.0
4077,1327,1.0
4077,48,1.0
4077,749,1.0
4077,878,1.0
4077,1647,1.0
4077,2032,1.0
4077,3501,1.0
4077,2222,1.0
4077,2351,1.0
4077,3120,1.0
4077,3821,1.0
4077,3950,1.0
4077,2671,1.0
4077,3056,1.0
4078,1198,1.0
4078,1327,1.0
4078,48,1.0
4078,433,1.0
4078,1902,1.0
4078,623,1.0
4078,1008,1.0
4078,1777,1.0
4078,2222,1.0
4078,2351,1.0
4078,3120,1.0
4078,3505,1.0
4078,2926,1.0
4078,3695,1.0
4078,4080,1.0
4078,2801,1.0
4079,1327,1.0
4079,48,1.0
4079,433,1.0
4079,1202,1.0
4079,1647,1.0
4079,2032,1.0
4079,753,1.0
4079,882,1.0
4079,2351,1.0
4079,3120,1.0
4079,3505,1.0
4079,2226,1.0
4079,2671,1.0
4079,3056,1.0
4079,3825,1.0
4079,3954,1.0
4080,48,1.0
4080,433,1.0
4080,1202,1.0
4080,1331,1.0
4080,1008,1.0
4080,1777,1.0
4080,1906,1.0
4080,627,1.0
4080,3120,1.0
4080,3505,1.0
4080,2226,1.0
4080,2355,1.0
4080,4080,1.0
4080,2801,1.0
4080,2930,1.0
4080,3699,1.0
4081,433,1.0
4081,1202,1.0
4081,1331,1.0
4081,52,1.0
4081,753,1.0
4081,882,1.0
4081,1651,1.0
4081,2036,1.0
4081,3505,1.0
4081,2226,1.0
4081,2355,1.0
4081,3124,1.0
4081,3825,1.0
4081,3954,1.0
4081,2675,1.0
4081,3060,1.0
4082,1202,1.0
4082,1331,1.0
4082,52,1.0
4082,437,1.0
4082,1906,1.0
4082,627,1.0
4082,1012,1.0
4082,1781,1.0
4082,2226,1.0
4082,2355,1.0
4082,3124,1.0
4082,3509,1.0
4082,2930,1.0
4082,3699,1.0
4082,4084,1.0
4082,2805,1.0
4083,1331,1.0
4083,52,1.0
4083,437,1.0
4083,1206,1.0
4083,1651,1.0
4083,2036,1.0
4083,757,1.0
4083,886,1.0
4083,2355,1.0
4083,3124,1.0
4083,3509,1.0
4083,2230,1.0
4083,2675,1.0
4083,3060,1.0
4083,3829,1.0
4083,3958,1.0
4084,52,1.0
4084,437,1.0
4084,1206,1.0
4084,1335,1.0
4084,1012,1.0
4084,1781,1.0
4084,1910,1.0
4084,631,1.0
4084,3124,1.0
4084,3509,1.0
4084,2230,1.0
4084,2359,1.0
4084,4084,1.0
4084,2805,1.0
4084,2934,1.0
4084,3703,1.0
4085,437,1.0
4085,1206,1.0
4085,1335,1.0
4085,56,1.0
4085,757,1.0
4085,886,1.0
4085,1655,1.0
4085,2040,1.0
4085,3509,1.0
4085,2230,1.0
4085,2359,1.0
4085,3128,1.0
4085,3829,1.0
4085,3958,1.0
4085,2679,1.0
4085,3064,1.0
4086,1206,1.0
4086,1335,1.0
4086,56,1.0
4086,441,1.0
4086,1910,1.0
4086,631,1.0
4086,1016,1.0
4086,1785,1.0
4086,2230,1.0
4086,2359,1.0
4086,3128,1.0
4086,3513,1.0
4086,2934,1.0
4086,3703,1.0
4086,4088,1.0
4086,2809,1.0
4087,1335,1.0
4087,56,1.0
4087,441,1.0
4087,1210,1.0
4087,1655,1.0
4087,2040,1.0
4087,761,1.0
4087,890,1.0
4087,2359,1.0
4087,3128,1.0
4087,3513,1.0
4087,2234,1.0
4087,2679,1.0
4087,3064,1.0
4087,3833,1.0
4087,3962,1.0
4088,56,1.0
4088,441,1.0
4088,1210,1.0
4088,1339,1.0
4088,1016,1.0
4088,1785,1.0
4088,1914,1.0
4088,635,1.0
4088,3128,1.0
4088,3513,1.0
4088,2234,1.0
4088,2363,1.0
4088,4088,1.0
4088,2809,1.0
4088,2938,1.0
4088,3707,1.0
4089,441,1.0
4089,1210,1.0
4089,1339,1.0
4089,60,1.0
4089,761,1.0
4089,890,1.0
4089,1659,1.0
4089,2044,1.0
4089,3513,1.0
4089,2234,1.0
4089,2363,1.0
4089,3132,1.0
4089,3833,1.0
4089,3962,1.0
4089,2683,1.0
4089,3068,1.0
4090,1210,1.0
4090,1339,1.0
4090,60,1.0
4090,445,1.0
4090,1914,1.0
4090,635,1.0
4090,1020,1.0
4090,1789,1.0
4090,2234,1.0
4090,2363,1.0
4090,3132,1.0
4090,3517,1.0
4090,2938,1.0
4090,3707,1.0
4090,4092,1.0
4090,2813,1.0
4091,1339,1.0
4091,60,1.0
4091,445,1.0
4091,1214,1.0
4091,1659,1.0
4091,2044,1.0
4091,765,1.0
4091,894,1.0
4091,2363,1.0
4091,3132,1.0
4091,3517,1.0
4091,2238,1.0
4091,2683,1.0
4091,3068,1.0
4091,3837,1.0
4091,3966,1.0
4092,60,1.0
4092,445,1.0
4092,1214,1.0
4092,1343,1.0
4092,1020,1.0
4092,1789,1.0
4092,1918,1.0
4092,639,1.0
4092,3132,1.0
4092,3517,1.0
4092,2238,1.0
4092,2367,1.0
4092,4092,1.0
4092,2813,1.0
4092,2942,1.0
4092,3711,1.0
4093,445,1.0
4093,1214,1.0
4093,1343,1.0
4093,0,1.0
4093,765,1.0
4093,894,1.0
4093,1663,1.0
4093,1984,1.0
4093,3517,1.0
4093,2238,1.0
4093,2367,1.0
4093,3072,1.0
4093,3837,1.0
4093,3966,1.0
4093,2687,1.0
4093,3008,1.0
4094,1214,1.0
4094,1343,1.0
4094,0,1.0
4094,385,1.0
4094,1918,1.0
4094,639,1.0
4094,960,1.0
4094,1729,1.0
4094,2238,1.0
4094,2367,1.0
4094,3072,1.0
4094,3457,1.0
4094,2942,1.0
4094,3711,1.0
4094,4032,1.0
4094,2753,1.0
4095,1343,1.0
4095,0,1.0
4095,385,1.0
4095,1154,1.0
4095,1663,1.0
4095,1984,1.0
4095,705,1.0
4095,834,1.0
4095,2367,1.0
4095,3072,1.0
4095,3457,1.0
4095,2178,1.0
4095,2687,1.0
4095,3008,1.0
4095,3777,1.0
4095,3906,1.0
