# dense spike dataset 20k
411 2
397 2
157 3
104 3
160 3
283 3
241 4
387 4
210 4
415 5
307 5
354 5
122 5
495 6
211 6
373 7
440 7
431 7
361 7
47 7
37 7
62 7
232 7
361 7
343 7
284 8
231 8
172 9
122 9
265 10
251 10
277 10
113 11
484 11
284 11
275 11
265 12
285 12
50 12
151 12
134 13
66 13
128 14
203 14
495 15
116 15
135 15
45 15
294 15
425 16
491 16
410 16
337 16
245 17
132 17
42 17
124 17
19 17
194 17
154 17
139 17
106 18
429 18
150 18
111 18
455 19
406 19
215 19
67 19
510 19
207 20
508 20
179 20
205 20
429 20
225 21
422 21
269 21
415 21
331 22
502 22
469 23
298 23
460 23
64 24
323 24
267 25
290 25
440 25
11 25
23 25
346 25
111 25
302 25
289 25
388 26
211 26
254 26
294 26
13 26
277 27
171 27
463 27
231 28
184 28
154 28
432 28
23 29
431 29
215 29
239 30
284 30
157 30
7 30
126 31
260 31
386 31
444 32
123 32
67 32
428 33
199 33
74 34
25 34
411 35
74 35
231 35
401 35
453 35
336 35
358 36
0 36
146 37
83 37
269 37
370 37
261 37
13 38
353 38
402 38
204 39
96 39
208 39
69 39
507 40
445 40
308 40
162 40
429 40
216 40
60 40
319 40
25 40
80 41
418 41
9 41
354 42
312 42
183 42
114 42
256 43
356 43
98 43
422 43
130 44
220 44
294 44
184 44
178 44
113 45
492 45
22 45
125 46
445 46
119 46
381 46
375 46
80 46
149 46
450 46
445 46
89 46
50 46
331 46
123 46
363 47
42 48
225 48
338 48
203 48
89 48
160 49
247 49
214 49
96 50
307 50
286 50
231 50
346 51
394 52
479 52
81 53
440 53
315 53
99 53
501 53
509 53
21 53
505 54
360 54
53 54
74 55
287 55
239 55
365 55
109 55
411 56
371 56
249 56
431 56
158 56
139 57
390 57
153 57
123 58
273 58
3 58
110 58
299 59
113 59
354 59
314 59
281 60
377 60
393 60
113 60
181 60
285 60
343 60
242 61
491 61
462 61
287 61
349 61
502 61
186 61
380 61
164 62
45 62
39 62
388 62
477 63
399 63
486 63
41 63
499 63
408 64
157 64
224 64
251 64
322 64
302 64
217 64
121 65
313 65
450 65
303 65
129 65
48 66
79 66
245 66
129 66
67 66
27 67
388 67
172 67
391 67
476 67
114 67
313 67
505 68
49 68
189 68
380 68
220 69
305 69
179 69
73 70
321 70
135 70
380 70
6 71
403 72
442 72
461 72
400 72
366 74
335 74
475 74
491 74
73 74
420 74
121 74
502 75
458 75
157 75
28 75
218 75
151 76
172 76
150 76
338 76
30 76
486 76
20 77
226 77
301 77
213 78
391 78
214 78
177 79
407 79
243 79
89 79
510 79
30 80
439 80
218 80
369 80
0 81
440 81
317 82
134 82
333 82
303 82
286 83
498 84
435 84
225 84
59 84
273 84
111 85
507 86
144 86
360 86
495 86
211 86
311 87
456 87
137 87
147 87
439 88
55 89
62 89
316 89
246 90
124 90
103 90
103 90
389 90
168 91
342 91
136 91
205 91
214 92
82 92
224 93
210 93
74 93
491 93
493 94
103 94
115 95
450 95
369 95
220 96
179 96
259 96
14 97
461 98
74 99
472 99
347 99
310 99
477 99
165 100
243 100
280 100
414 100
367 101
179 101
0 102
204 102
324 102
11 103
231 103
199 104
146 105
296 105
316 105
283 106
248 106
93 106
401 106
477 106
236 107
478 107
189 107
175 107
376 107
329 108
222 108
73 108
366 109
350 109
140 109
358 109
322 109
395 110
80 110
61 110
211 110
45 110
314 110
378 110
16 110
153 111
345 111
301 112
233 112
148 112
220 112
255 112
376 113
356 113
332 113
41 113
208 113
119 113
412 114
439 114
424 114
485 114
404 114
439 115
4 115
116 115
434 115
401 115
200 115
300 115
118 116
274 116
2 116
55 116
334 117
135 118
436 118
212 118
376 119
390 119
118 119
366 120
201 120
496 121
148 121
445 121
28 122
156 122
17 122
137 123
282 123
495 124
350 125
10 125
295 126
251 126
165 127
435 127
360 127
187 127
431 127
25 127
164 127
196 128
283 128
473 128
190 128
444 129
178 129
221 129
372 129
31 129
450 130
237 130
13 131
68 131
321 131
453 131
129 131
184 131
321 131
427 131
275 132
455 132
432 133
235 133
283 133
482 133
63 133
337 133
293 133
389 134
87 134
81 134
486 135
63 135
249 135
402 135
63 135
179 135
9 135
103 135
192 136
119 136
109 136
136 137
504 137
169 137
249 137
104 137
401 137
451 138
211 138
152 138
91 138
29 139
221 139
314 139
431 139
427 139
89 139
292 139
206 140
163 140
286 140
81 141
455 141
300 141
409 141
283 141
87 141
151 142
245 142
39 142
474 142
220 142
344 142
73 142
2 142
501 142
298 143
35 143
356 143
122 144
240 144
299 144
274 144
430 144
462 144
19 145
64 145
149 145
169 146
198 146
216 146
422 146
69 146
107 147
424 147
461 147
258 147
481 147
171 147
383 147
69 148
500 148
276 149
59 149
510 150
415 150
93 150
422 150
291 151
177 151
96 151
465 151
142 152
199 152
127 152
43 152
452 153
8 153
418 153
368 153
363 153
254 153
15 154
359 154
137 154
272 155
343 155
467 155
456 155
477 155
489 155
323 155
311 155
27 156
297 156
260 156
467 156
339 156
324 156
151 156
403 156
336 157
409 157
486 157
47 157
317 157
6 157
476 158
14 158
390 158
462 158
11 159
58 159
498 159
239 159
203 159
74 160
203 160
469 160
467 160
76 161
196 161
60 162
64 162
314 163
493 163
426 163
86 163
396 163
419 163
218 163
369 164
346 165
347 165
132 165
397 165
70 165
261 165
490 166
487 166
258 167
274 167
267 168
104 168
182 168
314 168
282 168
128 168
207 168
453 169
246 169
104 169
470 169
217 170
208 171
204 171
167 171
323 171
369 171
371 171
135 172
63 172
457 172
349 172
128 173
372 174
422 174
106 174
37 175
490 175
47 175
369 175
19 176
303 176
18 176
112 176
444 176
81 177
182 177
147 177
47 177
106 177
80 178
261 178
403 178
304 178
408 178
186 179
202 180
343 180
366 180
25 180
363 180
223 180
98 181
69 181
11 181
12 181
265 181
161 181
288 182
247 182
137 182
55 182
316 183
28 183
339 184
275 184
205 184
355 184
423 184
340 184
29 184
469 185
173 185
112 185
284 186
265 186
239 186
290 187
49 187
459 187
114 187
170 187
393 187
227 188
275 188
93 188
124 190
77 190
139 190
76 191
304 191
86 191
2 191
221 191
198 191
409 192
307 192
251 192
278 192
68 192
88 193
241 193
149 193
34 194
372 194
343 194
286 195
393 195
278 195
159 195
268 195
15 195
248 195
224 195
359 196
253 196
45 197
481 197
70 197
348 197
437 197
124 197
120 198
432 198
112 198
445 198
85 198
12 199
394 199
251 199
7 199
378 199
327 199
30 199
198 200
113 200
401 200
354 201
266 201
317 201
185 202
242 202
383 202
3 202
5 202
122 203
27 203
144 203
499 203
266 204
219 204
423 204
359 205
303 205
486 205
310 206
390 206
147 206
241 206
9 207
409 207
187 207
100 207
411 207
262 208
8 209
429 209
152 209
10 209
261 210
178 210
391 211
126 211
362 211
275 212
2 212
491 212
371 212
325 212
362 212
375 213
443 213
146 213
427 213
162 213
384 214
255 214
207 214
403 214
302 214
144 214
97 214
366 214
442 215
115 215
108 215
93 216
189 216
84 216
275 216
199 216
407 216
470 217
331 217
135 217
143 217
458 217
185 217
465 218
396 218
262 218
90 218
18 219
235 219
73 219
138 219
19 220
167 220
344 220
276 220
222 220
50 220
348 220
81 220
55 221
511 221
275 221
262 221
37 221
345 221
62 221
37 221
446 222
138 222
16 222
177 222
267 222
168 222
85 223
243 223
58 223
393 224
287 224
341 224
56 224
359 224
61 224
48 225
219 225
181 226
239 226
20 226
371 226
486 226
239 227
48 227
283 228
131 228
251 228
214 228
103 229
223 229
418 229
169 230
447 230
457 230
421 230
68 230
253 230
169 231
90 231
285 231
178 232
105 232
443 232
440 232
322 232
124 233
325 233
320 233
295 234
356 234
210 234
296 235
1 235
295 235
324 236
312 236
342 236
6 236
69 236
437 237
224 237
224 237
507 238
488 238
19 238
184 238
424 238
53 238
156 239
201 239
424 239
228 239
108 239
444 239
422 240
248 240
88 240
47 240
334 241
70 242
449 242
135 242
510 243
56 243
334 243
376 243
511 243
260 243
50 244
60 244
38 244
307 244
357 244
448 244
158 244
426 245
500 245
358 245
171 245
439 246
221 247
168 247
197 247
351 247
472 247
8 247
276 248
213 248
237 248
351 248
439 248
72 249
259 249
243 249
440 249
146 250
135 250
301 250
82 250
37 250
177 250
464 250
137 251
353 251
344 252
193 252
354 252
225 252
89 252
59 252
467 253
365 253
457 253
19 253
348 254
41 254
101 254
423 255
64 255
29 255
171 256
122 256
73 256
465 256
170 257
114 257
393 257
39 257
283 257
101 257
104 257
339 257
459 258
206 259
93 259
211 259
33 259
325 259
377 259
249 259
449 259
422 260
468 260
269 260
330 261
411 261
238 261
42 261
57 262
386 262
120 262
184 263
349 263
382 263
373 263
374 263
162 264
49 264
435 264
402 264
340 264
203 264
464 264
418 264
309 264
492 264
281 265
109 265
261 265
185 265
471 266
227 267
164 267
122 267
485 267
354 267
40 268
280 268
369 268
124 268
17 269
502 269
13 269
286 269
489 270
212 271
118 271
504 271
281 271
184 271
68 272
379 272
36 272
33 272
416 272
72 272
374 272
235 273
391 273
31 273
489 273
497 274
121 274
253 274
39 275
504 275
12 276
10 276
254 276
183 276
431 277
174 277
165 277
180 277
238 278
452 278
163 278
303 278
381 278
462 278
342 278
494 278
209 278
219 279
337 280
26 280
377 280
181 281
40 281
364 281
415 282
290 282
472 283
442 283
194 284
257 284
294 284
261 284
456 284
348 285
71 285
98 285
5 285
312 286
184 286
441 286
429 287
505 287
180 287
240 287
162 289
206 290
104 290
459 290
6 291
292 291
485 291
427 292
302 293
422 293
221 293
311 293
115 294
80 294
117 294
174 294
9 295
161 295
420 295
353 295
25 295
288 295
473 296
310 296
304 296
126 296
430 296
348 296
226 296
440 296
357 296
35 296
300 296
417 297
67 297
473 298
23 298
509 298
294 298
208 298
482 298
45 299
56 299
384 300
315 300
247 300
313 300
509 300
117 301
428 301
266 301
432 301
387 301
224 301
441 301
388 302
105 302
136 302
131 302
414 303
361 303
143 303
389 303
179 304
458 304
331 304
102 305
396 305
65 305
470 305
504 305
469 305
31 305
61 306
343 306
325 307
351 307
16 307
260 307
462 308
425 308
494 308
237 308
363 308
331 308
413 309
179 309
21 309
328 310
328 310
73 310
372 310
97 310
327 310
508 311
245 311
143 312
224 312
250 312
159 312
188 312
28 312
286 314
416 314
18 314
481 314
288 314
468 314
273 314
377 315
417 315
216 316
417 316
486 316
437 317
372 317
222 317
224 317
0 317
49 318
409 318
43 319
406 319
196 319
174 319
290 320
468 320
361 320
262 320
23 320
432 321
157 321
218 321
436 322
286 322
135 323
304 323
483 323
253 323
38 323
273 323
347 324
172 324
110 324
270 325
320 326
272 326
31 326
165 326
190 326
235 326
106 327
352 327
470 328
98 328
169 328
259 328
208 328
235 328
250 329
386 329
479 329
23 330
93 330
443 330
499 330
70 330
62 330
278 330
356 330
19 330
411 332
286 332
360 332
222 332
212 333
416 333
137 333
471 333
190 333
336 334
508 334
83 334
465 334
130 335
232 335
381 335
148 335
451 336
18 336
386 336
233 336
499 336
488 337
488 337
147 337
348 338
182 338
259 339
148 339
68 339
484 339
141 340
306 342
154 342
479 342
151 342
309 342
158 342
406 342
282 343
69 343
171 343
73 343
398 343
11 343
136 344
343 344
471 344
101 344
495 344
232 345
339 345
468 345
396 345
210 346
309 346
342 346
478 347
274 347
226 347
37 347
398 348
344 348
58 348
208 348
246 349
264 349
196 349
47 349
170 349
359 349
12 349
43 349
479 349
47 349
354 350
90 351
87 351
115 351
371 351
61 351
189 351
272 352
9 352
94 352
216 352
48 352
102 353
406 353
475 353
353 354
278 354
1 354
266 355
461 355
461 356
241 356
61 356
507 357
43 357
416 357
304 357
71 357
211 357
372 358
309 358
46 358
34 359
457 359
305 359
206 359
167 360
400 360
240 360
143 360
445 360
381 360
153 360
129 361
425 361
66 361
239 361
58 361
335 361
57 361
69 361
118 362
63 362
203 362
297 362
301 363
264 363
262 363
473 363
350 363
266 363
351 364
182 364
141 365
218 365
266 365
219 366
153 366
259 366
16 367
265 367
75 367
136 367
68 368
80 368
449 368
505 368
443 368
502 368
304 369
49 369
264 369
451 370
327 370
37 371
464 371
393 371
129 371
86 371
47 371
347 371
285 372
56 372
375 373
246 373
453 373
214 373
11 374
421 374
113 374
25 375
379 375
347 375
201 375
5 375
75 375
466 375
45 375
331 375
195 376
19 376
237 377
310 377
228 378
412 378
347 378
380 378
177 378
199 378
192 378
343 378
332 379
299 380
339 381
365 381
299 381
192 381
85 381
344 382
287 382
154 382
77 383
359 383
448 384
214 384
471 384
30 384
64 384
161 384
413 385
386 385
378 386
416 386
496 387
468 387
98 387
257 387
121 388
482 388
371 388
58 389
355 390
211 391
176 391
456 391
509 391
384 391
161 391
332 392
39 392
384 392
471 392
388 392
189 392
226 392
77 392
255 392
189 393
109 393
119 393
231 393
180 393
287 394
159 394
312 394
424 394
409 394
195 394
478 394
167 394
300 395
56 396
332 396
483 396
106 396
382 397
163 398
162 398
74 398
459 398
121 399
506 399
397 399
178 399
7 400
246 400
3 400
111 400
359 400
289 400
362 400
34 401
46 401
132 401
376 402
98 402
355 403
509 403
269 403
217 404
244 404
218 404
501 404
497 404
298 404
34 404
333 404
52 404
13 405
460 405
40 405
503 405
420 406
283 406
29 406
206 406
140 406
35 407
239 407
353 408
452 408
198 408
22 409
387 409
113 409
13 410
59 410
193 410
94 410
238 410
134 410
497 411
455 411
153 411
268 411
73 411
122 412
488 412
497 412
85 412
424 412
129 412
371 413
502 413
62 413
372 413
230 414
268 414
75 414
496 415
45 415
509 415
369 415
6 415
329 415
138 416
99 416
340 416
33 417
173 417
345 417
169 417
182 418
52 418
507 418
303 418
24 418
237 419
433 419
106 419
152 419
292 421
284 421
226 421
430 421
41 421
370 421
446 421
330 421
242 422
379 422
116 422
317 423
186 423
121 423
348 423
382 424
473 424
302 424
314 424
82 424
415 425
40 425
346 425
80 425
295 425
321 425
77 426
149 426
319 426
220 426
129 426
289 427
357 427
195 427
85 427
84 427
123 427
410 428
398 428
229 428
201 429
376 429
97 430
502 430
53 430
445 430
147 430
61 430
430 430
199 431
90 431
123 431
35 431
98 431
437 431
213 431
427 432
304 432
140 432
413 432
35 433
118 433
73 433
251 433
501 433
13 433
442 433
163 434
75 435
383 435
330 435
271 435
354 436
153 436
382 436
477 436
113 436
161 437
99 438
425 438
445 438
14 438
467 439
339 439
202 440
399 440
411 440
146 440
335 441
96 441
26 441
307 441
334 442
510 442
191 442
44 442
281 443
504 443
215 443
139 444
192 444
277 444
374 444
348 445
342 446
468 446
186 446
310 447
64 447
35 447
138 447
57 447
439 447
366 447
94 447
395 447
378 447
111 447
299 448
31 448
12 449
224 449
456 449
482 449
7 449
216 449
488 450
66 450
271 450
359 451
106 451
342 452
91 452
298 452
351 453
411 453
315 453
327 453
199 453
3 454
114 454
27 454
10 454
258 454
149 455
19 455
190 456
337 456
461 456
474 456
221 456
284 457
83 457
86 457
332 458
319 458
373 459
346 459
57 460
258 460
370 460
366 460
283 461
67 461
443 461
182 462
166 462
77 463
36 463
80 463
229 464
54 464
252 465
503 465
139 465
228 465
394 466
110 466
234 467
462 467
82 467
340 467
76 468
227 468
293 468
76 469
349 470
73 470
432 471
312 471
203 471
328 471
207 472
295 472
486 472
353 472
421 472
156 472
10 472
400 472
466 473
334 473
292 473
299 473
279 473
467 474
147 475
145 475
399 475
452 475
115 476
325 476
384 477
1 477
341 477
27 477
224 477
93 477
488 477
433 478
354 479
215 479
12 479
476 479
274 480
448 480
124 481
463 481
254 481
142 481
204 481
452 481
342 481
451 482
91 482
132 483
184 483
432 483
210 484
13 484
181 484
132 484
110 485
224 485
383 485
214 486
322 486
253 486
102 487
164 487
490 487
102 487
297 487
323 487
191 487
241 487
195 488
448 488
433 488
366 489
182 489
435 489
46 489
143 489
28 490
35 490
307 490
403 491
113 491
386 491
173 491
32 492
43 492
12 492
282 493
410 494
320 495
453 495
47 495
48 496
345 496
470 496
221 496
471 496
114 496
326 497
10 498
14 498
26 498
295 498
220 499
217 499
122 499
214 499
40 500
374 501
281 501
389 501
384 501
331 502
86 502
258 503
88 503
87 503
13 503
325 503
205 503
222 503
181 504
323 504
92 504
25 505
268 505
245 506
253 506
415 507
470 507
356 507
205 508
229 508
31 508
424 509
133 509
0 509
12 509
299 510
221 510
81 510
494 511
69 511
208 511
73 511
104 511
312 511
396 512
160 512
21 512
330 513
130 513
134 513
296 513
371 515
271 515
103 515
221 515
190 516
156 516
335 516
270 516
357 516
51 517
291 517
1 517
248 518
369 518
72 519
481 519
437 519
475 519
92 520
503 520
15 520
385 520
177 520
21 521
324 521
221 521
281 521
109 521
165 522
453 522
91 522
333 522
93 523
255 523
226 524
22 524
86 524
103 525
373 525
147 525
154 526
5 526
56 526
185 526
399 526
300 527
506 527
282 528
333 528
204 528
393 528
503 528
416 529
432 529
128 530
414 530
174 530
311 530
225 530
124 530
196 530
17 530
178 530
57 531
55 531
328 531
197 531
168 531
199 531
145 531
236 532
412 532
288 532
392 532
167 532
209 533
369 533
284 533
218 533
282 533
25 533
154 533
377 534
119 534
492 534
373 534
84 535
48 535
373 535
218 536
214 536
165 536
216 537
197 537
459 537
263 538
95 538
49 538
132 538
160 538
130 538
122 539
260 539
287 539
250 539
141 540
70 541
255 541
422 542
317 542
41 542
21 542
193 542
301 542
128 543
238 543
419 543
184 544
138 544
255 544
79 544
207 545
499 545
102 545
159 546
15 546
97 546
305 547
358 547
285 547
326 548
158 548
136 548
163 549
479 549
265 550
466 550
491 551
459 551
431 551
482 551
189 551
363 551
463 551
59 552
403 552
430 552
433 552
14 554
193 554
250 554
13 555
82 555
40 555
235 556
157 556
234 556
74 556
383 557
236 557
282 557
132 557
173 558
1 558
502 558
417 558
288 558
263 558
293 558
413 559
383 559
339 559
366 559
427 559
105 559
260 559
239 560
18 560
88 560
184 560
317 560
456 560
460 562
360 562
224 563
20 563
200 563
229 563
14 564
324 564
421 564
365 564
190 564
432 564
342 565
248 565
480 565
384 566
13 566
100 566
106 566
141 566
31 567
109 567
130 567
345 568
112 568
300 568
51 568
67 569
140 569
457 569
242 570
167 571
18 571
413 571
404 572
180 572
224 573
243 573
469 573
92 573
414 573
111 574
361 574
81 575
480 575
31 575
336 575
480 576
23 576
26 577
87 577
106 577
0 577
267 578
109 578
373 578
277 579
308 579
14 579
481 580
417 581
394 581
331 582
156 582
184 582
111 582
94 583
148 583
277 583
77 583
456 583
426 584
386 584
391 584
441 584
69 584
155 584
352 586
433 587
509 587
398 588
40 588
290 588
481 588
72 589
257 589
477 589
367 589
478 589
504 589
229 589
508 590
41 590
223 590
263 590
5 591
180 591
317 591
93 591
89 592
210 592
86 592
360 593
219 593
442 593
421 593
178 593
181 594
351 594
254 594
145 594
14 594
278 595
206 595
255 596
160 597
290 597
261 597
31 598
265 598
39 598
254 598
138 598
66 598
114 598
7 598
246 598
252 599
184 599
395 600
153 600
99 600
123 600
53 600
373 601
30 601
145 601
360 601
457 601
104 601
404 602
208 602
127 602
90 603
117 603
63 603
128 603
23 603
169 603
500 603
353 604
433 604
488 604
304 604
488 604
13 604
414 605
417 605
479 605
440 606
134 606
329 607
157 607
65 607
202 608
207 608
23 608
511 608
43 608
340 608
453 609
33 609
302 609
429 610
459 610
228 610
203 610
256 610
251 610
506 611
508 611
86 611
402 611
293 611
475 611
168 612
446 612
487 612
60 612
386 612
14 613
432 613
164 613
192 613
273 614
50 614
324 614
90 615
419 615
503 615
30 616
371 616
1 616
46 616
503 617
265 617
342 617
125 617
509 617
464 618
270 618
467 618
254 618
191 619
176 619
424 619
210 620
84 620
206 620
140 620
511 620
440 620
299 620
379 621
139 621
449 621
168 621
192 622
204 622
350 622
339 623
375 623
450 624
449 624
491 624
248 624
44 624
253 624
439 625
422 625
26 625
433 625
352 626
498 626
13 627
430 627
350 627
484 627
240 627
225 628
8 628
94 628
348 628
485 628
250 628
113 628
312 629
218 629
275 630
464 630
48 631
498 631
370 631
375 632
223 632
244 632
24 633
159 633
143 633
85 633
167 633
496 633
325 633
326 634
511 634
56 634
510 635
360 635
424 635
146 635
319 636
355 636
188 636
262 637
490 637
459 637
183 637
501 637
458 638
123 638
226 639
410 639
137 639
126 639
263 640
111 640
238 641
66 641
256 641
379 642
461 642
393 643
212 643
424 644
456 644
178 644
411 644
448 644
185 644
474 645
36 645
355 645
76 645
321 645
207 645
261 646
508 646
349 646
394 647
299 647
378 647
154 647
211 648
261 648
374 648
269 648
249 649
481 649
267 649
275 650
348 650
410 650
431 650
403 651
64 651
398 651
315 652
21 652
159 652
32 652
151 652
499 653
478 653
292 653
150 653
502 654
23 654
427 655
344 655
382 655
488 655
203 656
121 656
21 656
28 657
290 657
199 657
170 657
326 657
109 658
176 658
38 658
435 658
57 658
477 659
116 659
356 659
90 660
69 660
301 660
449 661
101 661
446 661
500 662
468 663
217 663
140 663
319 664
2 665
368 665
263 665
180 666
92 666
105 667
500 667
207 667
502 667
42 667
450 668
50 668
169 668
136 668
494 669
493 669
360 669
506 669
118 669
167 669
227 670
497 670
486 671
480 671
276 671
255 671
435 671
466 672
103 672
271 672
289 672
115 672
90 673
440 673
227 673
215 673
450 674
253 675
121 675
174 675
136 675
456 675
157 676
364 676
442 676
475 676
319 676
326 676
197 676
144 677
367 678
499 678
13 679
429 679
248 679
460 679
429 679
322 680
32 680
393 680
329 680
114 681
314 681
180 681
415 681
358 681
507 681
22 682
488 683
240 683
422 683
410 683
407 684
429 684
261 684
427 685
431 685
293 685
179 687
376 687
234 688
197 688
14 688
302 689
19 689
354 690
244 690
129 690
442 690
288 691
298 691
375 691
388 691
251 691
362 691
136 692
338 692
251 693
331 693
140 693
323 694
253 694
27 694
33 694
504 694
148 695
501 695
274 695
481 695
343 696
506 696
500 696
386 697
230 697
243 697
457 698
303 698
355 698
345 698
216 698
74 699
34 699
158 700
183 700
102 700
315 700
270 701
5 701
194 701
136 702
206 702
101 702
389 702
13 703
173 703
43 704
456 704
11 704
467 705
17 705
329 705
218 705
198 705
258 706
193 706
41 706
234 706
76 706
407 707
493 708
249 708
187 708
48 708
345 708
162 709
475 709
263 709
285 709
272 709
118 710
22 710
397 710
284 710
411 710
451 710
316 711
1 711
442 711
24 711
435 711
7 712
239 712
22 712
146 712
137 712
196 712
266 712
293 712
137 713
297 713
181 713
304 713
462 713
191 713
185 713
33 714
307 714
432 714
201 714
229 714
303 715
410 715
468 715
181 716
468 716
362 716
156 716
92 716
255 717
238 717
271 717
267 718
291 719
308 719
362 719
35 720
251 720
338 720
110 721
227 721
253 721
456 721
299 722
355 722
202 722
90 723
288 723
317 723
391 724
0 724
432 724
351 724
391 724
457 724
197 724
432 724
190 725
102 726
484 726
115 726
100 726
470 727
339 727
414 727
40 727
366 727
80 728
427 728
448 729
48 729
479 729
455 729
354 730
285 730
455 731
157 731
288 731
204 731
412 732
233 732
258 732
129 732
297 732
233 732
232 732
17 733
491 733
163 734
490 734
85 734
222 734
306 734
311 734
383 735
240 735
249 735
511 735
42 736
243 737
496 737
142 737
57 737
401 738
507 738
290 738
218 738
238 738
420 738
253 738
293 739
376 739
222 739
261 740
455 741
160 741
507 741
89 741
463 742
253 742
432 742
35 743
202 743
305 743
15 743
140 744
400 744
501 745
252 745
163 745
104 745
165 745
396 745
361 746
14 746
277 746
392 746
403 747
59 747
267 747
441 747
421 748
106 748
493 748
78 749
417 749
309 749
380 749
200 749
278 750
473 750
229 751
432 751
454 751
164 751
178 752
239 752
262 752
264 753
121 753
266 754
162 754
209 754
373 754
373 754
120 754
99 754
420 755
226 755
436 756
65 756
262 756
129 756
500 757
85 757
158 757
494 757
364 757
335 758
209 758
104 758
354 758
185 758
287 758
476 759
168 759
403 759
186 759
125 760
64 760
487 761
205 761
185 761
374 761
298 761
202 761
388 761
343 762
195 762
501 762
459 762
21 762
83 763
188 763
440 763
362 763
222 763
52 763
384 763
339 763
259 763
171 764
161 764
500 764
238 764
280 764
384 764
500 765
502 765
359 765
479 765
370 765
249 765
113 765
389 766
72 766
227 766
397 767
217 767
462 767
113 768
379 768
405 768
231 768
260 768
380 769
372 769
191 769
412 769
258 769
426 770
460 770
355 770
276 770
366 771
43 771
184 771
173 771
225 771
50 772
509 772
34 773
212 773
447 773
4 773
356 773
101 773
7 773
281 774
32 774
117 775
129 775
506 775
150 775
119 775
41 776
40 776
49 776
254 776
137 777
35 777
68 777
242 777
470 778
469 778
81 778
281 779
99 779
238 779
236 779
218 780
337 780
211 780
503 780
236 780
268 780
55 780
400 781
511 781
88 781
397 781
90 781
310 782
34 782
228 782
154 782
391 782
105 783
101 783
133 784
149 784
308 784
56 784
74 784
115 784
111 784
405 785
141 785
358 785
120 785
442 785
333 786
461 786
276 786
111 786
392 787
152 787
499 787
437 787
495 787
390 787
335 788
466 788
10 788
251 788
171 789
490 789
277 789
326 790
13 790
6 790
231 790
377 790
189 791
197 791
122 791
276 792
386 792
125 792
344 792
489 792
114 792
490 792
231 792
197 793
174 793
362 793
112 793
285 794
121 794
486 795
464 795
258 795
508 795
310 795
353 796
57 796
295 796
472 797
255 797
239 797
293 798
336 798
315 798
157 798
172 798
327 798
228 798
380 799
98 799
217 799
255 799
304 800
439 800
427 800
279 800
475 800
84 800
168 800
347 800
21 800
17 801
418 801
138 801
440 802
477 802
209 802
306 803
394 803
112 803
243 803
84 803
88 804
158 804
220 805
394 805
368 805
424 805
275 805
38 805
236 805
75 806
352 806
319 806
440 806
64 807
2 807
61 807
67 808
322 809
83 809
496 809
245 810
243 810
312 810
210 810
252 811
378 811
140 811
347 811
379 811
280 811
281 812
219 812
420 812
509 813
418 813
456 813
471 814
87 814
263 814
476 815
100 815
114 815
22 815
225 815
402 815
221 816
29 816
123 816
99 816
205 816
39 816
0 817
166 817
193 817
276 817
419 817
364 817
407 817
52 817
506 818
250 818
419 818
235 819
455 819
57 819
175 819
459 819
3 820
471 821
384 821
141 822
415 824
405 824
496 824
353 824
215 824
273 825
209 825
204 825
304 825
469 826
307 827
122 827
17 827
330 828
470 828
81 828
247 828
248 828
429 828
414 828
381 828
100 828
497 828
120 828
502 828
337 828
229 829
185 830
479 830
193 830
401 830
148 831
369 831
485 831
242 831
417 831
45 831
217 832
77 832
42 832
4 832
407 833
296 833
100 833
417 833
121 834
355 834
107 834
251 835
484 835
509 835
363 835
412 835
397 835
486 836
465 836
140 836
358 836
390 836
55 836
198 837
476 837
187 837
145 837
213 837
439 838
393 838
250 838
276 839
457 839
132 840
304 840
493 841
58 841
174 841
89 841
161 841
384 841
329 842
42 842
496 842
213 842
104 843
453 843
486 843
358 843
33 843
55 844
282 844
8 845
395 845
291 846
376 846
63 846
92 846
43 847
193 847
466 847
98 847
26 847
310 848
346 849
36 849
396 850
469 850
233 850
78 850
374 850
214 850
264 852
144 852
443 852
191 853
109 853
253 854
450 854
454 854
317 855
184 855
317 855
122 855
363 856
444 856
260 856
370 857
287 857
189 857
110 858
397 858
177 858
190 858
409 858
65 859
13 860
124 860
176 860
194 860
193 860
161 860
492 860
282 861
196 861
370 861
480 861
365 862
483 862
25 862
96 862
481 862
487 862
113 862
178 862
324 862
144 862
409 863
144 864
122 865
490 865
98 865
167 865
298 865
152 866
419 866
20 866
446 866
327 866
285 866
126 866
318 866
49 866
330 866
426 867
99 867
167 867
198 868
213 868
509 869
65 869
72 869
343 869
414 869
203 870
8 871
155 871
501 871
88 871
118 871
82 871
26 872
306 872
282 872
472 872
165 873
398 873
381 873
139 873
9 873
109 874
280 874
358 874
46 874
91 875
475 875
468 875
500 875
44 875
282 875
319 876
230 876
69 876
37 876
91 876
442 876
228 876
68 877
8 877
356 877
342 877
83 877
124 878
236 878
295 879
322 879
81 880
484 880
185 880
339 880
358 880
301 880
272 880
15 881
86 881
130 881
271 882
380 882
460 882
351 882
440 882
77 883
224 883
128 883
143 883
471 883
376 884
357 884
317 884
357 885
227 885
23 885
56 885
438 886
93 886
215 886
179 887
196 887
107 887
72 888
34 888
459 888
273 889
46 889
102 889
116 889
40 890
333 890
187 890
187 891
230 891
353 891
95 892
432 892
377 892
209 893
99 893
293 893
438 894
159 894
434 894
421 894
1 894
293 894
471 895
240 895
330 895
163 895
283 895
371 896
95 896
97 896
167 896
254 896
160 897
299 897
158 897
494 897
359 897
68 898
87 898
323 898
162 898
235 898
352 899
360 899
150 900
24 900
438 900
157 901
19 901
210 902
123 902
47 902
408 903
92 903
5 903
324 903
500 903
299 904
68 904
118 904
506 904
134 905
41 905
252 905
24 905
382 905
71 905
247 905
118 905
372 906
64 906
152 906
213 908
481 909
138 909
184 909
80 910
411 910
42 910
368 910
491 910
30 910
486 910
19 910
8 910
263 910
147 911
358 911
217 911
316 911
42 911
176 912
255 912
183 912
300 912
153 912
159 912
419 913
98 913
62 913
455 913
372 913
220 914
162 914
286 914
240 914
79 914
312 915
268 915
399 915
314 916
335 916
220 917
150 917
26 917
425 918
502 918
501 918
477 918
266 918
22 919
368 919
69 919
261 919
51 919
483 920
251 920
220 920
89 920
55 920
89 920
360 920
320 920
324 921
360 921
76 921
395 921
191 921
221 921
388 922
20 922
221 922
148 922
365 922
147 922
126 923
479 923
49 923
57 923
228 923
92 923
494 924
67 924
395 924
14 924
279 925
156 926
248 926
356 926
3 927
435 927
429 928
491 928
171 928
413 928
326 929
320 929
433 930
237 930
191 930
56 930
479 931
117 931
8 931
353 931
376 931
1 932
328 932
18 932
443 932
299 933
53 933
256 933
94 934
109 934
497 934
221 935
387 935
114 935
383 935
156 936
148 937
216 937
462 937
107 937
481 937
161 937
315 938
316 938
449 938
155 938
431 939
135 939
393 939
386 939
378 940
171 940
257 940
453 940
186 941
172 941
347 941
146 941
306 941
292 942
65 942
33 942
95 942
500 943
262 943
275 944
97 944
58 944
375 944
229 944
98 944
191 945
181 945
264 945
343 945
389 945
353 946
234 946
393 946
277 946
93 946
441 946
284 947
34 948
0 948
505 948
205 948
418 948
408 948
229 948
481 949
507 949
272 949
168 949
1 949
469 949
212 950
2 950
380 950
151 950
389 950
78 950
493 950
98 950
372 950
113 951
139 951
162 951
172 952
360 952
392 952
88 952
135 952
152 953
70 953
376 953
432 953
470 953
323 953
194 954
448 954
411 954
226 954
4 954
431 954
482 955
423 955
100 955
12 956
335 956
99 956
346 957
333 957
281 957
389 957
140 958
305 958
104 959
305 959
154 959
385 959
31 959
308 959
117 959
507 960
64 960
282 960
121 960
289 960
275 961
472 961
89 961
256 961
38 961
386 962
181 962
465 962
0 963
459 963
280 963
214 964
413 964
479 965
158 965
406 965
121 965
181 966
272 966
405 966
14 966
388 966
190 967
114 967
447 967
295 968
491 968
397 968
61 968
223 968
348 968
388 969
450 969
112 970
252 970
286 970
35 970
298 971
358 971
488 971
379 972
154 972
165 972
102 972
86 972
498 973
70 973
447 973
160 974
496 974
487 974
234 974
48 974
92 975
406 975
387 975
0 975
305 975
489 976
461 976
198 976
210 976
378 977
467 977
380 977
370 977
471 979
80 979
149 980
416 980
412 980
287 980
379 981
234 982
281 983
360 984
188 984
121 984
181 985
132 985
370 985
270 985
511 986
428 986
201 986
58 986
2 986
478 987
173 987
442 987
142 987
16 987
474 987
146 988
120 988
317 988
77 989
476 989
351 989
378 989
492 989
122 989
101 989
504 990
141 990
27 990
223 991
13 991
131 991
279 992
120 992
113 992
233 992
365 992
81 992
224 992
125 993
450 993
195 993
136 994
248 994
360 994
179 994
51 995
59 996
412 996
182 997
502 997
193 997
6 997
109 997
450 998
218 998
157 998
280 999
154 999
235 999
419 999
479 999
60 999
88 999
38 999
208 999
278 1000
5 1000
416 1002
452 1002
477 1002
370 1003
289 1003
450 1003
60 1003
282 1003
211 1003
317 1003
454 1004
433 1004
454 1004
68 1004
142 1005
472 1005
395 1005
466 1005
402 1006
302 1006
51 1006
85 1006
232 1006
132 1006
196 1007
138 1007
403 1007
505 1007
289 1007
276 1007
42 1007
126 1007
17 1008
40 1008
133 1008
262 1009
178 1009
42 1009
414 1010
205 1010
197 1011
360 1011
196 1011
140 1011
455 1011
435 1011
219 1011
120 1012
369 1012
20 1012
69 1013
142 1013
290 1013
148 1013
221 1013
173 1013
334 1014
344 1014
241 1014
243 1015
94 1015
427 1015
359 1015
175 1015
505 1015
75 1016
41 1016
6 1016
31 1017
91 1017
129 1017
348 1017
354 1017
446 1017
195 1017
225 1018
51 1018
267 1018
355 1019
65 1019
145 1019
8 1019
68 1019
153 1019
393 1020
181 1020
204 1020
409 1021
451 1021
231 1021
322 1021
18 1021
260 1021
489 1022
151 1022
196 1022
108 1022
193 1023
382 1023
115 1024
337 1024
417 1025
253 1025
226 1025
458 1025
111 1025
460 1026
296 1026
72 1026
475 1026
415 1026
99 1026
422 1026
427 1026
226 1027
173 1027
503 1027
343 1028
458 1028
198 1028
66 1028
356 1029
190 1029
131 1029
480 1029
68 1029
361 1029
506 1029
219 1029
186 1030
457 1030
38 1030
268 1030
185 1030
453 1031
260 1031
61 1031
460 1031
415 1031
505 1032
246 1032
313 1032
447 1032
233 1032
449 1032
474 1032
38 1033
70 1033
416 1034
507 1034
253 1034
349 1034
330 1034
504 1034
281 1036
91 1036
237 1036
357 1037
363 1037
145 1037
240 1037
255 1037
135 1038
199 1038
357 1039
496 1039
173 1039
110 1040
227 1041
212 1041
290 1041
202 1042
65 1042
161 1042
359 1042
494 1043
410 1043
422 1043
69 1043
441 1044
353 1044
508 1044
328 1044
122 1044
445 1044
206 1044
372 1044
496 1044
203 1045
53 1045
62 1045
262 1045
182 1045
283 1046
208 1046
378 1046
246 1046
61 1046
264 1046
152 1046
235 1047
404 1048
49 1048
416 1048
420 1048
227 1048
424 1048
291 1049
97 1049
100 1049
227 1049
473 1050
464 1050
77 1050
320 1051
198 1051
405 1051
179 1051
128 1051
391 1051
243 1051
31 1051
161 1052
211 1052
332 1052
298 1052
357 1053
452 1053
119 1053
377 1054
493 1054
231 1054
146 1055
89 1055
322 1055
59 1055
94 1055
139 1055
198 1055
243 1055
274 1056
398 1056
58 1056
438 1056
486 1056
502 1056
443 1056
62 1056
365 1056
175 1056
347 1057
328 1057
510 1058
481 1058
27 1058
410 1058
222 1058
461 1059
166 1059
4 1059
128 1059
453 1059
314 1059
234 1060
448 1060
303 1060
199 1061
59 1061
71 1061
315 1061
234 1061
461 1061
422 1062
351 1062
465 1062
357 1062
136 1062
73 1063
147 1063
450 1063
213 1063
404 1063
427 1064
6 1064
64 1064
508 1065
426 1065
203 1066
496 1066
394 1066
66 1066
340 1066
9 1067
180 1067
59 1068
316 1068
310 1068
160 1071
127 1071
230 1071
118 1071
280 1071
331 1071
326 1071
150 1071
348 1072
167 1073
364 1073
504 1073
101 1074
223 1074
260 1074
356 1074
387 1075
142 1075
360 1075
20 1075
59 1076
114 1076
203 1076
479 1077
343 1077
203 1078
230 1078
133 1078
120 1079
188 1079
333 1079
318 1080
117 1081
337 1082
143 1082
125 1082
19 1082
97 1083
507 1083
214 1083
233 1084
67 1084
268 1084
408 1084
444 1084
417 1085
115 1085
154 1085
267 1085
64 1085
249 1085
150 1086
263 1086
217 1086
503 1086
22 1087
488 1087
295 1087
49 1087
263 1088
382 1088
69 1088
149 1088
43 1089
169 1089
309 1089
52 1089
156 1090
477 1090
164 1090
501 1091
148 1091
493 1091
0 1091
298 1091
306 1092
145 1092
235 1092
61 1092
109 1092
434 1092
469 1092
8 1092
94 1092
346 1093
501 1093
294 1093
37 1093
357 1094
158 1094
419 1094
160 1095
278 1095
131 1095
128 1095
71 1095
180 1095
412 1095
258 1096
415 1096
496 1096
127 1096
70 1096
310 1097
411 1097
102 1097
251 1098
103 1098
269 1098
128 1098
371 1099
382 1099
454 1099
294 1099
144 1099
85 1100
203 1100
437 1100
427 1100
438 1101
457 1101
377 1101
157 1101
79 1101
62 1102
491 1102
285 1103
483 1103
447 1103
73 1103
175 1103
157 1103
117 1103
482 1104
97 1104
222 1104
149 1105
48 1105
472 1105
103 1105
454 1105
62 1106
102 1106
351 1106
244 1106
61 1106
352 1106
183 1107
136 1107
374 1107
457 1108
21 1108
335 1108
191 1108
6 1108
493 1108
326 1109
22 1110
466 1110
302 1110
250 1110
482 1110
330 1111
244 1111
332 1111
476 1111
157 1111
228 1112
462 1112
230 1112
481 1112
37 1112
101 1113
279 1113
362 1113
316 1113
56 1113
75 1114
190 1114
217 1114
474 1114
133 1115
184 1115
90 1116
261 1116
14 1116
378 1116
106 1116
228 1116
236 1117
158 1117
39 1117
392 1117
159 1118
54 1118
410 1119
441 1119
275 1120
295 1120
51 1120
222 1120
76 1120
215 1121
124 1121
198 1121
19 1121
225 1121
235 1122
187 1122
114 1122
381 1122
400 1122
8 1122
500 1122
433 1123
173 1123
490 1123
78 1123
451 1123
253 1124
238 1124
74 1124
328 1125
124 1125
134 1125
274 1126
87 1126
98 1126
63 1126
237 1126
0 1127
443 1127
321 1128
435 1129
424 1129
300 1130
283 1130
114 1131
177 1131
294 1132
117 1132
33 1132
160 1132
498 1133
302 1133
206 1134
19 1134
164 1134
351 1134
317 1134
190 1134
470 1134
27 1135
356 1135
319 1135
326 1135
288 1136
111 1136
340 1136
289 1136
252 1137
423 1137
77 1137
258 1137
152 1137
397 1137
148 1137
280 1137
331 1137
415 1138
394 1138
492 1138
6 1138
417 1139
304 1139
102 1139
124 1140
500 1140
85 1140
414 1141
461 1141
137 1142
112 1142
483 1142
483 1142
353 1142
279 1142
277 1142
337 1143
445 1143
165 1143
100 1143
201 1143
24 1144
407 1144
409 1144
225 1144
468 1145
70 1145
459 1145
133 1145
192 1146
37 1146
505 1148
305 1148
21 1150
420 1150
317 1150
345 1150
326 1150
77 1150
64 1150
44 1151
503 1151
134 1151
26 1151
26 1151
415 1152
195 1152
61 1152
388 1152
479 1152
171 1152
48 1153
149 1153
139 1153
328 1154
316 1154
333 1154
345 1154
124 1154
245 1154
80 1155
458 1155
332 1155
179 1156
451 1156
165 1157
129 1157
384 1157
484 1157
66 1157
251 1157
58 1158
80 1158
309 1158
501 1158
222 1158
319 1158
399 1159
423 1159
279 1159
440 1160
430 1160
75 1161
135 1161
340 1161
59 1161
127 1161
86 1162
268 1162
53 1162
496 1163
377 1163
72 1163
357 1163
229 1164
498 1164
160 1164
425 1164
3 1165
438 1165
130 1165
56 1165
360 1165
415 1165
481 1165
251 1165
38 1166
160 1166
451 1166
492 1166
375 1166
72 1167
480 1167
56 1168
83 1168
435 1168
113 1168
271 1169
403 1169
257 1169
301 1169
1 1169
342 1170
211 1170
343 1171
245 1171
241 1171
384 1171
309 1171
105 1172
90 1172
282 1172
40 1172
456 1173
193 1173
192 1173
74 1173
508 1173
272 1174
277 1174
413 1174
299 1175
392 1175
193 1175
115 1176
193 1176
507 1177
284 1177
322 1177
6 1177
104 1177
214 1177
274 1178
487 1178
477 1178
472 1178
285 1179
208 1179
153 1179
220 1179
368 1179
91 1179
464 1179
40 1180
109 1180
266 1180
442 1180
271 1181
476 1181
469 1181
226 1182
450 1182
62 1182
371 1182
487 1182
340 1184
140 1184
469 1184
442 1184
118 1184
401 1184
203 1185
42 1185
426 1185
216 1185
280 1186
369 1186
445 1186
117 1187
454 1187
142 1187
25 1187
417 1187
22 1188
323 1188
341 1188
321 1188
203 1188
235 1189
344 1189
353 1189
79 1190
172 1190
469 1190
124 1190
428 1190
211 1191
429 1191
287 1191
506 1191
372 1191
0 1191
339 1192
443 1192
238 1193
377 1193
1 1193
498 1193
123 1193
205 1193
459 1194
340 1194
170 1194
184 1194
247 1194
255 1195
98 1195
484 1195
269 1195
196 1196
307 1196
215 1196
251 1196
101 1196
368 1197
58 1197
432 1197
81 1197
111 1198
94 1198
126 1198
139 1198
14 1198
222 1198
140 1198
376 1198
427 1198
23 1198
450 1199
172 1200
210 1200
61 1201
181 1201
60 1201
295 1201
346 1201
344 1202
299 1203
487 1203
60 1203
380 1203
114 1204
385 1204
77 1205
246 1205
276 1205
75 1205
219 1206
428 1206
428 1206
316 1206
87 1207
251 1207
448 1207
40 1208
83 1208
199 1208
302 1208
30 1208
74 1209
489 1209
278 1209
158 1209
325 1209
307 1210
465 1210
334 1210
110 1210
486 1211
361 1211
391 1211
69 1211
194 1211
180 1212
86 1213
213 1214
288 1214
474 1214
305 1215
421 1216
96 1216
407 1216
399 1216
189 1216
206 1217
385 1217
322 1217
8 1217
315 1218
24 1218
245 1218
83 1218
219 1218
413 1218
54 1219
317 1219
65 1219
472 1219
117 1219
36 1219
168 1220
213 1220
169 1220
447 1220
172 1220
234 1221
83 1221
3 1221
211 1221
327 1221
423 1222
504 1222
450 1222
115 1222
356 1222
158 1222
309 1224
190 1224
148 1224
115 1224
147 1225
305 1225
126 1226
59 1227
427 1227
229 1227
294 1228
295 1228
322 1228
503 1228
138 1228
255 1228
344 1228
133 1228
324 1229
312 1229
309 1229
370 1229
92 1230
178 1230
327 1231
334 1231
0 1231
73 1231
104 1231
0 1231
42 1232
94 1232
497 1233
47 1233
420 1233
503 1233
6 1233
150 1233
125 1233
72 1234
409 1234
70 1235
36 1235
507 1235
359 1235
304 1235
278 1235
483 1235
431 1235
87 1235
323 1236
204 1236
349 1236
254 1236
376 1236
301 1236
70 1237
349 1237
37 1237
193 1237
182 1237
300 1237
21 1237
463 1238
495 1238
319 1238
457 1238
397 1238
53 1238
218 1239
204 1239
138 1239
83 1239
407 1239
89 1240
373 1240
501 1240
415 1240
202 1240
47 1240
225 1240
172 1240
151 1240
170 1241
460 1241
332 1241
485 1241
111 1241
488 1241
214 1242
422 1242
246 1242
193 1242
150 1242
207 1242
269 1243
260 1243
338 1243
224 1243
354 1244
401 1244
483 1244
23 1244
384 1245
144 1245
109 1245
196 1245
122 1245
87 1245
299 1245
102 1246
180 1246
289 1246
167 1247
60 1247
446 1247
323 1247
466 1248
0 1249
315 1249
398 1250
313 1250
175 1250
412 1250
54 1251
235 1251
169 1251
53 1251
303 1252
165 1252
393 1252
12 1253
248 1253
111 1253
43 1253
25 1253
426 1253
34 1253
306 1254
69 1254
328 1254
34 1255
280 1255
178 1255
188 1256
17 1256
162 1256
348 1257
201 1257
11 1257
249 1257
71 1257
341 1257
40 1258
308 1258
226 1258
262 1258
93 1258
344 1258
315 1259
252 1259
322 1259
136 1259
511 1259
407 1260
76 1260
241 1260
92 1261
109 1261
175 1261
375 1262
79 1262
456 1262
345 1263
94 1263
324 1263
419 1263
264 1263
458 1264
141 1264
239 1264
338 1265
299 1265
404 1265
471 1265
287 1265
464 1266
475 1267
209 1267
315 1267
125 1267
27 1268
425 1268
285 1268
348 1268
444 1268
475 1268
423 1268
214 1269
178 1269
93 1269
119 1269
372 1269
133 1269
493 1269
142 1269
234 1270
194 1270
68 1270
396 1271
351 1271
105 1271
54 1271
182 1271
64 1272
148 1272
156 1272
342 1273
377 1273
427 1273
279 1273
47 1274
290 1274
380 1274
426 1274
217 1274
460 1274
246 1274
251 1275
422 1275
65 1275
413 1275
274 1275
12 1275
321 1276
388 1276
54 1276
7 1277
286 1277
251 1277
394 1278
151 1278
338 1278
225 1278
88 1279
322 1279
418 1279
188 1279
66 1280
84 1280
489 1280
115 1280
435 1280
55 1280
39 1281
170 1281
52 1281
326 1282
250 1282
268 1282
335 1283
159 1283
443 1283
397 1283
467 1284
169 1284
153 1284
428 1284
204 1284
71 1284
138 1285
109 1285
365 1285
343 1285
22 1285
322 1285
232 1285
160 1286
504 1287
86 1287
112 1287
296 1287
510 1287
13 1287
99 1288
376 1288
418 1288
204 1288
179 1290
286 1290
332 1290
166 1290
302 1290
474 1290
349 1290
146 1290
257 1290
45 1290
14 1290
391 1291
356 1291
335 1291
121 1291
314 1291
273 1292
263 1292
235 1292
153 1292
208 1292
45 1292
287 1292
434 1293
157 1293
100 1293
66 1293
314 1294
319 1294
228 1294
288 1295
403 1295
104 1295
511 1295
239 1295
304 1296
251 1296
399 1296
509 1296
135 1296
263 1296
243 1297
13 1297
351 1297
351 1297
34 1297
210 1297
475 1298
147 1298
426 1298
283 1299
58 1299
430 1299
424 1299
414 1300
211 1300
499 1300
242 1300
505 1300
218 1300
439 1301
432 1301
85 1302
75 1302
491 1302
266 1303
399 1303
480 1303
412 1303
317 1303
125 1303
212 1305
323 1305
293 1305
121 1305
310 1306
11 1306
483 1307
26 1307
250 1307
44 1307
254 1308
291 1308
153 1308
413 1308
404 1308
502 1308
482 1308
431 1309
448 1309
132 1309
277 1309
431 1310
447 1310
360 1310
252 1311
56 1311
469 1312
146 1312
343 1312
113 1312
214 1313
191 1313
23 1313
181 1314
24 1314
267 1314
16 1314
238 1315
332 1315
314 1316
326 1316
325 1317
456 1317
190 1317
249 1318
361 1318
425 1318
348 1318
325 1319
369 1319
179 1319
321 1319
376 1319
24 1320
100 1320
198 1321
185 1321
169 1321
488 1322
201 1322
19 1322
148 1322
439 1323
441 1324
295 1324
444 1324
328 1324
286 1324
397 1325
309 1325
211 1325
432 1325
456 1326
134 1326
245 1326
325 1326
414 1326
302 1327
9 1328
308 1328
499 1328
126 1328
206 1329
144 1329
483 1329
205 1329
235 1330
482 1331
64 1331
485 1331
8 1331
336 1331
255 1332
352 1332
237 1333
170 1333
317 1333
501 1333
92 1333
279 1334
446 1334
413 1334
93 1335
497 1335
47 1335
38 1335
135 1335
137 1335
175 1335
438 1335
271 1336
261 1336
169 1336
9 1336
251 1337
218 1337
498 1337
336 1337
253 1337
287 1338
174 1338
276 1338
357 1339
505 1339
82 1339
326 1339
214 1339
166 1339
106 1339
483 1339
382 1340
195 1340
330 1340
465 1340
182 1340
488 1341
351 1341
356 1341
119 1341
304 1341
463 1341
9 1341
336 1342
60 1342
157 1342
383 1342
136 1342
79 1342
89 1343
318 1343
192 1343
378 1343
395 1343
346 1344
23 1344
113 1344
82 1344
368 1345
285 1345
202 1345
505 1346
323 1346
127 1346
331 1346
215 1347
483 1347
185 1347
410 1348
198 1348
461 1348
62 1348
3 1348
243 1349
107 1349
190 1349
115 1349
12 1349
276 1350
370 1350
24 1351
170 1351
268 1351
44 1351
38 1351
19 1351
300 1351
117 1351
112 1352
456 1352
340 1353
114 1353
452 1353
217 1353
263 1353
59 1354
504 1354
237 1354
504 1355
171 1355
249 1355
56 1355
119 1356
363 1356
416 1356
500 1356
432 1356
511 1356
51 1357
38 1357
177 1357
64 1358
179 1358
223 1358
382 1358
480 1358
114 1359
383 1359
383 1359
407 1359
321 1359
397 1360
388 1360
333 1360
50 1360
186 1360
210 1360
176 1361
193 1361
389 1362
85 1362
235 1363
491 1363
218 1363
168 1364
497 1364
205 1364
43 1364
158 1364
236 1364
490 1365
354 1365
130 1365
176 1366
71 1366
91 1366
12 1367
178 1367
406 1367
401 1367
274 1367
455 1368
473 1368
474 1368
364 1368
259 1369
78 1369
102 1369
41 1369
113 1369
339 1369
437 1369
252 1370
192 1370
157 1370
240 1371
179 1371
353 1371
208 1371
344 1371
291 1371
322 1371
226 1371
411 1372
186 1372
79 1372
305 1373
457 1373
238 1373
501 1373
348 1373
385 1373
480 1374
248 1374
152 1374
338 1374
304 1374
435 1375
102 1376
487 1376
175 1376
160 1376
284 1376
170 1376
109 1377
261 1377
156 1377
330 1377
259 1377
121 1377
365 1377
50 1378
20 1378
56 1378
464 1379
139 1379
502 1379
267 1379
258 1379
303 1380
170 1380
280 1380
280 1381
133 1381
196 1382
338 1382
123 1382
116 1382
487 1383
284 1383
179 1383
257 1384
475 1384
421 1384
416 1384
452 1385
14 1385
120 1385
262 1385
49 1385
167 1386
455 1386
0 1386
166 1386
54 1386
500 1387
207 1387
278 1387
316 1387
463 1387
251 1387
394 1387
194 1387
167 1387
119 1388
223 1388
16 1388
165 1388
413 1388
245 1389
300 1389
100 1389
143 1389
117 1389
339 1390
114 1390
108 1390
52 1390
309 1391
191 1391
445 1391
293 1391
486 1392
410 1393
179 1393
155 1393
10 1394
14 1394
51 1394
86 1394
163 1394
294 1395
500 1395
421 1395
0 1395
504 1395
21 1395
397 1396
82 1396
334 1396
81 1396
38 1396
363 1396
92 1397
155 1397
455 1397
331 1398
235 1398
404 1399
51 1399
348 1399
320 1399
32 1399
335 1399
35 1400
370 1400
491 1401
502 1401
161 1401
266 1401
99 1402
240 1402
280 1402
295 1402
209 1402
167 1403
455 1403
447 1403
84 1403
257 1404
302 1404
501 1405
380 1405
196 1405
187 1405
497 1405
332 1406
88 1406
76 1406
120 1406
255 1407
140 1407
26 1408
302 1408
198 1408
137 1408
412 1408
451 1408
73 1408
398 1409
398 1409
418 1409
125 1409
201 1409
412 1409
209 1410
183 1411
369 1412
138 1412
474 1412
250 1412
222 1413
336 1413
424 1413
451 1413
74 1413
495 1414
188 1415
464 1415
307 1415
191 1416
346 1416
150 1416
510 1417
389 1417
354 1417
375 1417
159 1417
188 1417
335 1418
90 1418
316 1418
347 1418
3 1418
503 1418
4 1419
205 1419
205 1419
92 1419
295 1420
112 1421
276 1421
172 1421
198 1421
283 1421
470 1422
434 1422
463 1422
256 1423
6 1423
42 1423
106 1424
311 1424
323 1424
429 1424
153 1424
74 1424
342 1424
417 1424
461 1424
490 1425
350 1425
171 1426
146 1426
45 1426
226 1427
168 1427
347 1427
69 1428
509 1428
384 1428
430 1429
60 1429
8 1429
500 1429
364 1429
138 1429
86 1429
300 1430
117 1430
166 1430
92 1430
175 1430
15 1431
408 1431
18 1432
322 1432
138 1432
137 1432
68 1432
211 1433
110 1433
368 1433
319 1433
313 1433
284 1433
56 1433
296 1433
64 1434
388 1434
501 1434
37 1434
51 1436
45 1436
478 1436
170 1436
299 1437
155 1437
119 1437
511 1437
44 1437
381 1437
0 1437
119 1438
274 1438
457 1438
163 1438
393 1438
383 1438
414 1438
353 1438
169 1439
269 1439
216 1439
366 1440
13 1440
205 1440
339 1440
31 1440
274 1441
296 1441
161 1441
302 1442
326 1443
453 1443
194 1443
382 1443
389 1443
109 1444
223 1444
496 1444
474 1444
402 1444
184 1444
379 1445
166 1445
260 1445
162 1445
226 1445
259 1446
149 1446
461 1446
218 1446
316 1447
379 1447
152 1447
19 1447
41 1448
135 1448
5 1448
328 1448
64 1448
280 1449
196 1449
184 1449
225 1449
469 1449
131 1449
236 1449
453 1450
302 1450
278 1450
25 1450
444 1451
456 1451
399 1452
73 1452
71 1452
365 1452
373 1452
111 1452
31 1452
205 1453
87 1453
79 1453
349 1453
366 1454
122 1454
310 1454
135 1454
214 1454
410 1455
29 1455
144 1455
487 1456
128 1456
58 1456
227 1456
2 1456
481 1456
216 1457
92 1457
303 1457
96 1457
435 1457
130 1458
441 1458
345 1458
266 1458
119 1459
146 1459
233 1459
110 1459
470 1460
205 1460
123 1460
209 1460
202 1460
41 1461
397 1461
460 1461
4 1461
266 1461
205 1462
355 1462
115 1462
226 1462
488 1462
111 1462
187 1462
508 1462
117 1463
298 1463
370 1463
0 1463
235 1463
181 1463
386 1463
459 1463
471 1464
313 1464
412 1464
206 1464
211 1464
115 1465
190 1465
157 1465
210 1466
125 1466
137 1467
175 1468
205 1468
22 1468
185 1468
387 1468
128 1468
67 1468
239 1469
214 1469
22 1469
132 1470
504 1470
227 1470
398 1471
78 1471
79 1471
392 1471
159 1472
23 1472
384 1472
385 1472
393 1473
372 1473
185 1473
229 1473
205 1473
497 1474
128 1474
194 1474
312 1474
374 1474
211 1474
295 1475
313 1476
420 1476
510 1476
497 1477
5 1477
234 1478
213 1478
319 1478
81 1478
125 1478
412 1479
89 1479
445 1479
82 1480
413 1481
337 1481
341 1481
117 1481
138 1481
82 1481
408 1481
195 1481
220 1482
321 1482
386 1482
292 1483
327 1483
384 1484
170 1484
204 1484
256 1484
8 1484
185 1485
397 1485
17 1485
97 1485
241 1485
17 1485
430 1485
159 1486
53 1486
47 1486
108 1486
259 1486
2 1486
476 1487
335 1487
89 1488
57 1488
197 1489
0 1489
82 1489
2 1489
151 1489
81 1489
262 1489
407 1489
82 1490
139 1490
352 1490
265 1490
333 1490
187 1491
85 1491
324 1491
42 1491
253 1491
89 1491
345 1491
216 1492
377 1493
481 1493
261 1494
377 1495
166 1495
168 1495
14 1495
9 1495
458 1495
112 1495
12 1496
34 1496
264 1496
331 1497
230 1497
477 1497
98 1497
340 1497
453 1498
16 1498
425 1498
329 1499
444 1499
491 1499
292 1499
16 1500
16 1500
239 1500
99 1500
349 1501
147 1501
363 1501
65 1501
496 1501
188 1501
288 1502
282 1502
337 1502
60 1502
232 1502
214 1503
3 1503
229 1503
394 1503
483 1503
184 1503
38 1503
388 1503
203 1504
221 1504
334 1504
280 1504
454 1504
493 1504
480 1504
356 1504
90 1505
497 1505
91 1505
179 1505
84 1505
460 1505
236 1506
44 1506
489 1506
132 1507
26 1507
467 1507
53 1508
425 1508
136 1508
115 1508
317 1508
231 1508
458 1508
4 1509
8 1509
449 1509
492 1509
192 1509
80 1510
381 1510
394 1511
213 1512
346 1512
351 1512
149 1513
170 1513
131 1513
294 1513
40 1513
316 1514
423 1514
92 1514
329 1514
180 1515
173 1515
170 1516
471 1516
305 1516
351 1517
369 1517
339 1517
467 1518
72 1518
352 1519
471 1519
4 1520
163 1520
51 1520
5 1520
45 1521
277 1521
501 1522
58 1522
184 1523
88 1523
138 1523
240 1523
498 1524
483 1524
230 1524
52 1525
3 1526
149 1526
64 1526
471 1527
442 1527
177 1527
162 1528
207 1529
10 1529
406 1529
348 1529
453 1529
4 1529
510 1530
499 1530
143 1530
412 1530
37 1530
462 1531
276 1531
419 1531
362 1531
176 1531
30 1532
351 1532
195 1532
361 1532
504 1532
44 1533
238 1533
328 1533
45 1533
336 1533
375 1534
306 1535
230 1535
63 1535
248 1536
372 1536
346 1536
48 1536
355 1537
48 1537
461 1537
198 1537
485 1537
346 1537
91 1538
329 1538
86 1538
11 1539
25 1539
142 1540
484 1540
427 1540
345 1540
266 1540
104 1540
76 1540
18 1540
391 1541
410 1541
360 1541
146 1541
286 1541
315 1541
146 1541
463 1542
164 1542
501 1542
355 1542
377 1542
129 1542
356 1542
223 1543
448 1543
152 1543
169 1543
152 1544
452 1545
78 1546
29 1547
66 1547
366 1548
192 1548
60 1548
251 1549
499 1549
167 1549
103 1549
64 1549
504 1550
446 1550
256 1550
150 1551
15 1551
213 1551
460 1552
150 1552
404 1553
316 1553
170 1554
339 1554
201 1554
252 1555
46 1555
376 1555
380 1556
290 1556
40 1556
302 1557
407 1557
211 1558
311 1558
386 1558
359 1558
441 1558
498 1558
432 1558
304 1558
129 1559
205 1559
15 1559
162 1559
186 1559
18 1559
456 1560
183 1560
411 1560
453 1560
228 1560
165 1560
237 1561
336 1562
100 1562
274 1562
322 1562
11 1562
137 1564
16 1564
391 1564
307 1564
221 1564
413 1564
294 1565
36 1565
292 1565
127 1566
301 1566
479 1567
355 1567
55 1567
62 1567
195 1568
427 1568
109 1568
278 1569
372 1569
292 1569
224 1569
224 1570
333 1570
497 1571
507 1571
378 1571
436 1571
413 1571
179 1572
200 1572
0 1572
336 1572
190 1573
378 1573
416 1573
168 1573
357 1573
483 1574
413 1574
379 1574
6 1574
139 1574
9 1574
8 1575
409 1575
374 1575
376 1575
386 1575
502 1576
13 1576
28 1576
94 1576
208 1576
226 1576
207 1576
138 1577
480 1577
375 1577
463 1577
500 1577
489 1578
437 1578
396 1578
320 1578
302 1578
324 1579
180 1579
430 1579
411 1579
122 1581
404 1582
346 1582
196 1582
408 1582
457 1582
250 1582
496 1583
474 1583
123 1583
225 1584
89 1584
264 1585
492 1585
121 1586
46 1586
85 1586
50 1586
279 1586
380 1587
485 1587
194 1587
63 1587
382 1587
281 1588
48 1588
370 1588
183 1588
65 1588
34 1589
115 1589
221 1589
161 1589
262 1590
75 1590
192 1590
200 1590
230 1590
345 1590
439 1591
236 1591
302 1591
459 1592
188 1592
319 1593
159 1593
284 1593
464 1594
246 1594
170 1595
240 1595
318 1595
237 1596
369 1596
41 1596
509 1596
248 1596
430 1596
443 1597
73 1597
447 1597
109 1598
307 1598
188 1598
288 1599
120 1599
77 1599
105 1599
128 1599
262 1599
26 1600
111 1600
127 1601
313 1601
483 1601
68 1601
7 1601
208 1601
485 1602
266 1602
347 1602
257 1602
153 1603
150 1603
134 1604
475 1604
423 1604
162 1604
171 1604
30 1604
255 1605
305 1606
381 1607
137 1607
154 1607
451 1607
415 1608
128 1608
415 1608
359 1608
51 1608
156 1608
497 1608
400 1609
490 1609
172 1610
318 1610
399 1610
16 1610
123 1611
379 1611
356 1611
63 1611
216 1612
319 1612
170 1612
209 1613
417 1613
368 1613
344 1613
436 1613
303 1614
325 1615
177 1615
1 1616
147 1616
115 1616
334 1616
20 1617
498 1617
52 1617
392 1617
106 1617
456 1617
213 1617
340 1618
395 1618
391 1619
383 1619
3 1619
312 1619
28 1619
37 1620
443 1620
348 1620
165 1621
252 1621
32 1621
210 1622
114 1622
93 1622
349 1622
38 1622
377 1622
93 1623
93 1623
143 1623
180 1623
107 1624
5 1624
455 1625
166 1625
418 1626
413 1626
232 1626
456 1626
162 1627
35 1628
86 1629
508 1629
72 1629
72 1629
159 1630
498 1630
12 1630
466 1630
196 1630
450 1630
342 1631
115 1631
353 1631
334 1631
318 1631
323 1631
246 1631
241 1631
315 1631
265 1632
460 1632
186 1632
445 1632
69 1633
309 1633
332 1633
197 1634
69 1634
399 1634
487 1634
26 1634
21 1634
380 1635
68 1635
375 1635
510 1635
169 1635
341 1636
454 1636
476 1636
419 1636
511 1637
504 1637
498 1637
498 1637
10 1637
498 1638
394 1639
493 1639
45 1639
203 1639
303 1639
336 1639
447 1639
11 1640
291 1640
469 1640
511 1640
275 1641
170 1641
92 1641
228 1641
3 1641
67 1641
136 1642
55 1642
417 1642
399 1642
124 1642
356 1644
97 1644
438 1644
199 1644
177 1644
371 1644
451 1645
340 1645
76 1646
430 1646
20 1646
174 1646
298 1647
438 1647
175 1647
243 1648
205 1648
40 1648
461 1648
88 1648
116 1648
452 1649
462 1649
133 1649
130 1649
61 1650
334 1651
359 1651
295 1651
421 1651
36 1651
329 1651
218 1652
8 1652
126 1653
325 1653
487 1653
503 1653
31 1654
327 1654
383 1654
48 1654
387 1654
125 1654
395 1654
245 1655
408 1655
485 1655
120 1655
291 1656
316 1656
186 1656
4 1656
444 1656
503 1657
0 1657
325 1657
503 1657
508 1658
43 1658
509 1658
282 1658
397 1659
94 1659
463 1659
144 1659
211 1659
296 1659
10 1660
3 1660
139 1661
105 1661
300 1661
246 1661
109 1662
258 1662
188 1662
480 1662
25 1662
257 1662
485 1663
19 1663
376 1663
255 1663
123 1663
82 1664
451 1664
410 1664
190 1664
431 1664
404 1664
345 1664
416 1664
475 1664
222 1665
146 1665
447 1665
426 1665
320 1665
113 1666
92 1666
398 1667
487 1667
491 1667
84 1667
299 1667
478 1668
386 1669
229 1669
291 1669
323 1669
73 1669
146 1669
38 1670
407 1670
162 1670
46 1670
210 1670
271 1670
5 1671
74 1671
305 1672
35 1672
145 1672
2 1673
498 1673
444 1673
187 1674
323 1674
449 1674
4 1675
294 1675
177 1675
374 1675
486 1675
146 1676
359 1676
319 1676
57 1676
40 1678
377 1678
494 1678
59 1678
270 1678
272 1679
270 1679
48 1679
21 1679
503 1679
437 1679
262 1680
238 1680
115 1680
74 1681
128 1681
184 1681
223 1681
249 1681
146 1682
237 1682
368 1682
143 1682
103 1682
192 1682
35 1683
218 1683
182 1683
457 1683
180 1683
118 1683
307 1684
105 1684
190 1684
345 1685
198 1685
421 1685
461 1685
305 1685
135 1686
271 1686
244 1686
263 1687
280 1687
479 1687
260 1687
368 1687
285 1687
145 1688
326 1688
97 1688
355 1688
179 1689
91 1689
109 1689
473 1690
53 1690
235 1690
253 1691
420 1691
379 1691
510 1691
335 1691
220 1692
380 1692
253 1692
340 1692
400 1692
110 1692
56 1693
59 1693
126 1693
33 1693
123 1694
497 1694
378 1695
192 1695
71 1695
195 1696
385 1696
423 1696
269 1696
78 1697
317 1697
2 1698
383 1698
209 1698
390 1698
288 1699
187 1699
130 1700
241 1701
153 1701
312 1701
112 1702
247 1702
446 1702
362 1702
490 1703
494 1703
320 1703
243 1703
42 1704
422 1705
311 1705
115 1706
374 1706
9 1706
158 1707
463 1707
486 1708
462 1708
392 1708
456 1708
358 1709
211 1709
416 1709
403 1709
322 1709
167 1710
392 1710
232 1710
507 1710
170 1710
166 1711
70 1711
65 1711
258 1712
249 1712
437 1712
320 1712
376 1712
79 1713
241 1713
441 1713
445 1713
340 1713
322 1713
262 1714
374 1714
254 1714
420 1715
509 1715
402 1715
243 1715
80 1715
92 1716
217 1716
267 1716
277 1717
71 1717
339 1718
412 1718
434 1718
173 1719
286 1719
290 1719
401 1719
41 1719
166 1720
139 1720
434 1720
371 1720
177 1720
214 1721
389 1721
289 1721
295 1722
132 1722
27 1722
401 1722
4 1722
339 1722
73 1722
43 1722
20 1722
184 1722
7 1723
43 1723
351 1723
66 1724
40 1724
157 1724
318 1724
79 1724
470 1724
122 1725
176 1725
271 1725
368 1726
74 1726
143 1726
262 1726
367 1726
255 1726
222 1726
471 1726
286 1726
160 1726
290 1726
220 1727
329 1727
187 1727
340 1728
213 1728
81 1728
356 1728
74 1728
414 1728
215 1729
488 1730
445 1730
0 1731
7 1731
28 1731
330 1732
272 1732
254 1732
7 1732
325 1732
89 1732
387 1733
202 1733
56 1733
355 1734
508 1734
289 1735
387 1735
100 1735
447 1735
134 1736
295 1736
295 1736
281 1736
213 1736
115 1736
80 1737
34 1737
165 1737
320 1737
416 1737
113 1737
423 1738
402 1738
366 1738
248 1739
63 1739
131 1739
451 1739
435 1740
179 1740
478 1740
4 1741
417 1741
379 1741
206 1741
335 1742
295 1742
66 1742
80 1742
464 1742
0 1742
190 1742
226 1742
428 1743
161 1744
281 1744
486 1744
224 1744
360 1745
430 1745
485 1745
349 1745
356 1746
201 1747
492 1747
244 1747
325 1747
98 1747
172 1749
509 1749
136 1749
376 1750
76 1750
283 1750
40 1750
204 1751
193 1751
294 1751
78 1751
503 1752
373 1752
332 1752
43 1753
268 1753
371 1753
231 1753
292 1754
11 1754
505 1755
103 1755
435 1756
161 1756
453 1756
152 1756
355 1757
460 1757
75 1757
339 1757
329 1758
59 1758
358 1758
204 1758
324 1758
271 1759
189 1759
173 1759
442 1759
115 1759
380 1759
100 1759
15 1759
382 1759
257 1759
242 1760
184 1760
400 1761
454 1761
6 1761
404 1761
128 1761
245 1762
503 1762
509 1763
127 1763
166 1763
211 1763
159 1764
128 1764
200 1764
237 1764
314 1764
166 1764
347 1764
195 1765
152 1766
85 1766
313 1766
31 1766
429 1766
404 1766
481 1767
460 1767
178 1767
321 1767
59 1767
155 1768
333 1768
417 1768
315 1768
490 1768
142 1768
162 1769
315 1769
506 1769
310 1769
330 1770
312 1770
457 1770
316 1772
156 1772
14 1772
401 1772
45 1773
308 1774
277 1774
461 1774
267 1775
53 1775
380 1775
493 1775
411 1775
451 1775
353 1776
78 1776
343 1776
163 1776
93 1776
64 1776
172 1777
226 1777
19 1777
417 1777
415 1777
289 1777
215 1777
108 1778
147 1779
148 1779
102 1779
221 1779
141 1780
328 1780
78 1780
140 1780
398 1780
462 1781
205 1781
487 1781
343 1781
99 1782
105 1782
88 1782
22 1783
225 1783
89 1783
23 1783
243 1783
372 1783
32 1784
225 1784
181 1784
450 1784
275 1784
191 1784
180 1785
477 1785
225 1785
460 1785
300 1785
279 1786
167 1786
430 1786
154 1787
416 1787
509 1787
120 1787
351 1787
308 1787
417 1788
30 1788
408 1788
359 1788
229 1788
46 1789
47 1789
30 1789
53 1790
179 1790
392 1790
106 1790
487 1790
301 1791
53 1791
508 1791
206 1791
122 1792
327 1792
284 1792
405 1792
12 1793
362 1793
431 1793
325 1794
498 1794
412 1794
299 1794
33 1794
261 1795
14 1795
414 1796
205 1796
442 1796
119 1796
161 1796
442 1796
168 1797
306 1797
149 1797
510 1797
123 1797
468 1798
278 1798
422 1798
116 1798
195 1798
314 1799
394 1799
258 1799
417 1799
167 1799
389 1799
396 1799
175 1800
28 1800
111 1800
72 1801
274 1801
388 1801
79 1801
285 1802
290 1802
117 1803
463 1803
406 1803
210 1803
230 1804
511 1804
336 1805
242 1805
454 1805
182 1805
8 1805
256 1805
20 1805
440 1805
95 1806
206 1806
202 1806
480 1806
395 1806
367 1807
186 1807
134 1807
220 1807
471 1808
432 1808
339 1808
54 1808
246 1808
284 1809
428 1809
453 1810
279 1810
135 1810
270 1810
104 1811
158 1811
84 1811
504 1811
285 1811
81 1812
117 1812
292 1812
355 1812
78 1812
431 1812
386 1813
54 1813
469 1813
423 1813
255 1814
160 1814
500 1814
345 1814
359 1814
210 1814
387 1815
452 1815
138 1815
509 1816
490 1816
199 1816
101 1816
355 1816
156 1816
296 1817
102 1817
378 1817
55 1818
333 1819
32 1819
510 1819
467 1819
316 1819
372 1820
11 1820
319 1820
94 1820
295 1820
501 1821
102 1821
21 1821
73 1821
216 1822
216 1822
447 1822
55 1822
100 1822
337 1822
437 1822
458 1823
118 1823
91 1823
264 1823
200 1824
59 1824
55 1824
472 1824
412 1825
46 1825
452 1825
492 1825
236 1825
64 1826
462 1826
89 1826
234 1826
21 1826
12 1826
447 1826
348 1827
410 1827
477 1827
448 1828
487 1828
322 1828
445 1828
57 1828
333 1828
428 1828
79 1828
34 1828
138 1829
418 1830
397 1830
8 1831
177 1831
319 1831
348 1831
87 1831
307 1831
462 1832
168 1832
53 1832
32 1832
496 1832
416 1832
220 1833
20 1833
240 1833
107 1833
7 1833
167 1833
100 1833
208 1833
442 1833
384 1834
421 1834
40 1835
18 1835
70 1835
65 1835
297 1835
456 1835
124 1835
434 1835
18 1836
51 1836
156 1837
47 1837
322 1838
55 1839
230 1839
422 1839
422 1839
462 1840
412 1840
76 1840
12 1841
308 1841
367 1841
88 1841
246 1841
397 1841
212 1843
452 1843
463 1843
203 1844
454 1845
389 1845
78 1845
127 1845
117 1845
36 1846
500 1846
464 1846
378 1846
1 1846
474 1847
475 1847
145 1847
24 1847
299 1848
321 1848
398 1848
305 1848
428 1848
508 1848
158 1848
19 1849
430 1849
314 1850
116 1850
397 1850
146 1850
9 1851
246 1851
453 1851
347 1852
339 1852
70 1852
111 1852
350 1853
37 1853
259 1853
303 1853
387 1853
218 1854
429 1854
461 1854
337 1854
413 1854
186 1854
64 1855
442 1855
33 1855
355 1855
82 1855
372 1855
166 1856
237 1856
110 1856
107 1856
12 1856
21 1856
494 1857
83 1857
49 1857
452 1857
236 1858
383 1858
454 1859
267 1859
415 1859
232 1859
459 1859
215 1859
302 1859
19 1859
317 1860
380 1860
395 1860
281 1860
296 1860
203 1861
33 1861
281 1861
476 1861
40 1862
287 1863
243 1863
46 1863
46 1864
152 1864
460 1864
395 1865
388 1865
298 1865
450 1866
502 1866
348 1866
24 1867
129 1867
479 1867
181 1867
139 1868
416 1868
273 1868
121 1869
223 1869
37 1870
185 1870
152 1870
140 1870
99 1870
449 1870
413 1870
428 1870
117 1870
421 1871
42 1871
337 1871
314 1872
439 1872
110 1873
157 1873
67 1873
383 1873
172 1873
290 1873
265 1873
414 1874
163 1875
438 1875
221 1875
75 1875
439 1875
15 1875
306 1875
120 1876
271 1876
442 1876
256 1876
380 1876
165 1877
509 1877
156 1877
85 1878
122 1878
235 1878
350 1879
29 1879
183 1879
447 1879
83 1879
276 1880
176 1880
126 1880
309 1880
298 1881
179 1881
500 1881
297 1881
374 1882
411 1882
56 1882
132 1883
11 1883
196 1883
174 1883
233 1883
85 1884
188 1884
36 1884
72 1884
100 1884
236 1884
292 1885
99 1885
119 1885
23 1885
268 1885
13 1886
161 1886
236 1887
455 1887
379 1887
53 1888
111 1888
350 1888
264 1889
368 1889
289 1889
138 1889
453 1889
123 1889
451 1890
453 1890
210 1890
33 1891
111 1891
137 1891
61 1891
327 1891
251 1891
185 1891
40 1892
122 1892
199 1893
404 1893
66 1893
75 1893
432 1894
179 1894
320 1894
362 1895
363 1896
307 1896
140 1896
246 1896
107 1897
498 1897
439 1897
31 1897
73 1897
170 1897
255 1897
264 1898
485 1898
246 1898
77 1898
225 1898
229 1899
373 1899
414 1899
164 1899
333 1900
450 1901
49 1902
13 1902
198 1902
476 1902
308 1902
6 1902
269 1903
238 1903
48 1903
286 1903
344 1904
302 1904
112 1904
372 1904
354 1904
468 1904
92 1904
346 1904
450 1905
312 1905
158 1906
348 1906
107 1907
188 1907
43 1907
383 1907
454 1907
449 1908
415 1908
401 1908
82 1908
91 1909
496 1909
164 1909
458 1909
459 1909
85 1909
261 1909
182 1910
314 1910
127 1910
370 1910
216 1910
308 1911
148 1911
353 1911
180 1911
455 1911
9 1911
438 1911
129 1912
373 1912
415 1913
472 1913
309 1914
190 1914
257 1914
55 1914
417 1914
326 1914
476 1915
63 1915
255 1915
190 1915
346 1915
149 1916
492 1916
69 1916
392 1916
344 1916
56 1917
216 1917
136 1917
311 1917
81 1917
243 1918
255 1918
231 1918
34 1918
250 1918
199 1918
454 1918
469 1918
33 1919
434 1919
224 1919
278 1920
327 1920
114 1920
288 1920
190 1920
116 1921
417 1921
166 1921
238 1921
348 1921
164 1922
347 1922
28 1923
83 1923
38 1923
62 1924
315 1924
298 1924
363 1924
301 1924
183 1925
17 1925
208 1925
250 1925
252 1926
389 1926
452 1926
245 1926
402 1927
337 1927
12 1927
462 1927
361 1927
113 1927
197 1927
427 1927
23 1927
183 1928
130 1928
317 1928
479 1928
307 1929
37 1929
385 1930
72 1930
266 1930
231 1930
258 1930
54 1930
12 1931
359 1931
271 1931
37 1931
199 1932
227 1932
222 1932
165 1933
386 1933
195 1933
227 1933
87 1934
113 1934
275 1934
141 1934
186 1934
183 1935
143 1935
250 1936
367 1936
206 1936
299 1936
323 1936
357 1936
385 1937
166 1938
90 1938
309 1938
385 1938
208 1939
84 1939
319 1939
164 1939
216 1940
333 1940
422 1940
84 1940
7 1940
55 1940
160 1940
492 1941
58 1941
157 1941
284 1941
421 1941
30 1942
296 1942
24 1942
155 1944
351 1944
467 1945
245 1945
348 1945
193 1945
346 1945
473 1946
303 1946
70 1946
302 1946
332 1946
140 1946
148 1947
303 1947
377 1947
502 1947
480 1947
95 1948
259 1948
229 1948
441 1948
467 1948
97 1948
127 1950
203 1950
461 1950
155 1950
127 1950
216 1951
126 1951
195 1951
387 1951
208 1952
120 1952
354 1952
266 1952
330 1953
117 1953
380 1953
4 1954
43 1954
229 1954
48 1954
79 1954
87 1955
228 1956
316 1956
320 1957
453 1957
18 1957
182 1958
229 1958
423 1958
328 1958
266 1958
39 1958
263 1958
75 1958
366 1959
117 1959
122 1960
332 1960
310 1960
437 1961
396 1961
168 1961
146 1961
137 1961
251 1962
180 1962
202 1962
102 1962
61 1963
349 1963
132 1963
144 1964
242 1964
145 1964
443 1964
170 1964
273 1964
25 1965
426 1966
6 1966
251 1966
83 1966
358 1967
343 1967
68 1967
333 1967
270 1969
162 1969
309 1970
386 1970
278 1970
467 1970
355 1971
258 1971
396 1972
379 1972
174 1973
467 1973
71 1973
495 1974
328 1974
370 1974
392 1974
480 1974
61 1974
421 1974
249 1975
216 1975
417 1975
381 1976
42 1976
341 1976
34 1977
240 1977
467 1977
384 1977
499 1977
470 1977
31 1977
327 1977
348 1977
436 1978
440 1978
374 1978
106 1978
196 1978
365 1978
317 1979
433 1979
38 1979
15 1979
115 1980
67 1980
380 1980
475 1980
242 1981
445 1981
412 1981
262 1981
182 1981
379 1981
369 1981
237 1981
465 1982
396 1982
188 1983
9 1983
460 1983
226 1983
509 1984
470 1984
342 1985
499 1985
323 1985
375 1985
225 1985
279 1985
129 1985
59 1985
329 1986
269 1986
138 1986
395 1986
40 1986
93 1987
452 1987
367 1987
457 1987
337 1987
198 1988
393 1988
494 1988
96 1989
124 1989
443 1989
354 1989
408 1990
434 1990
237 1990
199 1990
511 1990
169 1991
498 1991
466 1991
267 1991
21 1992
468 1992
328 1992
412 1993
140 1993
233 1993
456 1993
120 1994
52 1994
123 1995
486 1995
249 1995
346 1996
473 1997
443 1997
163 1997
21 1997
169 1998
382 1998
394 1998
125 1998
180 1998
59 1999
88 1999
54 1999
72 1999
235 1999
460 2000
181 2000
392 2000
427 2001
366 2002
41 2002
263 2003
379 2003
73 2003
6 2003
472 2003
84 2003
34 2004
203 2004
159 2004
112 2005
503 2006
312 2006
49 2007
134 2007
245 2007
417 2007
472 2007
38 2007
506 2008
84 2008
165 2008
305 2008
371 2008
197 2009
289 2009
70 2009
0 2009
302 2009
23 2010
138 2010
273 2010
222 2010
283 2010
4 2011
138 2011
104 2011
222 2011
12 2011
337 2012
129 2013
102 2013
289 2013
160 2013
315 2013
475 2013
42 2014
430 2014
473 2014
205 2014
167 2015
210 2015
38 2015
42 2015
106 2015
422 2016
115 2016
236 2017
240 2017
222 2017
195 2017
26 2017
88 2017
133 2017
54 2018
283 2018
13 2018
245 2019
375 2019
402 2019
440 2019
177 2020
147 2020
16 2021
48 2021
344 2021
16 2022
251 2022
337 2023
97 2023
411 2023
511 2023
320 2023
447 2024
95 2024
216 2024
244 2024
41 2024
77 2024
23 2024
430 2025
409 2025
328 2025
140 2025
321 2025
400 2025
239 2025
16 2026
10 2026
29 2026
454 2026
188 2026
407 2026
8 2026
20 2026
38 2027
483 2027
9 2027
417 2027
90 2027
239 2027
68 2028
469 2028
342 2028
362 2028
188 2028
495 2029
440 2029
155 2029
13 2029
330 2029
347 2030
108 2030
431 2030
468 2031
402 2031
79 2031
70 2031
307 2031
436 2031
79 2032
31 2032
74 2032
301 2032
379 2033
164 2033
18 2033
76 2034
458 2034
348 2034
398 2034
41 2034
392 2035
140 2036
316 2036
466 2036
25 2036
384 2036
152 2037
57 2037
247 2038
330 2038
336 2038
375 2039
278 2039
10 2039
385 2039
371 2039
207 2039
254 2040
509 2040
225 2040
131 2040
478 2040
231 2041
414 2041
198 2041
127 2041
277 2043
488 2043
94 2043
424 2044
229 2044
251 2044
339 2044
52 2045
76 2045
56 2046
182 2047
346 2047
138 2047
278 2048
75 2048
331 2048
207 2048
133 2049
365 2049
438 2049
385 2049
224 2050
165 2050
49 2050
130 2051
290 2051
213 2051
431 2052
237 2052
63 2052
410 2052
113 2052
61 2053
93 2054
51 2054
270 2054
318 2054
364 2054
344 2055
336 2055
419 2056
296 2056
461 2056
262 2056
8 2056
46 2057
74 2057
345 2058
20 2058
283 2058
379 2058
175 2059
268 2059
42 2060
341 2061
239 2061
449 2061
385 2061
429 2061
162 2062
244 2062
296 2062
85 2063
164 2064
485 2064
64 2064
334 2065
346 2065
222 2065
483 2066
196 2066
245 2066
324 2067
118 2067
362 2067
166 2068
437 2068
117 2069
53 2069
291 2069
409 2069
287 2069
19 2071
368 2071
36 2072
328 2072
301 2072
77 2072
406 2073
380 2073
329 2073
13 2073
197 2073
134 2074
109 2074
268 2074
195 2074
247 2074
163 2074
197 2074
230 2075
50 2075
250 2075
377 2075
205 2076
455 2076
501 2076
85 2078
438 2078
226 2078
488 2078
292 2078
214 2078
347 2079
269 2079
62 2079
465 2079
435 2079
371 2079
190 2080
431 2081
453 2081
325 2081
83 2082
456 2082
207 2082
413 2082
159 2082
477 2083
470 2083
297 2084
480 2084
117 2084
320 2084
258 2084
159 2085
326 2085
302 2085
463 2085
268 2085
209 2085
188 2085
290 2085
173 2086
236 2086
329 2086
360 2087
499 2087
444 2087
23 2087
359 2087
133 2087
222 2087
385 2087
473 2088
467 2089
66 2089
35 2090
268 2090
307 2091
250 2091
119 2092
316 2092
138 2092
262 2092
384 2093
408 2093
21 2093
324 2093
404 2094
401 2094
16 2094
111 2095
441 2095
229 2095
232 2096
97 2096
213 2096
30 2096
413 2096
273 2097
251 2097
369 2097
335 2097
94 2098
400 2098
315 2098
439 2098
30 2098
504 2098
156 2099
500 2099
449 2099
368 2100
279 2100
298 2100
361 2100
357 2100
504 2100
454 2101
494 2101
336 2101
0 2101
313 2102
34 2102
193 2102
295 2102
462 2102
297 2104
413 2104
197 2104
430 2105
146 2105
184 2105
297 2106
262 2106
302 2106
23 2106
121 2106
189 2107
33 2107
388 2107
67 2107
369 2108
389 2108
264 2109
6 2109
501 2109
192 2110
32 2110
242 2110
117 2111
412 2112
39 2112
488 2112
178 2112
354 2112
281 2113
248 2113
156 2113
481 2113
65 2114
226 2114
111 2114
169 2114
78 2114
71 2114
89 2114
342 2115
289 2115
299 2115
28 2116
286 2116
203 2116
192 2116
90 2117
183 2118
3 2118
284 2118
106 2119
421 2119
196 2119
31 2119
267 2120
266 2120
39 2120
356 2120
369 2120
125 2121
232 2121
428 2121
151 2121
305 2121
248 2121
172 2121
284 2122
228 2122
54 2122
23 2122
25 2123
267 2123
315 2123
243 2123
231 2123
485 2123
214 2123
252 2124
413 2124
456 2125
83 2125
485 2125
447 2126
58 2126
221 2126
179 2126
145 2126
485 2126
378 2127
351 2128
226 2128
215 2128
310 2128
175 2129
446 2129
466 2129
246 2129
90 2129
105 2129
160 2129
428 2129
487 2130
152 2130
234 2130
278 2130
507 2130
241 2131
395 2131
222 2132
200 2132
130 2132
368 2132
265 2134
144 2134
490 2134
121 2135
268 2135
109 2135
333 2135
177 2135
33 2135
472 2135
506 2135
262 2136
247 2136
369 2136
179 2137
261 2138
22 2138
422 2138
125 2139
300 2139
439 2139
334 2140
391 2140
59 2140
365 2140
19 2141
229 2141
240 2141
264 2141
177 2141
163 2142
486 2142
439 2142
35 2142
447 2144
246 2144
150 2145
292 2145
335 2145
188 2145
271 2145
277 2146
129 2146
473 2146
148 2146
5 2146
240 2146
221 2148
79 2148
58 2149
424 2149
195 2149
226 2150
259 2151
318 2152
35 2152
196 2152
151 2152
237 2152
86 2152
141 2153
133 2153
329 2153
245 2153
259 2154
244 2155
26 2155
116 2155
9 2156
226 2156
24 2156
168 2156
379 2156
469 2156
46 2157
46 2157
508 2158
230 2159
185 2159
52 2159
318 2160
275 2160
347 2160
482 2160
307 2161
457 2161
358 2161
256 2161
281 2161
288 2161
92 2162
502 2163
139 2163
17 2164
427 2164
141 2165
376 2165
171 2165
325 2165
432 2165
194 2165
158 2165
335 2166
432 2166
40 2166
302 2167
176 2167
129 2167
122 2168
410 2168
9 2168
239 2168
423 2169
129 2169
72 2169
67 2169
130 2170
138 2170
438 2170
499 2170
181 2171
198 2171
165 2171
496 2171
411 2172
347 2172
226 2173
35 2174
233 2174
69 2174
476 2174
210 2176
136 2176
468 2176
501 2176
151 2176
17 2176
360 2176
460 2178
160 2179
493 2179
171 2179
458 2179
3 2179
433 2180
51 2180
163 2180
456 2180
47 2180
233 2180
333 2180
135 2181
229 2181
248 2181
394 2182
428 2182
115 2182
254 2182
232 2182
99 2183
300 2183
370 2183
279 2184
86 2184
101 2184
307 2184
271 2184
448 2184
73 2184
387 2184
175 2185
243 2185
266 2186
281 2186
306 2187
72 2187
217 2188
53 2188
433 2188
250 2189
376 2189
120 2189
369 2189
435 2189
203 2189
483 2190
379 2190
215 2190
231 2190
81 2190
416 2190
34 2190
364 2191
358 2191
509 2191
497 2191
75 2191
191 2191
348 2191
286 2191
218 2191
121 2192
287 2192
455 2192
63 2193
131 2194
246 2194
231 2194
311 2195
475 2195
130 2195
113 2196
303 2196
94 2196
13 2196
490 2196
98 2196
379 2197
14 2197
509 2197
179 2197
485 2198
42 2198
196 2198
393 2198
281 2198
9 2199
222 2199
229 2199
467 2199
7 2201
495 2201
249 2202
236 2202
31 2202
51 2202
253 2202
234 2202
80 2202
363 2203
315 2204
153 2204
420 2204
255 2205
59 2205
316 2205
313 2205
472 2206
64 2206
208 2207
412 2207
329 2207
130 2208
393 2208
198 2208
324 2209
455 2209
38 2209
321 2209
129 2210
329 2210
94 2211
90 2211
248 2211
350 2211
391 2212
206 2213
463 2213
375 2213
267 2214
70 2214
400 2215
95 2215
469 2215
405 2215
152 2216
464 2216
293 2217
292 2217
218 2217
120 2218
268 2218
153 2218
313 2219
297 2219
475 2219
342 2220
133 2221
268 2221
14 2222
29 2222
302 2222
339 2222
225 2223
270 2223
424 2223
465 2223
48 2223
266 2223
81 2223
57 2224
445 2224
112 2224
179 2225
297 2225
197 2225
113 2226
309 2226
170 2226
119 2226
222 2226
405 2227
39 2227
69 2227
181 2227
213 2227
264 2228
219 2228
295 2228
180 2228
61 2229
183 2230
484 2231
458 2231
10 2231
218 2231
242 2231
220 2232
332 2232
157 2232
422 2232
472 2232
126 2232
272 2233
18 2233
504 2233
2 2234
189 2234
263 2235
30 2235
185 2235
405 2236
399 2236
167 2236
494 2236
303 2237
232 2237
171 2237
223 2237
296 2237
398 2238
439 2238
255 2238
218 2238
83 2238
180 2238
11 2239
111 2239
362 2240
507 2240
29 2240
137 2240
297 2241
319 2242
403 2242
55 2242
452 2243
249 2243
399 2243
386 2243
437 2243
402 2244
500 2244
252 2245
226 2245
144 2245
239 2245
348 2246
222 2246
240 2246
9 2246
356 2246
407 2247
212 2247
455 2247
439 2248
492 2248
510 2248
484 2248
240 2248
1 2249
278 2250
229 2250
130 2250
321 2251
275 2251
242 2251
495 2252
107 2252
24 2252
8 2252
471 2253
220 2253
390 2254
500 2254
483 2254
114 2254
316 2255
440 2255
475 2255
396 2255
144 2255
115 2256
447 2256
124 2256
418 2257
56 2257
54 2257
427 2258
109 2258
193 2258
62 2258
471 2259
257 2259
273 2259
136 2260
125 2260
466 2260
443 2260
237 2260
241 2261
400 2261
442 2261
510 2261
218 2262
62 2262
70 2263
86 2263
197 2264
108 2264
378 2264
398 2264
500 2265
454 2265
430 2265
148 2266
180 2266
130 2266
442 2266
165 2268
185 2268
202 2268
50 2268
106 2269
223 2269
140 2269
477 2270
398 2271
186 2271
343 2272
120 2272
385 2272
289 2272
409 2272
0 2273
236 2273
83 2273
44 2273
281 2273
172 2273
197 2274
180 2274
335 2274
324 2274
245 2274
215 2274
453 2274
498 2275
443 2275
336 2275
118 2275
390 2276
108 2276
442 2276
431 2276
230 2276
104 2277
245 2278
24 2278
395 2279
441 2279
500 2279
359 2279
404 2279
36 2279
173 2280
42 2280
316 2280
36 2280
250 2280
447 2280
15 2280
66 2281
486 2281
357 2282
322 2282
293 2283
105 2284
339 2284
467 2284
93 2284
283 2284
172 2285
49 2285
186 2285
69 2285
439 2285
230 2285
125 2286
401 2286
118 2286
90 2286
198 2287
158 2287
321 2287
110 2287
387 2287
408 2287
415 2288
299 2289
294 2289
310 2289
506 2290
315 2290
210 2290
249 2290
442 2290
190 2290
180 2291
476 2291
420 2291
35 2291
237 2292
271 2292
458 2292
29 2293
91 2293
22 2293
411 2293
453 2293
249 2293
254 2293
55 2294
52 2294
449 2294
385 2294
311 2295
306 2295
230 2295
95 2295
333 2295
436 2295
219 2296
151 2296
287 2297
142 2297
69 2297
400 2298
186 2298
291 2298
207 2298
183 2299
106 2299
182 2299
199 2299
271 2299
286 2300
38 2300
76 2301
278 2301
23 2301
182 2301
267 2301
88 2301
238 2301
108 2301
207 2302
43 2302
159 2302
313 2302
49 2303
461 2303
292 2303
125 2303
130 2304
324 2304
404 2304
209 2304
212 2304
383 2305
280 2305
424 2305
218 2306
126 2306
435 2306
191 2306
110 2306
274 2307
224 2307
328 2307
376 2307
41 2308
349 2308
166 2308
295 2309
267 2309
220 2309
219 2310
404 2310
416 2310
508 2310
441 2310
278 2311
298 2311
383 2312
48 2312
229 2312
68 2312
241 2313
335 2313
341 2313
228 2313
290 2313
483 2313
488 2314
176 2314
471 2314
103 2315
409 2315
406 2315
45 2315
106 2316
494 2316
144 2316
310 2317
145 2317
144 2317
123 2317
490 2318
350 2318
330 2319
220 2319
292 2320
358 2320
447 2320
169 2321
255 2321
107 2321
353 2321
134 2321
372 2322
329 2322
33 2322
496 2322
131 2323
91 2323
60 2323
450 2324
452 2324
282 2324
381 2324
204 2324
148 2324
350 2325
179 2325
321 2325
504 2325
196 2326
77 2326
487 2326
286 2326
502 2327
333 2327
422 2327
261 2327
36 2327
446 2327
12 2328
348 2328
277 2328
320 2328
195 2328
477 2328
74 2328
320 2329
178 2329
479 2329
1 2329
397 2329
181 2330
314 2330
332 2330
464 2331
237 2331
101 2332
430 2332
161 2332
345 2333
267 2333
440 2333
167 2333
425 2333
153 2334
310 2334
121 2334
495 2334
57 2334
120 2334
209 2335
237 2335
503 2335
289 2336
426 2336
278 2336
76 2336
310 2338
23 2338
364 2340
342 2340
115 2341
263 2341
388 2341
247 2341
25 2342
331 2342
340 2342
453 2343
102 2343
67 2343
495 2344
139 2344
374 2345
214 2345
182 2345
164 2345
30 2346
96 2346
317 2346
14 2346
450 2346
303 2346
278 2346
222 2347
333 2347
276 2347
82 2348
446 2348
50 2348
81 2349
105 2349
77 2349
358 2350
165 2350
89 2350
149 2350
424 2350
210 2350
41 2351
145 2352
138 2352
26 2352
257 2352
348 2352
424 2353
13 2353
498 2353
430 2353
214 2353
5 2354
415 2354
471 2355
157 2355
160 2355
401 2355
148 2356
365 2357
269 2357
356 2358
121 2358
439 2359
363 2359
47 2359
442 2359
336 2359
88 2359
73 2359
305 2359
83 2360
112 2360
395 2360
276 2361
449 2361
429 2361
299 2361
221 2361
295 2362
204 2362
197 2362
369 2362
59 2362
88 2362
203 2363
317 2363
508 2363
371 2363
112 2363
6 2363
85 2363
311 2363
207 2364
481 2364
311 2364
15 2364
166 2364
144 2364
180 2364
288 2364
104 2364
8 2364
447 2365
233 2365
65 2365
345 2365
238 2366
175 2366
353 2366
319 2366
288 2367
212 2367
409 2367
154 2367
432 2367
148 2368
29 2368
194 2368
505 2368
297 2369
1 2369
340 2369
263 2369
431 2369
117 2370
443 2370
256 2370
341 2370
183 2371
119 2371
45 2371
48 2371
470 2372
446 2372
447 2372
444 2372
274 2373
507 2373
471 2374
82 2374
375 2374
406 2375
246 2375
268 2376
263 2376
294 2376
34 2376
95 2377
380 2377
425 2377
292 2377
127 2377
355 2378
137 2378
89 2378
70 2378
159 2378
88 2378
213 2378
206 2379
410 2379
426 2379
298 2380
236 2380
21 2380
339 2381
266 2381
408 2381
390 2381
101 2381
455 2382
21 2382
332 2382
194 2382
425 2383
500 2383
403 2383
462 2383
69 2383
317 2384
15 2384
394 2384
457 2384
1 2385
42 2385
463 2385
259 2386
363 2386
195 2386
495 2386
11 2387
164 2387
195 2388
73 2388
184 2389
97 2390
42 2390
118 2391
200 2391
11 2391
238 2392
70 2392
424 2392
186 2392
2 2393
483 2394
228 2394
282 2394
154 2394
12 2395
59 2395
28 2395
115 2396
42 2396
199 2396
28 2396
151 2396
150 2396
289 2396
384 2397
120 2397
161 2397
322 2397
91 2397
430 2398
509 2398
9 2399
149 2399
44 2399
403 2399
412 2399
387 2399
78 2400
238 2400
129 2400
367 2401
215 2401
250 2401
385 2401
149 2401
210 2402
103 2402
141 2402
211 2403
268 2403
26 2403
240 2403
391 2403
259 2403
221 2403
395 2404
282 2404
108 2405
433 2405
320 2405
473 2406
153 2406
1 2406
239 2407
236 2407
386 2407
98 2407
373 2407
86 2407
299 2408
64 2408
78 2408
72 2408
240 2409
378 2409
51 2409
116 2410
28 2410
468 2410
257 2411
296 2411
175 2411
310 2411
377 2412
155 2412
284 2412
74 2413
409 2413
110 2413
444 2414
80 2414
340 2415
1 2415
283 2415
435 2415
65 2415
459 2415
220 2415
170 2415
481 2416
428 2416
98 2416
185 2416
374 2417
427 2417
177 2417
44 2417
491 2417
182 2417
281 2418
63 2418
410 2418
201 2419
296 2419
172 2419
285 2419
50 2420
139 2420
307 2421
1 2421
435 2422
338 2422
511 2422
81 2422
290 2422
26 2422
186 2422
63 2422
348 2423
255 2423
212 2424
427 2424
93 2424
366 2424
87 2424
494 2424
66 2425
485 2425
150 2425
430 2425
31 2425
27 2425
50 2425
113 2426
384 2426
62 2426
454 2426
289 2426
102 2427
233 2427
343 2427
408 2427
157 2427
428 2428
67 2428
449 2429
178 2429
39 2429
153 2429
37 2429
34 2430
340 2430
122 2430
382 2430
333 2431
429 2431
73 2431
499 2431
91 2432
340 2432
83 2432
185 2433
393 2433
426 2433
324 2434
192 2434
281 2434
8 2434
100 2434
157 2434
15 2434
115 2434
134 2435
116 2435
506 2435
369 2436
228 2436
400 2436
13 2436
179 2436
53 2436
479 2437
179 2437
467 2437
454 2437
441 2437
458 2437
210 2438
398 2438
442 2438
431 2438
436 2438
312 2438
404 2439
367 2439
144 2439
204 2439
432 2440
499 2440
221 2440
362 2440
415 2440
332 2441
112 2441
410 2441
71 2442
379 2442
291 2442
459 2442
336 2442
55 2442
336 2443
63 2443
289 2443
481 2443
243 2443
190 2444
160 2444
212 2444
220 2444
429 2444
115 2444
476 2445
195 2445
240 2446
11 2446
293 2446
41 2446
391 2446
475 2447
379 2447
164 2447
407 2447
499 2448
163 2448
322 2448
488 2448
369 2448
453 2449
99 2449
384 2449
144 2449
125 2449
422 2449
449 2449
297 2449
307 2449
159 2450
356 2450
54 2451
364 2451
376 2451
385 2451
281 2451
93 2451
12 2451
441 2451
143 2452
165 2452
411 2452
384 2452
286 2452
171 2453
249 2453
376 2453
262 2453
273 2453
6 2453
285 2454
278 2454
70 2454
78 2455
138 2455
81 2456
320 2456
445 2456
203 2456
306 2456
483 2456
461 2456
94 2457
70 2457
268 2458
296 2458
123 2459
239 2459
451 2459
19 2459
385 2459
377 2459
263 2459
452 2460
293 2460
9 2460
57 2460
378 2461
150 2461
269 2461
139 2462
68 2462
345 2462
190 2463
455 2463
35 2463
200 2464
51 2464
72 2464
221 2464
470 2465
506 2465
493 2465
262 2465
65 2465
58 2466
324 2466
436 2466
488 2466
429 2467
300 2467
28 2467
89 2468
95 2468
489 2468
64 2469
25 2469
442 2469
154 2469
264 2469
350 2470
247 2470
141 2470
65 2470
78 2470
488 2470
287 2470
469 2471
17 2471
394 2472
481 2472
256 2472
305 2472
411 2472
56 2472
68 2472
73 2473
432 2473
16 2473
101 2473
409 2474
358 2474
74 2474
53 2474
306 2474
173 2474
240 2475
468 2475
63 2475
92 2476
431 2476
469 2476
327 2476
94 2476
480 2476
159 2476
371 2476
109 2477
233 2477
70 2477
308 2478
422 2478
373 2478
0 2478
490 2479
94 2479
393 2479
503 2480
263 2480
392 2480
485 2480
429 2481
439 2481
253 2482
80 2482
54 2482
298 2483
308 2483
424 2483
66 2483
412 2484
429 2484
70 2484
426 2485
271 2485
423 2485
458 2485
235 2485
119 2486
391 2486
349 2486
161 2486
25 2486
224 2487
107 2487
246 2487
426 2487
219 2487
328 2488
309 2488
37 2489
385 2489
381 2489
180 2489
339 2489
383 2489
355 2489
76 2489
353 2490
237 2490
15 2490
356 2491
251 2491
443 2491
463 2491
291 2491
139 2491
76 2492
287 2492
12 2492
344 2492
470 2492
188 2492
379 2492
70 2492
80 2492
8 2493
246 2493
441 2493
182 2493
413 2493
35 2493
468 2494
447 2495
257 2496
462 2496
48 2496
121 2496
18 2496
129 2496
12 2496
213 2497
459 2497
90 2498
21 2498
192 2498
348 2499
264 2499
356 2500
266 2500
202 2500
63 2500
492 2501
41 2502
189 2502
236 2502
273 2502
198 2502
300 2503
446 2503
309 2503
78 2504
119 2504
459 2504
339 2504
408 2504
253 2504
302 2504
362 2504
119 2504
40 2504
113 2505
338 2505
345 2505
268 2505
302 2506
393 2506
298 2506
290 2506
62 2507
0 2507
298 2507
105 2507
342 2507
358 2508
325 2508
100 2508
399 2508
412 2508
467 2508
511 2508
227 2509
0 2509
21 2509
85 2509
346 2509
304 2510
390 2510
191 2511
226 2511
446 2511
7 2511
47 2511
367 2511
403 2512
48 2512
397 2513
435 2513
473 2513
320 2513
87 2514
370 2514
249 2514
14 2514
444 2514
489 2514
205 2515
261 2515
471 2516
416 2516
485 2516
219 2517
203 2517
242 2518
415 2518
251 2518
360 2518
458 2518
12 2518
43 2520
269 2520
5 2520
256 2520
107 2520
313 2521
326 2521
98 2521
4 2521
292 2522
5 2522
456 2522
239 2522
415 2523
242 2523
239 2524
76 2524
388 2525
205 2525
120 2525
129 2526
446 2526
288 2526
355 2526
485 2526
495 2526
79 2527
456 2527
173 2527
179 2528
467 2528
59 2529
491 2529
305 2529
491 2530
369 2530
293 2530
291 2530
248 2530
217 2531
109 2531
71 2531
460 2531
436 2532
10 2532
481 2532
385 2532
241 2533
113 2533
489 2533
258 2533
288 2534
468 2534
386 2534
114 2534
411 2534
454 2535
165 2535
189 2535
118 2535
80 2535
325 2536
4 2536
153 2537
47 2537
387 2538
453 2538
392 2538
217 2538
135 2538
195 2538
204 2539
136 2539
383 2539
504 2539
284 2540
399 2540
466 2540
360 2541
461 2541
416 2541
148 2541
19 2541
377 2542
200 2543
282 2543
100 2543
255 2543
306 2544
105 2544
334 2544
282 2544
471 2545
45 2546
220 2546
15 2546
486 2546
162 2546
292 2547
146 2547
360 2547
134 2547
93 2548
449 2548
265 2548
492 2549
349 2549
485 2549
51 2549
422 2550
26 2550
153 2550
459 2550
417 2550
180 2550
193 2550
487 2551
242 2551
381 2551
123 2551
456 2551
133 2552
378 2552
382 2553
35 2553
168 2553
227 2553
385 2554
423 2554
140 2555
397 2555
350 2555
303 2555
474 2556
46 2556
367 2556
367 2556
82 2557
171 2557
18 2557
80 2557
278 2557
53 2558
471 2558
69 2558
214 2559
122 2559
96 2559
17 2560
328 2561
236 2561
156 2561
499 2562
212 2562
296 2564
126 2564
190 2564
31 2564
375 2564
81 2565
78 2565
132 2565
387 2566
55 2566
261 2566
422 2566
191 2566
312 2567
429 2567
290 2567
190 2568
99 2568
65 2568
136 2568
139 2569
486 2569
497 2569
198 2569
270 2569
158 2569
81 2569
270 2570
410 2570
23 2571
410 2571
330 2571
511 2571
135 2571
66 2572
379 2572
218 2572
403 2572
400 2572
502 2573
495 2573
76 2574
166 2574
356 2574
262 2574
14 2574
83 2575
224 2575
391 2575
157 2576
39 2576
284 2576
473 2576
101 2576
392 2577
123 2577
437 2577
409 2577
488 2577
263 2578
48 2578
114 2578
316 2579
123 2579
368 2579
377 2579
508 2579
92 2580
158 2580
212 2581
475 2581
25 2581
421 2582
162 2582
63 2582
106 2582
276 2582
215 2582
69 2582
350 2583
428 2583
61 2583
77 2583
33 2583
215 2583
28 2584
244 2584
509 2584
199 2584
317 2584
40 2585
209 2585
198 2586
459 2586
450 2586
412 2586
167 2586
372 2587
470 2587
121 2587
351 2587
113 2587
285 2587
397 2588
249 2588
391 2588
489 2588
462 2588
393 2588
345 2588
54 2588
33 2589
509 2589
235 2589
208 2590
14 2590
367 2590
271 2591
224 2591
0 2591
433 2591
57 2592
134 2592
111 2592
304 2592
200 2592
143 2592
433 2592
484 2593
417 2593
478 2594
163 2594
289 2594
263 2594
497 2594
10 2594
476 2594
341 2595
58 2595
96 2596
157 2596
511 2596
23 2596
111 2598
308 2598
340 2599
1 2599
382 2599
401 2599
448 2599
462 2600
379 2601
376 2601
362 2601
318 2602
304 2602
212 2602
390 2602
465 2602
380 2602
72 2603
389 2603
225 2603
34 2603
504 2603
169 2603
479 2603
115 2603
499 2603
379 2604
277 2604
279 2604
24 2604
27 2604
279 2604
30 2604
266 2605
359 2605
316 2605
121 2605
229 2606
379 2607
157 2607
180 2608
311 2608
74 2609
101 2609
410 2609
335 2609
91 2609
197 2609
435 2610
495 2610
479 2610
88 2610
21 2610
26 2610
222 2611
261 2611
288 2612
183 2612
462 2612
276 2612
111 2613
27 2613
202 2613
378 2613
37 2614
473 2614
47 2614
51 2615
134 2615
90 2615
161 2615
414 2616
477 2616
2 2617
233 2617
480 2617
152 2617
168 2617
77 2617
75 2618
411 2618
284 2618
440 2618
3 2618
453 2618
344 2618
73 2618
192 2618
133 2619
453 2619
332 2619
260 2619
383 2619
198 2620
203 2620
298 2621
31 2621
108 2621
315 2621
345 2621
214 2621
324 2621
136 2622
449 2622
193 2622
442 2622
273 2622
481 2622
407 2622
465 2622
148 2623
81 2623
219 2624
479 2624
505 2624
74 2624
313 2624
233 2624
470 2625
253 2625
465 2625
1 2626
191 2626
174 2626
447 2626
170 2626
273 2626
260 2627
511 2627
52 2628
97 2628
108 2629
345 2629
280 2630
496 2630
466 2630
364 2630
268 2631
467 2631
328 2631
76 2631
285 2632
7 2632
285 2632
42 2632
202 2632
9 2632
187 2632
10 2632
274 2633
192 2633
329 2633
266 2634
205 2634
231 2634
272 2635
367 2635
496 2635
279 2635
51 2636
111 2636
495 2636
464 2636
462 2636
73 2637
258 2637
127 2637
29 2637
393 2638
79 2638
323 2640
99 2640
228 2641
302 2641
467 2641
68 2641
237 2642
261 2642
107 2643
271 2643
269 2643
492 2643
225 2644
481 2644
87 2645
483 2645
409 2645
336 2645
253 2645
416 2645
138 2646
52 2646
189 2646
59 2646
163 2647
465 2647
347 2648
385 2648
182 2648
228 2648
241 2648
42 2649
158 2649
432 2650
167 2650
143 2650
288 2650
173 2650
480 2650
312 2650
132 2651
152 2651
117 2651
499 2652
49 2652
375 2652
336 2652
507 2653
140 2653
385 2653
219 2653
374 2653
130 2653
427 2654
415 2654
51 2654
362 2654
169 2654
110 2654
153 2655
402 2655
50 2655
128 2655
128 2655
318 2656
410 2656
333 2656
401 2656
290 2656
303 2656
387 2656
385 2656
468 2657
442 2657
253 2657
13 2657
486 2658
206 2658
126 2658
378 2658
474 2658
209 2659
387 2659
457 2659
277 2660
390 2660
300 2660
101 2660
255 2660
48 2661
224 2661
228 2661
164 2662
208 2662
260 2662
93 2662
3 2662
140 2662
354 2663
244 2663
119 2664
121 2664
288 2664
169 2664
296 2664
30 2665
44 2665
400 2665
256 2665
126 2665
250 2665
124 2665
96 2666
503 2666
275 2668
370 2669
390 2670
376 2670
443 2671
191 2671
38 2671
145 2671
331 2671
382 2671
255 2672
72 2672
164 2672
382 2673
466 2673
477 2674
226 2674
275 2674
450 2674
174 2674
403 2675
179 2675
208 2675
124 2676
293 2676
261 2676
480 2676
29 2676
382 2677
124 2677
310 2677
421 2677
35 2677
8 2677
197 2678
257 2679
1 2679
153 2679
236 2679
118 2681
263 2681
96 2681
184 2681
147 2682
110 2682
501 2682
9 2682
457 2682
199 2682
408 2682
326 2683
198 2683
92 2683
232 2684
135 2684
218 2685
20 2686
353 2686
457 2686
303 2687
202 2687
244 2687
208 2687
78 2688
236 2688
318 2689
210 2689
415 2689
125 2690
28 2690
457 2690
470 2690
37 2690
57 2690
343 2690
456 2690
65 2690
433 2691
272 2691
390 2691
212 2691
1 2691
18 2692
36 2692
219 2692
370 2692
184 2693
173 2693
383 2693
410 2693
334 2693
375 2693
282 2694
27 2694
34 2694
49 2695
222 2695
160 2695
295 2696
151 2697
127 2697
268 2697
337 2697
95 2698
503 2698
103 2698
41 2698
126 2698
56 2699
282 2699
86 2700
511 2701
361 2701
320 2701
399 2701
282 2702
310 2702
68 2702
383 2702
215 2703
83 2703
81 2704
406 2704
184 2705
488 2705
320 2705
488 2705
236 2705
404 2705
51 2706
268 2706
117 2706
301 2707
18 2707
284 2708
372 2708
463 2708
64 2708
469 2709
315 2709
185 2709
372 2709
335 2709
505 2710
42 2710
216 2710
38 2710
423 2711
495 2711
66 2712
315 2713
357 2713
198 2713
157 2713
279 2713
104 2713
378 2714
376 2715
6 2715
193 2715
316 2715
397 2716
289 2716
156 2716
1 2716
496 2717
43 2717
500 2717
419 2717
140 2717
185 2717
123 2718
294 2718
414 2718
68 2718
442 2718
343 2718
397 2718
130 2718
361 2719
323 2719
165 2720
445 2720
239 2721
25 2721
48 2721
176 2722
480 2722
422 2722
321 2722
437 2722
428 2722
124 2722
511 2722
96 2723
313 2723
78 2723
150 2723
12 2724
268 2724
174 2724
410 2725
92 2725
156 2725
181 2726
308 2726
22 2726
315 2726
91 2726
197 2726
373 2727
271 2727
263 2727
509 2727
105 2727
286 2727
16 2728
46 2728
191 2728
192 2728
509 2728
317 2728
325 2728
509 2729
174 2729
118 2729
231 2729
366 2729
427 2729
273 2730
2 2730
22 2730
491 2731
499 2731
302 2731
370 2731
149 2731
43 2731
180 2731
161 2731
30 2732
167 2732
445 2732
163 2732
323 2732
42 2732
96 2733
476 2733
307 2734
67 2734
24 2734
56 2734
397 2735
196 2735
126 2735
112 2736
399 2736
118 2736
384 2736
228 2737
179 2737
305 2737
124 2738
130 2738
262 2739
106 2739
478 2739
314 2739
395 2739
252 2739
191 2740
94 2740
333 2740
479 2740
212 2740
101 2740
109 2740
311 2740
360 2741
507 2741
164 2741
416 2741
289 2741
313 2741
277 2741
131 2741
444 2742
23 2742
252 2742
301 2743
198 2743
397 2743
150 2743
210 2744
0 2744
386 2744
317 2744
445 2744
399 2744
448 2744
123 2745
350 2745
285 2746
381 2746
15 2746
384 2746
373 2746
413 2747
254 2747
423 2747
84 2747
392 2748
235 2748
339 2748
165 2748
17 2748
376 2749
199 2749
165 2749
410 2749
319 2750
22 2750
284 2750
430 2750
180 2750
30 2750
28 2751
152 2751
46 2751
428 2751
337 2751
410 2751
458 2752
236 2752
347 2752
417 2752
360 2752
458 2752
151 2752
494 2752
283 2753
65 2753
51 2753
472 2753
508 2753
201 2754
33 2755
156 2755
291 2755
201 2755
71 2755
85 2755
95 2755
505 2755
427 2756
249 2756
507 2757
177 2757
342 2757
61 2757
101 2758
230 2758
102 2759
252 2759
58 2759
443 2760
396 2760
22 2761
70 2762
447 2762
305 2763
103 2763
489 2763
12 2763
42 2763
75 2763
393 2764
232 2765
105 2765
26 2766
275 2766
295 2766
449 2767
157 2767
185 2767
503 2767
225 2768
295 2768
1 2768
388 2768
42 2768
508 2768
327 2768
134 2769
2 2769
288 2769
285 2769
126 2769
345 2770
474 2770
278 2770
35 2770
63 2771
224 2772
199 2772
363 2772
13 2772
126 2773
443 2773
474 2773
268 2773
341 2773
238 2774
435 2774
47 2774
361 2774
50 2774
96 2774
484 2774
136 2774
52 2775
325 2775
238 2776
293 2776
135 2777
238 2777
76 2777
428 2777
228 2778
404 2778
305 2778
191 2778
248 2779
414 2779
441 2779
48 2779
414 2779
445 2779
94 2780
386 2780
358 2780
313 2780
209 2780
218 2780
471 2780
273 2780
411 2780
476 2780
362 2781
301 2782
109 2782
442 2783
126 2783
20 2784
113 2784
412 2784
489 2785
312 2785
371 2785
412 2785
475 2785
228 2785
207 2786
28 2786
258 2786
3 2787
338 2787
439 2787
475 2788
196 2788
212 2788
92 2788
227 2789
251 2789
478 2789
463 2789
421 2789
143 2790
16 2790
207 2790
179 2790
274 2791
228 2792
0 2792
346 2792
345 2793
443 2793
444 2793
132 2793
190 2793
47 2793
190 2793
261 2794
12 2794
346 2794
379 2794
494 2794
267 2795
54 2795
203 2795
351 2796
389 2796
183 2796
197 2797
487 2797
456 2798
88 2798
481 2798
3 2799
293 2799
439 2800
142 2800
84 2800
151 2800
285 2801
494 2801
185 2801
286 2801
253 2802
315 2802
87 2802
96 2802
109 2803
298 2803
200 2803
317 2803
481 2804
182 2804
132 2805
129 2805
305 2805
170 2806
450 2806
282 2806
265 2807
400 2807
205 2807
63 2807
431 2808
48 2808
230 2808
117 2808
275 2808
234 2809
207 2810
436 2810
241 2810
270 2810
498 2810
511 2810
8 2810
246 2810
376 2811
389 2811
26 2812
438 2812
182 2812
353 2813
466 2813
495 2813
10 2813
240 2813
376 2814
198 2814
179 2814
363 2814
168 2815
304 2815
284 2815
164 2815
359 2816
291 2816
488 2816
207 2817
305 2817
484 2818
121 2819
342 2819
346 2819
423 2819
122 2819
434 2819
153 2820
436 2820
86 2820
59 2820
207 2821
116 2821
24 2821
181 2821
357 2821
470 2821
378 2822
284 2822
94 2823
189 2823
489 2823
26 2824
319 2824
272 2824
491 2825
482 2825
188 2825
141 2825
405 2826
189 2826
90 2827
451 2827
483 2827
447 2827
394 2828
309 2828
123 2828
499 2829
349 2829
110 2829
130 2829
150 2830
7 2830
10 2831
232 2831
446 2831
167 2831
446 2832
318 2832
419 2833
410 2833
160 2833
258 2833
486 2833
104 2833
56 2834
452 2834
403 2834
226 2834
457 2835
391 2835
300 2835
36 2835
12 2836
237 2836
472 2836
255 2836
410 2836
46 2836
88 2837
6 2838
484 2838
365 2839
66 2839
510 2840
119 2840
447 2840
347 2840
215 2841
123 2841
227 2841
357 2841
272 2841
335 2842
284 2842
258 2842
354 2842
463 2842
173 2843
3 2843
28 2843
40 2843
347 2843
472 2843
220 2843
24 2844
417 2844
445 2844
97 2844
129 2844
150 2844
122 2845
387 2845
75 2845
111 2845
318 2845
76 2845
159 2846
49 2846
163 2846
172 2846
107 2846
216 2846
117 2846
315 2847
292 2848
466 2848
91 2848
332 2849
281 2849
380 2849
277 2850
69 2850
205 2850
227 2851
475 2851
4 2851
258 2851
247 2852
436 2852
128 2852
329 2852
125 2852
251 2853
479 2853
376 2853
109 2853
237 2853
266 2853
339 2854
74 2854
482 2854
66 2855
106 2855
445 2855
367 2855
460 2856
146 2856
400 2856
257 2856
125 2857
470 2857
208 2857
468 2858
6 2859
407 2859
133 2859
371 2859
410 2859
356 2860
50 2860
476 2860
360 2860
46 2860
90 2861
108 2861
205 2861
279 2861
495 2861
138 2861
210 2861
98 2862
177 2862
7 2862
342 2862
272 2862
229 2863
316 2863
236 2863
84 2863
93 2864
364 2865
149 2865
153 2865
381 2865
55 2865
452 2865
144 2866
192 2866
326 2866
368 2866
315 2866
157 2867
122 2868
22 2868
211 2868
466 2869
281 2869
87 2869
204 2869
193 2870
2 2870
385 2870
108 2870
201 2870
304 2870
204 2871
395 2872
500 2872
282 2872
411 2872
357 2873
29 2873
68 2873
142 2873
38 2874
414 2874
187 2874
277 2875
287 2876
278 2876
105 2876
334 2876
310 2876
267 2876
194 2876
9 2876
9 2877
178 2877
316 2877
475 2877
365 2878
136 2878
452 2878
500 2878
181 2878
163 2879
362 2879
436 2879
23 2879
215 2880
104 2880
150 2880
420 2881
336 2882
141 2882
112 2883
44 2883
157 2883
453 2883
197 2884
83 2884
339 2884
176 2884
172 2884
180 2884
132 2885
340 2885
493 2886
79 2886
18 2886
444 2886
502 2886
148 2887
168 2887
304 2888
454 2888
473 2888
333 2888
380 2888
164 2888
469 2888
357 2888
1 2889
283 2889
445 2889
373 2889
348 2890
86 2890
55 2890
84 2890
340 2891
428 2891
195 2891
116 2891
384 2891
478 2892
158 2892
243 2892
369 2892
170 2893
454 2893
466 2893
234 2893
306 2893
274 2894
486 2894
52 2895
343 2895
200 2895
340 2895
413 2896
306 2896
126 2896
73 2896
63 2897
134 2897
2 2898
353 2898
196 2898
510 2898
403 2899
499 2899
222 2899
189 2899
95 2900
220 2900
202 2900
429 2901
402 2901
207 2902
484 2902
225 2903
121 2903
405 2903
442 2903
392 2903
483 2903
97 2903
80 2903
205 2904
17 2904
478 2904
300 2904
287 2904
341 2905
406 2905
78 2906
426 2906
409 2906
347 2906
456 2906
316 2906
320 2906
510 2907
14 2907
210 2907
438 2907
362 2907
306 2908
392 2908
42 2909
109 2910
478 2910
105 2910
401 2910
299 2910
243 2911
407 2911
47 2911
425 2911
483 2911
161 2912
458 2912
329 2912
144 2912
140 2912
48 2912
176 2913
106 2913
464 2913
39 2913
424 2913
210 2913
65 2914
475 2914
54 2914
336 2915
295 2915
6 2915
388 2915
283 2915
89 2916
316 2916
282 2916
401 2916
273 2916
380 2916
179 2916
305 2917
53 2917
84 2917
2 2917
475 2918
18 2918
178 2918
435 2918
222 2919
89 2919
442 2920
449 2920
397 2921
114 2922
44 2922
284 2922
387 2922
159 2922
168 2922
50 2923
406 2923
241 2923
452 2924
2 2924
183 2924
47 2924
46 2924
30 2925
57 2925
478 2925
190 2925
482 2925
282 2925
458 2925
111 2925
493 2925
162 2926
0 2926
77 2926
130 2927
42 2927
431 2927
110 2927
350 2928
60 2928
6 2928
202 2928
65 2929
13 2929
369 2929
339 2930
340 2930
425 2930
362 2931
279 2931
353 2931
267 2931
132 2932
459 2932
457 2932
288 2932
367 2933
9 2933
495 2933
34 2933
428 2933
281 2934
415 2934
341 2935
51 2935
507 2935
202 2935
127 2936
501 2936
308 2936
163 2936
129 2937
407 2937
410 2937
265 2937
292 2937
448 2937
370 2937
16 2938
392 2938
110 2938
80 2938
238 2938
463 2939
163 2939
148 2939
279 2940
166 2940
104 2940
232 2940
83 2940
407 2941
178 2941
76 2941
280 2941
351 2942
421 2942
194 2942
38 2942
321 2942
269 2943
165 2943
13 2944
112 2944
165 2944
201 2945
133 2945
73 2945
41 2945
6 2945
392 2945
115 2946
377 2946
121 2946
340 2946
297 2947
179 2947
224 2947
406 2947
344 2948
364 2949
209 2949
465 2949
460 2950
394 2950
116 2950
110 2950
412 2950
378 2950
44 2951
309 2952
471 2952
283 2952
321 2953
267 2953
165 2953
372 2954
511 2954
436 2954
401 2954
171 2954
387 2954
293 2955
295 2955
327 2955
443 2955
245 2955
259 2956
204 2956
61 2957
80 2958
481 2958
57 2958
495 2958
243 2958
234 2958
196 2959
21 2959
290 2959
372 2959
145 2959
255 2959
331 2960
177 2960
291 2960
233 2961
246 2961
245 2961
158 2961
225 2961
376 2962
404 2962
40 2962
357 2962
148 2962
92 2962
256 2962
402 2962
301 2963
150 2964
322 2964
305 2964
51 2964
278 2964
503 2965
418 2965
211 2965
435 2966
433 2966
23 2966
325 2966
27 2966
288 2966
348 2967
344 2967
469 2967
209 2967
447 2968
79 2968
179 2969
481 2969
174 2969
219 2970
130 2970
386 2970
42 2970
302 2970
268 2970
491 2970
128 2971
176 2972
304 2972
183 2972
162 2972
360 2972
492 2972
420 2972
414 2973
284 2973
394 2973
316 2973
168 2973
80 2974
193 2974
34 2975
127 2975
62 2975
338 2975
264 2975
162 2975
219 2975
226 2976
101 2976
46 2977
64 2977
339 2978
266 2978
153 2978
23 2978
510 2978
62 2978
44 2979
30 2979
100 2979
263 2979
344 2979
368 2979
58 2979
302 2980
317 2980
497 2980
288 2980
232 2982
7 2982
401 2982
82 2983
97 2983
15 2983
340 2983
508 2984
114 2984
382 2984
278 2984
436 2984
498 2985
504 2985
120 2986
27 2986
480 2987
297 2987
133 2987
147 2988
416 2989
119 2989
329 2989
278 2989
307 2989
454 2990
120 2990
178 2990
179 2990
195 2990
178 2991
282 2991
382 2991
115 2991
183 2992
214 2992
20 2992
254 2992
8 2993
129 2993
17 2993
101 2993
115 2994
18 2994
410 2994
451 2994
89 2994
276 2994
185 2995
269 2995
265 2995
66 2995
164 2995
132 2995
130 2995
402 2996
506 2997
407 2997
213 2997
250 2998
264 2998
459 2998
346 2998
155 2998
339 2999
387 2999
508 2999
440 2999
447 3000
99 3001
43 3001
237 3001
472 3001
31 3001
373 3001
54 3001
160 3002
100 3002
471 3003
409 3003
254 3004
335 3004
462 3004
24 3005
243 3005
162 3006
458 3006
114 3006
313 3007
310 3007
510 3007
19 3008
231 3008
105 3008
432 3008
390 3009
326 3009
487 3009
483 3009
306 3009
235 3009
441 3010
226 3010
316 3011
62 3011
92 3011
491 3011
464 3012
198 3012
111 3012
366 3012
206 3013
371 3013
429 3013
320 3013
46 3013
240 3013
35 3013
43 3014
490 3014
196 3014
398 3014
152 3015
372 3015
467 3015
87 3015
280 3016
402 3016
186 3016
179 3016
1 3016
427 3016
208 3017
217 3018
484 3018
378 3019
146 3019
231 3019
130 3020
365 3020
207 3020
144 3020
349 3020
289 3021
448 3021
126 3021
211 3022
489 3022
467 3022
114 3022
422 3022
462 3023
176 3023
323 3023
223 3024
160 3024
395 3025
220 3025
321 3026
13 3026
467 3026
251 3026
37 3027
26 3027
468 3027
282 3027
304 3028
283 3028
266 3028
504 3029
226 3029
111 3029
301 3029
400 3029
289 3029
281 3029
285 3030
10 3030
179 3030
180 3030
241 3030
79 3030
174 3031
150 3031
497 3031
296 3031
265 3031
273 3032
451 3032
425 3032
499 3032
97 3032
355 3033
354 3033
101 3033
337 3034
215 3034
337 3034
466 3034
88 3034
142 3034
237 3034
79 3034
411 3035
507 3035
163 3035
289 3035
240 3035
296 3036
508 3036
137 3036
8 3036
232 3036
367 3036
127 3037
204 3037
99 3037
428 3037
424 3038
234 3038
407 3038
389 3038
290 3038
259 3039
159 3039
152 3039
57 3039
184 3039
358 3040
333 3040
221 3040
341 3040
19 3040
394 3040
148 3041
288 3041
433 3041
98 3041
321 3042
315 3042
31 3042
330 3042
153 3043
413 3043
405 3043
189 3043
12 3044
82 3044
116 3044
130 3044
327 3044
178 3045
485 3045
81 3045
475 3045
123 3046
508 3046
320 3047
411 3047
386 3047
313 3047
414 3047
302 3048
268 3048
317 3048
395 3048
145 3049
269 3049
118 3049
498 3050
437 3050
189 3050
141 3051
66 3051
406 3051
182 3052
77 3052
173 3052
460 3052
505 3053
454 3053
435 3053
259 3054
131 3054
115 3054
400 3054
54 3054
355 3054
398 3054
173 3056
457 3056
319 3056
339 3056
177 3056
14 3056
375 3056
280 3056
278 3056
263 3056
146 3057
84 3057
477 3057
77 3057
192 3058
142 3058
12 3058
235 3058
140 3059
187 3059
440 3059
395 3059
205 3060
492 3060
470 3060
71 3060
490 3060
115 3060
292 3061
379 3062
355 3062
327 3062
449 3063
80 3063
413 3063
218 3064
423 3065
34 3065
37 3066
25 3066
494 3066
30 3066
320 3067
51 3067
40 3067
343 3067
448 3067
372 3068
67 3069
491 3069
183 3070
352 3070
403 3070
467 3070
370 3070
198 3070
279 3070
28 3071
399 3071
428 3072
433 3072
212 3072
118 3072
165 3072
435 3072
503 3073
314 3073
213 3073
88 3074
165 3074
461 3074
449 3075
393 3075
305 3075
503 3075
323 3075
466 3075
180 3076
502 3076
194 3076
452 3077
331 3077
404 3078
76 3078
200 3078
53 3078
369 3079
57 3079
11 3079
32 3080
291 3080
423 3080
328 3080
484 3080
479 3080
139 3081
487 3081
199 3081
387 3081
384 3081
201 3082
68 3083
394 3083
182 3083
375 3083
465 3084
199 3084
69 3084
368 3084
466 3084
225 3085
300 3085
164 3085
229 3086
252 3086
462 3086
178 3088
388 3088
464 3088
166 3088
445 3089
459 3089
125 3089
391 3090
123 3090
241 3090
251 3090
169 3090
414 3091
206 3091
473 3091
0 3091
97 3092
289 3092
237 3092
304 3093
126 3093
195 3093
438 3093
229 3093
123 3093
243 3093
85 3094
374 3094
326 3094
126 3094
438 3094
383 3094
389 3095
40 3095
433 3096
133 3096
227 3096
378 3096
237 3097
53 3097
374 3097
202 3097
335 3098
458 3098
221 3098
469 3098
348 3098
70 3098
355 3098
78 3098
202 3098
481 3099
405 3099
421 3099
361 3100
101 3100
243 3100
315 3101
248 3101
471 3102
158 3102
305 3102
156 3102
416 3103
380 3103
216 3103
460 3103
241 3103
283 3103
194 3104
26 3104
72 3104
487 3104
347 3105
249 3105
394 3105
487 3105
498 3105
422 3106
122 3106
16 3106
320 3107
73 3107
184 3107
457 3107
7 3108
341 3108
507 3108
98 3108
362 3108
261 3109
29 3109
485 3110
309 3110
449 3110
440 3110
303 3111
442 3111
164 3111
42 3111
348 3112
218 3112
54 3112
484 3112
389 3112
247 3112
99 3112
262 3112
127 3112
69 3112
462 3113
265 3113
476 3113
312 3113
264 3113
142 3113
398 3113
10 3114
378 3114
301 3114
387 3114
395 3114
158 3114
332 3114
57 3114
123 3115
127 3115
358 3116
249 3116
472 3116
109 3116
195 3117
427 3118
126 3118
395 3118
65 3118
450 3118
219 3118
162 3119
46 3119
31 3119
461 3119
172 3119
490 3120
421 3120
107 3120
212 3120
442 3120
94 3121
394 3121
63 3122
122 3122
45 3122
58 3122
414 3122
242 3122
402 3123
130 3123
310 3123
148 3124
55 3124
174 3124
190 3124
308 3124
57 3126
410 3126
25 3127
171 3127
15 3127
89 3127
138 3128
119 3128
31 3128
369 3128
193 3128
171 3128
149 3129
463 3129
385 3129
49 3129
99 3129
296 3130
242 3130
413 3130
506 3131
127 3131
136 3131
4 3131
19 3131
244 3131
321 3131
59 3132
196 3132
111 3132
263 3133
399 3134
212 3134
243 3134
179 3134
326 3134
247 3135
108 3135
401 3135
378 3136
254 3136
297 3137
214 3137
134 3137
30 3137
291 3137
489 3138
410 3138
77 3138
77 3138
468 3138
456 3139
280 3139
408 3139
401 3139
40 3139
263 3140
156 3140
242 3140
339 3140
61 3140
160 3141
101 3141
34 3141
504 3141
317 3141
205 3141
157 3141
506 3141
133 3142
172 3142
436 3142
342 3142
303 3143
393 3143
498 3143
218 3143
135 3143
85 3143
91 3144
326 3144
501 3145
40 3145
291 3145
97 3146
468 3146
17 3146
251 3147
131 3147
107 3148
49 3148
451 3148
280 3148
185 3149
355 3149
340 3149
341 3149
299 3150
223 3150
234 3150
126 3150
81 3150
280 3150
85 3150
2 3150
365 3151
169 3151
25 3151
123 3151
22 3151
245 3151
310 3152
177 3152
353 3152
441 3152
199 3152
277 3152
384 3152
499 3153
222 3153
492 3153
381 3153
87 3153
500 3153
296 3153
353 3154
158 3154
499 3155
37 3155
345 3155
377 3155
191 3155
99 3156
328 3156
445 3156
459 3156
165 3156
409 3156
426 3157
258 3157
281 3157
424 3157
454 3157
199 3157
193 3157
451 3157
33 3158
320 3158
280 3158
30 3158
126 3159
43 3159
48 3159
454 3160
444 3160
182 3161
482 3162
96 3162
82 3162
28 3163
431 3163
481 3163
366 3163
297 3163
482 3164
121 3164
317 3164
230 3165
258 3165
503 3166
180 3166
384 3167
495 3167
284 3167
43 3168
313 3169
73 3169
8 3169
210 3169
356 3170
48 3170
349 3170
121 3171
310 3171
19 3171
151 3171
102 3171
439 3172
170 3172
459 3172
116 3172
85 3173
171 3173
244 3173
267 3174
417 3174
128 3174
390 3174
360 3174
151 3175
399 3175
231 3176
156 3177
210 3177
22 3177
293 3177
318 3177
321 3178
84 3179
251 3179
144 3179
145 3180
447 3180
345 3180
125 3180
235 3180
199 3180
383 3181
468 3181
229 3181
172 3181
62 3181
443 3181
449 3183
302 3183
458 3183
228 3183
466 3184
228 3184
181 3184
161 3184
281 3184
253 3184
226 3185
489 3185
316 3186
504 3186
307 3186
391 3186
26 3186
429 3186
158 3187
229 3187
267 3187
311 3187
159 3187
452 3187
216 3188
247 3188
52 3188
197 3188
454 3189
3 3189
446 3189
60 3189
336 3189
437 3190
468 3191
292 3191
91 3191
210 3192
45 3192
408 3192
24 3192
39 3192
317 3192
364 3192
245 3192
61 3192
324 3193
163 3193
172 3193
403 3194
426 3194
126 3194
73 3194
417 3194
223 3194
336 3195
80 3195
263 3195
181 3195
462 3195
385 3195
116 3195
87 3195
203 3195
231 3196
7 3196
448 3196
83 3196
393 3196
319 3196
231 3196
8 3197
150 3197
250 3197
265 3197
138 3197
30 3198
178 3198
185 3198
306 3199
398 3199
143 3199
341 3199
316 3199
345 3199
189 3200
493 3200
115 3200
350 3200
435 3200
115 3200
445 3201
28 3201
327 3201
444 3201
362 3201
58 3202
161 3202
26 3202
244 3202
128 3202
312 3202
313 3202
399 3202
56 3203
64 3203
184 3203
118 3203
354 3203
51 3204
492 3204
486 3204
173 3204
118 3204
442 3204
327 3205
488 3206
162 3206
153 3206
331 3206
448 3206
437 3206
351 3207
202 3207
447 3207
446 3207
476 3207
87 3207
498 3208
78 3208
335 3208
1 3208
472 3208
182 3209
40 3209
130 3209
254 3210
0 3210
205 3210
254 3211
442 3211
105 3211
364 3211
285 3212
232 3212
97 3212
212 3212
128 3213
74 3213
237 3213
131 3213
79 3213
263 3213
312 3213
475 3213
339 3213
508 3214
448 3214
253 3214
505 3214
482 3214
306 3214
80 3214
313 3215
233 3215
143 3215
321 3215
328 3215
305 3216
195 3216
418 3216
432 3216
221 3216
228 3217
379 3217
470 3217
356 3217
469 3217
160 3217
469 3217
346 3218
219 3218
289 3218
63 3218
432 3218
68 3218
112 3219
244 3219
92 3220
400 3220
244 3220
87 3221
353 3221
253 3221
143 3221
451 3221
30 3221
507 3222
39 3222
207 3222
210 3222
172 3222
47 3223
317 3223
416 3223
236 3224
21 3224
118 3224
140 3224
293 3225
273 3225
78 3226
218 3226
120 3226
199 3226
399 3226
397 3227
425 3227
400 3227
102 3227
198 3227
61 3228
155 3228
133 3228
499 3228
234 3229
189 3229
82 3229
22 3229
26 3229
76 3229
295 3230
134 3230
64 3230
252 3231
253 3231
10 3231
237 3231
489 3231
167 3231
380 3231
303 3232
79 3232
234 3232
332 3232
113 3232
138 3233
249 3233
291 3233
227 3233
83 3233
309 3234
155 3234
93 3235
244 3235
296 3235
52 3236
255 3236
228 3236
356 3236
150 3237
64 3237
438 3237
356 3238
310 3238
288 3238
18 3238
409 3238
370 3238
347 3238
366 3238
374 3239
274 3239
55 3240
305 3240
253 3240
88 3240
291 3240
255 3241
152 3241
8 3241
334 3241
292 3242
359 3242
396 3242
379 3243
510 3243
261 3243
448 3243
303 3243
60 3243
336 3244
473 3244
427 3245
294 3245
182 3245
420 3245
221 3245
415 3246
142 3246
136 3246
86 3246
378 3246
78 3247
240 3247
403 3247
118 3247
255 3248
172 3248
206 3249
355 3249
158 3249
46 3249
117 3250
453 3250
408 3250
385 3250
300 3250
444 3250
319 3251
59 3251
121 3251
253 3251
85 3252
345 3252
441 3253
203 3253
364 3253
52 3253
497 3253
392 3253
349 3253
421 3253
153 3253
271 3254
416 3254
258 3254
146 3255
401 3255
36 3255
215 3256
301 3256
37 3257
390 3258
30 3258
178 3258
274 3258
37 3258
251 3258
164 3258
203 3258
274 3258
74 3259
39 3259
379 3259
436 3259
377 3260
345 3260
502 3260
73 3260
449 3261
496 3261
240 3261
361 3261
231 3261
487 3261
256 3261
335 3262
309 3262
250 3262
283 3262
295 3262
199 3262
434 3263
185 3264
65 3265
273 3265
241 3265
149 3265
87 3265
129 3266
129 3266
380 3266
207 3266
159 3266
426 3267
160 3267
198 3267
431 3267
10 3267
258 3267
307 3268
230 3268
261 3268
210 3268
234 3269
485 3269
262 3270
409 3270
53 3270
285 3270
58 3270
446 3270
22 3270
200 3271
91 3271
192 3271
159 3272
306 3272
337 3272
6 3272
408 3272
223 3272
318 3273
55 3273
162 3273
32 3273
470 3273
407 3273
252 3273
148 3273
387 3274
191 3274
172 3275
33 3275
301 3275
51 3275
504 3275
211 3276
345 3277
67 3278
200 3278
511 3278
16 3279
65 3279
19 3279
8 3279
296 3279
138 3279
100 3280
481 3280
474 3281
451 3281
240 3281
281 3281
239 3281
176 3281
340 3281
336 3281
402 3281
420 3282
336 3282
152 3283
415 3283
314 3283
161 3283
97 3283
366 3285
435 3285
348 3286
25 3286
198 3287
184 3287
430 3287
372 3288
303 3288
498 3288
331 3288
298 3288
265 3288
212 3289
52 3289
25 3289
314 3290
136 3290
208 3290
219 3290
404 3291
311 3291
319 3291
44 3291
167 3292
430 3293
57 3293
112 3293
269 3294
19 3294
54 3294
11 3294
397 3294
364 3294
14 3295
39 3295
275 3296
8 3296
439 3296
93 3296
39 3297
29 3297
294 3297
114 3298
203 3298
88 3298
257 3298
1 3298
456 3299
45 3299
430 3299
385 3299
132 3300
508 3300
45 3300
419 3300
430 3301
92 3301
11 3301
302 3301
502 3301
307 3302
371 3302
186 3302
244 3303
333 3303
506 3303
376 3303
441 3304
208 3304
45 3305
96 3305
276 3305
300 3306
460 3306
279 3306
297 3307
511 3307
417 3307
120 3307
221 3307
94 3308
234 3308
40 3308
368 3308
232 3308
183 3308
171 3308
382 3309
162 3309
451 3309
175 3310
178 3310
274 3310
343 3310
484 3310
331 3310
227 3311
492 3311
187 3312
311 3312
457 3312
510 3312
349 3313
80 3313
486 3313
183 3313
39 3313
291 3314
226 3314
22 3314
451 3315
239 3315
479 3315
345 3315
79 3316
321 3316
310 3316
294 3316
466 3317
109 3317
255 3317
395 3317
474 3318
207 3318
508 3318
253 3319
495 3319
382 3319
492 3319
356 3320
284 3320
503 3320
10 3320
100 3320
295 3320
426 3321
113 3321
59 3321
20 3321
451 3322
44 3322
417 3322
374 3322
429 3322
200 3322
130 3322
391 3323
252 3323
195 3323
457 3323
387 3324
166 3324
474 3324
486 3324
250 3325
309 3325
110 3325
89 3325
3 3326
92 3326
423 3326
368 3326
203 3327
341 3328
366 3328
0 3329
145 3329
457 3329
355 3329
461 3329
313 3329
208 3329
342 3330
331 3330
462 3330
153 3331
181 3331
243 3331
415 3331
460 3332
336 3332
323 3333
358 3333
41 3334
22 3334
320 3334
326 3335
476 3335
27 3335
331 3335
227 3336
363 3336
387 3336
134 3337
324 3338
275 3338
152 3338
182 3339
270 3340
423 3340
475 3341
7 3341
206 3342
278 3342
498 3342
273 3343
54 3343
57 3343
336 3343
164 3343
508 3343
203 3344
391 3344
77 3344
91 3345
413 3345
143 3346
510 3346
185 3346
400 3346
252 3346
179 3347
502 3347
168 3348
295 3348
150 3348
450 3348
492 3348
381 3348
509 3349
328 3349
244 3349
1 3349
179 3349
359 3349
57 3349
472 3350
311 3350
331 3350
248 3350
429 3351
102 3351
115 3351
477 3352
42 3352
464 3352
485 3352
388 3352
291 3353
63 3353
292 3354
247 3354
291 3355
495 3355
484 3355
302 3355
131 3356
176 3356
141 3356
88 3357
309 3357
84 3357
391 3357
2 3357
405 3358
193 3358
32 3359
325 3359
398 3359
123 3359
183 3359
412 3359
367 3359
440 3359
367 3359
386 3360
239 3360
493 3360
22 3360
501 3361
286 3361
152 3361
466 3361
30 3362
309 3362
368 3363
481 3363
347 3363
133 3363
213 3364
454 3364
472 3364
25 3364
45 3364
357 3365
332 3365
436 3366
412 3366
349 3366
220 3366
457 3366
411 3366
157 3367
6 3367
379 3367
313 3367
428 3367
455 3367
423 3368
118 3368
153 3368
495 3368
16 3368
293 3368
15 3369
20 3369
50 3369
289 3369
38 3369
363 3369
307 3370
240 3370
331 3370
351 3371
104 3371
209 3371
109 3371
286 3371
175 3371
392 3372
465 3372
291 3373
241 3373
380 3374
411 3374
481 3374
440 3374
495 3374
295 3375
427 3376
413 3376
96 3376
164 3376
407 3376
140 3376
352 3377
357 3377
147 3377
505 3378
20 3378
78 3378
466 3378
494 3378
56 3379
352 3379
157 3379
137 3379
508 3379
392 3379
159 3380
11 3380
37 3380
7 3380
207 3381
502 3381
171 3381
97 3382
248 3382
230 3382
343 3382
285 3382
39 3383
303 3383
463 3383
131 3383
60 3384
141 3384
19 3384
120 3384
34 3384
148 3385
207 3385
211 3385
67 3386
468 3386
177 3386
129 3387
264 3387
504 3387
306 3387
366 3387
196 3388
86 3388
442 3388
83 3388
277 3389
336 3389
481 3390
220 3390
47 3390
260 3390
60 3390
270 3390
395 3391
69 3391
135 3391
505 3392
314 3392
126 3392
388 3392
332 3392
46 3393
426 3393
201 3393
343 3393
71 3394
172 3394
113 3394
152 3395
450 3395
310 3395
340 3395
13 3395
361 3396
83 3396
213 3396
270 3396
468 3397
436 3397
212 3397
198 3397
313 3397
18 3397
272 3397
440 3398
482 3398
118 3398
64 3398
67 3398
75 3398
393 3398
162 3399
129 3399
226 3399
88 3399
489 3399
441 3399
279 3400
192 3400
43 3400
72 3400
91 3400
60 3400
311 3401
411 3401
480 3401
73 3401
488 3401
299 3402
107 3402
74 3403
238 3403
492 3403
140 3403
157 3404
43 3404
26 3405
147 3405
427 3407
140 3407
63 3407
347 3408
409 3408
31 3408
137 3408
381 3408
390 3408
225 3408
253 3408
123 3409
59 3409
354 3409
59 3409
41 3409
465 3410
12 3410
377 3410
248 3410
195 3410
166 3410
240 3410
267 3410
179 3410
377 3412
136 3412
206 3412
91 3412
264 3413
246 3413
59 3413
156 3413
374 3413
242 3414
370 3414
47 3414
330 3414
375 3414
462 3414
267 3414
80 3415
138 3416
497 3416
132 3416
77 3416
387 3416
460 3416
355 3416
120 3416
279 3417
352 3417
9 3418
41 3418
227 3419
399 3419
166 3420
157 3420
220 3420
217 3420
175 3420
237 3420
270 3421
73 3421
107 3421
375 3421
275 3422
443 3422
30 3422
342 3422
267 3423
97 3423
164 3423
162 3423
391 3424
311 3424
282 3424
471 3425
202 3425
453 3425
52 3425
97 3426
107 3427
125 3427
92 3427
489 3427
253 3427
59 3427
58 3427
395 3427
175 3428
406 3428
58 3429
211 3429
318 3430
441 3430
94 3430
78 3430
201 3431
69 3431
479 3431
35 3431
48 3432
131 3432
343 3432
434 3432
295 3432
176 3433
216 3433
183 3433
433 3433
227 3433
59 3433
215 3433
452 3434
327 3434
316 3435
156 3435
440 3435
468 3435
43 3435
62 3436
93 3436
451 3437
211 3438
284 3438
272 3438
190 3439
419 3439
149 3439
214 3440
319 3440
253 3441
389 3441
40 3441
81 3442
36 3442
311 3442
302 3442
54 3442
51 3442
356 3443
91 3443
322 3443
270 3443
13 3443
374 3444
480 3444
497 3445
77 3445
285 3445
491 3446
185 3446
271 3446
124 3446
96 3446
248 3446
476 3447
198 3447
25 3447
105 3447
371 3448
6 3448
323 3449
394 3449
32 3449
378 3450
254 3450
407 3450
226 3450
307 3450
424 3451
40 3451
395 3451
444 3451
449 3451
215 3451
417 3451
228 3451
482 3451
485 3452
338 3453
476 3454
246 3454
38 3454
170 3454
67 3454
511 3454
356 3454
371 3455
450 3455
14 3455
477 3455
281 3455
37 3455
425 3456
189 3456
194 3457
161 3457
301 3457
200 3457
311 3457
92 3458
393 3458
219 3458
421 3458
104 3458
39 3458
355 3459
17 3459
134 3459
217 3459
488 3459
20 3460
392 3460
511 3460
476 3460
473 3460
25 3461
505 3461
402 3461
424 3461
327 3462
198 3462
461 3462
171 3462
99 3462
192 3462
125 3463
128 3463
337 3463
372 3463
104 3463
91 3463
506 3463
315 3464
442 3464
48 3464
250 3464
459 3464
7 3464
21 3465
159 3465
412 3465
456 3467
300 3467
129 3467
108 3467
234 3467
63 3467
306 3468
217 3468
87 3469
63 3469
188 3469
484 3469
450 3469
88 3469
449 3469
281 3470
244 3470
467 3470
19 3470
500 3470
251 3471
247 3471
316 3471
302 3471
34 3472
226 3472
235 3472
294 3472
209 3472
66 3473
209 3473
310 3473
285 3473
31 3474
264 3475
461 3475
33 3475
302 3475
53 3475
19 3475
85 3475
303 3475
148 3475
388 3475
270 3476
181 3476
218 3476
404 3476
32 3476
474 3476
2 3477
402 3477
82 3477
130 3477
308 3477
11 3477
87 3477
389 3477
320 3477
121 3478
219 3478
226 3478
390 3478
159 3478
40 3478
148 3479
145 3479
10 3479
432 3479
217 3480
55 3480
453 3481
15 3481
186 3481
369 3481
368 3482
410 3482
403 3482
493 3482
473 3482
505 3483
501 3484
213 3484
197 3484
370 3486
488 3486
325 3486
438 3486
338 3486
9 3487
301 3487
323 3487
12 3487
71 3487
431 3487
345 3487
119 3488
310 3488
388 3488
20 3489
209 3489
179 3490
383 3490
66 3491
371 3491
460 3491
106 3491
44 3491
30 3491
326 3491
420 3491
114 3491
111 3492
328 3492
201 3492
116 3492
195 3492
307 3493
270 3493
338 3493
392 3493
311 3493
440 3493
444 3494
464 3494
431 3494
269 3494
301 3494
394 3495
135 3495
106 3495
342 3495
56 3495
470 3496
420 3496
142 3496
69 3496
63 3496
128 3496
111 3497
439 3497
374 3497
276 3497
93 3497
184 3497
288 3497
58 3497
292 3497
118 3498
225 3498
112 3498
205 3498
288 3499
198 3499
112 3499
254 3499
40 3499
435 3500
49 3500
405 3501
128 3501
123 3501
337 3501
356 3502
4 3503
341 3503
274 3504
53 3504
421 3504
162 3504
186 3504
388 3504
399 3504
305 3504
223 3504
475 3504
376 3505
149 3505
147 3505
400 3505
44 3506
289 3506
482 3506
289 3506
102 3507
174 3507
509 3507
252 3507
334 3508
221 3508
293 3508
360 3509
100 3509
413 3509
276 3509
249 3509
89 3509
57 3509
220 3509
199 3510
327 3510
281 3510
17 3510
379 3511
121 3511
168 3511
502 3511
146 3511
380 3512
371 3512
328 3512
137 3512
13 3512
129 3513
298 3513
361 3514
413 3514
140 3514
298 3514
277 3514
296 3514
53 3515
131 3515
179 3515
216 3516
414 3516
147 3516
36 3517
224 3517
125 3517
402 3517
500 3517
216 3517
55 3517
336 3517
192 3518
166 3518
327 3518
188 3518
312 3519
380 3519
101 3519
415 3519
277 3520
154 3520
64 3520
212 3520
240 3521
279 3522
249 3522
254 3522
319 3522
181 3523
330 3523
45 3523
322 3523
463 3524
442 3524
255 3524
463 3524
428 3524
354 3525
245 3525
172 3525
454 3525
443 3525
56 3526
279 3526
117 3526
476 3527
233 3527
466 3527
420 3528
82 3528
375 3528
174 3528
223 3528
146 3528
374 3528
322 3529
251 3529
314 3529
351 3529
301 3529
419 3530
23 3530
358 3530
148 3531
450 3531
113 3531
283 3531
292 3531
376 3531
484 3531
511 3532
66 3533
383 3533
271 3534
335 3535
331 3535
256 3535
371 3535
235 3535
510 3535
116 3536
294 3536
464 3536
203 3536
5 3536
360 3537
392 3537
61 3537
410 3537
84 3537
124 3537
70 3538
329 3538
424 3538
441 3538
169 3538
120 3539
140 3539
239 3539
200 3539
391 3539
445 3539
340 3540
101 3540
158 3540
271 3540
115 3540
207 3541
5 3541
314 3542
111 3542
72 3543
216 3543
348 3544
130 3544
1 3544
39 3544
83 3544
337 3544
173 3545
344 3545
387 3545
254 3546
34 3546
407 3547
154 3547
321 3547
148 3547
293 3547
300 3548
272 3548
388 3549
250 3549
140 3549
89 3549
357 3550
214 3550
300 3551
70 3551
177 3551
369 3551
83 3552
166 3552
139 3552
440 3552
177 3552
268 3553
107 3554
258 3554
275 3554
184 3554
88 3554
193 3555
329 3555
123 3555
245 3555
417 3555
189 3556
248 3556
340 3556
1 3557
45 3557
214 3557
67 3557
345 3557
316 3557
47 3558
355 3558
43 3558
87 3558
267 3559
260 3559
180 3559
194 3559
312 3559
446 3559
233 3559
384 3560
428 3560
249 3560
49 3560
165 3560
349 3560
149 3560
366 3561
37 3561
8 3561
210 3561
94 3561
232 3561
215 3562
57 3562
468 3562
355 3562
323 3563
299 3563
378 3563
363 3563
116 3563
288 3563
380 3563
268 3564
384 3564
355 3564
217 3565
383 3565
183 3565
0 3565
253 3566
497 3566
86 3566
191 3566
331 3566
37 3566
426 3567
197 3567
457 3568
272 3568
185 3568
29 3568
251 3569
325 3570
360 3570
222 3572
201 3572
282 3573
419 3573
204 3573
197 3573
324 3573
228 3574
6 3574
23 3574
326 3574
3 3574
116 3574
281 3575
138 3575
382 3575
107 3576
70 3576
362 3576
146 3576
212 3577
468 3577
167 3577
4 3577
452 3577
227 3577
181 3577
121 3578
139 3578
317 3579
85 3580
67 3580
68 3580
193 3580
269 3580
370 3580
324 3581
59 3581
70 3582
54 3582
464 3582
248 3582
131 3583
125 3583
4 3583
408 3583
1 3583
256 3584
345 3584
77 3584
143 3585
399 3585
501 3586
1 3586
139 3586
241 3587
167 3587
384 3587
229 3587
143 3587
215 3587
28 3587
202 3588
195 3588
469 3588
449 3588
18 3589
431 3589
364 3589
379 3589
27 3590
309 3590
311 3590
344 3590
208 3590
263 3590
219 3590
511 3590
362 3591
204 3592
213 3592
142 3592
144 3592
465 3593
187 3593
296 3593
289 3593
5 3594
114 3594
288 3595
347 3595
184 3595
505 3595
152 3596
490 3596
164 3596
282 3596
243 3596
63 3596
162 3597
172 3597
240 3597
144 3598
377 3598
73 3598
408 3598
29 3599
240 3599
415 3599
212 3599
207 3599
125 3601
432 3601
290 3601
451 3601
79 3602
52 3602
294 3602
127 3603
231 3603
240 3603
351 3603
315 3604
178 3604
200 3605
249 3605
68 3606
262 3606
378 3606
102 3606
300 3607
30 3607
185 3607
361 3608
384 3608
498 3608
73 3608
237 3609
80 3609
311 3609
252 3609
317 3609
113 3610
213 3610
326 3610
474 3610
184 3611
306 3611
267 3612
41 3612
32 3613
410 3613
166 3613
470 3614
203 3614
426 3614
70 3614
5 3614
149 3614
317 3614
124 3614
196 3614
76 3614
91 3615
283 3615
456 3615
46 3615
353 3616
260 3616
413 3616
416 3616
455 3617
426 3617
315 3617
406 3617
48 3617
34 3617
331 3618
63 3618
478 3619
221 3619
56 3619
332 3619
389 3620
497 3620
225 3620
154 3620
45 3620
21 3621
398 3621
49 3622
406 3622
153 3622
185 3622
354 3622
170 3622
456 3623
373 3623
357 3623
402 3623
309 3623
46 3623
90 3623
12 3623
241 3623
332 3624
46 3624
315 3624
421 3624
261 3625
315 3625
428 3625
479 3626
121 3626
128 3626
428 3626
315 3627
220 3627
116 3627
229 3627
62 3627
241 3628
505 3628
222 3628
100 3629
449 3629
442 3629
165 3630
370 3630
244 3630
261 3630
441 3631
256 3631
272 3631
351 3631
417 3631
253 3632
62 3632
202 3632
296 3632
356 3632
151 3632
359 3633
337 3633
57 3634
39 3634
509 3634
444 3634
135 3635
444 3635
16 3636
308 3636
98 3636
237 3637
32 3637
197 3637
450 3638
147 3638
0 3639
466 3639
487 3639
38 3640
318 3640
429 3640
7 3640
418 3640
320 3640
437 3640
328 3641
80 3641
492 3641
69 3641
269 3641
191 3641
306 3641
145 3642
452 3642
427 3642
256 3643
331 3643
169 3643
463 3643
412 3643
185 3643
323 3643
170 3643
446 3643
434 3644
198 3644
48 3644
23 3645
313 3645
105 3645
237 3645
13 3645
510 3646
306 3646
207 3646
103 3646
300 3646
48 3646
271 3647
267 3647
117 3647
135 3647
292 3647
362 3648
290 3648
138 3648
317 3648
378 3648
123 3648
19 3649
121 3649
270 3649
289 3649
291 3649
291 3649
250 3649
144 3650
434 3650
211 3650
361 3650
359 3651
75 3651
289 3651
162 3652
341 3652
308 3652
234 3652
227 3652
455 3652
300 3653
245 3653
94 3653
37 3653
439 3653
426 3654
23 3654
60 3654
404 3654
400 3655
236 3655
315 3655
133 3655
486 3655
182 3656
417 3656
406 3656
345 3656
262 3657
346 3657
115 3657
88 3657
185 3657
451 3657
351 3657
64 3658
501 3658
306 3658
373 3658
334 3658
287 3658
102 3658
130 3658
304 3659
198 3659
320 3659
27 3660
265 3660
255 3660
490 3661
327 3661
392 3661
497 3662
374 3662
451 3662
137 3663
505 3663
10 3663
423 3663
367 3664
314 3664
497 3664
25 3664
328 3665
255 3665
414 3665
356 3665
354 3665
381 3666
261 3666
303 3666
69 3666
181 3666
462 3666
405 3667
67 3667
260 3668
186 3668
76 3668
66 3669
300 3669
447 3669
344 3670
396 3670
170 3670
358 3670
22 3671
249 3671
142 3671
448 3671
244 3671
428 3671
83 3672
66 3672
286 3672
256 3672
384 3672
196 3672
266 3673
103 3673
85 3673
62 3673
455 3674
324 3674
232 3675
64 3675
247 3675
250 3676
328 3676
251 3676
151 3676
409 3676
401 3676
447 3677
439 3677
98 3677
56 3677
153 3677
304 3678
304 3678
375 3678
208 3679
452 3679
394 3679
321 3680
357 3680
424 3680
121 3681
359 3681
253 3681
424 3681
306 3681
338 3681
283 3681
148 3681
402 3681
271 3682
38 3682
244 3682
38 3682
335 3683
161 3683
229 3683
332 3683
31 3684
391 3685
130 3685
502 3685
266 3686
327 3687
406 3687
443 3687
393 3687
430 3687
273 3687
50 3688
479 3688
259 3688
46 3689
30 3690
499 3690
430 3690
123 3690
253 3690
3 3690
13 3690
379 3691
340 3691
473 3691
507 3691
423 3692
490 3692
3 3692
506 3692
410 3693
33 3693
149 3694
19 3695
162 3695
314 3696
227 3696
420 3696
443 3696
312 3696
241 3696
457 3697
430 3697
119 3697
459 3697
318 3697
503 3698
491 3698
151 3698
485 3698
333 3699
242 3699
366 3699
73 3699
173 3700
400 3700
347 3700
162 3700
378 3700
420 3701
480 3701
210 3701
238 3701
301 3701
9 3702
7 3702
503 3702
353 3703
242 3703
307 3703
419 3704
137 3704
391 3704
53 3704
372 3704
172 3705
342 3705
365 3706
218 3706
131 3707
141 3707
141 3707
114 3708
501 3708
380 3709
291 3709
74 3709
379 3710
469 3710
93 3710
351 3710
362 3711
220 3711
40 3712
430 3712
210 3712
327 3712
446 3712
122 3712
119 3712
436 3713
121 3713
402 3713
373 3713
32 3713
339 3714
246 3714
502 3714
128 3714
437 3715
462 3715
157 3715
342 3715
233 3715
163 3716
284 3716
147 3717
375 3717
146 3717
187 3718
288 3718
341 3718
330 3718
254 3718
36 3719
387 3719
318 3719
314 3719
242 3719
76 3719
232 3720
143 3720
159 3721
368 3722
8 3722
5 3723
477 3724
500 3724
290 3724
365 3724
142 3725
197 3726
483 3726
189 3726
1 3726
426 3726
277 3726
106 3726
259 3726
405 3726
251 3727
481 3727
97 3727
502 3727
289 3727
498 3727
93 3727
189 3727
210 3727
439 3727
236 3728
468 3728
89 3729
202 3730
193 3730
167 3730
82 3730
40 3731
158 3731
348 3732
321 3732
289 3732
212 3732
120 3732
189 3732
2 3733
55 3733
166 3733
177 3733
202 3733
115 3733
188 3734
382 3734
466 3734
299 3734
1 3734
170 3735
400 3735
89 3735
117 3736
454 3736
133 3736
94 3737
112 3737
57 3737
285 3737
123 3737
474 3737
238 3737
215 3738
249 3738
215 3738
393 3738
85 3739
81 3739
417 3739
132 3739
447 3740
367 3740
179 3740
33 3741
499 3741
247 3741
267 3742
30 3742
389 3742
86 3742
371 3742
10 3742
123 3743
383 3743
332 3743
349 3744
469 3744
370 3744
109 3744
324 3745
114 3745
173 3745
115 3745
433 3745
42 3746
158 3746
74 3746
188 3746
172 3746
253 3746
197 3746
227 3746
112 3747
432 3748
272 3748
388 3748
128 3748
91 3748
366 3749
88 3749
233 3749
103 3750
324 3750
92 3750
382 3750
18 3750
339 3751
439 3751
128 3751
143 3751
51 3751
102 3751
196 3751
111 3751
156 3752
235 3752
251 3752
447 3752
500 3752
264 3753
40 3753
442 3753
490 3753
492 3754
42 3754
379 3754
91 3754
313 3754
422 3755
429 3755
393 3755
263 3755
323 3755
70 3755
343 3756
303 3756
112 3756
168 3756
371 3756
427 3756
290 3756
100 3756
343 3757
33 3757
475 3757
331 3757
169 3757
304 3757
336 3757
279 3758
494 3758
485 3758
254 3758
61 3759
94 3759
367 3759
221 3759
321 3759
466 3759
107 3759
253 3759
304 3759
481 3760
253 3760
33 3760
230 3760
141 3761
29 3761
305 3761
437 3761
258 3762
60 3762
341 3763
311 3763
126 3763
36 3763
97 3763
299 3764
274 3764
246 3764
315 3764
385 3764
285 3764
183 3765
128 3765
445 3765
274 3766
61 3766
168 3766
91 3766
502 3767
154 3767
78 3767
459 3767
445 3767
194 3767
82 3768
151 3768
436 3769
218 3769
334 3769
328 3769
256 3769
124 3769
263 3769
266 3770
430 3770
250 3770
122 3770
304 3770
57 3770
0 3771
273 3771
266 3771
336 3773
91 3773
0 3773
393 3773
194 3773
174 3774
1 3774
435 3774
93 3775
146 3775
355 3775
366 3775
302 3775
59 3776
65 3777
343 3777
227 3777
374 3778
433 3778
218 3778
248 3778
134 3778
104 3779
294 3779
109 3779
75 3780
154 3780
162 3780
180 3780
10 3780
508 3780
415 3780
295 3781
191 3781
163 3781
207 3781
241 3781
370 3781
389 3781
343 3781
317 3782
103 3782
9 3782
400 3782
124 3782
227 3783
360 3784
334 3784
112 3784
427 3784
282 3785
9 3785
266 3785
478 3785
108 3786
252 3786
381 3786
306 3787
390 3787
207 3787
20 3787
208 3787
499 3787
77 3788
421 3788
505 3789
417 3789
318 3789
42 3789
11 3789
158 3789
379 3789
46 3790
5 3790
299 3790
398 3790
66 3791
336 3791
268 3791
253 3791
402 3791
7 3791
72 3791
194 3792
351 3792
249 3793
7 3793
219 3793
384 3793
16 3794
138 3794
154 3794
303 3794
258 3794
502 3795
260 3795
10 3795
138 3795
353 3796
373 3796
74 3796
180 3796
338 3796
41 3797
9 3797
50 3797
98 3797
224 3797
399 3797
416 3797
374 3797
146 3797
422 3798
494 3798
494 3798
269 3799
348 3799
37 3799
307 3800
291 3800
418 3801
473 3801
329 3801
54 3801
41 3801
224 3801
354 3801
87 3801
220 3801
395 3801
134 3801
233 3802
1 3802
457 3802
72 3802
438 3802
377 3803
93 3803
1 3803
26 3803
376 3804
508 3804
28 3804
221 3805
138 3805
112 3805
123 3806
373 3806
111 3806
437 3806
293 3807
160 3807
342 3807
358 3807
353 3807
322 3808
366 3808
253 3808
463 3808
392 3809
202 3809
258 3810
158 3810
176 3810
0 3810
8 3810
0 3810
495 3810
56 3810
473 3811
357 3811
360 3812
411 3812
440 3812
140 3812
189 3812
125 3812
354 3813
134 3813
58 3813
174 3814
460 3814
40 3814
173 3814
213 3815
267 3815
144 3816
432 3816
470 3816
137 3816
449 3817
102 3817
385 3817
473 3817
166 3817
403 3817
273 3818
459 3818
287 3818
246 3819
295 3819
108 3819
445 3819
348 3820
352 3820
83 3820
428 3820
460 3821
155 3821
114 3821
479 3821
146 3822
315 3822
378 3822
25 3822
79 3822
16 3823
217 3823
38 3823
74 3823
290 3824
337 3824
256 3824
485 3824
304 3824
34 3824
461 3825
346 3825
358 3825
150 3825
500 3825
499 3826
509 3827
374 3827
53 3827
73 3828
363 3828
211 3828
362 3828
231 3829
143 3829
438 3829
94 3829
77 3830
280 3830
336 3830
128 3830
183 3831
431 3831
231 3831
250 3831
448 3832
105 3832
267 3832
40 3833
4 3833
418 3833
461 3833
312 3833
400 3834
65 3834
145 3834
184 3834
315 3834
129 3834
276 3835
340 3835
379 3836
501 3836
408 3836
146 3836
289 3836
420 3836
358 3836
499 3837
20 3838
116 3838
186 3838
49 3839
191 3839
471 3839
206 3839
94 3839
410 3840
236 3840
320 3840
299 3840
14 3840
267 3840
44 3840
476 3841
259 3842
214 3842
87 3842
13 3843
329 3843
487 3843
392 3844
505 3844
371 3844
83 3844
31 3844
178 3844
20 3845
447 3845
501 3845
319 3845
240 3845
344 3845
82 3846
132 3846
5 3846
39 3847
306 3847
250 3847
502 3847
511 3847
482 3848
118 3848
74 3848
353 3848
511 3848
311 3848
327 3849
112 3849
7 3849
153 3849
394 3850
112 3850
209 3850
22 3850
33 3850
419 3850
399 3851
111 3851
212 3851
71 3851
505 3851
190 3851
503 3852
283 3852
263 3852
65 3853
87 3854
193 3854
134 3854
103 3854
70 3854
332 3854
31 3855
194 3855
100 3855
198 3855
170 3855
130 3855
316 3855
314 3855
330 3855
280 3856
238 3856
394 3857
407 3857
475 3857
166 3857
474 3858
14 3858
485 3858
33 3858
233 3858
431 3859
404 3859
323 3859
164 3860
404 3860
33 3860
281 3860
355 3861
115 3861
139 3861
46 3861
59 3861
296 3861
53 3861
212 3861
111 3862
8 3862
71 3862
137 3862
385 3863
416 3863
155 3864
394 3864
8 3864
348 3865
107 3865
443 3865
346 3865
52 3865
150 3865
91 3865
127 3866
439 3866
341 3866
2 3866
363 3867
32 3867
332 3867
360 3868
495 3868
271 3869
64 3870
205 3870
322 3870
226 3870
72 3870
280 3870
134 3870
389 3871
421 3871
362 3872
237 3872
495 3872
203 3873
138 3873
55 3873
89 3873
356 3873
432 3874
505 3874
391 3874
288 3874
485 3874
452 3875
367 3875
449 3875
169 3875
425 3876
378 3876
13 3876
280 3877
114 3877
461 3877
146 3877
428 3877
255 3878
25 3878
69 3878
110 3878
456 3879
227 3879
22 3879
391 3879
456 3879
471 3879
130 3880
341 3880
427 3880
347 3880
444 3880
146 3880
318 3881
454 3881
73 3881
453 3882
347 3882
309 3882
372 3882
273 3883
399 3883
429 3883
109 3883
169 3883
238 3883
328 3884
112 3884
399 3884
142 3885
459 3885
34 3885
303 3886
206 3886
194 3886
350 3886
413 3886
350 3886
193 3886
247 3886
252 3887
298 3887
462 3887
11 3887
238 3887
111 3888
154 3888
337 3888
172 3889
258 3889
7 3889
385 3889
318 3890
192 3890
165 3890
158 3890
172 3891
479 3891
73 3892
1 3892
151 3893
439 3894
401 3894
473 3894
14 3894
150 3894
177 3895
388 3895
127 3895
152 3895
175 3895
385 3896
334 3896
348 3896
420 3896
212 3896
302 3897
366 3897
132 3897
146 3897
452 3897
225 3897
322 3897
406 3898
359 3898
488 3898
452 3898
247 3898
149 3898
190 3899
282 3899
343 3899
460 3899
254 3899
225 3899
99 3900
438 3900
236 3900
258 3901
25 3901
424 3901
320 3901
467 3901
469 3902
125 3902
297 3903
16 3903
315 3903
511 3903
5 3904
103 3905
277 3905
180 3906
24 3906
158 3906
422 3906
34 3907
432 3907
214 3907
198 3907
453 3908
267 3908
56 3908
338 3909
401 3909
307 3909
122 3909
39 3909
322 3910
232 3910
197 3910
509 3911
184 3911
331 3911
64 3911
285 3911
42 3912
24 3912
384 3912
46 3912
167 3912
369 3912
33 3912
102 3912
41 3913
24 3913
308 3913
453 3913
369 3913
273 3914
42 3914
248 3914
354 3915
425 3915
221 3915
393 3915
136 3915
136 3916
442 3916
419 3916
367 3916
366 3917
98 3917
117 3917
482 3917
363 3917
164 3917
10 3918
451 3918
265 3918
9 3918
39 3919
414 3919
81 3919
208 3919
450 3920
480 3920
372 3920
15 3920
282 3920
259 3920
269 3921
310 3921
32 3921
135 3921
9 3921
86 3922
507 3922
9 3922
117 3922
465 3922
119 3922
334 3922
300 3922
338 3922
28 3922
201 3923
494 3923
456 3923
441 3923
482 3923
215 3924
308 3924
159 3925
442 3925
240 3925
112 3925
159 3926
493 3926
259 3926
164 3926
497 3927
425 3927
492 3927
388 3928
71 3928
48 3928
390 3928
66 3928
179 3929
185 3929
222 3930
244 3930
493 3930
308 3930
97 3930
231 3931
356 3931
290 3932
321 3932
266 3932
383 3932
311 3933
14 3933
132 3934
46 3934
73 3934
2 3934
175 3934
293 3934
120 3934
351 3934
151 3934
234 3934
84 3934
111 3935
108 3935
120 3935
223 3935
480 3935
439 3935
500 3935
166 3936
181 3936
126 3936
276 3936
380 3937
183 3937
477 3937
396 3937
480 3937
8 3937
243 3938
389 3938
191 3938
500 3938
262 3939
328 3939
109 3939
72 3939
389 3940
24 3940
2 3940
259 3940
472 3941
115 3941
335 3942
334 3943
418 3943
466 3944
36 3944
16 3944
409 3944
104 3944
313 3944
63 3944
473 3944
490 3945
440 3945
75 3946
149 3946
442 3946
494 3946
274 3947
182 3947
24 3947
56 3948
355 3948
113 3948
102 3948
157 3949
7 3949
69 3949
362 3949
39 3950
485 3951
54 3951
243 3951
424 3951
67 3951
256 3952
330 3952
87 3952
311 3952
29 3953
340 3953
461 3953
254 3954
232 3954
314 3954
253 3955
315 3955
325 3955
207 3955
329 3955
77 3957
58 3957
494 3958
460 3958
44 3958
70 3958
107 3959
224 3959
203 3959
101 3959
50 3959
148 3959
440 3959
496 3960
272 3960
157 3960
120 3960
290 3961
448 3961
192 3962
337 3963
56 3963
404 3963
184 3963
133 3964
10 3964
167 3964
492 3964
20 3964
204 3964
409 3964
76 3965
15 3965
422 3965
18 3965
309 3965
225 3965
460 3965
329 3965
160 3966
29 3966
135 3967
481 3967
329 3967
86 3967
47 3967
239 3967
479 3967
260 3967
230 3967
245 3967
394 3968
295 3968
184 3968
341 3968
23 3969
218 3969
161 3970
297 3970
443 3970
220 3970
325 3970
339 3970
403 3970
498 3971
229 3971
254 3971
341 3971
350 3971
110 3971
199 3972
289 3972
53 3972
150 3972
63 3972
83 3973
317 3973
171 3973
358 3973
237 3973
338 3974
109 3974
53 3974
333 3974
287 3975
375 3975
182 3975
64 3975
355 3976
115 3976
291 3976
180 3976
239 3977
177 3977
496 3977
412 3977
398 3977
390 3978
384 3978
167 3978
227 3978
181 3978
108 3978
14 3979
486 3979
360 3979
403 3979
153 3979
105 3979
11 3980
68 3980
313 3980
103 3980
334 3980
248 3980
204 3980
475 3980
284 3981
451 3981
362 3981
267 3981
469 3982
393 3982
282 3982
303 3983
448 3984
254 3984
311 3984
479 3984
437 3984
377 3984
34 3985
132 3986
128 3986
234 3986
304 3986
145 3987
94 3987
28 3987
281 3988
257 3988
485 3988
498 3988
107 3988
98 3988
242 3988
8 3988
492 3989
177 3989
120 3989
456 3989
35 3989
503 3989
362 3989
5 3989
164 3990
343 3990
497 3991
144 3991
82 3991
207 3991
40 3991
29 3991
381 3992
154 3992
399 3992
438 3993
43 3993
143 3994
431 3994
363 3994
23 3994
251 3995
271 3996
452 3996
494 3996
294 3997
339 3997
24 3998
248 3998
288 3998
406 3999
457 3999
50 3999
474 4000
358 4000
440 4000
129 4000
110 4000
375 4001
165 4001
354 4001
10 4001
10 4001
480 4001
211 4002
4 4002
481 4002
438 4003
204 4003
279 4003
220 4003
207 4004
303 4004
141 4004
48 4004
29 4004
184 4005
306 4006
123 4006
149 4006
129 4006
258 4006
115 4006
203 4006
26 4006
252 4007
278 4008
376 4008
197 4008
394 4008
112 4008
374 4008
277 4008
352 4009
340 4009
284 4009
145 4009
248 4009
473 4009
413 4010
468 4010
433 4010
212 4010
25 4011
387 4011
355 4011
457 4011
34 4011
35 4011
309 4011
210 4011
129 4012
405 4013
130 4013
272 4013
334 4013
373 4013
163 4013
259 4013
345 4014
36 4014
423 4014
179 4015
31 4015
300 4015
161 4015
212 4016
153 4016
169 4016
73 4017
397 4017
23 4017
200 4017
303 4018
479 4018
247 4018
20 4019
43 4019
262 4019
243 4019
217 4019
197 4019
207 4019
306 4019
23 4019
301 4020
0 4020
400 4021
316 4021
300 4021
43 4021
285 4021
448 4021
189 4021
430 4022
176 4022
340 4022
127 4022
145 4022
154 4022
105 4024
368 4024
134 4024
191 4024
477 4024
52 4024
122 4025
353 4025
32 4025
342 4026
323 4026
232 4026
60 4027
111 4027
211 4027
493 4027
62 4028
456 4028
266 4028
264 4028
134 4029
506 4029
137 4029
343 4029
40 4029
138 4029
440 4030
391 4030
358 4030
67 4030
288 4030
26 4030
478 4031
331 4031
55 4031
333 4032
35 4032
200 4032
477 4032
435 4032
211 4032
11 4033
70 4033
173 4033
145 4033
311 4034
163 4034
272 4034
14 4035
35 4035
286 4035
56 4035
464 4036
333 4036
366 4036
192 4036
230 4036
76 4036
107 4036
75 4037
140 4037
69 4037
13 4037
117 4037
27 4039
52 4039
172 4040
47 4040
4 4041
153 4041
509 4041
409 4042
218 4042
381 4042
317 4043
31 4043
200 4043
471 4044
220 4044
300 4044
234 4045
38 4045
122 4045
31 4045
119 4046
476 4046
120 4047
77 4047
316 4047
349 4047
176 4048
63 4048
68 4048
70 4048
486 4048
358 4048
202 4049
120 4049
127 4049
412 4050
163 4050
103 4050
355 4050
3 4051
275 4051
450 4051
346 4051
340 4051
288 4052
178 4052
174 4053
338 4053
449 4053
448 4053
354 4053
115 4053
353 4054
94 4054
393 4054
398 4054
143 4055
509 4055
309 4055
442 4055
407 4055
491 4055
159 4056
218 4056
144 4056
385 4056
257 4057
471 4057
43 4057
300 4057
229 4058
27 4059
251 4059
225 4059
32 4060
415 4060
221 4060
335 4061
59 4061
21 4061
191 4061
503 4062
114 4062
420 4063
342 4063
310 4063
419 4064
31 4065
144 4065
293 4066
19 4066
403 4066
407 4066
399 4066
349 4066
312 4067
34 4067
220 4067
30 4067
303 4068
305 4068
174 4068
486 4070
234 4070
130 4071
266 4071
329 4071
66 4071
31 4071
466 4071
433 4072
446 4072
275 4072
178 4072
38 4072
16 4072
270 4073
303 4073
470 4073
427 4073
12 4074
235 4074
39 4075
421 4075
476 4075
420 4075
204 4075
82 4075
351 4075
135 4075
168 4076
327 4076
421 4076
225 4076
65 4076
352 4076
224 4076
361 4077
416 4077
36 4078
124 4078
509 4078
30 4078
259 4078
367 4078
116 4079
88 4079
423 4079
358 4080
321 4080
143 4080
252 4080
80 4080
147 4080
30 4080
134 4080
382 4080
357 4081
422 4081
506 4081
438 4081
121 4082
439 4082
1 4082
452 4083
44 4083
222 4083
282 4083
424 4083
381 4083
414 4084
363 4084
475 4084
199 4085
179 4085
79 4086
308 4086
340 4086
66 4086
59 4087
91 4087
263 4087
39 4087
157 4087
133 4087
307 4088
270 4088
447 4088
366 4088
363 4089
49 4089
485 4089
17 4090
343 4090
185 4091
502 4091
35 4091
84 4091
179 4092
289 4092
491 4092
29 4093
448 4093
488 4093
217 4093
257 4094
309 4094
246 4095
414 4095
215 4095
195 4095
474 4096
392 4096
31 4097
382 4097
18 4097
378 4097
390 4098
376 4098
386 4098
12 4098
112 4098
412 4099
73 4099
427 4099
484 4100
301 4100
138 4100
338 4100
237 4101
60 4101
301 4101
351 4101
365 4101
412 4102
245 4102
358 4103
233 4103
487 4104
41 4104
8 4104
168 4105
21 4105
340 4105
379 4106
507 4106
500 4107
28 4107
50 4108
176 4108
140 4108
490 4108
14 4108
239 4108
253 4108
167 4109
89 4109
131 4109
125 4109
352 4109
29 4109
382 4110
177 4110
429 4110
323 4110
77 4110
182 4111
469 4111
344 4111
196 4111
116 4111
20 4111
96 4111
199 4112
112 4112
155 4112
4 4113
396 4113
9 4113
219 4114
488 4114
188 4114
279 4115
420 4116
494 4116
112 4116
56 4117
193 4117
404 4117
401 4117
426 4117
186 4118
251 4118
45 4118
329 4118
436 4118
37 4119
60 4119
80 4119
6 4119
403 4119
460 4120
404 4121
419 4121
339 4121
12 4121
482 4121
172 4121
50 4122
423 4122
220 4122
314 4123
124 4123
330 4123
183 4123
190 4123
378 4124
318 4124
450 4124
337 4124
217 4124
127 4125
350 4125
86 4125
337 4126
444 4126
303 4126
330 4126
487 4126
370 4126
8 4127
219 4127
33 4127
361 4127
96 4127
149 4127
47 4128
286 4128
340 4129
60 4129
199 4129
360 4130
281 4130
276 4131
412 4131
256 4132
240 4132
183 4132
462 4132
415 4133
506 4133
407 4133
404 4133
351 4133
287 4133
60 4134
135 4135
328 4135
210 4135
20 4135
240 4135
475 4136
272 4136
306 4136
464 4136
70 4137
508 4137
151 4137
53 4137
481 4138
269 4138
473 4138
93 4138
488 4138
435 4139
453 4139
395 4139
156 4139
71 4139
251 4140
371 4140
202 4140
49 4140
330 4140
322 4141
262 4141
328 4141
182 4141
65 4141
174 4142
386 4142
238 4142
444 4143
474 4143
336 4143
66 4143
399 4144
328 4144
211 4144
104 4144
394 4145
404 4145
62 4146
36 4146
428 4146
306 4147
114 4147
368 4147
335 4147
451 4147
319 4147
92 4147
291 4147
180 4148
440 4148
47 4148
141 4148
69 4149
488 4149
54 4149
363 4149
418 4149
470 4150
207 4150
202 4151
128 4151
103 4151
240 4151
400 4151
299 4151
363 4152
441 4152
93 4153
169 4153
118 4153
412 4153
447 4154
431 4154
139 4154
95 4154
141 4154
5 4154
497 4154
393 4155
299 4155
225 4155
285 4155
246 4156
132 4156
457 4156
135 4156
194 4156
277 4156
227 4157
84 4157
369 4157
283 4157
171 4157
249 4157
386 4157
400 4157
123 4158
490 4158
175 4158
142 4159
56 4159
40 4160
399 4160
377 4160
395 4160
313 4160
384 4160
202 4161
484 4161
291 4161
194 4161
423 4162
504 4162
492 4162
271 4163
353 4163
372 4164
69 4164
330 4164
341 4164
123 4164
350 4164
509 4164
439 4164
395 4166
294 4167
376 4167
391 4167
47 4167
394 4167
408 4167
121 4167
30 4167
261 4168
344 4168
131 4168
326 4169
414 4169
42 4169
195 4170
142 4170
511 4170
294 4170
59 4170
201 4171
446 4172
210 4172
217 4172
108 4173
410 4173
130 4173
154 4174
393 4174
479 4174
330 4175
286 4175
111 4175
104 4176
469 4176
202 4176
88 4177
31 4177
181 4178
263 4178
47 4178
380 4178
280 4178
84 4178
110 4179
495 4179
459 4179
280 4179
141 4181
273 4181
287 4181
401 4182
188 4182
25 4182
444 4182
400 4182
241 4182
297 4183
136 4183
481 4183
492 4183
349 4184
510 4184
210 4184
102 4184
335 4184
111 4184
34 4185
329 4185
176 4185
442 4185
95 4185
192 4185
374 4185
208 4186
325 4187
362 4187
19 4187
386 4187
216 4188
334 4188
41 4188
176 4188
243 4188
100 4188
46 4189
260 4189
367 4189
466 4190
136 4190
425 4190
421 4191
374 4191
354 4191
403 4191
438 4191
219 4191
487 4191
159 4192
254 4192
321 4192
509 4192
493 4192
379 4192
320 4192
378 4192
345 4193
141 4193
111 4194
507 4194
105 4194
426 4194
145 4194
391 4194
48 4195
445 4195
440 4195
451 4196
308 4196
306 4197
387 4197
60 4198
406 4198
449 4198
118 4199
470 4200
172 4200
176 4200
350 4200
354 4200
86 4200
100 4200
248 4200
6 4200
91 4200
164 4200
415 4201
331 4201
26 4201
18 4202
221 4202
303 4202
324 4202
460 4202
430 4203
464 4203
406 4204
65 4205
136 4205
278 4205
82 4206
431 4206
319 4207
484 4207
314 4208
144 4208
114 4209
196 4209
182 4209
370 4209
214 4209
511 4209
222 4209
461 4210
286 4210
67 4210
271 4210
169 4211
415 4211
152 4211
455 4211
334 4213
329 4213
101 4213
279 4213
504 4213
274 4213
299 4214
263 4214
433 4214
378 4214
245 4214
141 4215
167 4215
488 4215
455 4215
194 4216
414 4216
189 4217
450 4217
428 4217
419 4217
106 4218
54 4218
393 4218
215 4218
230 4219
433 4219
413 4219
49 4219
215 4220
378 4221
134 4221
209 4221
13 4221
167 4221
308 4221
151 4221
242 4221
182 4222
511 4222
209 4222
455 4223
12 4223
210 4223
481 4223
150 4223
433 4224
321 4224
320 4224
233 4224
240 4224
411 4224
44 4224
304 4225
501 4225
25 4225
54 4225
457 4225
104 4226
221 4226
216 4226
259 4226
292 4226
20 4227
267 4227
462 4227
294 4227
146 4227
311 4228
253 4228
225 4228
194 4228
277 4229
397 4229
413 4229
505 4229
444 4229
313 4229
235 4229
86 4229
340 4229
452 4230
62 4230
334 4230
303 4230
209 4231
67 4231
279 4232
215 4232
297 4232
262 4232
318 4233
465 4233
227 4233
388 4233
362 4234
234 4234
477 4234
316 4234
295 4235
138 4235
317 4235
279 4235
197 4235
110 4235
453 4235
272 4236
26 4236
472 4237
277 4237
358 4237
35 4237
146 4237
143 4237
453 4237
151 4237
436 4237
507 4238
82 4238
161 4238
171 4238
460 4240
272 4241
59 4241
242 4241
21 4241
255 4241
112 4241
455 4242
137 4242
483 4242
418 4242
424 4243
219 4243
338 4243
466 4243
444 4244
176 4244
452 4244
431 4244
262 4245
303 4245
275 4245
81 4245
257 4245
118 4245
169 4246
334 4246
436 4247
111 4247
70 4247
417 4247
253 4247
103 4247
66 4248
360 4248
108 4248
411 4248
319 4249
175 4249
267 4249
182 4249
8 4250
37 4250
295 4251
106 4251
249 4251
350 4251
374 4251
209 4251
218 4252
138 4252
77 4252
103 4252
373 4252
10 4253
122 4253
174 4253
200 4253
174 4254
256 4254
181 4254
129 4254
352 4254
497 4255
386 4255
47 4255
265 4255
19 4255
270 4255
403 4255
280 4255
91 4255
196 4256
444 4256
188 4256
481 4256
378 4256
75 4256
374 4257
3 4257
66 4257
60 4258
245 4258
316 4259
121 4259
453 4259
70 4259
395 4260
161 4260
191 4261
155 4261
146 4261
70 4262
181 4262
373 4263
386 4263
423 4263
130 4264
505 4264
178 4264
277 4264
100 4264
257 4265
480 4265
86 4266
267 4266
219 4266
354 4266
410 4267
100 4267
179 4268
36 4268
123 4268
252 4268
222 4269
282 4269
252 4270
386 4270
30 4270
243 4270
99 4270
288 4270
483 4271
394 4272
316 4272
478 4272
10 4273
306 4273
294 4273
16 4274
322 4274
43 4274
84 4274
41 4275
131 4275
26 4275
247 4275
318 4275
108 4275
96 4275
7 4275
30 4276
347 4276
500 4276
215 4276
231 4276
358 4277
421 4277
9 4277
224 4278
368 4278
117 4278
41 4278
102 4278
164 4278
98 4278
145 4278
496 4279
458 4279
466 4279
331 4280
125 4281
139 4281
204 4281
393 4281
380 4281
303 4281
84 4282
297 4282
270 4282
477 4282
158 4283
218 4283
85 4283
360 4283
341 4283
190 4284
136 4284
446 4284
161 4284
442 4284
135 4284
17 4284
491 4284
396 4284
166 4284
191 4284
256 4285
317 4285
17 4285
57 4285
213 4286
43 4286
441 4286
26 4286
187 4286
285 4287
377 4287
335 4288
197 4288
390 4288
255 4288
293 4288
422 4289
56 4290
417 4290
305 4290
331 4290
332 4290
428 4290
343 4290
138 4291
427 4291
168 4292
259 4292
391 4292
265 4292
265 4293
0 4293
351 4293
317 4293
124 4294
237 4294
201 4294
346 4294
371 4294
232 4294
265 4295
471 4295
358 4295
212 4295
488 4295
444 4296
8 4296
497 4296
112 4296
318 4296
205 4297
133 4297
466 4297
511 4297
354 4297
284 4297
252 4297
448 4298
403 4298
432 4298
449 4298
231 4298
379 4298
472 4299
93 4299
423 4299
36 4300
460 4300
479 4301
378 4301
30 4301
391 4301
367 4302
64 4302
144 4303
70 4303
333 4303
397 4304
292 4304
372 4305
195 4305
494 4305
354 4305
159 4305
221 4305
233 4305
494 4306
381 4306
55 4306
464 4306
332 4307
41 4307
16 4308
12 4308
361 4308
147 4309
386 4309
363 4309
497 4310
295 4310
209 4310
120 4310
134 4310
210 4310
388 4311
128 4311
288 4311
89 4311
47 4311
416 4311
366 4312
376 4313
175 4313
304 4314
148 4314
270 4314
364 4314
267 4315
376 4315
354 4316
149 4316
338 4317
253 4317
289 4317
290 4317
135 4317
407 4317
374 4318
418 4318
305 4318
215 4319
381 4320
201 4320
101 4320
12 4320
33 4320
122 4320
215 4321
111 4321
184 4321
507 4322
190 4322
445 4323
209 4323
178 4323
478 4323
87 4324
114 4324
354 4324
408 4324
455 4325
223 4325
249 4325
152 4325
464 4325
365 4325
475 4326
27 4326
24 4326
359 4326
444 4326
58 4326
50 4327
398 4327
325 4327
198 4328
179 4328
238 4328
143 4328
424 4329
449 4329
428 4329
312 4329
152 4329
112 4330
377 4330
112 4330
232 4330
273 4331
403 4331
52 4331
51 4332
235 4332
438 4332
60 4333
135 4333
364 4333
434 4333
109 4333
289 4333
153 4334
40 4334
74 4334
29 4335
132 4335
441 4336
113 4336
300 4336
227 4336
265 4336
162 4336
5 4337
461 4337
20 4337
263 4338
164 4338
32 4339
327 4339
450 4339
193 4339
73 4340
488 4340
82 4340
305 4341
11 4341
164 4341
167 4341
144 4342
341 4342
201 4342
76 4342
171 4342
85 4342
287 4342
437 4342
510 4343
22 4343
417 4343
52 4343
400 4344
252 4344
82 4345
503 4345
113 4346
455 4346
413 4346
193 4346
501 4346
189 4346
492 4347
229 4347
258 4347
80 4348
333 4348
483 4348
66 4348
4 4348
416 4348
314 4349
231 4349
335 4349
200 4349
293 4350
65 4350
108 4350
152 4350
410 4350
406 4351
131 4351
99 4351
395 4351
304 4351
185 4351
329 4351
125 4351
363 4352
343 4352
221 4352
279 4352
88 4352
159 4353
280 4353
191 4353
501 4353
307 4354
356 4354
364 4354
204 4354
193 4354
3 4354
448 4355
360 4355
260 4356
126 4356
166 4356
179 4357
458 4357
204 4357
466 4357
331 4357
62 4358
69 4358
374 4359
268 4359
177 4359
170 4359
112 4359
267 4359
67 4359
85 4360
364 4360
51 4361
351 4361
39 4362
338 4362
447 4362
400 4362
137 4362
47 4362
161 4363
188 4363
38 4363
460 4363
265 4363
256 4364
241 4364
70 4364
56 4364
183 4364
200 4364
399 4364
371 4365
7 4365
365 4366
428 4366
139 4366
477 4367
427 4367
392 4367
80 4367
254 4367
120 4367
82 4367
366 4368
213 4368
241 4368
340 4369
93 4369
351 4369
165 4370
128 4370
167 4370
453 4370
195 4370
159 4370
158 4370
294 4371
142 4371
422 4371
456 4372
294 4372
478 4372
406 4372
153 4372
341 4372
37 4372
372 4372
128 4373
240 4373
353 4373
47 4373
72 4373
238 4373
475 4373
109 4373
28 4374
265 4374
466 4374
458 4374
292 4374
258 4375
133 4375
164 4375
181 4375
51 4376
340 4376
337 4376
233 4376
35 4376
363 4377
255 4377
175 4377
475 4377
231 4377
474 4378
223 4378
295 4378
168 4378
121 4379
343 4379
233 4379
343 4380
467 4380
344 4380
193 4380
75 4380
431 4381
231 4381
60 4381
263 4381
339 4381
156 4382
397 4382
151 4382
106 4382
17 4382
160 4383
276 4383
268 4383
111 4384
402 4384
433 4384
51 4384
332 4384
286 4384
366 4385
105 4385
72 4385
108 4386
155 4386
376 4387
194 4387
500 4388
48 4388
186 4389
428 4389
390 4389
481 4389
407 4390
241 4390
215 4390
440 4390
448 4391
301 4391
41 4391
505 4391
150 4391
107 4392
287 4393
248 4393
413 4393
62 4393
450 4394
250 4394
476 4394
397 4394
193 4394
188 4394
193 4395
377 4395
154 4395
461 4395
16 4395
365 4395
356 4395
411 4395
296 4395
437 4395
8 4396
485 4397
509 4397
13 4398
4 4398
70 4398
282 4398
21 4398
155 4399
308 4399
221 4399
427 4400
433 4400
63 4400
498 4400
457 4401
57 4401
280 4401
452 4401
463 4401
175 4401
106 4401
180 4402
226 4402
256 4402
227 4402
59 4403
222 4403
387 4403
208 4404
34 4404
273 4405
7 4405
437 4405
204 4405
306 4406
411 4406
204 4407
146 4407
421 4407
370 4408
455 4409
114 4409
96 4410
128 4410
443 4410
482 4410
146 4410
128 4410
50 4411
378 4411
499 4412
249 4413
235 4413
407 4413
24 4414
274 4414
244 4414
201 4415
296 4415
287 4415
489 4416
150 4417
246 4417
188 4417
10 4417
62 4417
21 4418
86 4418
381 4418
213 4418
192 4418
499 4418
9 4419
15 4419
363 4420
52 4420
267 4420
44 4420
471 4421
75 4421
451 4422
337 4422
17 4422
152 4422
390 4422
456 4422
154 4423
173 4423
323 4423
76 4423
419 4423
327 4423
285 4423
132 4424
185 4424
503 4424
276 4424
409 4424
402 4424
448 4425
170 4425
498 4426
271 4426
50 4426
42 4427
238 4427
331 4427
253 4427
156 4428
473 4428
469 4428
34 4428
235 4429
254 4429
8 4429
103 4430
423 4430
481 4430
50 4430
2 4430
78 4430
371 4431
185 4431
273 4431
60 4431
185 4432
79 4432
293 4432
449 4432
495 4432
368 4433
494 4433
95 4434
300 4434
124 4435
246 4435
79 4436
142 4436
97 4436
290 4437
255 4437
108 4437
279 4437
426 4437
300 4437
30 4437
392 4437
438 4438
263 4438
232 4438
381 4438
310 4439
227 4439
508 4440
450 4440
88 4440
211 4440
281 4440
91 4440
154 4441
66 4441
230 4441
106 4442
43 4442
411 4442
154 4443
56 4443
292 4444
206 4445
394 4445
428 4445
249 4445
359 4445
455 4445
18 4446
163 4446
161 4446
394 4446
82 4446
474 4446
100 4446
29 4446
83 4447
503 4447
293 4447
229 4447
93 4448
276 4448
496 4449
407 4449
173 4449
192 4449
431 4450
214 4451
104 4451
46 4451
119 4452
245 4452
400 4452
452 4453
352 4453
409 4453
151 4453
50 4453
331 4454
420 4454
140 4454
133 4455
15 4455
111 4455
424 4455
424 4455
447 4455
249 4456
253 4456
36 4456
275 4456
114 4456
54 4456
84 4456
169 4457
499 4457
155 4457
129 4457
105 4457
217 4458
86 4458
218 4458
90 4458
80 4459
410 4459
79 4461
281 4461
463 4461
484 4461
471 4461
447 4461
373 4461
283 4462
507 4462
118 4462
427 4462
192 4462
157 4462
56 4463
170 4463
345 4463
467 4463
364 4463
43 4463
378 4463
471 4464
404 4465
388 4465
260 4465
462 4465
458 4466
286 4466
106 4466
480 4466
177 4466
103 4467
172 4467
508 4467
260 4467
374 4467
351 4467
181 4467
401 4467
37 4467
163 4468
361 4468
335 4468
460 4468
407 4468
289 4468
162 4469
111 4469
163 4469
21 4469
378 4469
54 4470
60 4470
199 4471
153 4471
28 4471
157 4471
463 4472
364 4472
330 4472
62 4473
455 4473
442 4473
254 4473
484 4474
304 4474
197 4474
508 4474
120 4474
9 4474
110 4475
426 4475
478 4475
388 4476
49 4476
369 4476
322 4476
319 4476
155 4476
57 4476
229 4477
489 4477
459 4477
378 4477
263 4478
150 4478
190 4478
265 4478
484 4478
140 4478
136 4478
46 4479
352 4479
346 4479
15 4480
170 4480
447 4480
417 4481
336 4481
254 4481
467 4481
156 4481
489 4482
179 4482
77 4483
433 4483
467 4483
12 4484
24 4484
481 4484
117 4484
42 4484
468 4484
433 4485
113 4485
417 4486
298 4486
487 4486
172 4486
153 4486
17 4487
278 4487
300 4487
89 4487
417 4488
238 4488
407 4488
487 4488
272 4488
382 4488
267 4488
441 4489
364 4489
440 4489
13 4490
407 4490
205 4490
158 4491
29 4491
89 4491
130 4491
451 4491
239 4491
308 4491
493 4492
201 4493
234 4493
31 4493
366 4494
182 4494
168 4494
280 4494
281 4494
402 4495
175 4496
177 4496
170 4497
189 4497
105 4497
208 4497
222 4497
63 4497
429 4497
401 4497
119 4497
274 4498
83 4498
382 4498
490 4499
164 4499
222 4499
484 4500
298 4500
438 4501
469 4501
280 4501
298 4501
172 4501
198 4502
69 4502
31 4503
290 4503
280 4503
202 4503
500 4503
504 4503
129 4504
2 4504
435 4504
410 4505
202 4505
24 4505
347 4505
409 4505
64 4505
148 4505
267 4505
206 4506
363 4506
277 4506
180 4507
21 4507
189 4507
58 4507
423 4507
91 4507
280 4508
432 4508
264 4508
502 4508
422 4509
455 4509
53 4510
457 4510
393 4510
262 4510
115 4510
503 4510
396 4511
172 4511
259 4512
163 4512
64 4512
168 4512
115 4512
130 4512
309 4512
244 4513
508 4513
55 4513
494 4513
484 4514
390 4514
5 4514
61 4515
491 4515
363 4516
9 4516
253 4516
101 4516
444 4517
124 4517
123 4517
71 4517
491 4518
31 4518
308 4518
123 4518
355 4519
104 4519
236 4519
471 4520
92 4520
429 4520
80 4520
297 4521
1 4522
130 4522
280 4522
166 4522
390 4523
260 4523
398 4524
105 4524
425 4524
462 4524
327 4525
286 4525
145 4525
303 4525
43 4526
133 4526
209 4527
493 4527
38 4527
279 4528
99 4528
507 4529
155 4529
72 4529
458 4529
434 4529
213 4530
140 4530
370 4530
490 4530
32 4530
425 4531
394 4531
436 4531
26 4532
302 4532
353 4533
405 4533
214 4533
406 4533
477 4533
178 4533
407 4534
354 4534
73 4534
373 4536
372 4536
495 4536
170 4536
325 4536
423 4537
228 4537
507 4537
169 4537
194 4537
326 4538
298 4538
486 4538
472 4538
478 4539
288 4539
126 4539
330 4539
393 4540
5 4540
206 4540
480 4540
304 4540
74 4540
205 4540
133 4541
460 4541
25 4541
65 4541
115 4542
442 4542
303 4542
278 4542
279 4543
298 4543
200 4543
480 4544
244 4544
318 4544
227 4544
190 4544
147 4544
128 4544
292 4545
465 4545
206 4545
362 4545
373 4545
358 4546
44 4546
354 4546
10 4546
369 4546
208 4547
351 4547
116 4547
361 4547
89 4547
465 4548
446 4548
423 4549
458 4549
102 4550
377 4550
299 4551
109 4551
451 4551
298 4551
338 4551
176 4552
268 4552
164 4552
216 4552
419 4552
436 4552
155 4552
436 4552
189 4553
422 4553
294 4553
9 4553
173 4553
29 4553
364 4554
421 4554
28 4554
279 4554
429 4554
473 4554
319 4554
44 4555
511 4555
413 4555
47 4555
305 4555
485 4556
236 4556
476 4556
190 4556
209 4556
321 4556
405 4556
466 4556
91 4556
223 4557
162 4557
229 4559
5 4559
66 4559
497 4559
280 4559
135 4559
95 4560
213 4560
274 4560
504 4560
414 4560
141 4560
276 4560
300 4560
275 4560
74 4561
19 4561
57 4561
235 4561
53 4561
41 4561
498 4561
308 4561
250 4563
332 4563
61 4563
167 4563
325 4563
184 4563
115 4563
35 4564
62 4564
14 4564
276 4564
277 4564
444 4564
107 4564
248 4564
330 4565
410 4565
324 4565
377 4566
19 4566
345 4566
439 4566
474 4566
89 4566
240 4567
24 4567
192 4567
432 4568
59 4568
180 4568
337 4568
222 4568
56 4569
152 4569
398 4569
160 4570
251 4571
161 4571
406 4571
47 4572
185 4572
40 4572
380 4573
94 4573
211 4573
326 4574
303 4574
127 4574
119 4574
482 4574
55 4574
270 4574
291 4575
44 4575
281 4575
369 4575
387 4575
108 4576
303 4576
415 4576
91 4576
158 4576
116 4576
488 4577
210 4577
430 4577
325 4578
427 4578
483 4578
76 4578
498 4578
167 4578
457 4579
444 4579
269 4580
465 4580
53 4581
101 4581
450 4581
156 4581
509 4581
472 4581
170 4582
104 4582
110 4582
93 4582
484 4582
53 4583
346 4584
183 4584
44 4584
194 4584
463 4584
262 4584
104 4585
130 4585
155 4585
92 4587
65 4587
405 4587
145 4587
497 4587
113 4587
100 4587
439 4587
257 4588
486 4589
29 4589
257 4589
136 4589
316 4589
250 4589
80 4589
312 4590
345 4590
375 4591
157 4591
222 4591
396 4591
501 4591
352 4591
359 4592
285 4592
431 4593
276 4593
171 4593
367 4593
329 4593
36 4593
259 4593
234 4593
237 4594
397 4594
346 4594
294 4595
424 4595
182 4595
17 4595
67 4596
41 4596
219 4597
162 4597
98 4597
22 4597
220 4598
312 4598
253 4598
322 4599
165 4599
390 4599
205 4599
23 4600
141 4600
219 4600
36 4600
100 4600
323 4600
381 4600
179 4600
95 4601
281 4601
184 4602
410 4602
265 4602
435 4602
406 4602
55 4602
12 4603
397 4603
176 4603
37 4603
277 4603
302 4603
352 4603
1 4604
453 4604
410 4604
388 4604
435 4604
100 4604
372 4604
461 4605
477 4605
245 4607
194 4607
128 4607
208 4607
325 4607
507 4608
17 4608
291 4608
319 4608
343 4608
241 4608
207 4608
72 4609
156 4609
93 4609
339 4610
446 4610
465 4610
463 4610
44 4611
285 4611
301 4611
167 4611
331 4612
338 4612
335 4612
483 4612
166 4613
99 4613
452 4613
131 4613
409 4613
69 4613
466 4614
459 4614
234 4614
505 4614
427 4615
294 4615
39 4615
121 4615
243 4615
451 4615
325 4615
265 4615
257 4616
99 4616
199 4616
496 4617
227 4617
158 4617
480 4617
448 4617
115 4617
232 4617
463 4618
155 4618
392 4618
30 4618
157 4618
80 4618
334 4618
42 4618
289 4619
65 4619
256 4619
439 4620
98 4620
365 4620
78 4620
69 4621
62 4621
214 4621
67 4622
163 4622
497 4622
376 4622
138 4622
81 4623
436 4623
499 4623
187 4623
301 4624
338 4624
23 4624
385 4624
206 4624
307 4624
162 4624
4 4624
34 4624
47 4624
242 4624
150 4624
120 4625
343 4625
386 4626
194 4626
254 4627
331 4627
163 4627
98 4627
144 4627
123 4627
247 4627
188 4627
186 4627
199 4628
382 4628
276 4628
105 4628
37 4629
315 4629
46 4629
249 4629
265 4629
369 4630
407 4630
143 4630
36 4630
411 4630
199 4630
212 4631
432 4631
5 4631
199 4631
505 4631
220 4632
459 4632
0 4632
283 4633
223 4633
305 4633
290 4633
65 4634
276 4634
208 4634
96 4634
260 4635
184 4635
412 4635
495 4636
486 4636
25 4636
333 4636
213 4636
29 4637
225 4637
85 4637
155 4637
1 4638
469 4638
479 4638
142 4639
296 4639
159 4639
21 4639
508 4640
38 4640
125 4640
210 4640
61 4641
393 4641
410 4641
121 4641
57 4641
339 4642
131 4642
291 4642
70 4643
270 4644
344 4644
88 4644
276 4644
105 4644
51 4644
329 4645
200 4645
204 4646
363 4646
508 4647
323 4647
458 4647
270 4647
111 4647
264 4647
141 4648
370 4648
38 4648
34 4648
170 4648
330 4649
251 4649
179 4649
221 4649
341 4649
377 4650
295 4650
93 4650
510 4651
318 4651
215 4651
484 4651
149 4651
98 4652
490 4653
201 4653
388 4653
26 4654
505 4654
79 4654
270 4655
300 4655
117 4655
307 4656
334 4656
212 4656
453 4657
42 4657
4 4657
464 4657
125 4657
450 4657
67 4658
357 4658
36 4659
450 4659
414 4659
465 4659
405 4659
175 4659
386 4660
61 4660
164 4660
74 4661
369 4661
269 4661
238 4661
404 4662
354 4662
21 4662
50 4662
430 4662
229 4662
16 4662
255 4662
118 4663
359 4663
220 4663
263 4663
398 4664
156 4664
392 4664
211 4665
33 4665
20 4665
177 4665
36 4665
388 4665
349 4665
41 4666
10 4666
256 4666
413 4666
316 4667
336 4667
444 4667
101 4667
424 4667
399 4667
144 4668
206 4668
298 4668
170 4668
480 4668
453 4669
204 4669
507 4669
283 4669
257 4669
60 4670
439 4670
250 4670
122 4670
454 4670
201 4670
496 4671
259 4671
291 4671
370 4671
318 4671
292 4671
364 4672
25 4672
297 4672
157 4672
289 4672
414 4672
325 4673
438 4673
255 4673
373 4673
212 4673
231 4673
403 4673
304 4673
263 4673
136 4674
84 4674
419 4674
5 4674
253 4674
226 4675
508 4675
168 4676
263 4676
102 4676
219 4676
36 4677
178 4677
156 4677
261 4677
500 4677
102 4677
505 4677
95 4677
273 4677
250 4677
470 4678
115 4678
409 4678
251 4679
338 4679
245 4679
207 4679
231 4680
193 4680
104 4680
84 4680
499 4681
42 4681
201 4681
479 4681
6 4681
261 4681
111 4681
126 4682
497 4682
444 4682
374 4682
33 4682
162 4682
106 4682
223 4683
323 4684
331 4684
455 4684
311 4684
412 4684
414 4685
102 4686
218 4686
316 4686
454 4686
319 4686
108 4686
84 4686
210 4686
75 4687
107 4687
82 4687
447 4687
95 4687
427 4688
449 4688
481 4688
178 4688
1 4688
487 4688
180 4688
453 4689
505 4689
100 4689
151 4689
239 4690
465 4690
421 4690
155 4690
445 4691
505 4691
201 4692
33 4692
138 4692
59 4692
137 4693
375 4693
338 4693
67 4694
223 4694
147 4694
309 4694
71 4695
88 4695
313 4695
0 4696
187 4696
225 4696
406 4696
369 4696
283 4696
179 4697
250 4697
311 4697
434 4697
380 4697
78 4698
346 4699
352 4699
207 4699
340 4699
501 4700
112 4701
356 4701
510 4701
339 4701
482 4703
239 4703
0 4703
106 4703
69 4703
68 4703
266 4704
429 4704
178 4704
42 4705
501 4706
437 4706
462 4706
171 4706
406 4706
476 4707
224 4707
268 4707
284 4707
405 4707
83 4707
43 4708
326 4708
242 4708
221 4708
382 4708
185 4708
319 4708
191 4708
279 4708
260 4709
395 4709
126 4710
387 4710
141 4711
91 4711
151 4711
61 4711
363 4711
22 4712
471 4712
2 4713
159 4713
132 4713
109 4713
130 4713
239 4713
29 4713
487 4713
392 4715
77 4715
66 4715
364 4715
40 4715
135 4716
155 4717
459 4717
106 4717
424 4718
474 4718
224 4719
149 4719
278 4719
176 4719
20 4719
365 4719
64 4720
148 4720
430 4720
488 4720
172 4720
99 4721
437 4721
273 4722
458 4722
86 4722
379 4722
438 4722
203 4722
324 4723
333 4723
348 4723
127 4723
98 4723
290 4723
255 4724
219 4724
137 4724
165 4724
373 4724
48 4724
440 4725
214 4725
194 4725
303 4726
199 4726
418 4726
11 4727
22 4727
255 4727
487 4728
6 4728
203 4728
23 4729
165 4729
407 4729
126 4729
160 4729
244 4729
175 4729
69 4729
476 4729
228 4730
421 4730
503 4730
182 4730
51 4731
343 4731
68 4731
259 4731
39 4732
69 4732
241 4732
367 4732
328 4732
1 4733
141 4733
46 4733
161 4733
425 4733
232 4733
486 4734
104 4734
36 4734
348 4734
218 4735
436 4735
38 4735
297 4735
293 4735
423 4735
250 4735
436 4735
64 4735
6 4736
280 4736
99 4736
377 4737
493 4737
122 4737
264 4737
162 4737
425 4738
121 4738
224 4738
488 4738
283 4738
17 4738
108 4738
111 4738
445 4738
466 4739
202 4739
75 4740
104 4740
180 4740
131 4740
334 4740
102 4740
246 4741
226 4741
269 4741
136 4743
108 4743
47 4743
48 4743
104 4744
408 4744
173 4744
37 4745
362 4745
225 4745
361 4746
203 4747
75 4747
410 4748
345 4748
466 4749
467 4749
40 4749
180 4749
282 4749
396 4749
195 4750
213 4750
437 4750
355 4750
459 4750
59 4750
292 4750
135 4750
159 4751
488 4751
351 4752
126 4752
350 4752
124 4752
212 4752
490 4753
208 4754
406 4754
402 4754
24 4754
27 4754
371 4755
415 4755
285 4756
471 4756
103 4756
355 4756
106 4757
163 4757
321 4757
34 4757
364 4757
224 4757
120 4758
462 4758
129 4758
292 4758
213 4758
306 4758
190 4758
249 4758
70 4759
400 4759
325 4759
85 4760
119 4760
112 4760
300 4761
149 4762
66 4762
321 4762
438 4762
440 4762
162 4763
330 4763
344 4763
241 4763
433 4763
266 4763
30 4764
123 4764
465 4764
28 4764
70 4764
184 4765
176 4765
193 4765
428 4766
273 4766
359 4766
330 4766
276 4767
196 4767
403 4767
274 4767
261 4767
245 4768
282 4768
433 4769
279 4769
108 4769
343 4769
340 4769
320 4769
236 4770
384 4770
245 4770
73 4771
286 4771
25 4772
313 4772
122 4772
423 4773
404 4773
219 4773
506 4773
491 4774
442 4774
286 4775
124 4776
223 4777
96 4777
426 4777
46 4777
458 4777
208 4777
440 4777
9 4777
363 4777
364 4778
438 4778
246 4778
178 4778
403 4778
96 4778
504 4779
325 4779
391 4780
185 4780
272 4780
80 4780
242 4780
80 4781
369 4781
201 4781
301 4781
141 4782
55 4782
238 4783
308 4783
48 4783
56 4783
402 4785
496 4785
249 4785
406 4785
262 4785
219 4785
437 4787
6 4787
404 4787
219 4788
143 4788
218 4789
361 4789
362 4790
202 4790
502 4790
43 4791
145 4791
152 4791
360 4791
51 4791
481 4791
476 4792
331 4792
381 4792
214 4792
101 4793
159 4793
116 4793
471 4794
344 4794
193 4795
112 4795
324 4795
477 4796
291 4797
434 4797
114 4797
34 4798
117 4798
294 4798
77 4798
41 4799
346 4799
217 4799
191 4799
303 4800
79 4800
344 4800
46 4800
334 4800
202 4801
468 4801
91 4801
418 4802
415 4802
371 4802
387 4802
47 4802
258 4803
227 4803
501 4804
22 4804
28 4805
54 4805
124 4805
168 4805
164 4805
42 4806
29 4806
479 4806
0 4806
38 4806
450 4807
208 4807
287 4808
341 4808
496 4808
34 4808
318 4809
395 4809
375 4809
355 4810
112 4810
150 4810
347 4810
420 4810
411 4810
16 4811
194 4811
60 4811
172 4811
74 4812
478 4812
408 4812
95 4812
220 4812
474 4812
134 4812
2 4812
238 4813
162 4813
240 4813
199 4813
101 4814
334 4815
350 4815
205 4815
82 4815
56 4815
362 4815
375 4816
431 4816
32 4816
322 4817
33 4817
180 4817
108 4818
56 4818
229 4818
154 4818
173 4818
274 4819
27 4819
313 4819
324 4819
323 4819
310 4820
186 4820
428 4820
419 4820
317 4820
201 4821
91 4821
140 4821
349 4821
52 4822
425 4822
489 4822
329 4822
95 4823
273 4823
355 4823
202 4823
217 4823
139 4824
108 4824
32 4824
64 4825
429 4825
35 4825
213 4826
242 4826
87 4827
293 4828
262 4828
320 4828
222 4829
291 4829
265 4829
286 4830
261 4830
370 4831
244 4831
315 4832
141 4832
115 4832
190 4833
147 4833
74 4833
439 4833
405 4833
300 4834
322 4834
36 4834
16 4834
461 4834
265 4835
221 4835
311 4835
253 4835
80 4835
260 4837
144 4837
60 4837
346 4838
244 4838
462 4838
238 4838
485 4838
248 4838
410 4838
413 4838
489 4839
433 4840
185 4840
122 4840
403 4841
236 4842
104 4842
220 4842
470 4842
368 4842
74 4842
421 4843
136 4843
164 4843
173 4843
89 4843
412 4843
404 4844
409 4844
378 4845
182 4845
73 4845
224 4845
90 4846
511 4846
231 4846
468 4846
22 4847
361 4847
233 4847
214 4847
400 4847
294 4847
402 4847
220 4847
154 4848
74 4848
295 4848
254 4848
427 4848
198 4848
22 4849
84 4849
367 4849
207 4849
271 4850
276 4851
364 4851
100 4851
33 4851
320 4851
171 4852
235 4852
257 4852
137 4852
422 4852
41 4852
53 4852
269 4853
184 4853
337 4854
369 4854
370 4854
235 4854
269 4854
343 4854
102 4854
266 4854
219 4854
195 4855
246 4855
353 4856
351 4856
249 4856
126 4856
102 4856
421 4857
11 4858
286 4858
377 4859
89 4859
325 4859
310 4859
385 4859
87 4860
131 4860
228 4860
36 4860
396 4861
323 4861
411 4861
351 4861
250 4861
443 4861
504 4861
271 4862
459 4862
281 4862
491 4862
11 4863
20 4863
242 4863
128 4864
7 4864
30 4865
511 4865
92 4865
119 4866
291 4866
364 4866
42 4866
463 4867
134 4867
326 4867
191 4867
225 4867
141 4867
225 4868
412 4868
345 4868
330 4868
348 4869
229 4869
294 4869
88 4869
104 4869
50 4870
176 4870
510 4871
207 4871
478 4871
285 4872
139 4872
146 4872
474 4873
355 4873
259 4874
86 4875
474 4875
280 4875
498 4875
66 4876
13 4876
466 4876
135 4877
374 4878
244 4878
465 4878
361 4879
387 4879
20 4880
208 4880
252 4880
390 4880
71 4880
462 4881
404 4881
301 4881
288 4881
138 4881
155 4881
251 4882
75 4882
45 4882
263 4883
190 4883
162 4883
57 4883
78 4884
449 4884
121 4884
450 4884
446 4885
342 4885
183 4885
277 4885
419 4885
360 4885
7 4886
418 4886
69 4886
376 4887
238 4887
358 4887
246 4887
60 4888
64 4888
188 4888
100 4888
431 4888
342 4889
184 4889
8 4889
42 4889
173 4889
477 4889
171 4889
121 4890
431 4890
429 4890
46 4891
220 4891
417 4891
94 4891
383 4892
356 4892
387 4892
470 4893
12 4893
360 4893
209 4893
295 4893
164 4894
456 4894
59 4894
465 4894
224 4894
173 4894
267 4894
109 4895
186 4895
414 4895
254 4895
278 4896
173 4896
445 4896
402 4896
359 4896
75 4896
337 4897
5 4897
289 4897
258 4897
97 4897
470 4898
390 4898
503 4898
393 4898
0 4898
245 4898
426 4899
35 4899
348 4899
385 4900
233 4900
10 4900
19 4900
78 4901
43 4901
395 4901
26 4901
225 4902
464 4903
314 4903
450 4903
110 4904
457 4904
338 4904
251 4904
132 4905
19 4905
430 4905
223 4905
384 4905
155 4905
141 4905
402 4905
298 4905
244 4905
367 4905
455 4906
326 4906
478 4906
286 4906
33 4906
326 4906
486 4908
121 4908
112 4908
16 4909
264 4909
366 4909
484 4909
56 4909
55 4910
279 4910
462 4911
75 4911
182 4912
231 4912
465 4912
20 4913
284 4913
223 4913
38 4913
319 4913
55 4913
413 4913
112 4913
29 4914
173 4914
269 4915
4 4916
101 4916
296 4916
55 4916
233 4917
115 4917
34 4917
204 4918
96 4918
342 4918
477 4918
203 4919
84 4919
86 4919
475 4919
293 4920
97 4920
45 4921
412 4921
440 4922
283 4922
409 4922
445 4922
116 4923
406 4923
449 4923
134 4923
266 4923
102 4924
30 4924
96 4924
480 4924
23 4924
494 4924
405 4925
36 4925
259 4925
58 4925
404 4925
83 4925
419 4925
149 4926
69 4926
490 4926
503 4926
434 4926
435 4926
172 4927
232 4927
228 4927
484 4927
27 4927
251 4927
458 4927
11 4928
378 4929
51 4929
40 4929
497 4929
476 4929
84 4929
89 4929
396 4929
154 4930
198 4930
59 4930
167 4930
315 4930
454 4930
463 4931
314 4931
201 4931
35 4931
27 4931
114 4931
232 4931
483 4932
370 4932
188 4932
0 4932
67 4932
30 4932
295 4932
432 4933
475 4933
329 4934
484 4934
262 4934
16 4934
165 4934
489 4934
359 4934
493 4935
268 4935
59 4935
175 4935
345 4935
339 4936
423 4936
441 4936
101 4936
321 4937
105 4937
456 4937
162 4937
487 4937
511 4937
437 4937
262 4938
52 4938
195 4938
249 4938
394 4938
263 4939
111 4939
143 4939
402 4940
274 4940
46 4941
26 4941
130 4941
498 4941
257 4942
31 4942
123 4942
276 4942
222 4943
78 4943
338 4943
495 4943
200 4944
356 4944
182 4944
188 4944
54 4944
384 4944
232 4945
137 4945
90 4945
213 4945
311 4945
230 4945
380 4945
384 4946
312 4946
508 4946
50 4946
401 4946
483 4946
243 4947
170 4947
483 4947
143 4947
506 4947
10 4947
5 4948
411 4948
369 4948
268 4948
9 4949
49 4949
87 4949
283 4949
402 4949
68 4950
117 4950
244 4950
246 4950
435 4950
484 4951
312 4951
0 4951
91 4951
349 4951
435 4952
205 4952
283 4952
369 4952
398 4952
386 4952
272 4952
281 4953
254 4953
250 4953
151 4954
415 4954
436 4954
509 4954
39 4955
346 4956
63 4956
225 4956
235 4956
218 4956
88 4957
102 4957
269 4957
349 4957
183 4957
486 4958
261 4958
298 4958
74 4959
274 4959
265 4960
4 4961
147 4961
49 4961
254 4962
185 4962
323 4963
100 4963
413 4963
478 4963
83 4963
135 4963
34 4963
224 4964
317 4964
178 4964
146 4964
414 4965
289 4965
62 4965
386 4965
63 4966
197 4966
30 4966
47 4966
57 4966
156 4967
353 4968
352 4968
398 4968
392 4968
480 4969
136 4969
34 4969
344 4969
282 4969
227 4969
225 4970
390 4970
509 4971
233 4971
410 4971
20 4972
16 4972
187 4972
384 4974
168 4974
102 4974
261 4974
332 4974
264 4974
105 4974
350 4975
368 4975
114 4975
367 4975
194 4976
148 4976
235 4976
150 4976
411 4977
402 4977
328 4977
303 4977
206 4977
413 4977
324 4977
356 4978
462 4978
328 4978
76 4978
38 4978
494 4979
98 4979
265 4979
248 4979
190 4980
349 4981
81 4981
227 4981
282 4981
448 4982
332 4982
85 4982
25 4983
322 4984
464 4984
459 4984
180 4984
5 4985
420 4985
303 4985
482 4985
433 4986
396 4986
227 4986
252 4986
226 4987
71 4987
496 4988
330 4988
235 4988
260 4988
135 4988
20 4989
492 4989
352 4989
247 4989
217 4989
409 4990
66 4990
263 4990
381 4990
444 4991
274 4991
322 4991
203 4991
170 4991
31 4991
115 4992
206 4992
468 4992
392 4992
442 4992
91 4993
380 4993
501 4993
125 4993
323 4993
347 4994
205 4994
438 4994
403 4994
23 4995
341 4995
76 4995
234 4996
245 4996
365 4996
142 4996
194 4997
389 4997
215 4997
73 4997
284 4997
324 4997
169 4998
500 4998
318 4998
343 4999
180 4999
120 4999
407 4999
